territory_id,oktmo,name,type,status,region_code,region,year_from,year_to,lat,lon,area_km2
1,79-701-000-000,городской округ город Майкоп,городской округ,административный_центр_субъекта,1,Республика Адыгея,2018,9999,44.6062079,40.104053,281.082
2,79-703-000-000,городской округ город Адыгейск,городской округ,,1,Республика Адыгея,2018,9999,44.8833775,39.1909625,33.521
3,79-605-000-000,Гиагинский муниципальный район,муниципальный район,,1,Республика Адыгея,2018,9999,44.8755853,40.0564982,798.619
4,79-615-000-000,Кошехабльский муниципальный район,муниципальный район,,1,Республика Адыгея,2018,9999,44.8964998,40.4963631,603.202
5,79-618-000-000,Красногвардейский муниципальный район,муниципальный район,,1,Республика Адыгея,2018,9999,45.1443556,39.5861478,726.216
6,79-622-000-000,Майкопский муниципальный район,муниципальный район,,1,Республика Адыгея,2018,9999,44.5093616,40.1762144,3682.005
7,79-630-000-000,Тахтамукайский муниципальный район,муниципальный район,,1,Республика Адыгея,2018,9999,44.9212862,38.994718,467.84
8,79-633-000-000,Теучежский муниципальный район,муниципальный район,,1,Республика Адыгея,2018,9999,44.8876896,39.3828521,710.295
9,79-640-000-000,Шовгеновский муниципальный район,муниципальный район,,1,Республика Адыгея,2018,9999,45.020114,40.2291119,516.665
10,84-701-000-000,городской округ город Горно-Алтайск,городской округ,административный_центр_субъекта,4,Республика Алтай,2018,9999,51.957775,85.963653,95.857
11,84-610-000-000,Кош-Агачский муниципальный район,муниципальный район,,4,Республика Алтай,2018,9999,49.9947055,88.6628218,19967.134
12,84-615-000-000,Майминский муниципальный район,муниципальный район,,4,Республика Алтай,2018,9999,52.004684,85.898743,1280.771
13,84-620-000-000,Онгудайский муниципальный район,муниципальный район,,4,Республика Алтай,2018,9999,50.7495872,86.1335256,11687.16
14,84-625-000-000,Турочакский муниципальный район,муниципальный район,,4,Республика Алтай,2018,9999,52.259956,87.117538,11061.051
15,84-630-000-000,Улаганский муниципальный район,муниципальный район,,4,Республика Алтай,2018,9999,50.6317434,87.9561929,18378.311
16,84-635-000-000,Усть-Канский муниципальный район,муниципальный район,,4,Республика Алтай,2018,9999,50.932003,84.765213,6240.463
17,84-640-000-000,Усть-Коксинский муниципальный район,муниципальный район,,4,Республика Алтай,2018,9999,50.2695927,85.6155842,12938.706
18,84-643-000-000,Чемальский муниципальный район,муниципальный район,,4,Республика Алтай,2018,9999,51.4065933,86.0037576,3011.646
19,84-645-000-000,Чойский муниципальный район,муниципальный район,,4,Республика Алтай,2018,9999,51.8987536,86.5916701,4527.66
20,84-650-000-000,Шебалинский муниципальный район,муниципальный район,,4,Республика Алтай,2018,9999,51.2922638,85.6739928,3792.182
21,80-701-000-000,городской округ город Уфа,городской округ,административный_центр_субъекта,2,Республика Башкортостан,2018,9999,54.7261409,55.947499,716.033
22,80-703-000-000,городской округ город Агидель,городской округ,,2,Республика Башкортостан,2018,9999,55.899276,53.9374202,70.332
23,80-723-000-000,городской округ город Кумертау,городской округ,,2,Республика Башкортостан,2018,9999,52.760975,55.796482,151.835
24,80-707-000-000,городской округ ЗАТО город Межгорье,городской округ,ЗАТО,2,Республика Башкортостан,2018,9999,54.2410247,57.9736815,221.993
25,80-727-000-000,городской округ город Нефтекамск,городской округ,,2,Республика Башкортостан,2018,9999,56.0884031,54.2478094,152.476
26,80-735-000-000,городской округ город Октябрьский,городской округ,,2,Республика Башкортостан,2018,9999,54.4809722,53.4660062,103.327
27,80-739-000-000,городской округ город Салават,городской округ,,2,Республика Башкортостан,2018,9999,53.361687,55.924641,108.393
28,80-743-000-000,городской округ город Сибай,городской округ,,2,Республика Башкортостан,2018,9999,52.720425,58.665466,164.771
29,80-745-000-000,городской округ город Стерлитамак,городской округ,,2,Республика Башкортостан,2018,9999,53.632374,55.952259,111.643
30,80-601-000-000,Абзелиловский муниципальный район,муниципальный район,,2,Республика Башкортостан,2018,9999,53.3391062,58.5060548,4269.66
31,80-602-000-000,Альшеевский муниципальный район,муниципальный район,,2,Республика Башкортостан,2018,9999,54.068695,54.941628,2401.199
32,80-603-000-000,Архангельский муниципальный район,муниципальный район,,2,Республика Башкортостан,2018,9999,54.405724,56.784122,2424.76
33,80-604-000-000,Аскинский муниципальный район,муниципальный район,,2,Республика Башкортостан,2018,9999,56.0855892,56.5788224,2580.752
34,80-605-000-000,Аургазинский муниципальный район,муниципальный район,,2,Республика Башкортостан,2018,9999,54.010342,55.886463,2015.493
35,80-606-000-000,Баймакский муниципальный район,муниципальный район,,2,Республика Башкортостан,2018,9999,52.597919,58.30756,5585.854
36,80-607-000-000,Бакалинский муниципальный район,муниципальный район,,2,Республика Башкортостан,2018,9999,55.1811919,53.7990407,1953.278
37,80-608-000-000,Балтачевский муниципальный район,муниципальный район,,2,Республика Башкортостан,2018,9999,56.000443,55.923466,1591.695
38,80-609-000-000,Белебеевский муниципальный район,муниципальный район,,2,Республика Башкортостан,2018,9999,54.106495,54.107811,1902.879
39,80-610-000-000,Белокатайский муниципальный район,муниципальный район,,2,Республика Башкортостан,2018,9999,55.704636,58.961376,3079.358
40,80-611-000-000,Белорецкий муниципальный район,муниципальный район,,2,Республика Башкортостан,2018,9999,53.9680705,58.4099549,11361.149
41,80-612-000-000,Бижбулякский муниципальный район,муниципальный район,,2,Республика Башкортостан,2018,9999,53.693443,54.268616,2143.877
42,80-613-000-000,Бирский муниципальный район,муниципальный район,,2,Республика Башкортостан,2018,9999,55.4206774,55.5407179,1783.166
43,80-614-000-000,Благоварский муниципальный район,муниципальный район,,2,Республика Башкортостан,2018,9999,54.691818,55.01387,1692.819
44,80-615-000-000,Благовещенский муниципальный район,муниципальный район,,2,Республика Башкортостан,2018,9999,55.031143,55.981876,2328.378
45,80-617-000-000,Буздякский муниципальный район,муниципальный район,,2,Республика Башкортостан,2018,9999,54.5696389,54.5323993,1633.304
46,80-618-000-000,Бураевский муниципальный район,муниципальный район,,2,Республика Башкортостан,2018,9999,55.836903,55.410423,1804.412
47,80-619-000-000,Бурзянский муниципальный район,муниципальный район,,2,Республика Башкортостан,2018,9999,53.1028707,57.4444763,4406.172
48,80-621-000-000,Гафурийский муниципальный район,муниципальный район,,2,Республика Башкортостан,2018,9999,53.8961616,56.4705604,3033.585
49,80-622-000-000,Давлекановский муниципальный район,муниципальный район,,2,Республика Башкортостан,2018,9999,54.2129656,55.0307219,1917.281
50,80-623-000-000,Дуванский муниципальный район,муниципальный район,,2,Республика Башкортостан,2018,9999,55.534695,58.239239,3384.067
51,80-624-000-000,Дюртюлинский муниципальный район,муниципальный район,,2,Республика Башкортостан,2018,9999,55.490616,54.863895,1683.275
52,80-625-000-000,Ермекеевский муниципальный район,муниципальный район,,2,Республика Башкортостан,2018,9999,54.073929,53.671932,1438.805
53,80-626-000-000,Зианчуринский муниципальный район,муниципальный район,,2,Республика Башкортостан,2018,9999,52.189625,56.582493,3284.022
54,80-627-000-000,Зилаирский муниципальный район,муниципальный район,,2,Республика Башкортостан,2018,9999,52.233707,57.441547,5781.711
55,80-628-000-000,Иглинский муниципальный район,муниципальный район,,2,Республика Башкортостан,2018,9999,54.8340521,56.4165846,2486.519
56,80-630-000-000,Илишевский муниципальный район,муниципальный район,,2,Республика Башкортостан,2018,9999,55.4451166,54.3153665,1979.975
57,80-631-000-000,Ишимбайский муниципальный район,муниципальный район,,2,Республика Башкортостан,2018,9999,53.4546454,56.0439119,4095.178
58,80-633-000-000,Калтасинский муниципальный район,муниципальный район,,2,Республика Башкортостан,2018,9999,55.970051,54.7900496,1517.543
59,80-634-000-000,Караидельский муниципальный район,муниципальный район,,2,Республика Башкортостан,2018,9999,55.83279,56.913136,3674.874
60,80-635-000-000,Кармаскалинский муниципальный район,муниципальный район,,2,Республика Башкортостан,2018,9999,54.367451,56.168819,1738.281
61,80-636-000-000,Кигинский муниципальный район,муниципальный район,,2,Республика Башкортостан,2018,9999,55.4059473,58.5993731,1658.981
62,80-637-000-000,Краснокамский муниципальный район,муниципальный район,,2,Республика Башкортостан,2018,9999,56.1286312,54.1702787,1586.859
63,80-638-000-000,Кугарчинский муниципальный район,муниципальный район,,2,Республика Башкортостан,2018,9999,52.7154243,56.6223067,3351.699
64,80-639-000-000,Куюргазинский муниципальный район,муниципальный район,,2,Республика Башкортостан,2018,9999,52.7071075,55.8039121,2248.419
65,80-640-000-000,Кушнаренковский муниципальный район,муниципальный район,,2,Республика Башкортостан,2018,9999,55.107124,55.342201,1714.02
66,80-641-000-000,Мелеузовский муниципальный район,муниципальный район,,2,Республика Башкортостан,2018,9999,52.96328,55.928612,3289.535
67,80-642-000-000,Мечетлинский муниципальный район,муниципальный район,,2,Республика Башкортостан,2018,9999,55.95219,58.2687,1557.426
68,80-643-000-000,Мишкинский муниципальный район,муниципальный район,,2,Республика Башкортостан,2018,9999,55.531227,55.970352,1688.92
69,80-644-000-000,Миякинский муниципальный район,муниципальный район,,2,Республика Башкортостан,2018,9999,53.629292,54.800922,2054.649
70,80-645-000-000,Нуримановский муниципальный район,муниципальный район,,2,Республика Башкортостан,2018,9999,55.1897234,56.6677432,2488.659
71,80-647-000-000,Салаватский муниципальный район,муниципальный район,,2,Республика Башкортостан,2018,9999,55.2034086,58.1536392,2177.607
72,80-648-000-000,Стерлибашевский муниципальный район,муниципальный район,,2,Республика Башкортостан,2018,9999,53.438549,55.256725,1618.631
73,80-649-000-000,Стерлитамакский муниципальный район,муниципальный район,,2,Республика Башкортостан,2018,9999,53.632374,55.952259,2220.61
74,80-650-000-000,Татышлинский муниципальный район,муниципальный район,,2,Республика Башкортостан,2018,9999,56.2921876,55.8557435,1376.905
75,80-651-000-000,Туймазинский муниципальный район,муниципальный район,,2,Республика Башкортостан,2018,9999,54.606537,53.6974004,2387.166
76,80-652-000-000,Уфимский муниципальный район,муниципальный район,,2,Республика Башкортостан,2018,9999,54.7261409,55.947499,1574.867
77,80-653-000-000,Учалинский муниципальный район,муниципальный район,,2,Республика Башкортостан,2018,9999,54.316597,59.384636,4546.638
78,80-654-000-000,Федоровский муниципальный район,муниципальный район,,2,Республика Башкортостан,2018,9999,53.1771974,55.1864825,1697.055
79,80-655-000-000,Хайбуллинский муниципальный район,муниципальный район,,2,Республика Башкортостан,2018,9999,51.865116,58.220215,3998.296
80,80-656-000-000,Чекмагушевский муниципальный район,муниципальный район,,2,Республика Башкортостан,2018,9999,55.1378996,54.6534999,1684.114
81,80-657-000-000,Чишминский муниципальный район,муниципальный район,,2,Республика Башкортостан,2018,9999,54.58968,55.385605,1826.883
82,80-658-000-000,Шаранский муниципальный район,муниципальный район,,2,Республика Башкортостан,2018,9999,54.8182509,54.0016574,1376.38
83,80-659-000-000,Янаульский муниципальный район,муниципальный район,,2,Республика Башкортостан,2018,9999,56.2714237,54.9294823,2099.855
84,81-701-000-000,городской округ город Улан-Удэ,городской округ,административный_центр_субъекта,3,Республика Бурятия,2018,9999,51.8357841,107.5839105,370.828
85,81-720-000-000,городской округ город Северобайкальск,городской округ,,3,Республика Бурятия,2018,9999,55.635967,109.335648,107.718
86,81-603-000-000,Баргузинский муниципальный район,муниципальный район,,3,Республика Бурятия,2018,9999,53.617638,109.632744,16478.259
87,81-606-000-000,Баунтовский эвенкийский муниципальный район,муниципальный район,,3,Республика Бурятия,2018,9999,54.443378,113.590469,66781.965
88,81-609-000-000,Бичурский муниципальный район,муниципальный район,,3,Республика Бурятия,2018,9999,50.588627,107.599274,6226.619
89,81-612-000-000,Джидинский муниципальный район,муниципальный район,,3,Республика Бурятия,2018,9999,50.61087,105.319412,8649.138
90,81-615-000-000,Еравнинский муниципальный район,муниципальный район,,3,Республика Бурятия,2018,9999,52.528614,111.538063,25745.229
91,81-618-000-000,Заиграевский муниципальный район,муниципальный район,,3,Республика Бурятия,2018,9999,51.834293,108.270615,6634.151
92,81-621-000-000,Закаменский муниципальный район,муниципальный район,,3,Республика Бурятия,2018,9999,50.3778,103.2915,15337.114
93,81-622-000-000,Иволгинский муниципальный район,муниципальный район,,3,Республика Бурятия,2018,9999,51.745052,107.281174,2686.154
94,81-624-000-000,Кабанский муниципальный район,муниципальный район,,3,Республика Бурятия,2018,9999,52.0523897,106.6548779,13452.297
95,81-627-000-000,Кижингинский муниципальный район,муниципальный район,,3,Республика Бурятия,2018,9999,51.84956,109.913147,7757.392
96,81-630-000-000,Курумканский муниципальный район,муниципальный район,,3,Республика Бурятия,2018,9999,54.326336,110.323257,12486.169
97,81-633-000-000,Кяхтинский муниципальный район,муниципальный район,,3,Республика Бурятия,2018,9999,50.353176,106.44915,4638.316
98,81-635-000-000,Муйский муниципальный район,муниципальный район,,3,Республика Бурятия,2018,9999,56.355515,114.837982,25273.17
99,81-636-000-000,Мухоршибирский муниципальный район,муниципальный район,,3,Республика Бурятия,2018,9999,51.046997,107.828537,4525.936
100,81-639-000-000,Окинский муниципальный район,муниципальный район,,3,Республика Бурятия,2018,9999,52.5127688,99.8271705,26576.185
101,81-642-000-000,Прибайкальский муниципальный район,муниципальный район,,3,Республика Бурятия,2018,9999,52.2025,107.639,15504.643
102,81-645-000-000,Северо-Байкальский муниципальный район,муниципальный район,,3,Республика Бурятия,2018,9999,55.783573,109.571762,55676.985
103,81-648-000-000,Селенгинский муниципальный район,муниципальный район,,3,Республика Бурятия,2018,9999,51.289516,106.527008,8259.159
104,81-650-000-000,Тарбагатайский муниципальный район,муниципальный район,,3,Республика Бурятия,2018,9999,51.48373,107.357605,3300.085
105,81-651-000-000,Тункинский муниципальный район,муниципальный район,,3,Республика Бурятия,2018,9999,51.682404,102.132912,11781.652
106,81-657-000-000,Хоринский муниципальный район,муниципальный район,,3,Республика Бурятия,2018,9999,52.1615011,109.7629245,13556.697
107,82-701-000-000,городской округ город Махачкала,городской округ,административный_центр_субъекта,5,Республика Дагестан,2018,9999,42.9830241,47.5048717,593.612
108,82-705-000-000,городской округ город Буйнакск,городской округ,,5,Республика Дагестан,2018,9999,42.8260906,47.1219624,22.553
109,82-708-000-000,городской округ город Дагестанские Огни,городской округ,,5,Республика Дагестан,2018,9999,42.1152434,48.1864201,11.191
110,82-710-000-000,городской округ город Дербент,городской округ,,5,Республика Дагестан,2018,9999,42.057858,48.2887648,34.733
111,82-715-000-000,городской округ город Избербаш,городской округ,,5,Республика Дагестан,2018,9999,42.5710804,47.862999,26.434
112,82-720-000-000,городской округ город Каспийск,городской округ,,5,Республика Дагестан,2018,9999,42.8881414,47.6424676,37.431
113,82-725-000-000,городской округ город Кизилюрт,городской округ,,5,Республика Дагестан,2018,9999,43.1999049,46.8713343,23.139
114,82-730-000-000,городской округ город Кизляр,городской округ,,5,Республика Дагестан,2018,9999,43.8546727,46.7139329,33.22
115,82-735-000-000,городской округ город Хасавюрт,городской округ,,5,Республика Дагестан,2018,9999,43.246916,46.5855184,38.409
116,82-738-000-000,городской округ город Южно-Сухокумск,городской округ,,5,Республика Дагестан,2018,9999,44.662231,45.645138,101.733
117,82-601-000-000,Агульский муниципальный район,муниципальный район,,5,Республика Дагестан,2018,9999,41.7800801,47.5924067,798.541
118,82-603-000-000,Акушинский муниципальный район,муниципальный район,,5,Республика Дагестан,2018,9999,42.277637,47.344593,626.257
119,82-605-000-000,Ахвахский муниципальный район,муниципальный район,,5,Республика Дагестан,2018,9999,42.5956742,46.3395265,341.743
120,82-606-000-000,Ахтынский муниципальный район,муниципальный район,,5,Республика Дагестан,2018,9999,41.462914,47.742794,1130.042
121,82-607-000-000,Бабаюртовский муниципальный район,муниципальный район,,5,Республика Дагестан,2018,9999,43.6004059,46.7775013,3172.589
122,82-609-000-000,Ботлихский муниципальный район,муниципальный район,,5,Республика Дагестан,2018,9999,42.6644608,46.2184512,701.09
123,82-611-000-000,Буйнакский муниципальный район,муниципальный район,,5,Республика Дагестан,2018,9999,42.8260906,47.1219624,1792.509
124,82-613-000-000,Гергебильский муниципальный район,муниципальный район,,5,Республика Дагестан,2018,9999,42.5022403,47.0601713,347.376
125,82-615-000-000,Гумбетовский муниципальный район,муниципальный район,,5,Республика Дагестан,2018,9999,42.790592,46.503067,736.993
126,82-616-000-000,Гунибский муниципальный район,муниципальный район,,5,Республика Дагестан,2018,9999,42.3870221,46.9646632,615.58
127,82-618-000-000,Дахадаевский муниципальный район,муниципальный район,,5,Республика Дагестан,2018,9999,42.1637654,47.6307287,745.622
128,82-620-000-000,Дербентский муниципальный район,муниципальный район,,5,Республика Дагестан,2018,9999,42.057858,48.2887648,825.38
129,82-621-000-000,Докузпаринский муниципальный район,муниципальный район,,5,Республика Дагестан,2018,9999,41.3899725,47.9046498,395.367
130,82-622-000-000,Казбековский муниципальный район,муниципальный район,,5,Республика Дагестан,2018,9999,43.0677247,46.6347976,599.671
131,82-623-000-000,Кайтагский муниципальный район,муниципальный район,,5,Республика Дагестан,2018,9999,42.1206478,47.8343423,680.817
132,82-624-000-000,Каякентский муниципальный район,муниципальный район,,5,Республика Дагестан,2018,9999,42.3883168,47.9888016,662.04
133,82-626-000-000,Кизилюртовский муниципальный район,муниципальный район,,5,Республика Дагестан,2018,9999,43.1999049,46.8713343,531.931
134,82-627-000-000,Кизлярский муниципальный район,муниципальный район,,5,Республика Дагестан,2018,9999,43.8546727,46.7139329,3084.241
135,82-629-000-000,Кулинский муниципальный район,муниципальный район,,5,Республика Дагестан,2018,9999,42.0720178,47.2149487,643.699
136,82-630-000-000,Курахский муниципальный район,муниципальный район,,5,Республика Дагестан,2018,9999,41.58411,47.783661,712.21
137,82-632-000-000,Лакский муниципальный район,муниципальный район,,5,Республика Дагестан,2018,9999,42.1702303,47.1182659,705.64
138,82-634-000-000,Левашинский муниципальный район,муниципальный район,,5,Республика Дагестан,2018,9999,42.430695,47.323261,816.098
139,82-635-000-000,Карабудахкентский муниципальный район,муниципальный район,,5,Республика Дагестан,2018,9999,42.7105994,47.5766777,1412.98
140,82-636-000-000,Кумторкалинский муниципальный район,муниципальный район,,5,Республика Дагестан,2018,9999,43.0222127,47.2958126,1173.296
141,82-637-000-000,Магарамкентский муниципальный район,муниципальный район,,5,Республика Дагестан,2018,9999,41.6161537,48.349529,671.124
142,82-639-000-000,Новолакский муниципальный район,муниципальный район,,5,Республика Дагестан,2018,9999,43.1201006,46.4829765,295.574
143,82-640-000-000,Ногайский муниципальный район,муниципальный район,,5,Республика Дагестан,2018,9999,44.164783,45.873196,8617.696
144,82-642-000-000,Рутульский муниципальный район,муниципальный район,,5,Республика Дагестан,2018,9999,41.5335376,47.424484,2158.004
145,82-644-000-000,Сергокалинский муниципальный район,муниципальный район,,5,Республика Дагестан,2018,9999,42.453342,47.665371,693.951
146,82-646-000-000,Шамильский муниципальный район,муниципальный район,,5,Республика Дагестан,2018,9999,42.444214,46.55098,893.272
147,82-647-000-000,Сулейман-Стальский муниципальный район,муниципальный район,,5,Республика Дагестан,2018,9999,41.6758118,48.1516324,656.911
148,82-648-000-000,Табасаранский муниципальный район,муниципальный район,,5,Республика Дагестан,2018,9999,41.9522478,47.9495559,797.058
149,82-649-000-000,Тарумовский муниципальный район,муниципальный район,,5,Республика Дагестан,2018,9999,44.074501,46.537163,3574.493
150,82-651-000-000,Тляратинский муниципальный район,муниципальный район,,5,Республика Дагестан,2018,9999,42.107426,46.355,1605.624
151,82-653-000-000,Унцукульский муниципальный район,муниципальный район,,5,Республика Дагестан,2018,9999,42.712723,46.789848,547.155
152,82-654-000-000,Хасавюртовский муниципальный район,муниципальный район,,5,Республика Дагестан,2018,9999,43.246916,46.5855184,1339.459
153,82-655-000-000,Хивский муниципальный район,муниципальный район,,5,Республика Дагестан,2018,9999,41.752754,47.926189,485.909
154,82-656-000-000,Хунзахский муниципальный район,муниципальный район,,5,Республика Дагестан,2018,9999,42.545231,46.707104,561.107
155,82-657-000-000,Цумадинский муниципальный район,муниципальный район,,5,Республика Дагестан,2018,9999,42.539375,46.122169,1151.761
156,82-658-000-000,Цунтинский муниципальный район,муниципальный район,,5,Республика Дагестан,2018,9999,42.190027,45.9638464,1313.527
157,82-659-000-000,Чародинский муниципальный район,муниципальный район,,5,Республика Дагестан,2018,9999,42.238262,46.834106,1118.912
158,26-701-000-000,городской округ город Магас,городской округ,административный_центр_субъекта,6,Республика Ингушетия,2018,9999,43.1666497,44.8048191,12.366
159,26-715-000-000,городской округ город Малгобек,городской округ,,6,Республика Ингушетия,2018,9999,43.5127189,44.5869588,95.893
160,26-706-000-000,городской округ город Назрань,городской округ,,6,Республика Ингушетия,2018,9999,43.2320774,44.7540128,105.085
161,26-710-000-000,городской округ город Карабулак,городской округ,,6,Республика Ингушетия,2018,9999,43.3094909,44.910334,85.06
162,26-720-000-000,городской округ город Сунжа,городской округ,,6,Республика Ингушетия,2018,9999,43.3134582,45.0506114,181.678
163,26-620-000-000,Джейрахский муниципальный район,муниципальный район,,6,Республика Ингушетия,2018,9999,42.8227895,44.675598,619.053
164,26-615-000-000,Малгобекский муниципальный район,муниципальный район,,6,Республика Ингушетия,2018,9999,43.5127189,44.5869588,572.606
165,26-605-000-000,Назрановский муниципальный район,муниципальный район,,6,Республика Ингушетия,2018,9999,43.2320774,44.7540128,522.138
166,26-610-000-000,Сунженский муниципальный район,муниципальный район,,6,Республика Ингушетия,2018,9999,43.3134582,45.0506114,905.277
167,83-701-000-000,городской округ Нальчик,городской округ,административный_центр_субъекта,7,Кабардино-Балкарская Республика,2018,9999,43.4769604,43.5966578,133.903
168,83-703-000-000,городской округ Баксан,городской округ,,7,Кабардино-Балкарская Республика,2018,9999,43.6820626,43.5344319,185.924
169,83-710-000-000,городской округ Прохладный,городской округ,,7,Кабардино-Балкарская Республика,2018,9999,43.7590017,44.0103981,34.549
170,83-610-000-000,Баксанский муниципальный район,муниципальный район,,7,Кабардино-Балкарская Республика,2018,9999,43.6820626,43.5344319,815.849
171,83-615-000-000,Зольский муниципальный район,муниципальный район,,7,Кабардино-Балкарская Республика,2018,9999,43.8996316,43.2179308,2119.923
172,83-618-000-000,Лескенский муниципальный район,муниципальный район,,7,Кабардино-Балкарская Республика,2018,9999,43.3549219,43.9398825,527.969
173,83-620-000-000,Майский муниципальный район,муниципальный район,,7,Кабардино-Балкарская Республика,2018,9999,43.6282481,44.0518741,383.546
174,83-625-000-000,Прохладненский муниципальный район,муниципальный район,,7,Кабардино-Балкарская Республика,2018,9999,43.7590017,44.0103981,1339.354
175,83-630-000-000,Черекский муниципальный район,муниципальный район,,7,Кабардино-Балкарская Республика,2018,9999,43.3191905,43.6091174,2196.004
176,83-635-000-000,Терский муниципальный район,муниципальный район,,7,Кабардино-Балкарская Республика,2018,9999,43.4826692,44.1363776,897.875
177,83-640-000-000,Урванский муниципальный район,муниципальный район,,7,Кабардино-Балкарская Республика,2018,9999,43.5561489,43.8616759,454.626
178,83-645-000-000,Чегемский муниципальный район,муниципальный район,,7,Кабардино-Балкарская Республика,2018,9999,43.5655936,43.5899021,1511.314
179,83-648-000-000,Эльбрусский муниципальный район,муниципальный район,,7,Кабардино-Балкарская Республика,2018,9999,43.3958986,42.9230751,1856.625
180,85-701-000-000,городской округ город Элиста,городской округ,административный_центр_субъекта,8,Республика Калмыкия,2018,9999,46.306999,44.270187,398.038
181,85-605-000-000,Городовиковский муниципальный район,муниципальный район,,8,Республика Калмыкия,2018,9999,46.082851,41.934269,1104.405
182,85-610-000-000,Ики-Бурульский муниципальный район,муниципальный район,,8,Республика Калмыкия,2018,9999,45.822998,44.647003,6375.048
183,85-625-000-000,Кетченеровский муниципальный район,муниципальный район,,8,Республика Калмыкия,2018,9999,47.304371,44.528316,6551.868
184,85-615-000-000,Лаганский муниципальный район,муниципальный район,,8,Республика Калмыкия,2018,9999,45.392059,47.361282,5926.049
185,85-620-000-000,Малодербетовский муниципальный район,муниципальный район,,8,Республика Калмыкия,2018,9999,47.9509398,44.6783553,3666.748
186,85-623-000-000,Октябрьский муниципальный район,муниципальный район,,8,Республика Калмыкия,2018,9999,47.850693,45.428036,3627.578
187,85-628-000-000,Приютненский муниципальный район,муниципальный район,,8,Республика Калмыкия,2018,9999,46.100689,43.512432,3135.787
188,85-632-000-000,Сарпинский муниципальный район,муниципальный район,,8,Республика Калмыкия,2018,9999,47.7676505,44.5164159,3739.441
189,85-637-000-000,Целинный муниципальный район,муниципальный район,,8,Республика Калмыкия,2018,9999,46.411068,44.260704,5066.087
190,85-642-000-000,Черноземельский муниципальный район,муниципальный район,,8,Республика Калмыкия,2018,9999,45.32967,46.04298,10757.374
191,85-646-000-000,Юстинский муниципальный район,муниципальный район,,8,Республика Калмыкия,2018,9999,47.565372,46.724106,7563.878
192,85-650-000-000,Яшалтинский муниципальный район,муниципальный район,,8,Республика Калмыкия,2018,9999,46.3384099,42.27412896268666,2419.779
193,85-654-000-000,Яшкульский муниципальный район,муниципальный район,,8,Республика Калмыкия,2018,9999,46.174168,45.343464,11774.083
194,91-701-000-000,городской округ Черкесский,городской округ,административный_центр_субъекта,9,Карачаево-Черкесская Республика,2018,9999,44.2285229,42.048257,69.353
195,91-705-000-000,городской округ Карачаевский,городской округ,,9,Карачаево-Черкесская Республика,2018,9999,43.7715594,41.911979,46.229
196,91-601-000-000,Абазинский муниципальный район,муниципальный район,,9,Карачаево-Черкесская Республика,2018,9999,44.0524374,41.78537743530578,300.331
197,91-603-000-000,Адыге-Хабльский муниципальный район,муниципальный район,,9,Карачаево-Черкесская Республика,2018,9999,44.3314433,41.9371355,323.125
198,91-610-000-000,Зеленчукский муниципальный район,муниципальный район,,9,Карачаево-Черкесская Республика,2018,9999,43.8549752,41.5853611,2942.93
199,91-615-000-000,Карачаевский муниципальный район,муниципальный район,,9,Карачаево-Черкесская Республика,2018,9999,43.7715594,41.911979,3888.098
200,91-620-000-000,Малокарачаевский муниципальный район,муниципальный район,,9,Карачаево-Черкесская Республика,2018,9999,43.9465576,42.5147956,1373.752
201,91-623-000-000,Ногайский муниципальный район,муниципальный район,,9,Карачаево-Черкесская Республика,2018,9999,44.3768288,41.9579221,202.176
202,91-625-000-000,Прикубанский муниципальный район,муниципальный район,,9,Карачаево-Черкесская Республика,2018,9999,44.2683702,42.2308891,943.123
203,91-630-000-000,Урупский муниципальный район,муниципальный район,,9,Карачаево-Черкесская Республика,2018,9999,43.9528755,41.1917906,2778.169
204,91-635-000-000,Усть-Джегутинский муниципальный район,муниципальный район,,9,Карачаево-Черкесская Республика,2018,9999,44.0858961,41.9722557,891.882
205,91-640-000-000,Хабезский муниципальный район,муниципальный район,,9,Карачаево-Черкесская Республика,2018,9999,44.0461094,41.7695948,526.789
206,86-701-000-000,городской округ Петрозаводский,городской округ,административный_центр_субъекта,10,Республика Карелия,2018,9999,61.7900426,34.390007,248.314
207,86-706-000-000,городской округ Костомукшский,городской округ,,10,Республика Карелия,2018,9999,64.5873013,30.5969076,4065.129
208,86-604-000-000,Беломорский муниципальный район,муниципальный район,,10,Республика Карелия,2018,2024,64.5216684,34.7625835,17220.024
209,86-609-000-000,Калевальский муниципальный район,муниципальный район,,10,Республика Карелия,2018,9999,65.200096,31.180172,13191.242
210,86-612-000-000,Кемский муниципальный район,муниципальный район,,10,Республика Карелия,2018,9999,64.9550895,34.5697446,12220.62
211,86-615-000-000,Кондопожский муниципальный район,муниципальный район,,10,Республика Карелия,2018,9999,62.20929,34.268185,6482.169
212,86-618-000-000,Лахденпохский муниципальный район,муниципальный район,,10,Республика Карелия,2018,9999,61.5179265,30.2038927,3946.271
213,86-621-000-000,Лоухский муниципальный район,муниципальный район,,10,Республика Карелия,2018,9999,66.07512539999999,33.04001857654001,23660.005
214,86-624-000-000,Медвежьегорский муниципальный район,муниципальный район,,10,Республика Карелия,2018,9999,62.915024,34.473339,16683.579
215,86-627-000-000,Муезерский муниципальный район,муниципальный район,,10,Республика Карелия,2018,9999,63.9596446,31.9947228,17600.385
216,86-630-000-000,Олонецкий муниципальный район,муниципальный район,,10,Республика Карелия,2018,9999,60.979276,32.9749376,5603.507
217,86-633-000-000,Питкярантский муниципальный район,муниципальный район,,10,Республика Карелия,2018,2024,61.57460265,31.47962163893381,5550.069
218,86-636-000-000,Прионежский муниципальный район,муниципальный район,,10,Республика Карелия,2018,9999,61.7900426,34.390007,7040.487
219,86-639-000-000,Пряжинский муниципальный район,муниципальный район,,10,Республика Карелия,2018,9999,61.6932537,33.6224108,6468.831
220,86-642-000-000,Пудожский муниципальный район,муниципальный район,,10,Республика Карелия,2018,9999,61.808434,36.536045,14917.51
221,86-645-000-000,Сегежский муниципальный район,муниципальный район,,10,Республика Карелия,2018,2024,63.7435087,34.3106868,10560.816
222,86-610-000-000,Сортавальский муниципальный район,муниципальный район,,10,Республика Карелия,2018,9999,61.70274,30.691231,3093.943
223,86-650-000-000,Суоярвский муниципальный район,муниципальный район,,10,Республика Карелия,2018,2023,62.0820094,32.345856,13741.727
224,87-701-000-000,городской округ Сыктывкар,городской округ,административный_центр_субъекта,11,Республика Коми,2018,9999,61.6685237,50.8352024,760.735
225,87-710-000-000,городской округ Воркута,городской округ,,11,Республика Коми,2018,9999,67.5035662,64.0627028,21901.195
226,87-712-000-000,городской округ Вуктыл,городской округ,,11,Республика Коми,2018,2024,63.844337,57.300171,22672.989
227,87-715-000-000,городской округ Инта,городской округ,,11,Республика Коми,2018,9999,66.0401498,60.1313631,30939.515
228,87-723-000-000,городской округ Усинск,городской округ,,11,Республика Коми,2018,2024,65.9944237,57.5570861,30963.963
229,87-725-000-000,городской округ Ухта,городской округ,,11,Республика Коми,2018,9999,63.5623797,53.6842376,13577.02
230,87-604-000-000,Ижемский муниципальный район,муниципальный район,,11,Республика Коми,2018,9999,65.0324906,53.97245771017012,18533.29
231,87-608-000-000,Княжпогостский муниципальный район,муниципальный район,,11,Республика Коми,2018,9999,62.5983295,50.8880873,24804.444
232,87-612-000-000,Койгородский муниципальный район,муниципальный район,,11,Республика Коми,2018,9999,60.441257,51.007,10522.13
233,87-616-000-000,Корткеросский муниципальный район,муниципальный район,,11,Республика Коми,2018,9999,61.8130799,51.5744647,19834.813
234,87-620-000-000,муниципальный район Печора,муниципальный район,,11,Республика Коми,2018,9999,65.1142862,57.16074,29110.768
235,87-624-000-000,Прилузский муниципальный район,муниципальный район,,11,Республика Коми,2018,9999,60.334034,49.618275,13253.825
236,87-626-000-000,муниципальный район Сосногорск,муниципальный район,,11,Республика Коми,2018,9999,63.5895298,53.9305546,16595.154
237,87-628-000-000,Сыктывдинский муниципальный район,муниципальный район,,11,Республика Коми,2018,9999,61.627003,50.768478,7518.307
238,87-632-000-000,Сысольский муниципальный район,муниципальный район,,11,Республика Коми,2018,9999,61.076214,50.084496,6167.609
239,87-636-000-000,Троицко-Печорский муниципальный район,муниципальный район,,11,Республика Коми,2018,9999,62.714462,56.185379,40123.425
240,87-640-000-000,Удорский муниципальный район,муниципальный район,,11,Республика Коми,2018,9999,63.456226,48.894211,36039.922
241,87-644-000-000,Усть-Вымский муниципальный район,муниципальный район,,11,Республика Коми,2018,9999,62.224483,49.992413,4790.421
242,87-648-000-000,Усть-Куломский муниципальный район,муниципальный район,,11,Республика Коми,2018,9999,61.684792,53.689861,26371.551
243,87-652-000-000,Усть-Цилемский муниципальный район,муниципальный район,,11,Республика Коми,2018,9999,65.43623545,52.2008925353455,42539.477
244,35-701-000-000,городской округ Симферополь,городской округ,административный_центр_субъекта,91,Республика Крым,2018,9999,44.9521459,34.1024858,103.291
245,35-703-000-000,городской округ Алушта,городской округ,,91,Республика Крым,2018,9999,44.677112,34.4095393,575.567
246,35-706-000-000,городской округ Армянск,городской округ,,91,Республика Крым,2018,9999,46.113261,33.6904091,163.653
247,35-709-000-000,городской округ Джанкой,городской округ,,91,Республика Крым,2018,9999,45.7119746,34.3927394,25.653
248,35-712-000-000,городской округ Евпатория,городской округ,,91,Республика Крым,2018,9999,45.1907635,33.3679049,65.711
249,35-715-000-000,городской округ Керчь,городской округ,,91,Республика Крым,2018,9999,45.3534002,36.4538645,109.605
250,35-718-000-000,городской округ Красноперекопск,городской округ,,91,Республика Крым,2018,9999,45.9568404,33.7974907,22.109
251,35-721-000-000,городской округ Саки,городской округ,,91,Республика Крым,2018,9999,45.1449467,33.5982178,26.807
252,35-723-000-000,городской округ Судак,городской округ,,91,Республика Крым,2018,9999,44.8488369,34.971099,533.809
253,35-726-000-000,городской округ Феодосия,городской округ,,91,Республика Крым,2018,9999,45.033669,35.3753628,345.175
254,35-729-000-000,городской округ Ялта,городской округ,,91,Республика Крым,2018,9999,44.4970713,34.1586871,264.243
255,35-604-000-000,Бахчисарайский муниципальный район,муниципальный район,,91,Республика Крым,2018,9999,44.7391453,33.8850275568976,1620.881
256,35-607-000-000,Белогорский муниципальный район,муниципальный район,,91,Республика Крым,2018,9999,45.0454097,34.59864015,1883.444
257,35-611-000-000,Джанкойский муниципальный район,муниципальный район,,91,Республика Крым,2018,9999,45.7119746,34.3927394,2700.389
258,35-616-000-000,Кировский муниципальный район,муниципальный район,,91,Республика Крым,2018,9999,45.2306487,35.201075,1241.902
259,35-620-000-000,Красногвардейский муниципальный район,муниципальный район,,91,Республика Крым,2018,9999,45.49070625,34.30304278648477,1769.363
260,35-623-000-000,Красноперекопский муниципальный район,муниципальный район,,91,Республика Крым,2018,9999,45.9568404,33.7974907,1235.56
261,35-627-000-000,Ленинский муниципальный район,муниципальный район,,91,Республика Крым,2018,9999,45.297284,35.7758985,2916.258
262,35-631-000-000,Нижнегорский муниципальный район,муниципальный район,,91,Республика Крым,2018,9999,45.4423333,34.7385301,1140.335
263,35-635-000-000,Первомайский муниципальный район,муниципальный район,,91,Республика Крым,2018,9999,45.7199761,33.8644405788829,1475.826
264,35-639-000-000,Раздольненский муниципальный район,муниципальный район,,91,Республика Крым,2018,9999,45.77069005,33.49064604426453,1239.391
265,35-643-000-000,Сакский муниципальный район,муниципальный район,,91,Республика Крым,2018,9999,45.1449467,33.5982178,2252.841
266,35-647-000-000,Симферопольский муниципальный район,муниципальный район,,91,Республика Крым,2018,9999,44.9521459,34.1024858,1761.241
267,35-652-000-000,Советский муниципальный район,муниципальный район,,91,Республика Крым,2018,9999,45.35059325,34.94712698599791,1100.82
268,35-656-000-000,Черноморский муниципальный район,муниципальный район,,91,Республика Крым,2018,9999,45.50611375,32.68308040713978,1511.665
269,88-701-000-000,городской округ город Йошкар-Ола,городской округ,административный_центр_субъекта,12,Республика Марий Эл,2018,9999,56.6326996,47.8975847,100.53
270,88-705-000-000,городской округ город Волжск,городской округ,,12,Республика Марий Эл,2018,9999,55.8636579,48.3618598,34.417
271,88-715-000-000,городской округ город Козьмодемьянск,городской округ,,12,Республика Марий Эл,2018,9999,56.3324346,46.5462855,15.098
272,88-604-000-000,Волжский муниципальный район,муниципальный район,,12,Республика Марий Эл,2018,9999,55.8636579,48.3618598,920.916
273,88-608-000-000,Горномарийский муниципальный район,муниципальный район,,12,Республика Марий Эл,2018,9999,56.3324346,46.5462855,1899.348
274,88-612-000-000,Звениговский муниципальный район,муниципальный район,,12,Республика Марий Эл,2018,9999,55.9718239,48.016105,2744.842
275,88-616-000-000,Килемарский муниципальный район,муниципальный район,,12,Республика Марий Эл,2018,9999,56.7767366,46.8594894,3162.644
276,88-620-000-000,Куженерский муниципальный район,муниципальный район,,12,Республика Марий Эл,2018,9999,56.8114328,48.9167614,854.936
277,88-624-000-000,Мари-Турекский муниципальный район,муниципальный район,,12,Республика Марий Эл,2018,9999,56.7877954,49.6203566,1517.81
278,88-628-000-000,Медведевский муниципальный район,муниципальный район,,12,Республика Марий Эл,2018,9999,56.6332426,47.8030237,2795.555
279,88-632-000-000,Моркинский муниципальный район,муниципальный район,,12,Республика Марий Эл,2018,9999,56.4302572,48.9980508,2270.847
280,88-636-000-000,Новоторъяльский муниципальный район,муниципальный район,,12,Республика Марий Эл,2018,9999,57.0032906,48.7403315,918.86
281,88-640-000-000,Оршанский муниципальный район,муниципальный район,,12,Республика Марий Эл,2018,9999,56.9154239,47.8944568,894.023
282,88-644-000-000,Параньгинский муниципальный район,муниципальный район,,12,Республика Марий Эл,2018,9999,56.7052785,49.3933921,794.902
283,88-648-000-000,Сернурский муниципальный район,муниципальный район,,12,Республика Марий Эл,2018,9999,56.9347617,49.1469163,1031.254
284,88-652-000-000,Советский муниципальный район,муниципальный район,,12,Республика Марий Эл,2018,9999,56.7629821,48.474292,1403.379
285,88-656-000-000,Юринский муниципальный район,муниципальный район,,12,Республика Марий Эл,2018,9999,56.29035,46.291918,2041.859
286,89-701-000-000,городской округ Саранск,городской округ,административный_центр_субъекта,13,Республика Мордовия,2018,9999,54.18671,45.18383,394.226
287,89-603-000-000,Ардатовский муниципальный район,муниципальный район,,13,Республика Мордовия,2018,9999,54.8443349,46.2393200428824,1197.962
288,89-605-000-000,Атюрьевский муниципальный район,муниципальный район,,13,Республика Мордовия,2018,9999,54.3211519,43.3363522,826.984
289,89-607-000-000,Атяшевский муниципальный район,муниципальный район,,13,Республика Мордовия,2018,9999,54.5791907,46.07576069523395,1095.381
290,89-610-000-000,Большеберезниковский муниципальный район,муниципальный район,,13,Республика Мордовия,2018,9999,54.171913,45.966282,961.804
291,89-613-000-000,Большеигнатовский муниципальный район,муниципальный район,,13,Республика Мордовия,2018,9999,55.0197628,45.574424,837.94
292,89-616-000-000,Дубенский муниципальный район,муниципальный район,,13,Республика Мордовия,2018,9999,54.437653,46.2980698,902.473
293,89-618-000-000,Ельниковский муниципальный район,муниципальный район,,13,Республика Мордовия,2018,9999,54.620689,43.875977,1057.249
294,89-621-000-000,Зубово-Полянский муниципальный район,муниципальный район,,13,Республика Мордовия,2018,9999,54.079964,42.837425,2721.024
295,89-624-000-000,Инсарский муниципальный район,муниципальный район,,13,Республика Мордовия,2018,9999,53.867741,44.371407,963.712
296,89-626-000-000,Ичалковский муниципальный район,муниципальный район,,13,Республика Мордовия,2018,9999,54.694168,45.243855,1269.402
297,89-628-000-000,Кадошкинский муниципальный район,муниципальный район,,13,Республика Мордовия,2018,9999,54.03075525,44.42132744805929,614.372
298,89-629-000-000,Ковылкинский муниципальный район,муниципальный район,,13,Республика Мордовия,2018,9999,54.0345571,43.90662617920928,2021.112
299,89-631-000-000,Кочкуровский муниципальный район,муниципальный район,,13,Республика Мордовия,2018,9999,54.031414,45.434708,809.555
300,89-634-000-000,Краснослободский муниципальный район,муниципальный район,,13,Республика Мордовия,2018,9999,54.41721065,43.78777038683488,1379.02
301,89-637-000-000,Лямбирский муниципальный район,муниципальный район,,13,Республика Мордовия,2018,9999,54.2828455,45.1226407,879.21
302,89-640-000-000,Ромодановский муниципальный район,муниципальный район,,13,Республика Мордовия,2018,9999,54.420921,45.334122,772.129
303,89-643-000-000,Рузаевский муниципальный район,муниципальный район,,13,Республика Мордовия,2018,9999,54.058735,44.954391,1121.188
304,89-646-000-000,Старошайговский муниципальный район,муниципальный район,,13,Республика Мордовия,2018,9999,54.304256,44.463558,1422.475
305,89-649-000-000,Темниковский муниципальный район,муниципальный район,,13,Республика Мордовия,2018,9999,54.6342327,43.21511935549957,1708.347
306,89-651-000-000,Теньгушевский муниципальный район,муниципальный район,,13,Республика Мордовия,2018,9999,54.767166,42.714211,851.454
307,89-654-000-000,Торбеевский муниципальный район,муниципальный район,,13,Республика Мордовия,2018,9999,54.074532,43.245144,1126.795
308,89-657-000-000,Чамзинский муниципальный район,муниципальный район,,13,Республика Мордовия,2018,9999,54.407948,45.784023,1008.733
309,98-701-000-000,городской округ город Якутск,городской округ,административный_центр_субъекта,14,Республика Саха (Якутия),2018,9999,62.0279259,129.740571750415,3491.626
310,98-702-000-000,городской округ Жатай,городской округ,,14,Республика Саха (Якутия),2018,9999,62.164104,129.843109,30.158
311,98-601-000-000,Абыйский муниципальный район,муниципальный район,,14,Республика Саха (Якутия),2018,9999,68.53701,146.187286,70296.519
312,98-603-000-000,Алданский муниципальный район,муниципальный район,,14,Республика Саха (Якутия),2018,9999,58.61558475,125.3960842109866,156794.722
313,98-606-000-000,Аллаиховский муниципальный район,муниципальный район,,14,Республика Саха (Якутия),2018,9999,70.6193824,147.902397,104893.104
314,98-608-000-000,Амгинский муниципальный район,муниципальный район,,14,Республика Саха (Якутия),2018,9999,60.894218,131.97998,29065.957
315,98-610-000-000,Анабарский национальный (долгано-эвенкийский) муниципальный район,муниципальный район,,14,Республика Саха (Якутия),2018,9999,71.9649533,114.0939433,55527.834
316,98-612-000-000,Булунский муниципальный район,муниципальный район,,14,Республика Саха (Якутия),2018,9999,71.636604,128.868546,220448.945
317,98-614-000-000,Верхневилюйский муниципальный район,муниципальный район,,14,Республика Саха (Якутия),2018,9999,63.4497609,120.3146678,42089.683
318,98-615-000-000,Верхнеколымский муниципальный район,муниципальный район,,14,Республика Саха (Якутия),2018,9999,65.733597,150.893326,67882.594
319,98-616-000-000,Верхоянский муниципальный район,муниципальный район,,14,Республика Саха (Якутия),2018,9999,67.654907,134.635071,137251.752
320,98-618-000-000,Вилюйский муниципальный район,муниципальный район,,14,Республика Саха (Якутия),2018,9999,63.754082,121.626549,55129.58
321,98-620-000-000,Горный муниципальный район,муниципальный район,,14,Республика Саха (Якутия),2018,9999,62.098289,126.699837,45674.609
322,98-622-000-000,Жиганский муниципальный район,муниципальный район,,14,Республика Саха (Якутия),2018,9999,66.76564,123.3741,140274.949
323,98-624-000-000,Кобяйский муниципальный район,муниципальный район,,14,Республика Саха (Якутия),2018,9999,63.923618,127.466759,107767.997
324,98-626-000-000,Нюрбинский муниципальный район,муниципальный район,,14,Республика Саха (Якутия),2018,9999,63.286648,118.354149,52459.787
325,98-627-000-000,Ленский муниципальный район,муниципальный район,,14,Республика Саха (Якутия),2018,9999,60.7145488,114.9172123,77115.921
326,98-629-000-000,Мегино-Кангаласский муниципальный район,муниципальный район,,14,Республика Саха (Якутия),2018,9999,61.957066,129.911346,11643.895
327,98-631-000-000,Мирнинский муниципальный район,муниципальный район,,14,Республика Саха (Якутия),2018,9999,62.541077,113.978584,164945.813
328,98-633-000-000,Момский муниципальный район,муниципальный район,,14,Республика Саха (Якутия),2018,9999,66.455612,143.223007,103712.751
329,98-635-000-000,Намский муниципальный район,муниципальный район,,14,Республика Саха (Якутия),2018,9999,62.718227,129.664246,11939.367
330,98-660-000-000,Нерюнгринский муниципальный район,муниципальный район,,14,Республика Саха (Якутия),2018,9999,56.6579435,124.7123042,98781.22
331,98-637-000-000,Нижнеколымский муниципальный район,муниципальный район,,14,Республика Саха (Якутия),2018,9999,68.7427218,161.3324435184306,86861.255
332,98-639-000-000,Оймяконский муниципальный район,муниципальный район,,14,Республика Саха (Якутия),2018,9999,64.566376,143.237839,92119.882
333,98-641-000-000,Олекминский муниципальный район,муниципальный район,,14,Республика Саха (Якутия),2018,9999,60.3729364,120.403496,160893.987
334,98-642-000-000,Оленекский эвенкийский национальный муниципальный район,муниципальный район,,14,Республика Саха (Якутия),2018,9999,68.505272,112.450287,318528.655
335,98-646-000-000,Среднеколымский муниципальный район,муниципальный район,,14,Республика Саха (Якутия),2018,9999,67.455497,153.7071456,125688.641
336,98-648-000-000,Сунтарский муниципальный район,муниципальный район,,14,Республика Саха (Якутия),2018,9999,62.157455,117.646332,57771.838
337,98-604-000-000,Таттинский муниципальный район,муниципальный район,,14,Республика Саха (Якутия),2018,9999,62.360935,133.563309,19034.071
338,98-650-000-000,Томпонский муниципальный район,муниципальный район,,14,Республика Саха (Якутия),2018,9999,62.6477939,135.5750942,135852.34
339,98-652-000-000,Усть-Алданский муниципальный район,муниципальный район,,14,Республика Саха (Якутия),2018,9999,62.6722619,131.1795031521465,18543.148
340,98-654-000-000,Усть-Майский муниципальный район,муниципальный район,,14,Республика Саха (Якутия),2018,9999,60.416439,134.536499,95749.607
341,98-656-000-000,Усть-Янский муниципальный район,муниципальный район,,14,Республика Саха (Якутия),2018,9999,69.3396494,139.9468635,120419.511
342,98-644-000-000,Хангаласский муниципальный район,муниципальный район,,14,Республика Саха (Якутия),2018,9999,61.48327,129.1540617,24894.493
343,98-658-000-000,Чурапчинский муниципальный район,муниципальный район,,14,Республика Саха (Якутия),2018,9999,61.999668,132.425201,12414.138
344,98-659-000-000,Эвено-Бытантайский национальный муниципальный район,муниципальный район,,14,Республика Саха (Якутия),2018,9999,67.799362,130.403229,52054.32
345,90-701-000-000,городской округ город Владикавказ,городской округ,административный_центр_субъекта,15,Республика Северная Осетия — Алания,2018,9999,43.024593,44.68211,294.861
346,90-605-000-000,Алагирский муниципальный район,муниципальный район,,15,Республика Северная Осетия — Алания,2018,9999,43.018619,44.2261205,2017.642
347,90-610-000-000,Ардонский муниципальный район,муниципальный район,,15,Республика Северная Осетия — Алания,2018,9999,43.1739502,44.2752375,376.017
348,90-615-000-000,Дигорский муниципальный район,муниципальный район,,15,Республика Северная Осетия — Алания,2018,9999,43.1591223,44.1581267,586.458
349,90-620-000-000,Ирафский муниципальный район,муниципальный район,,15,Республика Северная Осетия — Алания,2018,9999,43.198139,43.923298,1377.33
350,90-625-000-000,Кировский муниципальный район,муниципальный район,,15,Республика Северная Осетия — Алания,2018,9999,43.344178,44.201134,407.776
351,90-630-000-000,Моздокский муниципальный район,муниципальный район,,15,Республика Северная Осетия — Алания,2018,9999,43.735584,44.653614,1075.766
352,90-635-000-000,Правобережный муниципальный район,муниципальный район,,15,Республика Северная Осетия — Алания,2018,9999,43.1875572,44.5375689,445.346
353,90-640-000-000,Пригородный муниципальный район,муниципальный район,,15,Республика Северная Осетия — Алания,2018,9999,43.055016,44.746845,1416.801
354,92-701-000-000,городской округ город Казань,городской округ,административный_центр_субъекта,16,Республика Татарстан,2018,9999,55.7823547,49.1242266,639.525
355,92-730-000-000,городской округ город Набережные Челны,городской округ,,16,Республика Татарстан,2018,9999,55.7419774,52.399207,171.103
356,92-601-000-000,Агрызский муниципальный район,муниципальный район,,16,Республика Татарстан,2018,9999,56.525516,52.9971643,1816.095
357,92-602-000-000,Азнакаевский муниципальный район,муниципальный район,,16,Республика Татарстан,2018,9999,54.8629555,53.0792275,2167.6
358,92-604-000-000,Аксубаевский муниципальный район,муниципальный район,,16,Республика Татарстан,2018,9999,54.846351,50.8055345,1441.744
359,92-605-000-000,Актанышский муниципальный район,муниципальный район,,16,Республика Татарстан,2018,9999,55.7221799,54.0577272,2049.01
360,92-606-000-000,Алексеевский муниципальный район,муниципальный район,,16,Республика Татарстан,2018,9999,55.3049649,50.1129039,2050.231
361,92-607-000-000,Алькеевский муниципальный район,муниципальный район,,16,Республика Татарстан,2018,9999,54.9034845,49.9275488,1724.819
362,92-608-000-000,Альметьевский муниципальный район,муниципальный район,,16,Республика Татарстан,2018,9999,54.9005008,52.2963777,2545.468
363,92-610-000-000,Апастовский муниципальный район,муниципальный район,,16,Республика Татарстан,2018,9999,55.2026717,48.5068612,1046.944
364,92-612-000-000,Арский муниципальный район,муниципальный район,,16,Республика Татарстан,2018,9999,56.0909916,49.8771828,1845.989
365,92-613-000-000,Атнинский муниципальный район,муниципальный район,,16,Республика Татарстан,2018,9999,56.2503047,49.4534003,680.474
366,92-614-000-000,Бавлинский муниципальный район,муниципальный район,,16,Республика Татарстан,2018,9999,54.4031069,53.2356367,1221.818
367,92-615-000-000,Балтасинский муниципальный район,муниципальный район,,16,Республика Татарстан,2018,9999,56.344623,50.2114172,1091.631
368,92-617-000-000,Бугульминский муниципальный район,муниципальный район,,16,Республика Татарстан,2018,9999,54.5384152,52.7955953,1439.077
369,92-618-000-000,Буинский муниципальный район,муниципальный район,,16,Республика Татарстан,2018,9999,54.9723656,48.2926834,1550.588
370,92-620-000-000,Верхнеуслонский муниципальный район,муниципальный район,,16,Республика Татарстан,2018,9999,55.7685496,48.9829213,1269.187
371,92-622-000-000,Высокогорский муниципальный район,муниципальный район,,16,Республика Татарстан,2018,9999,55.9101814,49.3072048,1582.061
372,92-624-000-000,Дрожжановский муниципальный район,муниципальный район,,16,Республика Татарстан,2018,9999,54.7249827,47.5645397,1030.442
373,92-626-000-000,Елабужский муниципальный район,муниципальный район,,16,Республика Татарстан,2018,9999,55.7577131,52.0539938,1418.617
374,92-627-000-000,Заинский муниципальный район,муниципальный район,,16,Республика Татарстан,2018,9999,55.2866509,52.0056047,1899.737
375,92-628-000-000,Зеленодольский муниципальный район,муниципальный район,,16,Республика Татарстан,2018,9999,55.8586627,48.55746590061055,1515.607
376,92-629-000-000,Кайбицкий муниципальный район,муниципальный район,,16,Республика Татарстан,2018,9999,55.4061658,48.19358,995.045
377,92-630-000-000,Камско-Устьинский муниципальный район,муниципальный район,,16,Республика Татарстан,2018,9999,55.2015629,49.2680082,1193.102
378,92-633-000-000,Кукморский муниципальный район,муниципальный район,,16,Республика Татарстан,2018,9999,56.1865318,50.8972087,1483.71
379,92-634-000-000,Лаишевский муниципальный район,муниципальный район,,16,Республика Татарстан,2018,9999,55.4051397,49.55569253230886,2091.954
380,92-636-000-000,Лениногорский муниципальный район,муниципальный район,,16,Республика Татарстан,2018,9999,54.5994324,52.4469099,1847.271
381,92-638-000-000,Мамадышский муниципальный район,муниципальный район,,16,Республика Татарстан,2018,9999,55.7090757,51.4089032,2608.948
382,92-639-000-000,Менделеевский муниципальный район,муниципальный район,,16,Республика Татарстан,2018,9999,55.8878706,52.308443,661.055
383,92-640-000-000,Мензелинский муниципальный район,муниципальный район,,16,Республика Татарстан,2018,9999,55.7255585,53.1071815,1867.217
384,92-642-000-000,Муслюмовский муниципальный район,муниципальный район,,16,Республика Татарстан,2018,9999,55.3041209,53.1975331,1469.929
385,92-644-000-000,Нижнекамский муниципальный район,муниципальный район,,16,Республика Татарстан,2018,9999,55.6412879,51.8160376,1755.024
386,92-645-000-000,Новошешминский муниципальный район,муниципальный район,,16,Республика Татарстан,2018,9999,55.0616447,51.224884,1312.758
387,92-646-000-000,Нурлатский муниципальный район,муниципальный район,,16,Республика Татарстан,2018,9999,54.4297351,50.8019579,2320.01
388,92-648-000-000,Пестречинский муниципальный район,муниципальный район,,16,Республика Татарстан,2018,9999,55.7502111,49.6570913,1339.928
389,92-650-000-000,Рыбно-Слободский муниципальный район,муниципальный район,,16,Республика Татарстан,2018,9999,55.4644212,50.1406205,2064.191
390,92-652-000-000,Сабинский муниципальный район,муниципальный район,,16,Республика Татарстан,2018,9999,56.0106232,50.4467802,1097.727
391,92-653-000-000,Сармановский муниципальный район,муниципальный район,,16,Республика Татарстан,2018,9999,55.2607513,52.57767738349195,1386.694
392,92-632-000-000,Спасский муниципальный район,муниципальный район,,16,Республика Татарстан,2018,9999,54.9747437,49.0302075,2029.615
393,92-655-000-000,Тетюшский муниципальный район,муниципальный район,,16,Республика Татарстан,2018,9999,54.9342754,48.8319574,1647.276
394,92-657-000-000,Тукаевский муниципальный район,муниципальный район,,16,Республика Татарстан,2018,9999,55.7419774,52.399207,1853.332
395,92-656-000-000,Тюлячинский муниципальный район,муниципальный район,,16,Республика Татарстан,2018,9999,55.8918846,50.2334985,839.205
396,92-658-000-000,Черемшанский муниципальный район,муниципальный район,,16,Республика Татарстан,2018,9999,54.6611013,51.5053223,1366.967
397,92-659-000-000,Чистопольский муниципальный район,муниципальный район,,16,Республика Татарстан,2018,9999,55.3714831,50.6367311,1824.774
398,92-654-000-000,Ютазинский муниципальный район,муниципальный район,,16,Республика Татарстан,2018,9999,54.5993324,53.4663259,760.32
399,93-701-000-000,городской округ город Кызыл,городской округ,административный_центр_субъекта,17,Республика Тыва,2018,9999,51.719079,94.4300679,231.951
400,93-703-000-000,городской округ город Ак-Довурак,городской округ,,17,Республика Тыва,2018,9999,51.17918185,90.60196141834592,54.958
401,93-605-000-000,Бай-Тайгинский муниципальный район,муниципальный район,,17,Республика Тыва,2018,9999,51.0110954,90.2043058,7968.841
402,93-610-000-000,Барун-Хемчикский муниципальный район,муниципальный район,,17,Республика Тыва,2018,9999,51.1454611,90.5814803,6231.055
403,93-615-000-000,Дзун-Хемчикский муниципальный район,муниципальный район,,17,Республика Тыва,2018,9999,51.2840385,91.5666701,6624.338
404,93-620-000-000,Каа-Хемский муниципальный район,муниципальный район,,17,Республика Тыва,2018,9999,51.492626,95.554681,25792.375
405,93-622-000-000,Кызылский муниципальный район,муниципальный район,,17,Республика Тыва,2018,9999,51.696541,94.563721,7764.079
406,93-625-000-000,Монгун-Тайгинский муниципальный район,муниципальный район,,17,Республика Тыва,2018,9999,50.3800035,90.441721,4399.232
407,93-630-000-000,Овюрский муниципальный район,муниципальный район,,17,Республика Тыва,2018,9999,50.7330745,92.0726451,4550.074
408,93-635-000-000,Пий-Хемский муниципальный район,муниципальный район,,17,Республика Тыва,2018,9999,52.1458093,93.9186434,8109.172
409,93-638-000-000,Сут-Хольский муниципальный район,муниципальный район,,17,Республика Тыва,2018,9999,51.402248,91.278786,6527.382
410,93-640-000-000,Тандинский муниципальный район,муниципальный район,,17,Республика Тыва,2018,9999,51.1601031,94.4651991,5044.784
411,93-643-000-000,Тере-Хольский муниципальный район,муниципальный район,,17,Республика Тыва,2018,9999,50.5986817,97.5254386,10517.903
412,93-645-000-000,Тес-Хемский муниципальный район,муниципальный район,,17,Республика Тыва,2018,9999,50.5999571,95.001846,6656.492
413,93-650-000-000,Тоджинский муниципальный район,муниципальный район,,17,Республика Тыва,2018,9999,52.4679232,96.117896,44785.425
414,93-654-000-000,Улуг-Хемский муниципальный район,муниципальный район,,17,Республика Тыва,2018,9999,51.538721,92.9194074,6211.488
415,93-656-000-000,Чаа-Хольский муниципальный район,муниципальный район,,17,Республика Тыва,2018,9999,51.5141315,92.3348586,2505.043
416,93-657-000-000,Чеди-Хольский муниципальный район,муниципальный район,,17,Республика Тыва,2018,9999,51.131943,93.715744,3496.343
417,93-658-000-000,Эрзинский муниципальный район,муниципальный район,,17,Республика Тыва,2018,9999,50.2881416,95.1221826,11121.954
418,94-701-000-000,городской округ город Ижевск,городской округ,административный_центр_субъекта,18,Удмуртская Республика,2018,9999,56.86051745,53.19773074245531,318.375
419,94-710-000-000,городской округ город Воткинск,городской округ,,18,Удмуртская Республика,2018,9999,57.03096265,53.95290987149551,122.571
420,94-720-000-000,городской округ город Глазов,городской округ,,18,Удмуртская Республика,2018,9999,58.1401196,52.6464388,74.696
421,94-730-000-000,городской округ город Можга,городской округ,,18,Удмуртская Республика,2018,9999,56.44903635,52.21859474400328,30.396
422,94-740-000-000,городской округ город Сарапул,городской округ,,18,Удмуртская Республика,2018,9999,56.4811552,53.78269270925261,89.017
423,94-602-000-000,Алнашский муниципальный район,муниципальный район,,18,Удмуртская Республика,2018,2022,56.1848812,52.4755309,890.435
424,94-604-000-000,Балезинский муниципальный район,муниципальный район,,18,Удмуртская Республика,2018,2022,57.9745686,53.0111891,2428.811
425,94-606-000-000,Вавожский муниципальный район,муниципальный район,,18,Удмуртская Республика,2018,2022,56.7676129,51.9313766,1539.743
426,94-608-000-000,Воткинский муниципальный район,муниципальный район,,18,Удмуртская Республика,2018,2022,57.03096265,53.95290987149551,1865.672
427,94-610-000-000,Глазовский муниципальный район,муниципальный район,,18,Удмуртская Республика,2018,2022,58.1401196,52.6464388,2166.671
428,94-612-000-000,Граховский муниципальный район,муниципальный район,,18,Удмуртская Республика,2018,2022,56.0468999,51.9629501,964.799
429,94-614-000-000,Дебёсский муниципальный район,муниципальный район,,18,Удмуртская Республика,2018,2022,57.652351,53.806393,1035.049
430,94-616-000-000,Завьяловский муниципальный район,муниципальный район,,18,Удмуртская Республика,2018,2022,56.784662,53.3776005,2189.769
431,94-618-000-000,Игринский муниципальный район,муниципальный район,,18,Удмуртская Республика,2018,2022,57.5391501,53.0808519,2282.559
432,94-620-000-000,Камбарский муниципальный район,муниципальный район,,18,Удмуртская Республика,2018,2022,56.2652515,54.1945613,604.285
433,94-622-000-000,Каракулинский муниципальный район,муниципальный район,,18,Удмуртская Республика,2018,2022,56.0105232,53.705165,1192.916
434,94-624-000-000,Кезский муниципальный район,муниципальный район,,18,Удмуртская Республика,2018,2022,57.8965573,53.7140134,2311.201
435,94-626-000-000,Кизнерский муниципальный район,муниципальный район,,18,Удмуртская Республика,2018,2022,56.2850255,51.5192626,2276.939
436,94-628-000-000,Киясовский муниципальный район,муниципальный район,,18,Удмуртская Республика,2018,2022,56.3438804,53.1247526,821.918
437,94-630-000-000,Красногорский муниципальный район,муниципальный район,,18,Удмуртская Республика,2018,2022,57.703725,52.501841,1859.159
438,94-633-000-000,Малопургинский муниципальный район,муниципальный район,,18,Удмуртская Республика,2018,2022,56.5495455,53.0055085,1221.946
439,94-635-000-000,Можгинский муниципальный район,муниципальный район,,18,Удмуртская Республика,2018,2022,56.44903635,52.21859474400328,2013.14
440,94-637-000-000,Сарапульский муниципальный район,муниципальный район,,18,Удмуртская Республика,2018,2022,56.4216058,53.7753696,1942.308
441,94-639-000-000,Селтинский муниципальный район,муниципальный район,,18,Удмуртская Республика,2018,2022,57.3094964,52.1381468,1885.871
442,94-641-000-000,Сюмсинский муниципальный район,муниципальный район,,18,Удмуртская Республика,2018,2022,57.1081378,51.6147316,1824.155
443,94-644-000-000,Увинский муниципальный район,муниципальный район,,18,Удмуртская Республика,2018,2022,56.9826616,52.1884394,2440.54
444,94-646-000-000,Шарканский муниципальный район,муниципальный район,,18,Удмуртская Республика,2018,2022,57.295315,53.869011,1400.13
445,94-648-000-000,Юкаменский муниципальный район,муниципальный район,,18,Удмуртская Республика,2018,2022,57.8865761,52.2473098,1027.275
446,94-650-000-000,Якшур-Бодьинский муниципальный район,муниципальный район,,18,Удмуртская Республика,2018,2022,57.1842484,53.1544847,1787.577
447,94-652-000-000,Ярский муниципальный район,муниципальный район,,18,Удмуртская Республика,2018,2022,58.2442424,52.1079326,1539.526
448,95-701-000-000,городской округ город Абакан,городской округ,административный_центр_субъекта,19,Республика Хакасия,2018,9999,53.72068,91.4406019,111.742
449,95-702-000-000,городской округ город Абаза,городской округ,,19,Республика Хакасия,2018,9999,52.6510546,90.101159,80.162
450,95-708-000-000,городской округ город Саяногорск,городской округ,,19,Республика Хакасия,2018,9999,53.0899015,91.4128377,105.699
451,95-709-000-000,городской округ город Сорск,городской округ,,19,Республика Хакасия,2018,9999,54.0016092,90.2525861,1311.467
452,95-715-000-000,городской округ город Черногорск,городской округ,,19,Республика Хакасия,2018,9999,53.828236,91.31321,117.593
453,95-605-000-000,Алтайский муниципальный район,муниципальный район,,19,Республика Хакасия,2018,9999,53.596436,91.382362,1753.6
454,95-608-000-000,Аскизский муниципальный район,муниципальный район,,19,Республика Хакасия,2018,9999,53.1325812,90.5300435,8074.199
455,95-612-000-000,Бейский муниципальный район,муниципальный район,,19,Республика Хакасия,2018,9999,53.046246,90.921989,4582.167
456,95-615-000-000,Боградский муниципальный район,муниципальный район,,19,Республика Хакасия,2018,9999,54.21806,90.856026,4605.443
457,95-620-000-000,Орджоникидзевский муниципальный район,муниципальный район,,19,Республика Хакасия,2018,9999,55.03561,89.847221,6609.367
458,95-625-000-000,Таштыпский муниципальный район,муниципальный район,,19,Республика Хакасия,2018,9999,52.7880649,89.595458,20119.628
459,95-630-000-000,Усть-Абаканский муниципальный район,муниципальный район,,19,Республика Хакасия,2018,9999,53.8326614,91.3938038,7323.044
460,95-635-000-000,Ширинский муниципальный район,муниципальный район,,19,Республика Хакасия,2018,9999,54.48764,89.962891,6877.573
461,96-701-000-000,городской округ город Грозный,городской округ,административный_центр_субъекта,20,Чеченская Республика,2018,9999,43.3197031,45.6934308,360.848
462,96-702-000-000,городской округ город Аргун,городской округ,,20,Чеченская Республика,2018,9999,43.2950455,45.8688918,130.203
463,96-602-000-000,Ачхой-Мартановский муниципальный район,муниципальный район,,20,Чеченская Республика,2018,9999,43.1926252,45.2879291,753.054
464,96-604-000-000,Веденский муниципальный район,муниципальный район,,20,Чеченская Республика,2018,9999,42.9685184,46.0987148,940.198
465,96-607-000-000,Грозненский муниципальный район,муниципальный район,,20,Чеченская Республика,2018,9999,43.3197031,45.6934308,1236.18
466,96-610-000-000,Гудермесский муниципальный район,муниципальный район,,20,Чеченская Республика,2018,9999,43.35696145,46.10078636190259,682.67
467,96-611-000-000,Итум-Калинский муниципальный район,муниципальный район,,20,Чеченская Республика,2018,9999,42.734993,45.576996,1245.471
468,96-612-000-000,Курчалоевский муниципальный район,муниципальный район,,20,Чеченская Республика,2018,9999,43.20005,46.090786,463.336
469,96-616-000-000,Надтеречный муниципальный район,муниципальный район,,20,Чеченская Республика,2018,9999,43.677269,45.128799,955.429
470,96-622-000-000,Наурский муниципальный район,муниципальный район,,20,Чеченская Республика,2018,9999,43.650589,45.311901,2204.318
471,96-625-000-000,Ножай-Юртовский муниципальный район,муниципальный район,,20,Чеченская Республика,2018,9999,43.0945581,46.3798677,628.741
472,96-628-000-000,Шатойский муниципальный район,муниципальный район,,20,Чеченская Республика,2018,9999,42.8727101,45.68956158464782,876.251
473,96-631-000-000,Сунженский муниципальный район,муниципальный район,,20,Чеченская Республика,2018,2020,43.315834,45.163658,368.518
474,96-634-000-000,Урус-Мартановский муниципальный район,муниципальный район,,20,Чеченская Республика,2018,9999,43.133102,45.538425,1138.816
475,96-637-000-000,Шалинский муниципальный район,муниципальный район,,20,Чеченская Республика,2018,9999,43.153942,45.906578,598.877
476,96-640-000-000,Шелковской муниципальный район,муниципальный район,,20,Чеченская Республика,2018,9999,43.506142,46.333469,2999.895
477,96-691-000-000,Шаройский муниципальный район,муниципальный район,,20,Чеченская Республика,2018,9999,42.655331,45.852562,589.26
478,97-701-000-000,городской округ город Чебоксары,городской округ,административный_центр_субъекта,21,Чувашская Республика,2018,9999,56.1307195,47.2449597,252.788
479,97-704-000-000,городской округ город Алатырь,городской округ,,21,Чувашская Республика,2018,9999,54.84582955,46.5627484284573,41.552
480,97-707-000-000,городской округ город Канаш,городской округ,,21,Чувашская Республика,2018,9999,55.5148161,47.49863071889008,19.76
481,97-710-000-000,городской округ город Новочебоксарск,городской округ,,21,Чувашская Республика,2018,9999,56.1140023,47.4870341,49.657
482,97-713-000-000,городской округ город Шумерля,городской округ,,21,Чувашская Республика,2018,9999,55.4985162,46.4186725,15.089
483,97-603-000-000,Алатырский муниципальный район,муниципальный район,,21,Чувашская Республика,2018,2023,54.84582955,46.5627484284573,1937.828
484,97-605-000-000,Аликовский муниципальный район,муниципальный район,,21,Чувашская Республика,2018,2023,55.7393757,46.7465335,553.743
485,97-607-000-000,Батыревский муниципальный район,муниципальный район,,21,Чувашская Республика,2018,2023,55.0681559,47.6042007,945.856
486,97-610-000-000,Вурнарский муниципальный район,муниципальный район,,21,Чувашская Республика,2018,2023,55.4917095,46.9529003,1013.746
487,97-613-000-000,Ибресинский муниципальный район,муниципальный район,,21,Чувашская Республика,2018,2023,55.3043004,47.0389112,1201.073
488,97-616-000-000,Канашский муниципальный район,муниципальный район,,21,Чувашская Республика,2018,2023,55.5148161,47.49863071889008,980.479
489,97-619-000-000,Козловский муниципальный район,муниципальный район,,21,Чувашская Республика,2018,2023,55.8414764,48.2484231,510.948
490,97-621-000-000,Комсомольский муниципальный район,муниципальный район,,21,Чувашская Республика,2018,2023,55.2622657,47.5455999,632.132
491,97-624-000-000,Красноармейский муниципальный район,муниципальный район,,21,Чувашская Республика,2018,2022,55.7679252,47.1684942,456.298
492,97-626-000-000,Красночетайский муниципальный район,муниципальный район,,21,Чувашская Республика,2018,2023,55.6988225,46.1593707,687.183
493,97-629-000-000,Мариинско-Посадский муниципальный район,муниципальный район,,21,Чувашская Республика,2018,2023,56.1178077,47.7220654,674.424
494,97-632-000-000,Моргаушский муниципальный район,муниципальный район,,21,Чувашская Республика,2018,2023,55.9642116,46.7687775,847.5
495,97-635-000-000,Порецкий муниципальный район,муниципальный район,,21,Чувашская Республика,2018,2023,55.1989448,46.3261836,1117.564
496,97-638-000-000,Урмарский муниципальный район,муниципальный район,,21,Чувашская Республика,2018,2023,55.6802934,47.9446913,597.603
497,97-641-000-000,Цивильский муниципальный район,муниципальный район,,21,Чувашская Республика,2018,2023,55.8661072,47.473703,789.681
498,97-644-000-000,Чебоксарский муниципальный район,муниципальный район,,21,Чувашская Республика,2018,2023,56.0315502,47.2987956,1194.85
499,97-647-000-000,Шемуршинский муниципальный район,муниципальный район,,21,Чувашская Республика,2018,2023,54.8854761,47.51651,818.007
500,97-650-000-000,Шумерлинский муниципальный район,муниципальный район,,21,Чувашская Республика,2018,2022,55.4985162,46.4186725,1049.351
501,97-653-000-000,Ядринский муниципальный район,муниципальный район,,21,Чувашская Республика,2018,2023,55.9407976,46.2006586,904.154
502,97-655-000-000,Яльчикский муниципальный район,муниципальный район,,21,Чувашская Республика,2018,2023,55.1628658,48.003334,578.334
503,97-658-000-000,Янтиковский муниципальный район,муниципальный район,,21,Чувашская Республика,2018,2023,55.5163733,47.7805881,524.184
504,01-701-000-000,городской округ город Барнаул,городской округ,административный_центр_субъекта,22,Алтайский край,2018,9999,53.3475493,83.7788448,955.945
505,01-703-000-000,городской округ город Алейск,городской округ,,22,Алтайский край,2018,9999,52.4970352,82.7732311,44.411
506,01-704-000-000,городской округ город Белокуриха,городской округ,,22,Алтайский край,2018,9999,51.9994856,84.9860861,94.915
507,01-705-000-000,городской округ город Бийск,городской округ,,22,Алтайский край,2018,9999,52.5394905,85.2148673,293.002
508,01-706-000-000,городской округ город Заринск,городской округ,,22,Алтайский край,2018,9999,53.707915,84.9348606,79.195
509,01-713-000-000,городской округ город Новоалтайск,городской округ,,22,Алтайский край,2018,9999,53.393341,83.939407,78.882
510,01-716-000-000,городской округ город Рубцовск,городской округ,,22,Алтайский край,2018,9999,51.5276264,81.2176174,83.384
511,01-719-000-000,городской округ город Славгород,городской округ,,22,Алтайский край,2018,2023,52.9968921,78.6485041,2066.847
512,01-730-000-000,городской округ город Яровое,городской округ,,22,Алтайский край,2018,9999,52.919704,78.563568,53.219
513,01-755-000-000,городской округ ЗАТО Сибирский,городской округ,ЗАТО,22,Алтайский край,2018,9999,53.557068,83.838425,4.486
514,01-601-000-000,Алейский муниципальный район,муниципальный район,,22,Алтайский край,2018,9999,52.4970352,82.7732311,3389.555
515,01-602-000-000,Алтайский муниципальный район,муниципальный район,,22,Алтайский край,2018,9999,51.945145,85.336746,3472.946
516,01-603-000-000,Баевский муниципальный район,муниципальный район,,22,Алтайский край,2018,9999,53.2685571,80.77923,2738.764
517,01-604-000-000,Бийский муниципальный район,муниципальный район,,22,Алтайский край,2018,9999,52.5394905,85.2148673,2163.335
518,01-605-000-000,Благовещенский муниципальный район,муниципальный район,,22,Алтайский край,2018,9999,52.830602,79.8705683,3694.235
519,01-606-000-000,Бурлинский муниципальный район,муниципальный район,,22,Алтайский край,2018,9999,53.3364288,78.3306842,2745.051
520,01-607-000-000,Быстроистокский муниципальный район,муниципальный район,,22,Алтайский край,2018,9999,52.3742191,84.3931658,1936.006
521,01-608-000-000,Волчихинский муниципальный район,муниципальный район,,22,Алтайский край,2018,9999,52.0173355,80.3650849,3600.557
522,01-609-000-000,Егорьевский муниципальный район,муниципальный район,,22,Алтайский край,2018,9999,51.75893,80.892517,2475.301
523,01-610-000-000,Ельцовский муниципальный район,муниципальный район,,22,Алтайский край,2018,9999,53.2819421,86.2044919,2167.337
524,01-611-000-000,Завьяловский муниципальный район,муниципальный район,,22,Алтайский край,2018,9999,52.8386675,80.91978,2223.385
525,01-612-000-000,Залесовский муниципальный район,муниципальный район,,22,Алтайский край,2018,2022,53.9933512,84.7466139,3284.835
526,01-613-000-000,Заринский муниципальный район,муниципальный район,,22,Алтайский край,2018,9999,53.707915,84.9348606,5110.908
527,01-614-000-000,Змеиногорский муниципальный район,муниципальный район,,22,Алтайский край,2018,9999,51.1544658,82.1979928,2861.411
528,01-615-000-000,Калманский муниципальный район,муниципальный район,,22,Алтайский край,2018,9999,52.8982394,83.5438135,1779.572
529,01-616-000-000,Каменский муниципальный район,муниципальный район,,22,Алтайский край,2018,9999,53.79023085,81.31597534099072,3666.748
530,01-617-000-000,Ключевский муниципальный район,муниципальный район,,22,Алтайский край,2018,9999,52.2530605,79.1678164,3043.342
531,01-618-000-000,Косихинский муниципальный район,муниципальный район,,22,Алтайский край,2018,9999,53.3619517,84.5795068,1882.571
532,01-619-000-000,Красногорский муниципальный район,муниципальный район,,22,Алтайский край,2018,9999,52.296341,86.195274,3069.871
533,01-620-000-000,Краснощёковский муниципальный район,муниципальный район,,22,Алтайский край,2018,9999,51.669357,82.730652,3539.566
534,01-621-000-000,Крутихинский муниципальный район,муниципальный район,,22,Алтайский край,2018,9999,53.9619568,81.2143794,2055.176
535,01-622-000-000,Кулундинский муниципальный район,муниципальный район,,22,Алтайский край,2018,9999,52.566559,78.935448,1983.054
536,01-623-000-000,Курьинский муниципальный район,муниципальный район,,22,Алтайский край,2018,9999,51.6002902,82.2887814,2465.726
537,01-624-000-000,Кытмановский муниципальный район,муниципальный район,,22,Алтайский край,2018,9999,53.4636969,85.4502753,2544.721
538,01-625-000-000,Локтевский муниципальный район,муниципальный район,,22,Алтайский край,2018,9999,51.0004641,81.4638583,2344.553
539,01-626-000-000,Мамонтовский муниципальный район,муниципальный район,,22,Алтайский край,2018,9999,52.7067003,81.6312908,2323.516
540,01-627-000-000,Михайловский муниципальный район,муниципальный район,,22,Алтайский край,2018,9999,51.8212486,79.7193176,3118.241
541,01-628-000-000,Новичихинский муниципальный район,муниципальный район,,22,Алтайский край,2018,9999,52.2103282,81.3940414,1860.498
542,01-629-000-000,Зональный муниципальный район,муниципальный район,,22,Алтайский край,2018,9999,52.6639985,84.9347359,1625.116
543,01-630-000-000,Павловский муниципальный район,муниципальный район,,22,Алтайский край,2018,9999,53.3133356,82.9899119,2194.347
544,01-631-000-000,Панкрушихинский муниципальный район,муниципальный район,,22,Алтайский край,2018,9999,53.83286,80.3443,2786.878
545,01-632-000-000,Первомайский муниципальный район,муниципальный район,,22,Алтайский край,2018,9999,53.393341,83.939407,3602.302
546,01-633-000-000,Петропавловский муниципальный район,муниципальный район,,22,Алтайский край,2018,9999,52.069763,84.108116,1508.806
547,01-634-000-000,Поспелихинский муниципальный район,муниципальный район,,22,Алтайский край,2018,9999,51.9707861,81.7339244,2437.054
548,01-635-000-000,Ребрихинский муниципальный район,муниципальный район,,22,Алтайский край,2018,9999,53.0752803,82.338217,2702.49
549,01-636-000-000,Родинский муниципальный район,муниципальный район,,22,Алтайский край,2018,9999,52.496135,80.2104298,3115.075
550,01-637-000-000,Романовский муниципальный район,муниципальный район,,22,Алтайский край,2018,9999,52.6187229,81.226359,2098.409
551,01-638-000-000,Рубцовский муниципальный район,муниципальный район,,22,Алтайский край,2018,9999,51.5276264,81.2176174,3295.003
552,01-640-000-000,Смоленский муниципальный район,муниципальный район,,22,Алтайский край,2018,9999,52.305302,85.079384,2029.751
553,01-641-000-000,Суетский муниципальный район,муниципальный район,,22,Алтайский край,2018,2023,53.3027185,80.0450874,1106.059
554,01-642-000-000,Советский муниципальный район,муниципальный район,,22,Алтайский край,2018,9999,52.282604,85.409721,1560.472
555,01-643-000-000,Солонешенский муниципальный район,муниципальный район,,22,Алтайский край,2018,9999,51.655628,84.318352,3525.843
556,01-644-000-000,Солтонский муниципальный район,муниципальный район,,22,Алтайский край,2018,9999,52.8365518,86.4756389,3006.063
557,01-645-000-000,Шелаболихинский муниципальный район,муниципальный район,,22,Алтайский край,2018,9999,53.4174823,82.5971994,2565.689
558,01-646-000-000,Табунский муниципальный район,муниципальный район,,22,Алтайский край,2018,9999,52.7747185,78.7904097,1778.201
559,01-647-000-000,Тальменский муниципальный район,муниципальный район,,22,Алтайский край,2018,9999,53.8176306,83.562011,3917.78
560,01-648-000-000,Тогульский муниципальный район,муниципальный район,,22,Алтайский край,2018,9999,53.4658177,85.9136273,2015.554
561,01-649-000-000,Топчихинский муниципальный район,муниципальный район,,22,Алтайский край,2018,9999,52.8175669,83.115343,3284.876
562,01-650-000-000,Третьяковский муниципальный район,муниципальный район,,22,Алтайский край,2018,9999,51.006229,81.999641,1997.894
563,01-651-000-000,Троицкий муниципальный район,муниципальный район,,22,Алтайский край,2018,9999,52.981388,84.677628,4181.539
564,01-652-000-000,Тюменцевский муниципальный район,муниципальный район,,22,Алтайский край,2018,9999,53.3189514,81.4979587,2240.206
565,01-653-000-000,Угловский муниципальный район,муниципальный район,,22,Алтайский край,2018,9999,51.3608091,80.1883865,4837.7
566,01-654-000-000,Усть-Калманский муниципальный район,муниципальный район,,22,Алтайский край,2018,9999,52.1171375,83.3047794,2322.993
567,01-655-000-000,Усть-Пристанский муниципальный район,муниципальный район,,22,Алтайский край,2018,9999,52.3912939,83.668251,2706.555
568,01-656-000-000,Хабарский муниципальный район,муниципальный район,,22,Алтайский край,2018,9999,53.6236801,79.5404777,2801.75
569,01-657-000-000,Целинный муниципальный район,муниципальный район,,22,Алтайский край,2018,9999,53.0806917,85.6647246,2878.937
570,01-658-000-000,Чарышский муниципальный район,муниципальный район,,22,Алтайский край,2018,2023,51.4008481,83.556989,6830.742
571,01-659-000-000,Шипуновский муниципальный район,муниципальный район,,22,Алтайский край,2018,9999,52.218868,82.261627,4241.061
572,01-660-000-000,Немецкий национальный муниципальный район,муниципальный район,,22,Алтайский край,2018,9999,53.2265802,78.9865883,1504.485
573,76-701-000-000,городской округ город Чита,городской округ,административный_центр_субъекта,75,Забайкальский край,2018,9999,52.033409,113.500893,536.308
574,76-715-000-000,городской округ город Петровск-Забайкальский,городской округ,,75,Забайкальский край,2018,9999,51.28062685,108.8386403192038,326.988
575,76-785-000-000,городской округ ЗАТО поселок Горный,городской округ,ЗАТО,75,Забайкальский край,2018,9999,51.55468,113.033165,16.329
576,76-603-000-000,Акшинский муниципальный район,муниципальный район,,75,Забайкальский край,2018,9999,50.280815,113.285149,7481.097
577,76-604-000-000,Александрово-Заводский муниципальный район,муниципальный район,,75,Забайкальский край,2018,9999,50.923641,117.934097,7139.83
578,76-606-000-000,Балейский муниципальный район,муниципальный район,,75,Забайкальский край,2018,9999,51.578789,116.646042,4922.811
579,76-609-000-000,Борзинский муниципальный район,муниципальный район,,75,Забайкальский край,2018,9999,50.3851808,116.5330685,8861.286
580,76-610-000-000,Газимуро-Заводский муниципальный район,муниципальный район,,75,Забайкальский край,2018,2024,51.5511167,118.3349104,14428.618
581,76-612-000-000,Забайкальский муниципальный район,муниципальный район,,75,Забайкальский край,2018,9999,49.644653,117.329025,5274.043
582,76-615-000-000,Каларский муниципальный район,муниципальный район,,75,Забайкальский край,2018,2021,56.9335962,117.5617682,56385.864
583,76-618-000-000,Калганский муниципальный район,муниципальный район,,75,Забайкальский край,2018,2024,50.92355,118.899208,3246.448
584,76-620-000-000,Карымский муниципальный район,муниципальный район,,75,Забайкальский край,2018,9999,51.623402,114.34063,8085.154
585,76-621-000-000,муниципальный район Город Краснокаменск и Краснокаменский район,муниципальный район,,75,Забайкальский край,2018,9999,50.096992,118.041344,5101.33
586,76-622-000-000,Красночикойский муниципальный район,муниципальный район,,75,Забайкальский край,2018,9999,50.364742,108.75798,28336.145
587,76-624-000-000,Кыринский муниципальный район,муниципальный район,,75,Забайкальский край,2018,9999,49.578625,111.971039,15993.88
588,76-626-000-000,Могочинский муниципальный район,муниципальный район,,75,Забайкальский край,2018,2024,53.7362642,119.7624853,25161.601
589,76-628-000-000,Нерчинский муниципальный район,муниципальный район,,75,Забайкальский край,2018,9999,51.97694,116.588341,5433.147
590,76-630-000-000,Нерчинско-Заводский муниципальный район,муниципальный район,,75,Забайкальский край,2018,9999,51.30904,119.616234,9015.443
591,76-632-000-000,Оловяннинский муниципальный район,муниципальный район,,75,Забайкальский край,2018,9999,50.943687,115.586937,6134.561
592,76-634-000-000,Ононский муниципальный район,муниципальный район,,75,Забайкальский край,2018,2024,50.510593,115.118385,5979.263
593,76-636-000-000,Петровск-Забайкальский муниципальный район,муниципальный район,,75,Забайкальский край,2018,9999,51.28062685,108.8386403192038,8690.019
594,76-638-000-000,Приаргунский муниципальный район,муниципальный район,,75,Забайкальский край,2018,2021,50.365902,119.090134,5124.273
595,76-640-000-000,Сретенский муниципальный район,муниципальный район,,75,Забайкальский край,2018,9999,52.243191,117.695541,15928.918
596,76-642-000-000,Тунгиро-Олёкминский муниципальный район,муниципальный район,,75,Забайкальский край,2018,9999,54.426773,119.94368,43137.879
597,76-644-000-000,Тунгокоченский муниципальный район,муниципальный район,,75,Забайкальский край,2018,9999,52.690086,115.188309,51698.686
598,76-646-000-000,Улётовский муниципальный район,муниципальный район,,75,Забайкальский край,2018,9999,51.35854,112.485115,16155.926
599,76-647-000-000,Хилокский муниципальный район,муниципальный район,,75,Забайкальский край,2018,9999,51.3628436,110.4579749,14873.526
600,76-648-000-000,Чернышевский муниципальный район,муниципальный район,,75,Забайкальский край,2018,9999,52.514069,117.01371,12868.005
601,76-650-000-000,Читинский муниципальный район,муниципальный район,,75,Забайкальский край,2018,9999,52.033409,113.500893,15696.308
602,76-652-000-000,Шелопугинский муниципальный район,муниципальный район,,75,Забайкальский край,2018,9999,51.649864,117.564728,4372.038
603,76-654-000-000,Шилкинский муниципальный район,муниципальный район,,75,Забайкальский край,2018,9999,51.851639,116.025894,6147.364
604,76-702-000-000,городской округ поселок Агинское,городской округ,,75,Забайкальский край,2018,9999,51.1057609,114.5408006,70.655
605,76-602-000-000,Агинский муниципальный район,муниципальный район,,75,Забайкальский край,2018,9999,51.1057609,114.5408006,6304.774
606,76-611-000-000,Дульдургинский муниципальный район,муниципальный район,,75,Забайкальский край,2018,9999,50.7391314,113.3924757,6775.617
607,76-625-000-000,Могойтуйский муниципальный район,муниципальный район,,75,Забайкальский край,2018,9999,51.2831177,114.9299468,6356.899
608,30-701-000-000,городской округ Петропавловск-Камчатский,городской округ,административный_центр_субъекта,41,Камчатский край,2018,9999,53.0199838,158.6471356,361.794
609,30-735-000-000,городской округ Вилючинский ЗАТО,городской округ,ЗАТО,41,Камчатский край,2018,9999,52.931834,158.405383,408.872
610,30-601-000-000,Алеутский муниципальный район,муниципальный район,,41,Камчатский край,2018,2021,55.1979733,165.9969098,1393.42
611,30-604-000-000,Быстринский муниципальный район,муниципальный район,,41,Камчатский край,2018,9999,55.9282472,158.7043579,24074.458
612,30-607-000-000,Елизовский муниципальный район,муниципальный район,,41,Камчатский край,2018,9999,53.1864972,158.3836712,70167.738
613,30-610-000-000,Мильковский муниципальный район,муниципальный район,,41,Камчатский край,2018,2024,54.690411,158.609879,21826.809
614,30-613-000-000,Соболевский муниципальный район,муниципальный район,,41,Камчатский край,2018,9999,54.2976842,155.9424213,26530.966
615,30-616-000-000,Усть-Большерецкий муниципальный район,муниципальный район,,41,Камчатский край,2018,9999,52.8250585,156.2804925,27165.204
616,30-619-000-000,Усть-Камчатский муниципальный район,муниципальный район,,41,Камчатский край,2018,9999,56.2400377,162.5369568,55239.108
617,30-851-000-000,городской округ поселок Палана,городской округ,,41,Камчатский край,2018,9999,59.0827605,159.9512943,38.545
618,30-824-000-000,Карагинский муниципальный район,муниципальный район,,41,Камчатский край,2018,9999,59.247414,163.069931,73497.307
619,30-827-000-000,Олюторский муниципальный район,муниципальный район,,41,Камчатский край,2018,9999,60.429134,166.057053,95050.226
620,30-829-000-000,Пенжинский муниципальный район,муниципальный район,,41,Камчатский край,2018,9999,62.4686,166.2046,128483.128
621,30-832-000-000,Тигильский муниципальный район,муниципальный район,,41,Камчатский край,2018,9999,57.650604,158.8234989,79372.45
622,03-701-000-000,городской округ город Краснодар,городской округ,административный_центр_субъекта,23,Краснодарский край,2018,9999,45.0112333,38.9845655,838.87
623,03-703-000-000,городской округ город-курорт Анапа,городской округ,,23,Краснодарский край,2018,9999,44.894272,37.316887,978.683
624,03-705-000-000,городской округ город Армавир,городской округ,,23,Краснодарский край,2018,9999,44.9993585,41.1294061,285.483
625,03-708-000-000,городской округ город-курорт Геленджик,городской округ,,23,Краснодарский край,2018,9999,44.5609447,38.0766832,1226.489
626,03-709-000-000,городской округ город Горячий Ключ,городской округ,,23,Краснодарский край,2018,9999,44.6342653,39.1363613,1756.04
627,03-720-000-000,городской округ город Новороссийск,городской округ,,23,Краснодарский край,2018,9999,44.7239578,37.7690711,848.248
628,03-726-000-000,городской округ город-курорт Сочи,городской округ,,23,Краснодарский край,2018,2021,43.5854823,39.723109,3522.489
629,03-601-000-000,Абинский муниципальный район,муниципальный район,,23,Краснодарский край,2018,9999,44.8649528,38.1578189,1624.562
630,03-605-000-000,Апшеронский муниципальный район,муниципальный район,,23,Краснодарский край,2018,9999,44.4618046,39.741048,2444.942
631,03-607-000-000,Белоглинский муниципальный район,муниципальный район,,23,Краснодарский край,2018,9999,46.078419,40.863701,1493.277
632,03-608-000-000,Белореченский муниципальный район,муниципальный район,,23,Краснодарский край,2018,9999,44.7614149,39.8712943,1327.664
633,03-610-000-000,Брюховецкий муниципальный район,муниципальный район,,23,Краснодарский край,2018,9999,45.8006166,39.0003034,1374.51
634,03-612-000-000,Выселковский муниципальный район,муниципальный район,,23,Краснодарский край,2018,9999,45.5806221,39.6574237,1731.165
635,03-613-000-000,Гулькевичский муниципальный район,муниципальный район,,23,Краснодарский край,2018,9999,45.3565119,40.6962256,1394.364
636,03-614-000-000,Динской муниципальный район,муниципальный район,,23,Краснодарский край,2018,9999,45.2168713,39.2249757,1349.94
637,03-616-000-000,Ейский муниципальный район,муниципальный район,,23,Краснодарский край,2018,9999,46.7112094,38.2747987,2109.232
638,03-618-000-000,Кавказский муниципальный район,муниципальный район,,23,Краснодарский край,2018,9999,45.4344413,40.5750274,1226.191
639,03-619-000-000,Калининский муниципальный район,муниципальный район,,23,Краснодарский край,2018,9999,45.4856626,38.6598137,1498.445
640,03-620-000-000,Каневской муниципальный район,муниципальный район,,23,Краснодарский край,2018,9999,46.0845999,38.9721929,2489.952
641,03-621-000-000,Кореновский муниципальный район,муниципальный район,,23,Краснодарский край,2018,9999,45.4635863,39.4487565,1425.132
642,03-623-000-000,Красноармейский муниципальный район,муниципальный район,,23,Краснодарский край,2018,9999,45.366794,38.2115057,1894.9
643,03-624-000-000,Крыловский муниципальный район,муниципальный район,,23,Краснодарский край,2018,9999,46.321865,39.962914,1365.235
644,03-625-000-000,Крымский муниципальный район,муниципальный район,,23,Краснодарский край,2018,9999,44.9295889,37.9880177,1605.326
645,03-627-000-000,Курганинский муниципальный район,муниципальный район,,23,Краснодарский край,2018,9999,44.8851635,40.5894674,1532.982
646,03-628-000-000,Кущевский муниципальный район,муниципальный район,,23,Краснодарский край,2018,9999,46.5650084,39.6273712,2370.883
647,03-630-000-000,Лабинский муниципальный район,муниципальный район,,23,Краснодарский край,2018,9999,44.6347953,40.7242185,1876.247
648,03-632-000-000,Ленинградский муниципальный район,муниципальный район,,23,Краснодарский край,2018,9999,46.3212449,39.389554,1417.175
649,03-633-000-000,Мостовский муниципальный район,муниципальный район,,23,Краснодарский край,2018,9999,44.4138041,40.7899446,3731.414
650,03-634-000-000,Новокубанский муниципальный район,муниципальный район,,23,Краснодарский край,2018,9999,45.1083184,41.0366896,1825.573
651,03-635-000-000,Новопокровский муниципальный район,муниципальный район,,23,Краснодарский край,2018,9999,45.953815,40.707203,2156.001
652,03-637-000-000,Отрадненский муниципальный район,муниципальный район,,23,Краснодарский край,2018,9999,44.3975687,41.5263169,2451.054
653,03-639-000-000,Павловский муниципальный район,муниципальный район,,23,Краснодарский край,2018,9999,46.1352,39.783,1787.596
654,03-641-000-000,Приморско-Ахтарский муниципальный район,муниципальный район,,23,Краснодарский край,2018,9999,46.043181,38.1554803,2230.42
655,03-643-000-000,Северский муниципальный район,муниципальный район,,23,Краснодарский край,2018,9999,44.853421,38.6781253,2119.011
656,03-645-000-000,Славянский муниципальный район,муниципальный район,,23,Краснодарский край,2018,9999,45.2492346,38.10926744160152,2204.991
657,03-647-000-000,Староминский муниципальный район,муниципальный район,,23,Краснодарский край,2018,9999,46.5359488,39.0625056,1059.673
658,03-649-000-000,Тбилисский муниципальный район,муниципальный район,,23,Краснодарский край,2018,9999,45.3635681,40.1898342,992.117
659,03-651-000-000,Темрюкский муниципальный район,муниципальный район,,23,Краснодарский край,2018,9999,45.2751663,37.3905481,1948.516
660,03-653-000-000,Тимашевский муниципальный район,муниципальный район,,23,Краснодарский край,2018,9999,45.6129685,38.9357743,1507.82
661,03-654-000-000,Тихорецкий муниципальный район,муниципальный район,,23,Краснодарский край,2018,9999,45.854679,40.128124,1826.558
662,03-655-000-000,Туапсинский муниципальный район,муниципальный район,,23,Краснодарский край,2018,9999,44.0984747,39.0718875,2354.996
663,03-656-000-000,Успенский муниципальный район,муниципальный район,,23,Краснодарский край,2018,9999,44.8346548,41.3850485,1130.232
664,03-657-000-000,Усть-Лабинский муниципальный район,муниципальный район,,23,Краснодарский край,2018,9999,45.2178027,39.6896725,1506.726
665,03-659-000-000,Щербиновский муниципальный район,муниципальный район,,23,Краснодарский край,2018,9999,46.6284506,38.6624971,1380.36
666,04-701-000-000,городской округ город Красноярск,городской округ,административный_центр_субъекта,24,Красноярский край,2018,9999,56.0091173,92.872586,379.464
667,04-703-000-000,городской округ город Ачинск,городской округ,,24,Красноярский край,2018,9999,56.2694846,90.4953964,103.603
668,04-706-000-000,городской округ город Боготол,городской округ,,24,Красноярский край,2018,9999,56.211464,89.531639,68.934
669,04-707-000-000,городской округ город Бородино,городской округ,,24,Красноярский край,2018,9999,55.9,94.89365,37.278
670,04-709-000-000,городской округ город Дивногорск,городской округ,,24,Красноярский край,2018,9999,55.959644,92.37542,519.296
671,04-712-000-000,городской округ город Енисейск,городской округ,,24,Красноярский край,2018,9999,58.4532212,92.1748169,66.143
672,04-735-000-000,городской округ ЗАТО город Железногорск,городской округ,ЗАТО,24,Красноярский край,2018,9999,56.250938,93.53286,454.253
673,04-737-000-000,городской округ ЗАТО город Зеленогорск,городской округ,ЗАТО,24,Красноярский край,2018,9999,56.11356,94.589279,162.505
674,04-720-000-000,городской округ город Канск,городской округ,,24,Красноярский край,2018,9999,56.205997,95.706787,100.606
675,04-722-000-000,городской округ город Лесосибирск,городской округ,,24,Красноярский край,2018,9999,58.2165271,92.5078354,266.612
676,04-723-000-000,городской округ город Минусинск,городской округ,,24,Красноярский край,2018,9999,53.6862056,91.6567752,60.511
677,04-726-000-000,городской округ город Назарово,городской округ,,24,Красноярский край,2018,9999,56.011593,90.418503,86.426
678,04-729-000-000,городской округ город Норильск,городской округ,,24,Красноярский край,2018,9999,69.3444054,88.2096151,4496.035
679,04-733-000-000,городской округ город Сосновоборск,городской округ,,24,Красноярский край,2018,9999,56.121494,93.33873,14.87
680,04-740-000-000,городской округ город Шарыпово,городской округ,,24,Красноярский край,2018,9999,55.5329127,89.1864204,34.749
681,04-775-000-000,городской округ поселок Кедровый,городской округ,,24,Красноярский край,2018,9999,56.23724,92.323425,27.477
682,04-780-000-000,городской округ ЗАТО поселок Солнечный,городской округ,ЗАТО,24,Красноярский край,2018,9999,55.2845472,89.823283,3.582
683,04-601-000-000,Абанский муниципальный район,муниципальный район,,24,Красноярский край,2018,9999,56.67667,96.067764,9540.966
684,04-603-000-000,Ачинский муниципальный район,муниципальный район,,24,Красноярский край,2018,9999,56.2694846,90.4953964,2524.567
685,04-604-000-000,Балахтинский муниципальный район,муниципальный район,,24,Красноярский край,2018,9999,55.383221,91.615273,10230.704
686,04-605-000-000,Березовский муниципальный район,муниципальный район,,24,Красноярский край,2018,9999,56.038422,93.133194,4315.125
687,04-606-000-000,Бирилюсский муниципальный район,муниципальный район,,24,Красноярский край,2018,9999,56.95171,90.685806,11776.876
688,04-608-000-000,Боготольский муниципальный район,муниципальный район,,24,Красноярский край,2018,9999,56.211464,89.531639,2951.116
689,04-609-000-000,Богучанский муниципальный район,муниципальный район,,24,Красноярский край,2018,9999,58.382816,97.461578,53819.691
690,04-610-000-000,Большемуртинский муниципальный район,муниципальный район,,24,Красноярский край,2018,9999,56.909847,93.138016,6851.011
691,04-611-000-000,Большеулуйский муниципальный район,муниципальный район,,24,Красноярский край,2018,9999,56.656811,90.57975,2676.733
692,04-613-000-000,Дзержинский муниципальный район,муниципальный район,,24,Красноярский край,2018,9999,56.838005,95.22139,3593.8
693,04-614-000-000,Емельяновский муниципальный район,муниципальный район,,24,Красноярский край,2018,9999,56.167255,92.688454,7332.277
694,04-615-000-000,Енисейский муниципальный район,муниципальный район,,24,Красноярский край,2018,9999,58.4532212,92.1748169,105907.2
695,04-616-000-000,Ермаковский муниципальный район,муниципальный район,,24,Красноярский край,2018,9999,53.278046,92.396088,17647.89
696,04-617-000-000,Идринский муниципальный район,муниципальный район,,24,Красноярский край,2018,9999,54.370876,92.133156,6078.764
697,04-618-000-000,Иланский муниципальный район,муниципальный район,,24,Красноярский край,2018,9999,56.23806,96.06694,3686.575
698,04-619-000-000,Ирбейский муниципальный район,муниципальный район,,24,Красноярский край,2018,9999,55.644501,95.456528,11186.422
699,04-620-000-000,Казачинский муниципальный район,муниципальный район,,24,Красноярский край,2018,9999,57.694408,93.281029,5738.47
700,04-621-000-000,Канский муниципальный район,муниципальный район,,24,Красноярский край,2018,9999,56.205997,95.706787,4304.652
701,04-622-000-000,Каратузский муниципальный район,муниципальный район,,24,Красноярский край,2018,9999,53.600666,92.868996,10245.992
702,04-624-000-000,Кежемский муниципальный район,муниципальный район,,24,Красноярский край,2018,9999,58.6027015,99.1887515,34562.543
703,04-626-000-000,Козульский муниципальный район,муниципальный район,,24,Красноярский край,2018,9999,56.165138,91.391975,5244.138
704,04-628-000-000,Краснотуранский муниципальный район,муниципальный район,,24,Красноярский край,2018,9999,54.316296,91.567825,3438.673
705,04-630-000-000,Курагинский муниципальный район,муниципальный район,,24,Красноярский край,2018,9999,53.888092,92.680222,24161.574
706,04-631-000-000,Манский муниципальный район,муниципальный район,,24,Красноярский край,2018,9999,55.719715,93.764816,5992.752
707,04-633-000-000,Минусинский муниципальный район,муниципальный район,,24,Красноярский край,2018,9999,53.6862056,91.6567752,3207.942
708,04-635-000-000,Мотыгинский муниципальный район,муниципальный район,,24,Красноярский край,2018,9999,58.184208,94.694298,18993.248
709,04-637-000-000,Назаровский муниципальный район,муниципальный район,,24,Красноярский край,2018,9999,56.011593,90.418503,4235.99
710,04-639-000-000,Нижнеингашский муниципальный район,муниципальный район,,24,Красноярский край,2018,9999,56.203602,96.544518,6230.829
711,04-641-000-000,Новоселовский муниципальный район,муниципальный район,,24,Красноярский край,2018,9999,55.005177,90.967201,3946.687
712,04-643-000-000,Партизанский муниципальный район,муниципальный район,,24,Красноярский край,2018,9999,55.499271,94.393066,4943.276
713,04-645-000-000,Пировский муниципальный район,муниципальный район,,24,Красноярский край,2018,2020,57.624046,92.272644,6211.986
714,04-647-000-000,Рыбинский муниципальный район,муниципальный район,,24,Красноярский край,2018,9999,55.965401,94.708107,3558.145
715,04-648-000-000,Саянский муниципальный район,муниципальный район,,24,Красноярский край,2018,9999,55.258972,94.906372,8027.515
716,04-649-000-000,Северо-Енисейский муниципальный район,муниципальный район,,24,Красноярский край,2018,9999,60.374702,93.032997,47407.952
717,04-651-000-000,Сухобузимский муниципальный район,муниципальный район,,24,Красноярский край,2018,9999,56.499875,93.2785676,5598.201
718,04-653-000-000,Таймырский Долгано-Ненецкий муниципальный район,муниципальный район,,24,Красноярский край,2018,9999,69.4038179,86.17219,1036541.768
719,04-652-000-000,Тасеевский муниципальный район,муниципальный район,,24,Красноярский край,2018,9999,57.216042,94.898598,9594.145
720,04-654-000-000,Туруханский муниципальный район,муниципальный район,,24,Красноярский край,2018,9999,65.7934285,87.9589375,210810.787
721,04-655-000-000,Тюхтетский муниципальный район,муниципальный район,,24,Красноярский край,2018,2021,56.539837,89.311485,9339.775
722,04-656-000-000,Ужурский муниципальный район,муниципальный район,,24,Красноярский край,2018,9999,55.3197221,89.8424197,4231.332
723,04-657-000-000,Уярский муниципальный район,муниципальный район,,24,Красноярский край,2018,9999,55.809986,94.327774,2241.045
724,04-658-000-000,Шарыповский муниципальный район,муниципальный район,,24,Красноярский край,2018,2020,55.5329127,89.1864204,3722.408
725,04-659-000-000,Шушенский муниципальный район,муниципальный район,,24,Красноярский край,2018,9999,53.32782,91.945374,10191.663
726,04-650-000-000,Эвенкийский муниципальный район,муниципальный район,,24,Красноярский край,2018,9999,64.2741955,100.2169635,763252.427
727,57-701-000-000,городской округ Пермский,городской округ,административный_центр_субъекта,59,Пермский край,2018,9999,58.014965,56.246723,801.68
728,57-708-000-000,городской округ Березниковский,городской округ,,59,Пермский край,2018,2019,59.4084171,56.8036958,429.154
729,57-717-000-000,городской округ Губахинский,городской округ,,59,Пермский край,2018,2023,58.842407,57.555058,1013.46
730,57-722-000-000,городской округ город Кунгур,городской округ,,59,Пермский край,2018,2021,57.4397771,56.9266073,69.42
731,57-726-000-000,городской округ Лысьвенский,городской округ,,59,Пермский край,2018,9999,58.105056,57.8028461,3757.922
732,57-730-000-000,городской округ Соликамский,городской округ,,59,Пермский край,2018,2019,59.649437,56.779594,144.435
733,57-763-000-000,городской округ ЗАТО Звёздный,городской округ,ЗАТО,59,Пермский край,2018,9999,57.73531,56.313526,91.236
734,57-605-000-000,Александровский муниципальный район,муниципальный район,,59,Пермский край,2018,2020,59.1593861,57.5861232,5571.562
735,57-604-000-000,Бардымский муниципальный район,муниципальный район,,59,Пермский край,2018,2021,56.930187,55.586967,2403.224
736,57-606-000-000,Березовский муниципальный район,муниципальный район,,59,Пермский край,2018,2020,57.6026326,57.333067,1977.066
737,57-608-000-000,Большесосновский муниципальный район,муниципальный район,,59,Пермский край,2018,2022,57.671268,54.602867,2215.91
738,57-612-000-000,Верещагинский муниципальный район,муниципальный район,,59,Пермский край,2018,2020,58.072099,54.6674784,1616.949
739,57-614-000-000,Горнозаводский муниципальный район,муниципальный район,,59,Пермский край,2018,2019,58.374001,58.325058,7111.314
740,57-615-000-000,Гремячинский муниципальный район,муниципальный район,,59,Пермский край,2018,2019,58.5669663,57.8504049,1336.127
741,57-616-000-000,Добрянский муниципальный район,муниципальный район,,59,Пермский край,2018,2020,58.4624764,56.4007589,5126.257
742,57-618-000-000,Еловский муниципальный район,муниципальный район,,59,Пермский край,2018,2021,57.04635035,54.92345971818599,1416.771
743,57-620-000-000,Ильинский муниципальный район,муниципальный район,,59,Пермский край,2018,2020,58.56762465,55.69450970007735,3089.064
744,57-622-000-000,Карагайский муниципальный район,муниципальный район,,59,Пермский край,2018,2021,58.265579,54.927208,2408.345
745,57-623-000-000,Кизеловский муниципальный район,муниципальный район,,59,Пермский край,2018,2019,59.049252,57.6535,1387.411
746,57-624-000-000,Кишертский муниципальный район,муниципальный район,,59,Пермский край,2018,2021,57.3599717,57.2471775,1403.027
747,57-626-000-000,Красновишерский муниципальный район,муниципальный район,,59,Пермский край,2018,2020,60.4017837,57.0767045,15373.118
748,57-627-000-000,Краснокамский муниципальный район,муниципальный район,,59,Пермский край,2018,2019,58.0812613,55.7586943,951.333
749,57-628-000-000,Куединский муниципальный район,муниципальный район,,59,Пермский край,2018,2021,56.433506,55.590763,2626.885
750,57-630-000-000,Кунгурский муниципальный район,муниципальный район,,59,Пермский край,2018,2021,57.4397771,56.9266073,4377.267
751,57-634-000-000,Нытвенский муниципальный район,муниципальный район,,59,Пермский край,2018,2020,57.943423,55.3316349,1651.847
752,57-636-000-000,Октябрьский муниципальный район,муниципальный район,,59,Пермский край,2018,2020,56.5143078,57.2035567,3443.011
753,57-638-000-000,Ординский муниципальный район,муниципальный район,,59,Пермский край,2018,2020,57.19532845000001,56.90325538019961,1420.934
754,57-640-000-000,Осинский муниципальный район,муниципальный район,,59,Пермский край,2018,2020,57.2829207,55.4602059,2026.308
755,57-642-000-000,Оханский муниципальный район,муниципальный район,,59,Пермский край,2018,2019,57.721785,55.3859893,1537.329
756,57-644-000-000,Очерский муниципальный район,муниципальный район,,59,Пермский край,2018,2020,57.8836175,54.715823,1339.104
757,57-646-000-000,Пермский муниципальный район,муниципальный район,,59,Пермский край,2018,2023,58.014965,56.246723,3877.172
758,57-648-000-000,Сивинский муниципальный район,муниципальный район,,59,Пермский край,2018,2021,58.4277655,54.205753,2521.545
759,57-650-000-000,Соликамский муниципальный район,муниципальный район,,59,Пермский край,2018,2019,59.649437,56.779594,5490.605
760,57-651-000-000,Суксунский муниципальный район,муниципальный район,,59,Пермский край,2018,2020,57.1463922,57.3951339,1677.462
761,57-652-000-000,Уинский муниципальный район,муниципальный район,,59,Пермский край,2018,2020,56.87829735,56.56837437378221,1550.2
762,57-653-000-000,Усольский муниципальный район,муниципальный район,,59,Пермский край,2018,2019,59.4180251,56.6830803,4573.614
763,57-654-000-000,Чайковский муниципальный район,муниципальный район,,59,Пермский край,2018,2019,56.7787468,54.1500704,2163.357
764,57-655-000-000,Частинский муниципальный район,муниципальный район,,59,Пермский край,2018,2021,57.29295159999999,54.96425968947727,1676.699
765,57-656-000-000,Чердынский муниципальный район,муниципальный район,,59,Пермский край,2018,2020,60.4046807,56.4752752,21081.047
766,57-657-000-000,Чернушинский муниципальный район,муниципальный район,,59,Пермский край,2018,2020,56.5152817,56.0765041,1677.443
767,57-658-000-000,Чусовской муниципальный район,муниципальный район,,59,Пермский край,2018,2020,58.282055,57.821075,3511.954
768,57-851-000-000,городской округ город Кудымкар,городской округ,,59,Пермский край,2018,2020,59.014606,54.664135,32.738
769,57-814-000-000,Гайнский муниципальный район,муниципальный район,,59,Пермский край,2018,2020,60.304131,54.327332,14983.166
770,57-817-000-000,Косинский муниципальный район,муниципальный район,,59,Пермский край,2018,2020,59.944386,54.989826,3496.685
771,57-819-000-000,Кочевский муниципальный район,муниципальный район,,59,Пермский край,2018,2020,59.60936735,54.32639043781445,2735.42
772,57-821-000-000,Кудымкарский муниципальный район,муниципальный район,,59,Пермский край,2018,2020,59.014606,54.664135,4739.511
773,57-825-000-000,Юрлинский муниципальный район,муниципальный район,,59,Пермский край,2018,2020,59.3286875,54.3246555,3875.078
774,57-827-000-000,Юсьвинский муниципальный район,муниципальный район,,59,Пермский край,2018,2020,58.964665,54.9605745,3198.542
775,05-701-000-000,городской округ Владивостокский,городской округ,административный_центр_субъекта,25,Приморский край,2018,9999,43.1150678,131.8855768,591.48
776,05-703-000-000,городской округ Арсеньевский,городской округ,,25,Приморский край,2018,9999,44.1644451,133.2704255,46.883
777,05-705-000-000,городской округ Артемовский,городской округ,,25,Приморский край,2018,9999,43.3570377,132.1853629,517.646
778,05-706-000-000,городской округ Большой Камень,городской округ,,25,Приморский край,2018,9999,43.1121194,132.3509104,118.724
779,05-707-000-000,городской округ Дальнегорский,городской округ,,25,Приморский край,2018,9999,44.559457,135.5759241,5361.635
780,05-708-000-000,городской округ Дальнереченский,городской округ,,25,Приморский край,2018,9999,45.9337195,133.7349056,295.65
781,05-711-000-000,городской округ Лесозаводский,городской округ,,25,Приморский край,2018,9999,45.4653394,133.4047457,3052.149
782,05-714-000-000,городской округ Находкинский,городской округ,,25,Приморский край,2018,9999,42.8246489,132.8926,360.826
783,05-717-000-000,городской округ Партизанский,городской округ,,25,Приморский край,2018,9999,43.1406647,133.1433137,1302.766
784,05-720-000-000,городской округ Спасск-Дальний,городской округ,,25,Приморский край,2018,9999,44.5980135,132.815701,44.324
785,05-723-000-000,городской округ Уссурийский,городской округ,,25,Приморский край,2018,9999,43.7972447,131.9520752,3610.872
786,05-747-000-000,городской округ ЗАТО Фокино,городской округ,ЗАТО,25,Приморский край,2018,9999,42.9772084,132.404905,295.568
787,05-602-000-000,Анучинский муниципальный район,муниципальный район,,25,Приморский край,2018,2020,43.9656156,133.0606584,3846.083
788,05-607-000-000,Дальнереченский муниципальный район,муниципальный район,,25,Приморский край,2018,9999,45.9337195,133.7349056,7049.938
789,05-610-000-000,Кавалеровский муниципальный район,муниципальный район,,25,Приморский край,2018,2023,44.2673637,135.0554977,4218.573
790,05-612-000-000,Кировский муниципальный район,муниципальный район,,25,Приморский край,2018,9999,45.0897627,133.5062027,3455.061
791,05-614-000-000,Красноармейский муниципальный район,муниципальный район,,25,Приморский край,2018,2024,45.8518226,134.5005526,20630.904
792,05-617-000-000,Лазовский муниципальный район,муниципальный район,,25,Приморский край,2018,2021,43.384794,133.9054043,4682.363
793,05-620-000-000,Михайловский муниципальный район,муниципальный район,,25,Приморский край,2018,9999,43.9370245,132.0033145,2738.714
794,05-623-000-000,Надеждинский муниципальный район,муниципальный район,,25,Приморский край,2018,9999,43.3709905,131.9933355,1606.926
795,05-626-000-000,Октябрьский муниципальный район,муниципальный район,,25,Приморский край,2018,2021,43.9524657,131.6329635,1638.695
796,05-628-000-000,Ольгинский муниципальный район,муниципальный район,,25,Приморский край,2018,2023,43.7461009,135.2901676,6430.488
797,05-630-000-000,Партизанский муниципальный район,муниципальный район,,25,Приморский край,2018,2024,42.8922366,133.0782462,4168.299
798,05-632-000-000,Пограничный муниципальный район,муниципальный район,,25,Приморский край,2018,2020,44.4031151,131.382506,3747.159
799,05-634-000-000,Пожарский муниципальный район,муниципальный район,,25,Приморский край,2018,2023,46.4443195,134.3006729,22510.533
800,05-637-000-000,Спасский муниципальный район,муниципальный район,,25,Приморский край,2018,9999,44.5980135,132.815701,4154.506
801,05-640-000-000,Тернейский муниципальный район,муниципальный район,,25,Приморский край,2018,2021,45.0504046,136.6137293,27136.704
802,05-646-000-000,Ханкайский муниципальный район,муниципальный район,,25,Приморский край,2018,2021,44.7421984,132.0467903,2687.693
803,05-648-000-000,Хасанский муниципальный район,муниципальный район,,25,Приморский край,2018,2023,42.8606833,131.3924115,4111.511
804,05-650-000-000,Хорольский муниципальный район,муниципальный район,,25,Приморский край,2018,2021,44.4252585,132.0816616,1950.997
805,05-653-000-000,Черниговский муниципальный район,муниципальный район,,25,Приморский край,2018,2024,44.3591368,132.4941354,1850.343
806,05-655-000-000,Чугуевский муниципальный район,муниципальный район,,25,Приморский край,2018,2020,44.1686667,133.8729678,12340.813
807,05-657-000-000,Шкотовский муниципальный район,муниципальный район,,25,Приморский край,2018,2024,43.2874945,132.4563758,2654.895
808,05-659-000-000,Яковлевский муниципальный район,муниципальный район,,25,Приморский край,2018,2024,44.4262999,133.4742211,2416.252
809,07-701-000-000,городской округ город Ставрополь,городской округ,административный_центр_субъекта,26,Ставропольский край,2018,9999,45.0433245,41.9690934,246.542
810,07-705-000-000,городской округ Благодарненский,городской округ,,26,Ставропольский край,2018,2024,45.1006298,43.4372187,2471.143
811,07-707-000-000,городской округ Георгиевский,городской округ,,26,Ставропольский край,2018,2024,44.1478944,43.4741718,1947.966
812,07-710-000-000,городской округ город-курорт Ессентуки,городской округ,,26,Ставропольский край,2018,9999,44.0470042,42.8576575,50.972
813,07-712-000-000,городской округ город-курорт Железноводск,городской округ,,26,Ставропольский край,2018,9999,44.1424034,43.0090751,92.034
814,07-713-000-000,городской округ Изобильненский,городской округ,,26,Ставропольский край,2018,2024,45.3740796,41.7121154,1936.247
815,07-714-000-000,городской округ Ипатовский,городской округ,,26,Ставропольский край,2018,2024,45.719723,42.916286,4034.804
816,07-715-000-000,городской округ город-курорт Кисловодск,городской округ,,26,Ставропольский край,2018,2022,43.9128743,42.7192186,107.321
817,07-716-000-000,городской округ Кировский,городской округ,,26,Ставропольский край,2018,2024,43.961891,43.6311,1386.605
818,07-718-000-000,городской округ город Лермонтов,городской округ,,26,Ставропольский край,2018,9999,44.1050468,42.9731466,34.099
819,07-721-000-000,городской округ Минераловодский,городской округ,,26,Ставропольский край,2018,2024,44.2107377,43.134969,1490.459
820,07-724-000-000,городской округ город Невинномысск,городской округ,,26,Ставропольский край,2018,9999,44.6245814,41.9475941,83.58
821,07-725-000-000,городской округ Нефтекумский,городской округ,,26,Ставропольский край,2018,2024,44.752205,44.985077,3743.708
822,07-726-000-000,городской округ Новоалександровский,городской округ,,26,Ставропольский край,2018,2024,45.4952532,41.2198866,2024.659
823,07-731-000-000,городской округ Петровский,городской округ,,26,Ставропольский край,2018,2024,45.3406133,42.8459286,2738.786
824,07-727-000-000,городской округ город-курорт Пятигорск,городской округ,,26,Ставропольский край,2018,9999,44.039775,43.0706669,106.443
825,07-735-000-000,городской округ Советский,городской округ,,26,Ставропольский край,2018,2024,44.403175,43.884163,2091.241
826,07-602-000-000,Александровский муниципальный район,муниципальный район,,26,Ставропольский край,2018,2021,44.7124773,43.0005,2043.98
827,07-632-000-000,Андроповский муниципальный район,муниципальный район,,26,Ставропольский край,2018,2021,44.4616429,42.5082311,2384.933
828,07-605-000-000,Апанасенковский муниципальный район,муниципальный район,,26,Ставропольский край,2018,2021,45.910305,43.341801,3608.893
829,07-607-000-000,Арзгирский муниципальный район,муниципальный район,,26,Ставропольский край,2018,2021,45.369194,44.212685,3388.914
830,07-612-000-000,Будённовский муниципальный район,муниципальный район,,26,Ставропольский край,2018,2021,44.780533,44.163357,3110.181
831,07-617-000-000,Грачёвский муниципальный район,муниципальный район,,26,Ставропольский край,2018,2021,45.2028215,42.3990568,1792.01
832,07-628-000-000,Кочубеевский муниципальный район,муниципальный район,,26,Ставропольский край,2018,2021,44.6867318,41.825956,2364.025
833,07-630-000-000,Красногвардейский муниципальный район,муниципальный район,,26,Ставропольский край,2018,2021,45.840508,41.514591,2232.916
834,07-633-000-000,Курский муниципальный район,муниципальный район,,26,Ставропольский край,2018,2021,44.0431414,44.4625266,3701.701
835,07-636-000-000,Левокумский муниципальный район,муниципальный район,,26,Ставропольский край,2018,2021,44.822536,44.660427,4741.801
836,07-644-000-000,Новоселицкий муниципальный район,муниципальный район,,26,Ставропольский край,2018,2021,44.7564658,43.434083,1697.845
837,07-648-000-000,Предгорный муниципальный район,муниципальный район,,26,Ставропольский край,2018,2021,44.0216516,42.8742331,1985.454
838,07-652-000-000,Степновский муниципальный район,муниципальный район,,26,Ставропольский край,2018,2021,44.2688631,44.5944095,1890.335
839,07-654-000-000,Труновский муниципальный район,муниципальный район,,26,Ставропольский край,2018,2021,45.4548156,41.9756382,1681.92
840,07-656-000-000,Туркменский муниципальный район,муниципальный район,,26,Ставропольский край,2018,2021,45.426357,43.44257,2613.438
841,07-658-000-000,Шпаковский муниципальный район,муниципальный район,,26,Ставропольский край,2018,2021,45.1324913,42.0263304,2351.933
842,08-701-000-000,городской округ город Хабаровск,городской округ,административный_центр_субъекта,27,Хабаровский край,2018,9999,48.4812568,135.0762968,388.03
843,08-709-000-000,городской округ город Комсомольск-на-Амуре,городской округ,,27,Хабаровский край,2018,9999,50.5497277,137.0099189,325.518
844,08-603-000-000,Амурский муниципальный район,муниципальный район,,27,Хабаровский край,2018,9999,50.2265588,136.9100919,16676.817
845,08-606-000-000,Аяно-Майский муниципальный район,муниципальный район,,27,Хабаровский край,2018,9999,56.4609007,138.1817339,177368.059
846,08-609-000-000,Бикинский муниципальный район,муниципальный район,,27,Хабаровский край,2018,9999,46.819363,134.254822,2434.075
847,08-612-000-000,Ванинский муниципальный район,муниципальный район,,27,Хабаровский край,2018,9999,49.090481,140.260864,31031.131
848,08-614-000-000,Верхнебуреинский муниципальный район,муниципальный район,,27,Хабаровский край,2018,9999,51.134487,133.035553,63388.431
849,08-617-000-000,Вяземский муниципальный район,муниципальный район,,27,Хабаровский край,2018,9999,47.533455,134.757874,4300.8
850,08-620-000-000,Комсомольский муниципальный район,муниципальный район,,27,Хабаровский край,2018,9999,50.5497277,137.0099189,25179.955
851,08-624-000-000,муниципальный район имени Лазо,муниципальный район,,27,Хабаровский край,2018,9999,47.968636,135.054947,31903.798
852,08-628-000-000,Нанайский муниципальный район,муниципальный район,,27,Хабаровский край,2018,9999,49.4412636,136.5486873372029,27375.184
853,08-631-000-000,Николаевский муниципальный район,муниципальный район,,27,Хабаровский край,2018,9999,53.138729,140.72493,25156.96
854,08-634-000-000,Охотский муниципальный район,муниципальный район,,27,Хабаровский край,2018,2024,59.3619947,143.2146511,169587.142
855,08-637-000-000,муниципальный район имени Полины Осипенко,муниципальный район,,27,Хабаровский край,2018,9999,52.422848,136.48938,34652.311
856,08-642-000-000,Советско-Гаванский муниципальный район,муниципальный район,,27,Хабаровский край,2018,9999,48.9663026,140.284958,21057.125
857,08-644-000-000,Солнечный муниципальный район,муниципальный район,,27,Хабаровский край,2018,9999,50.723808,136.64006,30935.04
858,08-646-000-000,Тугуро-Чумиканский муниципальный район,муниципальный район,,27,Хабаровский край,2018,9999,54.6961817,135.2824292,129282.547
859,08-650-000-000,Ульчский муниципальный район,муниципальный район,,27,Хабаровский край,2018,9999,52.3825564,140.4500273781285,41679.211
860,08-655-000-000,Хабаровский муниципальный район,муниципальный район,,27,Хабаровский край,2018,9999,48.4812568,135.0762968,29591.802
861,10-701-000-000,городской округ город Благовещенск,городской округ,административный_центр_субъекта,28,Амурская область,2018,9999,50.2600417,127.5337378,361.598
862,10-710-000-000,городской округ город Белогорск,городской округ,,28,Амурская область,2018,9999,50.921326,128.47287,121.282
863,10-712-000-000,городской округ город Зея,городской округ,,28,Амурская область,2018,9999,53.7403584,127.2716246,45.609
864,10-720-000-000,городской округ город Райчихинск,городской округ,,28,Амурская область,2018,9999,49.796788,129.4030842,242.064
865,10-730-000-000,городской округ город Свободный,городской округ,,28,Амурская область,2018,9999,51.377354,128.13475,215.251
866,10-732-000-000,городской округ город Тында,городской округ,,28,Амурская область,2018,9999,55.149694,124.7375884,158.01
867,10-740-000-000,городской округ город Шимановск,городской округ,,28,Амурская область,2018,9999,51.9987022,127.6719156,45.198
868,10-775-000-000,городской округ рабочий поселок (поселок городского типа) Прогресс,городской округ,,28,Амурская область,2018,9999,49.7428748,129.6753189,81.327
869,10-770-000-000,городской округ ЗАТО Циолковский,городской округ,ЗАТО,28,Амурская область,2018,9999,51.7632244,128.1326962890658,63.457
870,10-605-000-000,Архаринский муниципальный район,муниципальный район,,28,Амурская область,2018,2023,49.4224283,130.0858308,14307.366
871,10-608-000-000,Белогорский муниципальный район,муниципальный район,,28,Амурская область,2018,2021,50.921326,128.47287,2644.68
872,10-611-000-000,Благовещенский муниципальный район,муниципальный район,,28,Амурская область,2018,2023,50.2600417,127.5337378,2950.684
873,10-615-000-000,Бурейский муниципальный район,муниципальный район,,28,Амурская область,2018,2021,49.7939604,129.8734105,7179.523
874,10-621-000-000,Завитинский муниципальный район,муниципальный район,,28,Амурская область,2018,2021,50.111154,129.4402341,3372.176
875,10-625-000-000,Зейский муниципальный район,муниципальный район,,28,Амурская область,2018,2024,53.7403584,127.2716246,88173.842
876,10-628-000-000,Ивановский муниципальный район,муниципальный район,,28,Амурская область,2018,2021,50.358143,128.003128,2606.819
877,10-630-000-000,Константиновский муниципальный район,муниципальный район,,28,Амурская область,2018,9999,49.6180004,127.9852534,1655.118
878,10-631-000-000,Магдагачинский муниципальный район,муниципальный район,,28,Амурская область,2018,9999,53.4509086,125.8035421,16792.976
879,10-632-000-000,Мазановский муниципальный район,муниципальный район,,28,Амурская область,2018,9999,51.6624387,128.920503,28348.787
880,10-635-000-000,Михайловский муниципальный район,муниципальный район,,28,Амурская область,2018,9999,49.621155,128.65097,3005.346
881,10-638-000-000,Октябрьский муниципальный район,муниципальный район,,28,Амурская область,2018,9999,50.371284,129.107193,3313.538
882,10-640-000-000,Ромненский муниципальный район,муниципальный район,,28,Амурская область,2018,2021,50.718391,129.290924,10053.167
883,10-642-000-000,Свободненский муниципальный район,муниципальный район,,28,Амурская область,2018,9999,51.377354,128.13475,7259.854
884,10-645-000-000,Селемджинский муниципальный район,муниципальный район,,28,Амурская область,2018,9999,53.068481,132.940369,46673.201
885,10-647-000-000,Серышевский муниципальный район,муниципальный район,,28,Амурская область,2018,2023,51.091206,128.38092,3748.79
886,10-649-000-000,Сковородинский муниципальный район,муниципальный район,,28,Амурская область,2018,2023,53.9862567,123.9373454,18122.093
887,10-651-000-000,Тамбовский муниципальный район,муниципальный район,,28,Амурская область,2018,2023,50.098019,128.069885,2545.286
888,10-654-000-000,Тындинский муниципальный район,муниципальный район,,28,Амурская область,2018,2021,55.149694,124.7375884,83982.023
889,10-655-000-000,Шимановский муниципальный район,муниципальный район,,28,Амурская область,2018,2023,51.9987022,127.6719156,14484.948
890,11-701-000-000,городской округ город Архангельск,городской округ,административный_центр_субъекта,29,Архангельская область,2018,9999,64.543022,40.537121,345.03
891,11-708-000-000,городской округ город Коряжма,городской округ,,29,Архангельская область,2018,9999,61.3152522,47.1607291,53.526
892,11-710-000-000,городской округ Котлас,городской округ,,29,Архангельская область,2018,9999,61.252151,46.647629,73.65
893,11-725-000-000,городской округ ЗАТО Мирный,городской округ,ЗАТО,29,Архангельская область,2018,9999,62.762352,40.328644,1520.28
894,11-712-000-000,городской округ Новая Земля,городской округ,,29,Архангельская область,2018,9999,71.5376984,52.3427343,143321.359
895,11-715-000-000,городской округ город Новодвинск,городской округ,,29,Архангельская область,2018,9999,64.419212,40.793793,31.247
896,11-730-000-000,городской округ Северодвинск,городской округ,,29,Архангельская область,2018,9999,64.563385,39.823769,1230.564
897,11-605-000-000,Вельский муниципальный район,муниципальный район,,29,Архангельская область,2018,9999,61.0756446,42.0979582,10068.107
898,11-608-000-000,Верхнетоемский муниципальный район,муниципальный район,,29,Архангельская область,2018,2022,62.2353641,45.0007897,20656.768
899,11-611-000-000,Вилегодский муниципальный район,муниципальный район,,29,Архангельская область,2018,2021,61.115704,47.97831,4682.693
900,11-614-000-000,Виноградовский муниципальный район,муниципальный район,,29,Архангельская область,2018,2022,62.855541,42.710133,12533.709
901,11-618-000-000,Каргопольский муниципальный район,муниципальный район,,29,Архангельская область,2018,2021,61.509121,38.940796,10058.993
902,11-622-000-000,Коношский муниципальный район,муниципальный район,,29,Архангельская область,2018,9999,60.973812,40.25671,8468.923
903,11-627-000-000,Котласский муниципальный район,муниципальный район,,29,Архангельская область,2018,2023,61.252151,46.647629,6273.589
904,11-630-000-000,Красноборский муниципальный район,муниципальный район,,29,Архангельская область,2018,2024,61.556374,45.934135,9457.608
905,11-635-000-000,Ленский муниципальный район,муниципальный район,,29,Архангельская область,2018,9999,62.172482,49.088966,10622.838
906,11-638-000-000,Лешуконский муниципальный район,муниципальный район,,29,Архангельская область,2018,2023,64.902481,45.767242,28189.234
907,11-642-000-000,Мезенский муниципальный район,муниципальный район,,29,Архангельская область,2018,2023,65.843956,44.244141,44208.832
908,11-644-000-000,Няндомский муниципальный район,муниципальный район,,29,Архангельская область,2018,2023,61.6612985,40.1970404,8072.698
909,11-646-000-000,Онежский муниципальный район,муниципальный район,,29,Архангельская область,2018,9999,63.911644,38.094822,28475.76
910,11-648-000-000,Пинежский муниципальный район,муниципальный район,,29,Архангельская область,2018,2024,64.001808,44.442722,31768.838
911,11-650-000-000,Плесецкий муниципальный район,муниципальный район,,29,Архангельская область,2018,2022,62.709524,40.2843885,26066.372
912,11-652-000-000,Приморский муниципальный район,муниципальный район,,29,Архангельская область,2018,2024,64.543022,40.537121,115568.542
913,11-654-000-000,Устьянский муниципальный район,муниципальный район,,29,Архангельская область,2018,2023,61.090485,43.171482,10750.983
914,11-656-000-000,Холмогорский муниципальный район,муниципальный район,,29,Архангельская область,2018,2023,64.2270008,41.6512435,16741.052
915,11-658-000-000,Шенкурский муниципальный район,муниципальный район,,29,Архангельская область,2018,2023,62.1059279,42.9076435,11288.138
916,11-851-000-000,городской округ город Нарьян-Мар,городской округ,административный_центр_субъекта,83,Ненецкий автономный округ,2018,9999,67.6380175,53.0071044,46.172
917,11-811-000-000,муниципальный район Заполярный район,муниципальный район,,83,Ненецкий автономный округ,2018,9999,67.676239,53.129215,259994.202
918,12-701-000-000,городской округ город Астрахань,городской округ,административный_центр_субъекта,30,Астраханская область,2018,9999,46.3498308,48.0326203,208.095
919,12-719-000-000,городской округ ЗАТО Знаменск,городской округ,ЗАТО,30,Астраханская область,2018,9999,48.588829,45.725632,2115.593
920,12-605-000-000,Ахтубинский муниципальный район,муниципальный район,,30,Астраханская область,2018,9999,48.2848132,46.1643706,5801.478
921,12-610-000-000,Володарский муниципальный район,муниципальный район,,30,Астраханская область,2018,9999,46.398243,48.536438,4072.095
922,12-615-000-000,Енотаевский муниципальный район,муниципальный район,,30,Астраханская область,2018,9999,47.2443998,47.0354919,6298.668
923,12-620-000-000,Икрянинский муниципальный район,муниципальный район,,30,Астраханская область,2018,9999,46.0979213,47.7362688,1988.554
924,12-625-000-000,Камызякский муниципальный район,муниципальный район,,30,Астраханская область,2018,9999,46.120527,48.0815617,3407.227
925,12-630-000-000,Красноярский муниципальный район,муниципальный район,,30,Астраханская область,2018,9999,46.5329449,48.3526951,5305.619
926,12-635-000-000,Лиманский муниципальный район,муниципальный район,,30,Астраханская область,2018,9999,45.7835085,47.2255472,5281.187
927,12-640-000-000,Наримановский муниципальный район,муниципальный район,,30,Астраханская область,2018,9999,46.6798783,47.86102647452168,6130.359
928,12-642-000-000,Приволжский муниципальный район,муниципальный район,,30,Астраханская область,2018,9999,46.3387984,48.194564,790.697
929,12-645-000-000,Харабалинский муниципальный район,муниципальный район,,30,Астраханская область,2018,9999,47.4083742,47.2538899,7712.625
930,12-650-000-000,Черноярский муниципальный район,муниципальный район,,30,Астраханская область,2018,9999,48.061531,46.113724,4220.98
931,14-701-000-000,городской округ город Белгород,городской округ,административный_центр_субъекта,31,Белгородская область,2018,9999,50.5955595,36.5873394,160.98
932,14-730-000-000,городской округ Губкинский,городской округ,,31,Белгородская область,2018,9999,51.283714,37.53466,1528.053
933,14-740-000-000,городской округ Старооскольский,городской округ,,31,Белгородская область,2018,9999,51.298038,37.833202,1690.226
934,14-605-000-000,муниципальный район Алексеевский район и город Алексеевка,муниципальный район,,31,Белгородская область,2018,2019,50.6299364,38.6867154,1757.592
935,14-610-000-000,Белгородский муниципальный район,муниципальный район,,31,Белгородская область,2018,9999,50.5238347,36.4567071,1461.781
936,14-615-000-000,Борисовский муниципальный район,муниципальный район,,31,Белгородская область,2018,9999,50.6089408,36.0124922,652.412
937,14-620-000-000,муниципальный район Город Валуйки и Валуйский район,муниципальный район,,31,Белгородская область,2018,2019,50.2133886,38.0986967,1708.53
938,14-625-000-000,Вейделевский муниципальный район,муниципальный район,,31,Белгородская область,2018,9999,50.1518962,38.4453089,1355.837
939,14-630-000-000,Волоконовский муниципальный район,муниципальный район,,31,Белгородская область,2018,9999,50.4861556,37.8411269,1286.453
940,14-632-000-000,Грайворонский муниципальный район,муниципальный район,,31,Белгородская область,2018,2019,50.4837728,35.6712018,867.689
941,14-638-000-000,Ивнянский муниципальный район,муниципальный район,,31,Белгородская область,2018,9999,51.062305,36.137352,871.329
942,14-640-000-000,Корочанский муниципальный район,муниципальный район,,31,Белгородская область,2018,9999,50.810741,37.195316,1464.13
943,14-641-000-000,Красненский муниципальный район,муниципальный район,,31,Белгородская область,2018,9999,50.93185,38.679359,852.889
944,14-642-000-000,Красногвардейский муниципальный район,муниципальный район,,31,Белгородская область,2018,9999,50.65234985,38.40550244400589,1771.234
945,14-643-000-000,Краснояружский муниципальный район,муниципальный район,,31,Белгородская область,2018,9999,50.800701,35.655228,478.834
946,14-644-000-000,Новооскольский муниципальный район,муниципальный район,,31,Белгородская область,2018,2019,50.764427,37.863338,1403.072
947,14-646-000-000,Прохоровский муниципальный район,муниципальный район,,31,Белгородская область,2018,9999,51.0345463,36.7324649,1381.531
948,14-648-000-000,Ракитянский муниципальный район,муниципальный район,,31,Белгородская область,2018,9999,50.833622,35.832401,901.47
949,14-650-000-000,Ровеньский муниципальный район,муниципальный район,,31,Белгородская область,2018,9999,49.91473,38.892006,1368.708
950,14-654-000-000,Чернянский муниципальный район,муниципальный район,,31,Белгородская область,2018,9999,50.9408767,37.8041746,1226.842
951,14-656-000-000,муниципальный район Шебекинский район и город Шебекино,муниципальный район,,31,Белгородская область,2018,2019,50.4575369,37.09559306934095,1872.045
952,14-658-000-000,Яковлевский муниципальный район,муниципальный район,,31,Белгородская область,2018,2019,50.785236,36.485428,1089.075
953,15-701-000-000,городской округ город Брянск,городской округ,административный_центр_субъекта,32,Брянская область,2018,9999,53.3360474,34.219216,197.26
954,15-715-000-000,городской округ город Клинцы,городской округ,,32,Брянская область,2018,9999,52.758511,32.240097,54.852
955,15-720-000-000,городской округ город Новозыбков,городской округ,,32,Брянская область,2018,2020,52.537086,31.93367,38.963
956,15-725-000-000,городской округ город Сельцо,городской округ,,32,Брянская область,2018,9999,53.369976,34.100616,32.981
957,15-710-000-000,городской округ город Фокино,городской округ,,32,Брянская область,2018,9999,53.4526625,34.4154587,24.508
958,15-750-000-000,городской округ город Стародуб,городской округ,,32,Брянская область,2018,2021,52.584446,32.760098,23.898
959,15-604-000-000,Брасовский муниципальный район,муниципальный район,,32,Брянская область,2018,9999,52.572232,34.5716674,1200.955
960,15-608-000-000,Брянский муниципальный район,муниципальный район,,32,Брянская область,2018,9999,53.303204,34.080036,1788.908
961,15-610-000-000,Выгоничский муниципальный район,муниципальный район,,32,Брянская область,2018,9999,53.0978,34.0683,1032.118
962,15-611-000-000,Гордеевский муниципальный район,муниципальный район,,32,Брянская область,2018,9999,52.958405,31.973463,854.42
963,15-612-000-000,Дубровский муниципальный район,муниципальный район,,32,Брянская область,2018,9999,53.689777,33.50499,1030.702
964,15-616-000-000,Дятьковский муниципальный район,муниципальный район,,32,Брянская область,2018,9999,53.6003804,34.3335523,1408.877
965,15-620-000-000,Жирятинский муниципальный район,муниципальный район,,32,Брянская область,2018,9999,53.22504,33.724644,736.961
966,15-622-000-000,Жуковский муниципальный район,муниципальный район,,32,Брянская область,2018,2021,53.5329608,33.7320863,1114.94
967,15-623-000-000,Злынковский муниципальный район,муниципальный район,,32,Брянская область,2018,9999,52.4274018,31.7371106,738.183
968,15-624-000-000,Карачевский муниципальный район,муниципальный район,,32,Брянская область,2018,9999,53.1221822,34.9825906,1406.779
969,15-626-000-000,Клетнянский муниципальный район,муниципальный район,,32,Брянская область,2018,9999,53.385601,33.215599,1586.621
970,15-628-000-000,Климовский муниципальный район,муниципальный район,,32,Брянская область,2018,9999,52.37711394999999,32.18946418759795,1553.587
971,15-630-000-000,Клинцовский муниципальный район,муниципальный район,,32,Брянская область,2018,9999,52.758511,32.240097,1305.021
972,15-632-000-000,Комаричский муниципальный район,муниципальный район,,32,Брянская область,2018,9999,52.416153,34.788486,1027.269
973,15-634-000-000,Красногорский муниципальный район,муниципальный район,,32,Брянская область,2018,9999,53.0056558,31.6028497,1078.256
974,15-636-000-000,Мглинский муниципальный район,муниципальный район,,32,Брянская область,2018,9999,53.0591919,32.8500077,1088.951
975,15-638-000-000,Навлинский муниципальный район,муниципальный район,,32,Брянская область,2018,9999,52.8271323,34.4993843,2012.186
976,15-640-000-000,Новозыбковский муниципальный район,муниципальный район,,32,Брянская область,2018,2020,52.537086,31.93367,989.095
977,15-642-000-000,Погарский муниципальный район,муниципальный район,,32,Брянская область,2018,9999,52.554283,33.263706,1197.067
978,15-644-000-000,Почепский муниципальный район,муниципальный район,,32,Брянская область,2018,9999,52.92878,33.454536,1905.69
979,15-646-000-000,Рогнединский муниципальный район,муниципальный район,,32,Брянская область,2018,9999,53.7979999,33.5582578,1053.376
980,15-648-000-000,Севский муниципальный район,муниципальный район,,32,Брянская область,2018,9999,52.156021,34.494572,1214.302
981,15-650-000-000,Стародубский муниципальный район,муниципальный район,,32,Брянская область,2018,2021,52.584446,32.760098,1760.372
982,15-652-000-000,Суземский муниципальный район,муниципальный район,,32,Брянская область,2018,9999,52.316133,34.0759496,1340.918
983,15-654-000-000,Суражский муниципальный район,муниципальный район,,32,Брянская область,2018,9999,53.0131501,32.3931633,1133.512
984,15-656-000-000,Трубчевский муниципальный район,муниципальный район,,32,Брянская область,2018,9999,52.5835,33.767467,1838.282
985,15-658-000-000,Унечский муниципальный район,муниципальный район,,32,Брянская область,2018,9999,52.8451,32.6867,1148.136
986,17-701-000-000,городской округ город Владимир,городской округ,административный_центр_субъекта,33,Владимирская область,2018,9999,56.1288899,40.4075203,329.227
987,17-720-000-000,городской округ город Гусь-Хрустальный,городской округ,,33,Владимирская область,2018,9999,55.6149968,40.6708665,44.646
988,17-725-000-000,городской округ город Ковров,городской округ,,33,Владимирская область,2018,9999,56.374603,41.311676,57.267
989,17-735-000-000,городской округ округ Муром,городской округ,,33,Владимирская область,2018,9999,55.5738,42.0447,81.719
990,17-737-000-000,городской округ ЗАТО город Радужный,городской округ,ЗАТО,33,Владимирская область,2018,9999,55.9939587,40.3294411,112.725
991,17-605-000-000,Александровский муниципальный район,муниципальный район,,33,Владимирская область,2018,9999,56.39211265,38.71124026724134,1833.518
992,17-610-000-000,Вязниковский муниципальный район,муниципальный район,,33,Владимирская область,2018,9999,56.2469403,42.1585948,2243.968
993,17-615-000-000,Гороховецкий муниципальный район,муниципальный район,,33,Владимирская область,2018,9999,56.20657,42.679035,1484.001
994,17-620-000-000,Гусь-Хрустальный муниципальный район,муниципальный район,,33,Владимирская область,2018,9999,55.6149968,40.6708665,4309.424
995,17-625-000-000,Камешковский муниципальный район,муниципальный район,,33,Владимирская область,2018,9999,56.3462575,40.997098,1077.838
996,17-630-000-000,Киржачский муниципальный район,муниципальный район,,33,Владимирская область,2018,9999,56.1592229,38.8721255,1138.345
997,17-635-000-000,Ковровский муниципальный район,муниципальный район,,33,Владимирская область,2018,9999,56.374603,41.311676,1824.283
998,17-640-000-000,Кольчугинский муниципальный район,муниципальный район,,33,Владимирская область,2018,9999,56.2939784,39.3759931,1177.332
999,17-642-000-000,Меленковский муниципальный район,муниципальный район,,33,Владимирская область,2018,9999,55.3368374,41.6314063,2238.549
1000,17-644-000-000,Муромский муниципальный район,муниципальный район,,33,Владимирская область,2018,9999,55.5738,42.0447,966.669
1001,17-646-000-000,Петушинский муниципальный район,муниципальный район,,33,Владимирская область,2018,9999,55.92980185,39.4508310119064,1697.95
1002,17-648-000-000,Селивановский муниципальный район,муниципальный район,,33,Владимирская область,2018,9999,55.8651703,41.7662028,1386.976
1003,17-650-000-000,Собинский муниципальный район,муниципальный район,,33,Владимирская область,2018,9999,55.9903976,40.0150802,1600.958
1004,17-652-000-000,Судогодский муниципальный район,муниципальный район,,33,Владимирская область,2018,9999,55.95650075,40.87630713906415,2171.534
1005,17-654-000-000,Суздальский муниципальный район,муниципальный район,,33,Владимирская область,2018,9999,56.4193908,40.4487893,1447.927
1006,17-656-000-000,Юрьев-Польский муниципальный район,муниципальный район,,33,Владимирская область,2018,9999,56.4971948,39.67864,1918.409
1007,18-701-000-000,городской округ город-герой Волгоград,городской округ,административный_центр_субъекта,34,Волгоградская область,2018,9999,48.6484138,44.3849755901299,865.652
1008,18-710-000-000,городской округ город Волжский,городской округ,,34,Волгоградская область,2018,9999,48.7862021,44.7519454,229.558
1009,18-715-000-000,городской округ город Камышин,городской округ,,34,Волгоградская область,2018,9999,50.0808422,45.4048003,124.781
1010,18-720-000-000,городской округ город Михайловка,городской округ,,34,Волгоградская область,2018,9999,50.0797109,43.2342365,3688.544
1011,18-725-000-000,городской округ город Урюпинск,городской округ,,34,Волгоградская область,2018,9999,50.7970972,42.0051866,40.936
1012,18-728-000-000,городской округ город Фролово,городской округ,,34,Волгоградская область,2018,9999,49.7645711,43.6539516,58.839
1013,18-602-000-000,Алексеевский муниципальный район,муниципальный район,,34,Волгоградская область,2018,9999,50.2909025,42.1849358,2300.494
1014,18-604-000-000,Быковский муниципальный район,муниципальный район,,34,Волгоградская область,2018,9999,49.7665,45.3831,3454.221
1015,18-605-000-000,Городищенский муниципальный район,муниципальный район,,34,Волгоградская область,2018,9999,48.810127,44.476082,2197.4
1016,18-606-000-000,Даниловский муниципальный район,муниципальный район,,34,Волгоградская область,2018,9999,50.3519626,44.1205144,2949.425
1017,18-608-000-000,Дубовский муниципальный район,муниципальный район,,34,Волгоградская область,2018,9999,49.06052,44.830776,3082.551
1018,18-610-000-000,Еланский муниципальный район,муниципальный район,,34,Волгоградская область,2018,9999,50.946434,43.743038,2670.591
1019,18-612-000-000,Жирновский муниципальный район,муниципальный район,,34,Волгоградская область,2018,9999,50.978779,44.778908,2942.287
1020,18-614-000-000,Иловлинский муниципальный район,муниципальный район,,34,Волгоградская область,2018,9999,49.306286,43.979027,4156.378
1021,18-616-000-000,Калачевский муниципальный район,муниципальный район,,34,Волгоградская область,2018,9999,48.6818764,43.5379998,4223.318
1022,18-618-000-000,Камышинский муниципальный район,муниципальный район,,34,Волгоградская область,2018,9999,50.0808422,45.4048003,3528.417
1023,18-620-000-000,Киквидзенский муниципальный район,муниципальный район,,34,Волгоградская область,2018,9999,50.741516,43.056446,2069.655
1024,18-622-000-000,Клетский муниципальный район,муниципальный район,,34,Волгоградская область,2018,9999,49.311558,43.059322,3548.802
1025,18-624-000-000,Котельниковский муниципальный район,муниципальный район,,34,Волгоградская область,2018,9999,47.6332274,43.14109,3376.352
1026,18-626-000-000,Котовский муниципальный район,муниципальный район,,34,Волгоградская область,2018,9999,50.322208,44.801643,2473.317
1027,18-646-000-000,Кумылженский муниципальный район,муниципальный район,,34,Волгоградская область,2018,9999,49.8800246,42.5912737,2953.247
1028,18-630-000-000,Ленинский муниципальный район,муниципальный район,,34,Волгоградская область,2018,9999,48.7102843,45.20405224111999,2626.057
1029,18-634-000-000,Нехаевский муниципальный район,муниципальный район,,34,Волгоградская область,2018,9999,50.408291,41.752254,2173.788
1030,18-636-000-000,Николаевский муниципальный район,муниципальный район,,34,Волгоградская область,2018,9999,50.02859125000001,45.46389913481958,3440.979
1031,18-638-000-000,Новоаннинский муниципальный район,муниципальный район,,34,Волгоградская область,2018,9999,50.529675,42.667362,3081.764
1032,18-640-000-000,Новониколаевский муниципальный район,муниципальный район,,34,Волгоградская область,2018,9999,50.97493,42.366272,2363.689
1033,18-642-000-000,Октябрьский муниципальный район,муниципальный район,,34,Волгоградская область,2018,9999,47.968594,43.653126,3702.146
1034,18-643-000-000,Ольховский муниципальный район,муниципальный район,,34,Волгоградская область,2018,9999,49.852688,44.562557,3225.119
1035,18-645-000-000,Палласовский муниципальный район,муниципальный район,,34,Волгоградская область,2018,9999,50.04529814999999,46.89316089497515,12359.697
1036,18-647-000-000,Руднянский муниципальный район,муниципальный район,,34,Волгоградская область,2018,9999,50.796791,44.556606,1939.28
1037,18-649-000-000,Светлоярский муниципальный район,муниципальный район,,34,Волгоградская область,2018,9999,48.477432,44.785168,3260.008
1038,18-650-000-000,Серафимовичский муниципальный район,муниципальный район,,34,Волгоградская область,2018,9999,49.580608,42.730164,4326.068
1039,18-651-000-000,Среднеахтубинский муниципальный район,муниципальный район,,34,Волгоградская область,2018,9999,48.7128782,44.86866064696045,1965.897
1040,18-652-000-000,Старополтавский муниципальный район,муниципальный район,,34,Волгоградская область,2018,9999,50.475101,46.480801,4063.621
1041,18-653-000-000,Суровикинский муниципальный район,муниципальный район,,34,Волгоградская область,2018,9999,48.605141,42.844147,3475.701
1042,18-654-000-000,Урюпинский муниципальный район,муниципальный район,,34,Волгоградская область,2018,9999,50.7970972,42.0051866,3464.863
1043,18-656-000-000,Фроловский муниципальный район,муниципальный район,,34,Волгоградская область,2018,9999,49.7645711,43.6539516,3257.628
1044,18-658-000-000,Чернышковский муниципальный район,муниципальный район,,34,Волгоградская область,2018,9999,48.422199,42.225616,3214.222
1045,19-701-000-000,городской округ город Вологда,городской округ,административный_центр_субъекта,35,Вологодская область,2018,9999,59.2189391,39.8933913,116.361
1046,19-730-000-000,городской округ город Череповец,городской округ,,35,Вологодская область,2018,9999,59.128696,37.916389,131.115
1047,19-605-000-000,Бабаевский муниципальный район,муниципальный район,,35,Вологодская область,2018,2023,59.3887129,35.9499951,9331.082
1048,19-608-000-000,Бабушкинский муниципальный район,муниципальный район,,35,Вологодская область,2018,2023,59.7567364,43.1335636,7770.489
1049,19-610-000-000,Белозерский муниципальный район,муниципальный район,,35,Вологодская область,2018,2023,60.03199,37.7842189,6028.051
1050,19-612-000-000,Вашкинский муниципальный район,муниципальный район,,35,Вологодская область,2018,2024,60.2622011,37.9714452,3614.394
1051,19-614-000-000,Великоустюгский муниципальный район,муниципальный район,,35,Вологодская область,2018,2023,60.7612852,46.3014666,7779.092
1052,19-616-000-000,Верховажский муниципальный район,муниципальный район,,35,Вологодская область,2018,2023,60.7451617,42.047316,4331.986
1053,19-618-000-000,Вожегодский муниципальный район,муниципальный район,,35,Вологодская область,2018,2023,60.4736301,40.2121613,5817.866
1054,19-620-000-000,Вологодский муниципальный район,муниципальный район,,35,Вологодская область,2018,2023,59.2189391,39.8933913,4813.921
1055,19-622-000-000,Вытегорский муниципальный район,муниципальный район,,35,Вологодская область,2018,9999,61.006498,36.4514921,14561.769
1056,19-624-000-000,Грязовецкий муниципальный район,муниципальный район,,35,Вологодская область,2018,2023,58.8841692,40.2515006,5053.51
1057,19-626-000-000,Кадуйский муниципальный район,муниципальный район,,35,Вологодская область,2018,2023,59.199219,37.148609,3249.919
1058,19-628-000-000,Кирилловский муниципальный район,муниципальный район,,35,Вологодская область,2018,2024,59.8590575,38.3758696,5742.991
1059,19-630-000-000,Кичменгско-Городецкий муниципальный район,муниципальный район,,35,Вологодская область,2018,2023,59.9923379,45.8055674,7120.087
1060,19-632-000-000,Междуреченский муниципальный район,муниципальный район,,35,Вологодская область,2018,2023,59.3746522,41.0282183,3672.463
1061,19-634-000-000,Никольский муниципальный район,муниципальный район,,35,Вологодская область,2018,2024,59.5304186,45.4585029,7423.862
1062,19-636-000-000,Нюксенский муниципальный район,муниципальный район,,35,Вологодская область,2018,2023,60.419796,44.254551,5190.534
1063,19-638-000-000,Сокольский муниципальный район,муниципальный район,,35,Вологодская область,2018,2023,59.462799,40.112858,4145.471
1064,19-640-000-000,Сямженский муниципальный район,муниципальный район,,35,Вологодская область,2018,2023,60.021656,41.060516,3967.088
1065,19-642-000-000,Тарногский муниципальный район,муниципальный район,,35,Вологодская область,2018,2023,60.50661565,43.56205408043196,5111.951
1066,19-646-000-000,Тотемский муниципальный район,муниципальный район,,35,Вологодская область,2018,2023,59.9736254,42.7587335,8231.292
1067,19-648-000-000,Усть-Кубинский муниципальный район,муниципальный район,,35,Вологодская область,2018,2023,59.631699,39.726299,2570.039
1068,19-650-000-000,Устюженский муниципальный район,муниципальный район,,35,Вологодская область,2018,2023,58.8428204,36.4296982,3609.132
1069,19-652-000-000,Харовский муниципальный район,муниципальный район,,35,Вологодская область,2018,2023,59.9533237,40.2068249,3613.907
1070,19-654-000-000,Чагодощенский муниципальный район,муниципальный район,,35,Вологодская область,2018,2023,59.16383,35.329369,2426.01
1071,19-656-000-000,Череповецкий муниципальный район,муниципальный район,,35,Вологодская область,2018,9999,59.128696,37.916389,7664.042
1072,19-658-000-000,Шекснинский муниципальный район,муниципальный район,,35,Вологодская область,2018,9999,59.2069457,38.5009851,2549.822
1073,20-701-000-000,городской округ город Воронеж,городской округ,административный_центр_субъекта,36,Воронежская область,2018,9999,51.6605982,39.2005858,599.473
1074,20-710-000-000,городской округ Борисоглебский,городской округ,,36,Воронежская область,2018,9999,51.368015,42.075169,1365.606
1075,20-727-000-000,городской округ город Нововоронеж,городской округ,,36,Воронежская область,2018,9999,51.30905,39.2160054,46.336
1076,20-602-000-000,Аннинский муниципальный район,муниципальный район,,36,Воронежская область,2018,9999,51.488499,40.417393,2096.724
1077,20-604-000-000,Бобровский муниципальный район,муниципальный район,,36,Воронежская область,2018,9999,51.0967999,40.0307798,2232.243
1078,20-605-000-000,Богучарский муниципальный район,муниципальный район,,36,Воронежская область,2018,9999,49.9324498,40.5544754,2180.616
1079,20-608-000-000,Бутурлиновский муниципальный район,муниципальный район,,36,Воронежская область,2018,9999,50.828491,40.587322,1803.727
1080,20-610-000-000,Верхнемамонский муниципальный район,муниципальный район,,36,Воронежская область,2018,9999,50.1677646,40.3966104,1347.053
1081,20-611-000-000,Верхнехавский муниципальный район,муниципальный район,,36,Воронежская область,2018,9999,51.8439568,39.9334627,1287.034
1082,20-612-000-000,Воробьёвский муниципальный район,муниципальный район,,36,Воронежская область,2018,9999,50.645149,40.924503,1235.849
1083,20-613-000-000,Грибановский муниципальный район,муниципальный район,,36,Воронежская область,2018,9999,51.450348,41.960777,2017.353
1084,20-615-000-000,Калачеевский муниципальный район,муниципальный район,,36,Воронежская область,2018,9999,50.4259519,41.0161721,2105.262
1085,20-617-000-000,Каменский муниципальный район,муниципальный район,,36,Воронежская область,2018,9999,50.713001,39.432598,998.729
1086,20-619-000-000,Кантемировский муниципальный район,муниципальный район,,36,Воронежская область,2018,9999,49.702282,39.854115,2347.255
1087,20-620-000-000,Каширский муниципальный район,муниципальный район,,36,Воронежская область,2018,9999,51.408161,39.588478,1059.678
1088,20-621-000-000,Лискинский муниципальный район,муниципальный район,,36,Воронежская область,2018,9999,50.9873813,39.4972321,2031.784
1089,20-623-000-000,Нижнедевицкий муниципальный район,муниципальный район,,36,Воронежская область,2018,9999,51.5459,38.3638,1197.206
1090,20-625-000-000,Новоусманский муниципальный район,муниципальный район,,36,Воронежская область,2018,9999,51.6439692,39.4107009,1235.05
1091,20-627-000-000,Новохопёрский муниципальный район,муниципальный район,,36,Воронежская область,2018,9999,51.095146,41.616955,2334.571
1092,20-629-000-000,Ольховатский муниципальный район,муниципальный район,,36,Воронежская область,2018,9999,50.280743,39.297153,1042.249
1093,20-631-000-000,Острогожский муниципальный район,муниципальный район,,36,Воронежская область,2018,9999,50.864902,39.077244,1731.303
1094,20-633-000-000,Павловский муниципальный район,муниципальный район,,36,Воронежская область,2018,9999,50.4520214,40.1399663,1885.126
1095,20-635-000-000,Панинский муниципальный район,муниципальный район,,36,Воронежская область,2018,9999,51.648148,40.134346,1397.17
1096,20-637-000-000,Петропавловский муниципальный район,муниципальный район,,36,Воронежская область,2018,9999,50.093231,40.885334,1642.282
1097,20-639-000-000,Поворинский муниципальный район,муниципальный район,,36,Воронежская область,2018,9999,51.199276,42.24094,1074.396
1098,20-641-000-000,Подгоренский муниципальный район,муниципальный район,,36,Воронежская область,2018,9999,50.403614,39.638832,1580.943
1099,20-643-000-000,Рамонский муниципальный район,муниципальный район,,36,Воронежская область,2018,9999,51.910381,39.342144,1271.765
1100,20-645-000-000,Репьёвский муниципальный район,муниципальный район,,36,Воронежская область,2018,9999,51.080557,38.6439058,929.717
1101,20-647-000-000,Россошанский муниципальный район,муниципальный район,,36,Воронежская область,2018,9999,50.1961874,39.5764857,2374.297
1102,20-649-000-000,Семилукский муниципальный район,муниципальный район,,36,Воронежская область,2018,9999,51.690403,39.022186,1583.491
1103,20-651-000-000,Таловский муниципальный район,муниципальный район,,36,Воронежская область,2018,9999,51.11654645,40.72493628584353,1910.502
1104,20-654-000-000,Терновский муниципальный район,муниципальный район,,36,Воронежская область,2018,9999,51.684982,41.590942,1391.533
1105,20-656-000-000,Хохольский муниципальный район,муниципальный район,,36,Воронежская область,2018,9999,51.5779217,38.7866515,1450.928
1106,20-658-000-000,Эртильский муниципальный район,муниципальный район,,36,Воронежская область,2018,9999,51.8367188,40.7982804,1457.437
1107,24-701-000-000,городской округ Иваново,городской округ,административный_центр_субъекта,37,Ивановская область,2018,9999,56.9984452,40.9737394,108.095
1108,24-703-000-000,городской округ Вичуга,городской округ,,37,Ивановская область,2018,9999,57.2200735,41.9239228,30.884
1109,24-705-000-000,городской округ Кинешма,городской округ,,37,Ивановская область,2018,9999,57.4426901,42.1687834,54.812
1110,24-706-000-000,городской округ Кохма,городской округ,,37,Ивановская область,2018,9999,56.9315448,41.0939402,12.633
1111,24-707-000-000,городской округ Тейково,городской округ,,37,Ивановская область,2018,9999,56.8554753,40.5405863,19.429
1112,24-711-000-000,городской округ Шуя,городской округ,,37,Ивановская область,2018,9999,56.8558465,41.3838496,37.225
1113,24-601-000-000,Вичугский муниципальный район,муниципальный район,,37,Ивановская область,2018,9999,57.2200735,41.9239228,1011.764
1114,24-602-000-000,Верхнеландеховский муниципальный район,муниципальный район,,37,Ивановская область,2018,9999,56.840488,42.595818,630.975
1115,24-603-000-000,Гаврилово-Посадский муниципальный район,муниципальный район,,37,Ивановская область,2018,9999,56.5585501,40.1205669,946.861
1116,24-605-000-000,Заволжский муниципальный район,муниципальный район,,37,Ивановская область,2018,9999,57.47784385,42.14006934304795,1168.778
1117,24-607-000-000,Ивановский муниципальный район,муниципальный район,,37,Ивановская область,2018,9999,56.9984452,40.9737394,1084.457
1118,24-609-000-000,Ильинский муниципальный район,муниципальный район,,37,Ивановская область,2018,9999,56.9713637,39.7714702,1393.593
1119,24-611-000-000,Кинешемский муниципальный район,муниципальный район,,37,Ивановская область,2018,9999,57.4426901,42.1687834,1592.432
1120,24-613-000-000,Комсомольский муниципальный район,муниципальный район,,37,Ивановская область,2018,9999,57.027321,40.377602,1207.408
1121,24-614-000-000,Лежневский муниципальный район,муниципальный район,,37,Ивановская область,2018,9999,56.775677,40.887329,778.987
1122,24-615-000-000,Лухский муниципальный район,муниципальный район,,37,Ивановская область,2018,9999,57.007736,42.252235,944.641
1123,24-617-000-000,Палехский муниципальный район,муниципальный район,,37,Ивановская область,2018,9999,56.8023842,41.8539925,860.864
1124,24-619-000-000,Пестяковский муниципальный район,муниципальный район,,37,Ивановская область,2018,9999,56.7087539,42.6705083,1094.492
1125,24-620-000-000,Приволжский муниципальный район,муниципальный район,,37,Ивановская область,2018,9999,57.380333,41.281178,608.389
1126,24-621-000-000,Пучежский муниципальный район,муниципальный район,,37,Ивановская область,2018,9999,56.9820977,43.168062,831.219
1127,24-623-000-000,Родниковский муниципальный район,муниципальный район,,37,Ивановская область,2018,9999,57.105225,41.72839,940.179
1128,24-625-000-000,Савинский муниципальный район,муниципальный район,,37,Ивановская область,2018,9999,56.5907172,41.2151323,867.343
1129,24-629-000-000,Тейковский муниципальный район,муниципальный район,,37,Ивановская область,2018,9999,56.8554753,40.5405863,1285.733
1130,24-631-000-000,Фурмановский муниципальный район,муниципальный район,,37,Ивановская область,2018,9999,57.248756,41.10923,762.964
1131,24-633-000-000,Шуйский муниципальный район,муниципальный район,,37,Ивановская область,2018,9999,56.8558465,41.3838496,1062.587
1132,24-635-000-000,Южский муниципальный район,муниципальный район,,37,Ивановская область,2018,9999,56.5840428,42.0109249,1331.962
1133,24-637-000-000,Юрьевецкий муниципальный район,муниципальный район,,37,Ивановская область,2018,9999,57.30654364999999,43.10327169573893,991.038
1134,25-701-000-000,городской округ город Иркутск,городской округ,административный_центр_субъекта,38,Иркутская область,2018,9999,52.2891225,104.279829,277.293
1135,25-703-000-000,городской округ Ангарский,городской округ,,38,Иркутская область,2018,9999,52.5443167,103.8882138,1125.798
1136,25-714-000-000,городской округ город Братск,городской округ,,38,Иркутская область,2018,9999,56.1517085,101.6334907,460.402
1137,25-720-000-000,городской округ Зима,городской округ,,38,Иркутская область,2018,9999,53.9211241,102.0491543,52.136
1138,25-726-000-000,городской округ город Саянск,городской округ,,38,Иркутская область,2018,9999,54.1123301,102.1785158,81.224
1139,25-732-000-000,городской округ город Тулун,городской округ,,38,Иркутская область,2018,9999,54.562096,100.579216,129.151
1140,25-736-000-000,городской округ город Усолье-Сибирское,городской округ,,38,Иркутская область,2018,9999,52.7512013,103.6621625,79.01
1141,25-738-000-000,городской округ город Усть-Илимск,городской округ,,38,Иркутская область,2018,9999,57.959473,102.734192,215.018
1142,25-745-000-000,городской округ город Черемхово,городской округ,,38,Иркутская область,2018,9999,53.148434,103.070145,108.937
1143,25-746-000-000,городской округ город Свирск,городской округ,,38,Иркутская область,2018,9999,53.066269,103.342331,42.618
1144,25-601-000-000,Балаганский муниципальный район,муниципальный район,,38,Иркутская область,2018,9999,54.006798,103.054024,6181.289
1145,25-602-000-000,Бодайбинский муниципальный район,муниципальный район,,38,Иркутская область,2018,9999,57.8499525,114.2039967,92369.269
1146,25-604-000-000,Братский муниципальный район,муниципальный район,,38,Иркутская область,2018,9999,56.1517085,101.6334907,32439.714
1147,25-606-000-000,Жигаловский муниципальный район,муниципальный район,,38,Иркутская область,2018,9999,54.812668,105.15229,22810.754
1148,25-608-000-000,Заларинский муниципальный район,муниципальный район,,38,Иркутская область,2018,9999,53.566238,102.515991,7597.469
1149,25-610-000-000,Зиминский муниципальный район,муниципальный район,,38,Иркутская область,2018,9999,53.9211241,102.0491543,7038.751
1150,25-612-000-000,Иркутский муниципальный район,муниципальный район,,38,Иркутская область,2018,9999,52.2891225,104.279829,11665.151
1151,25-614-000-000,Казачинско-Ленский муниципальный район,муниципальный район,,38,Иркутская область,2018,9999,56.271587,107.567009,33281.67
1152,25-616-000-000,Катангский муниципальный район,муниципальный район,,38,Иркутская область,2018,9999,61.275021,108.009712,139122.284
1153,25-618-000-000,Качугский муниципальный район,муниципальный район,,38,Иркутская область,2018,9999,53.960819,105.885147,31379.89
1154,25-620-000-000,Киренский муниципальный район,муниципальный район,,38,Иркутская область,2018,9999,57.776356,108.116295,43866.228
1155,25-622-000-000,Куйтунский муниципальный район,муниципальный район,,38,Иркутская область,2018,9999,54.344154,101.506195,11157.816
1156,25-624-000-000,Мамско-Чуйский муниципальный район,муниципальный район,,38,Иркутская область,2018,9999,58.310555,112.903419,43130.811
1157,25-626-000-000,Нижнеилимский муниципальный район,муниципальный район,,38,Иркутская область,2018,9999,56.577915,104.12294,19074.35
1158,25-628-000-000,Нижнеудинский муниципальный район,муниципальный район,,38,Иркутская область,2018,9999,54.9084881,99.0302862,49610.936
1159,25-630-000-000,Ольхонский муниципальный район,муниципальный район,,38,Иркутская область,2018,9999,52.799557,106.404564,15592.58
1160,25-634-000-000,Слюдянский муниципальный район,муниципальный район,,38,Иркутская область,2018,9999,51.656769,103.719292,6305.187
1161,25-636-000-000,Тайшетский муниципальный район,муниципальный район,,38,Иркутская область,2018,9999,55.9385304,98.0196711,27690.983
1162,25-638-000-000,Тулунский муниципальный район,муниципальный район,,38,Иркутская область,2018,9999,54.562096,100.579216,13857.668
1163,25-640-000-000,Усольский муниципальный район,муниципальный район,,38,Иркутская область,2018,9999,52.8142174,103.52552,6266.375
1164,25-642-000-000,Усть-Илимский муниципальный район,муниципальный район,,38,Иркутская область,2018,9999,57.959473,102.734192,36942.169
1165,25-644-000-000,Усть-Кутский муниципальный район,муниципальный район,,38,Иркутская область,2018,9999,56.7810026,105.7460255,34609.551
1166,25-646-000-000,Усть-Удинский муниципальный район,муниципальный район,,38,Иркутская область,2018,9999,54.1691395,103.0319541036817,20677.995
1167,25-648-000-000,Черемховский муниципальный район,муниципальный район,,38,Иркутская область,2018,9999,53.148434,103.070145,9936.781
1168,25-650-000-000,Чунский муниципальный район,муниципальный район,,38,Иркутская область,2018,9999,56.091248,99.633705,25786.001
1169,25-655-000-000,Шелеховский муниципальный район,муниципальный район,,38,Иркутская область,2018,9999,52.2097478,104.097683,2010.514
1170,25-605-000-000,Аларский муниципальный район,муниципальный район,,38,Иркутская область,2018,9999,53.3494147,102.7949052,2654.05
1171,25-607-000-000,Баяндаевский муниципальный район,муниципальный район,,38,Иркутская область,2018,9999,53.067226,105.517876,3733.252
1172,25-609-000-000,Боханский муниципальный район,муниципальный район,,38,Иркутская область,2018,9999,53.153561,103.766212,3648.799
1173,25-629-000-000,Нукутский муниципальный район,муниципальный район,,38,Иркутская область,2018,9999,53.700245,102.711548,2391.296
1174,25-631-000-000,Осинский муниципальный район,муниципальный район,,38,Иркутская область,2018,9999,53.388348,103.877457,4409.338
1175,25-657-000-000,Эхирит-Булагатский муниципальный район,муниципальный район,,38,Иркутская область,2018,9999,52.8052218,104.7534712,5178.798
1176,27-701-000-000,городской округ город Калининград,городской округ,административный_центр_субъекта,39,Калининградская область,2018,9999,54.710128,20.5105838,224.662
1177,27-711-000-000,городской округ Ладушкинский,городской округ,,39,Калининградская область,2018,9999,54.5712666,20.1734409,28.598
1178,27-712-000-000,городской округ Мамоновский,городской округ,,39,Калининградская область,2018,9999,54.4636264,19.9414303,105.959
1179,27-717-000-000,городской округ Пионерский,городской округ,,39,Калининградская область,2018,9999,54.948227,20.22591,8.623
1180,27-725-000-000,городской округ Светловский,городской округ,,39,Калининградская область,2018,9999,54.673355,20.131153,82.983
1181,27-730-000-000,городской округ Советский,городской округ,,39,Калининградская область,2018,9999,55.0809688,21.8882673,45.363
1182,27-740-000-000,городской округ Янтарный,городской округ,,39,Калининградская область,2018,9999,54.87104305,19.94147043003838,18.389
1183,27-703-000-000,городской округ Багратионовский,городской округ,,39,Калининградская область,2018,2021,54.3868191,20.6405124,1013.476
1184,27-605-000-000,Балтийский муниципальный район,муниципальный район,,39,Калининградская область,2018,2019,54.6437214,19.8941584,174.971
1185,27-706-000-000,городской округ Гвардейский,городской округ,,39,Калининградская область,2018,2021,54.6478265,21.0719431,783.902
1186,27-707-000-000,городской округ Гурьевский,городской округ,,39,Калининградская область,2018,2021,54.7745571,20.6037041,889.696
1187,27-709-000-000,городской округ Гусевский,городской округ,,39,Калининградская область,2018,9999,54.5921685,22.2014752,643.104
1188,27-710-000-000,городской округ Зеленоградский,городской округ,,39,Калининградская область,2018,2021,54.9600365,20.4750188,811.764
1189,27-713-000-000,городской округ Краснознаменский,городской округ,,39,Калининградская область,2018,2021,54.9415225,22.4912976,1281.097
1190,27-634-000-000,Светлогорский муниципальный район,муниципальный район,,39,Калининградская область,2018,2019,54.9417552,20.1550863,32.447
1191,27-714-000-000,городской округ Неманский,городской округ,,39,Калининградская область,2018,2021,55.0359656,22.0293578,697.545
1192,27-624-000-000,Нестеровский муниципальный район,муниципальный район,,39,Калининградская область,2018,2019,54.6325455,22.5710998,1053.913
1193,27-716-000-000,городской округ Озерский,городской округ,,39,Калининградская область,2018,2021,54.408741,22.014359,871.936
1194,27-718-000-000,городской округ Полесский,городской округ,,39,Калининградская область,2018,2021,54.8627556,21.1098591,834.316
1195,27-719-000-000,городской округ Правдинский,городской округ,,39,Калининградская область,2018,2021,54.447144,21.01399,1283.631
1196,27-727-000-000,городской округ Славский,городской округ,,39,Калининградская область,2018,2021,55.04549,21.679073,1355.598
1197,27-739-000-000,городской округ Черняховский,городской округ,,39,Калининградская область,2018,2021,54.635533,21.8099822,1297.454
1198,29-701-000-000,городской округ город Калуга,городской округ,административный_центр_субъекта,40,Калужская область,2018,9999,54.5101087,36.2598115,547.194
1199,29-715-000-000,городской округ город Обнинск,городской округ,,40,Калужская область,2018,2019,55.0951738,36.611913,43.357
1200,29-602-000-000,Бабынинский муниципальный район,муниципальный район,,40,Калужская область,2018,9999,54.3910744,35.7400192,851.383
1201,29-604-000-000,Барятинский муниципальный район,муниципальный район,,40,Калужская область,2018,9999,54.3102823,34.5190756,1109.011
1202,29-606-000-000,Боровский муниципальный район,муниципальный район,,40,Калужская область,2018,2019,55.2049516,36.48485294979915,761.102
1203,29-608-000-000,Дзержинский муниципальный район,муниципальный район,,40,Калужская область,2018,9999,54.8069199,35.9301213,1328.803
1204,29-610-000-000,Думиничский муниципальный район,муниципальный район,,40,Калужская область,2018,9999,53.933388,35.105518000000004,1178.265
1205,29-612-000-000,Жиздринский муниципальный район,муниципальный район,,40,Калужская область,2018,9999,53.7485337,34.7353545,1283.691
1206,29-613-000-000,Жуковский муниципальный район,муниципальный район,,40,Калужская область,2018,9999,55.0338,36.7489,1272.901
1207,29-614-000-000,Кировский муниципальный район,муниципальный район,административный_центр_субъекта,40,Калужская область,2018,9999,54.0742905,34.3025979,997.332
1208,29-615-000-000,Износковский муниципальный район,муниципальный район,,40,Калужская область,2018,9999,54.9911,35.3064,1329.511
1209,29-616-000-000,Козельский муниципальный район,муниципальный район,,40,Калужская область,2018,9999,54.03832175,35.78290647818667,1524.656
1210,29-618-000-000,Куйбышевский муниципальный район,муниципальный район,,40,Калужская область,2018,9999,54.0140623,33.9446908,1249.449
1211,29-620-000-000,Людиновский муниципальный район,муниципальный район,,40,Калужская область,2018,9999,53.8454692,34.43152145267353,954.035
1212,29-623-000-000,Малоярославецкий муниципальный район,муниципальный район,,40,Калужская область,2018,9999,55.012181,36.4590246,1547.33
1213,29-625-000-000,Медынский муниципальный район,муниципальный район,,40,Калужская область,2018,9999,54.969,35.857,1152.931
1214,29-627-000-000,Мещовский муниципальный район,муниципальный район,,40,Калужская область,2018,9999,54.3207145,35.2796334,1237.547
1215,29-629-000-000,Мосальский муниципальный район,муниципальный район,,40,Калужская область,2018,9999,54.4872876,34.9789866,1314.066
1216,29-632-000-000,Перемышльский муниципальный район,муниципальный район,,40,Калужская область,2018,9999,54.2607,36.1647,1154.929
1217,29-634-000-000,Спас-Деменский муниципальный район,муниципальный район,,40,Калужская область,2018,9999,54.412586,34.0309659,1372.339
1218,29-636-000-000,Сухиничский муниципальный район,муниципальный район,,40,Калужская область,2018,9999,54.096976,35.35334952467876,1232.649
1219,29-638-000-000,Тарусский муниципальный район,муниципальный район,,40,Калужская область,2018,9999,54.7293536,37.1815538,713.549
1220,29-642-000-000,Ульяновский муниципальный район,муниципальный район,,40,Калужская область,2018,9999,53.723654,35.5298461,1550.661
1221,29-644-000-000,Ферзиковский муниципальный район,муниципальный район,,40,Калужская область,2018,9999,54.51565365,36.76025305349451,1251.044
1222,29-646-000-000,Хвастовичский муниципальный район,муниципальный район,,40,Калужская область,2018,9999,53.465855,35.089252,1507.506
1223,29-650-000-000,Юхновский муниципальный район,муниципальный район,,40,Калужская область,2018,9999,54.7415766,35.2264393,1345.659
1224,32-701-000-000,городской округ Кемеровский,городской округ,административный_центр_субъекта,42,Кемеровская область,2018,9999,55.3550907,86.0871213,329.247
1225,32-704-000-000,городской округ Анжеро-Судженский,городской округ,,42,Кемеровская область,2018,9999,56.077808,86.019356,369.841
1226,32-707-000-000,городской округ Беловский,городской округ,,42,Кемеровская область,2018,9999,54.419323,86.303429,220.367
1227,32-710-000-000,городской округ Березовский,городской округ,,42,Кемеровская область,2018,9999,55.6696946,86.275154,124.163
1228,32-715-000-000,городской округ Калтанский,городской округ,,42,Кемеровская область,2018,9999,53.519459,87.286179,99.112
1229,32-716-000-000,городской округ Киселевский,городской округ,,42,Кемеровская область,2018,9999,54.0049872,86.6354771,288.877
1230,32-719-000-000,городской округ Ленинск-Кузнецкий,городской округ,,42,Кемеровская область,2018,9999,54.665443,86.166115,119.1
1231,32-725-000-000,городской округ Междуреченский,городской округ,,42,Кемеровская область,2018,9999,53.6863763,88.0703443,7302.475
1232,32-728-000-000,городской округ Мысковский,городской округ,,42,Кемеровская область,2018,9999,53.71386,87.800316,721.762
1233,32-731-000-000,городской округ Новокузнецкий,городской округ,,42,Кемеровская область,2018,9999,53.7575903,87.1358494,427.623
1234,32-734-000-000,городской округ Осинниковский,городской округ,,42,Кемеровская область,2018,9999,53.606995,87.332893,78.058
1235,32-732-000-000,городской округ Полысаевский,городской округ,,42,Кемеровская область,2018,9999,54.603142,86.276024,64.719
1236,32-737-000-000,городской округ Прокопьевский,городской округ,,42,Кемеровская область,2018,9999,53.8879117,86.7492072,226.761
1237,32-740-000-000,городской округ Тайгинский,городской округ,,42,Кемеровская область,2018,9999,56.065071,85.631325,568.295
1238,32-749-000-000,городской округ Юргинский,городской округ,,42,Кемеровская область,2018,9999,55.7136,84.934799,64.133
1239,32-751-000-000,городской округ Краснобродский,городской округ,,42,Кемеровская область,2018,2023,54.157387,86.448097,132.555
1240,32-601-000-000,Беловский муниципальный район,муниципальный район,,42,Кемеровская область,2018,2022,54.412445,86.399742,3193.436
1241,32-602-000-000,Гурьевский муниципальный район,муниципальный район,,42,Кемеровская область,2018,2020,54.284954,85.931091,2259.843
1242,32-604-000-000,Ижморский муниципальный район,муниципальный район,,42,Кемеровская область,2018,2020,56.192169,86.637169,3600.795
1243,32-607-000-000,Кемеровский муниципальный район,муниципальный район,,42,Кемеровская область,2018,2020,55.3550907,86.0871213,4294.599
1244,32-610-000-000,Крапивинский муниципальный район,муниципальный район,,42,Кемеровская область,2018,2020,55.003925,86.805855,6883.8
1245,32-613-000-000,Ленинск-Кузнецкий муниципальный район,муниципальный район,,42,Кемеровская область,2018,2020,54.665443,86.166115,2342.75
1246,32-616-000-000,Мариинский муниципальный район,муниципальный район,,42,Кемеровская область,2018,2022,56.206299,87.751259,5624.467
1247,32-619-000-000,Новокузнецкий муниципальный район,муниципальный район,,42,Кемеровская область,2018,2023,53.7575903,87.1358494,12527.123
1248,32-622-000-000,Прокопьевский муниципальный район,муниципальный район,,42,Кемеровская область,2018,2020,53.8879117,86.7492072,3308.914
1249,32-625-000-000,Промышленновский муниципальный район,муниципальный район,,42,Кемеровская область,2018,2020,54.918655,85.6380293,3084.844
1250,32-627-000-000,Таштагольский муниципальный район,муниципальный район,,42,Кемеровская область,2018,9999,52.7594694,87.8484499,11458.82
1251,32-628-000-000,Тисульский муниципальный район,муниципальный район,,42,Кемеровская область,2018,2021,55.763851,88.3130216,8102.615
1252,32-631-000-000,Топкинский муниципальный район,муниципальный район,,42,Кемеровская область,2018,2020,55.2751962,85.6228741,2772.401
1253,32-634-000-000,Тяжинский муниципальный район,муниципальный район,,42,Кемеровская область,2018,2020,56.1139351,88.5171814,3528.74
1254,32-637-000-000,Чебулинский муниципальный район,муниципальный район,,42,Кемеровская область,2018,2020,56.0330343,87.6220223,3733.01
1255,32-640-000-000,Юргинский муниципальный район,муниципальный район,,42,Кемеровская область,2018,2020,55.7136,84.934799,2495.663
1256,32-643-000-000,Яйский муниципальный район,муниципальный район,,42,Кемеровская область,2018,2020,56.2020084,86.4485361,2501.423
1257,32-646-000-000,Яшкинский муниципальный район,муниципальный район,,42,Кемеровская область,2018,2020,55.8717888,85.4380316,2961.22
1258,33-701-000-000,городской округ город Киров,городской округ,административный_центр_субъекта,43,Кировская область,2018,9999,58.6035661,49.6666241,766.069
1259,33-704-000-000,городской округ город Вятские Поляны,городской округ,,43,Кировская область,2018,9999,56.2229946,51.0749038,29.17
1260,33-707-000-000,городской округ город Кирово-Чепецк,городской округ,,43,Кировская область,2018,9999,58.555069,50.0313048,54.089
1261,33-710-000-000,городской округ город Котельнич,городской округ,,43,Кировская область,2018,9999,58.3057312,48.32643959050836,28.503
1262,33-713-000-000,городской округ город Слободской,городской округ,,43,Кировская область,2018,9999,58.7277816,50.1771234,49.691
1263,33-787-000-000,городской округ ЗАТО Первомайский,городской округ,ЗАТО,43,Кировская область,2018,9999,59.0649749,49.2849891,5.316
1264,33-602-000-000,Арбажский муниципальный район,муниципальный район,,43,Кировская область,2018,2021,57.6793484,48.3035946,1424.902
1265,33-603-000-000,Афанасьевский муниципальный район,муниципальный район,,43,Кировская область,2018,2023,58.865421,53.26273,5142.233
1266,33-605-000-000,Белохолуницкий муниципальный район,муниципальный район,,43,Кировская область,2018,9999,58.8432546,50.8528865,5061.927
1267,33-606-000-000,Богородский муниципальный район,муниципальный район,,43,Кировская область,2018,2020,57.8316459,50.7512195,1449.858
1268,33-607-000-000,Верхнекамский муниципальный район,муниципальный район,,43,Кировская область,2018,2022,59.3398971,52.2418232,10319.471
1269,33-608-000-000,Верхошижемский муниципальный район,муниципальный район,,43,Кировская область,2018,9999,58.0140582,49.1040391,2147.517
1270,33-610-000-000,Вятскополянский муниципальный район,муниципальный район,,43,Кировская область,2018,9999,56.2229946,51.0749038,903.273
1271,33-612-000-000,Даровской муниципальный район,муниципальный район,,43,Кировская область,2018,9999,58.7705606,47.9584366,3770.866
1272,33-614-000-000,Зуевский муниципальный район,муниципальный район,,43,Кировская область,2018,9999,58.4060241,51.1388605,2644.187
1273,33-616-000-000,Кикнурский муниципальный район,муниципальный район,,43,Кировская область,2018,2021,57.3049331,47.2089404,1689.795
1274,33-617-000-000,Кильмезский муниципальный район,муниципальный район,,43,Кировская область,2018,9999,56.9449015,51.0613993,3105.051
1275,33-618-000-000,Кирово-Чепецкий муниципальный район,муниципальный район,,43,Кировская область,2018,9999,58.555069,50.0313048,2214.77
1276,33-619-000-000,Котельничский муниципальный район,муниципальный район,,43,Кировская область,2018,9999,58.3057312,48.32643959050836,3976.97
1277,33-620-000-000,Куменский муниципальный район,муниципальный район,,43,Кировская область,2018,9999,58.1100761,49.9173135,1910.472
1278,33-621-000-000,Лебяжский муниципальный район,муниципальный район,,43,Кировская область,2018,2022,57.4095434,49.5276891,1347.805
1279,33-622-000-000,Лузский муниципальный район,муниципальный район,,43,Кировская область,2018,2022,60.6306233,47.2549261,5293.998
1280,33-623-000-000,Малмыжский муниципальный район,муниципальный район,,43,Кировская область,2018,9999,56.5206314,50.6775905,2193.622
1281,33-624-000-000,Мурашинский муниципальный район,муниципальный район,,43,Кировская область,2018,2022,59.3951018,48.9644445,3403.979
1282,33-625-000-000,Нагорский муниципальный район,муниципальный район,,43,Кировская область,2018,9999,59.3159141,50.8017309,7221.216
1283,33-626-000-000,Немский муниципальный район,муниципальный район,,43,Кировская область,2018,2022,57.5052656,50.5021661,2148.73
1284,33-627-000-000,Нолинский муниципальный район,муниципальный район,,43,Кировская область,2018,9999,57.5599476,49.93850528482464,2249.446
1285,33-628-000-000,Омутнинский муниципальный район,муниципальный район,,43,Кировская область,2018,9999,58.668304,52.17625,5152.59
1286,33-629-000-000,Опаринский муниципальный район,муниципальный район,,43,Кировская область,2018,2022,59.8516589,48.2777768,6048.589
1287,33-630-000-000,Оричевский муниципальный район,муниципальный район,,43,Кировская область,2018,9999,58.4013081,49.0564965,2351.91
1288,33-645-000-000,Орловский муниципальный район,муниципальный район,,43,Кировская область,2018,9999,58.5363174,48.8850765,1981.633
1289,33-631-000-000,Пижанский муниципальный район,муниципальный район,,43,Кировская область,2018,2022,57.460224,48.533832,1150.741
1290,33-632-000-000,Подосиновский муниципальный район,муниципальный район,,43,Кировская область,2018,9999,60.279064,47.06477,4269.735
1291,33-633-000-000,Санчурский муниципальный район,муниципальный район,,43,Кировская область,2018,2020,56.9404036,47.2526947,1545.716
1292,33-634-000-000,Свечинский муниципальный район,муниципальный район,,43,Кировская область,2018,2021,58.277,47.512543,1771.904
1293,33-635-000-000,Слободской муниципальный район,муниципальный район,,43,Кировская область,2018,9999,58.7277816,50.1771234,3731.607
1294,33-636-000-000,Советский муниципальный район,муниципальный район,,43,Кировская область,2018,9999,57.5914193,48.95836130705428,2400.609
1295,33-637-000-000,Сунский муниципальный район,муниципальный район,,43,Кировская область,2018,9999,57.8335115,50.0589449,1167.094
1296,33-638-000-000,Тужинский муниципальный район,муниципальный район,,43,Кировская область,2018,9999,57.6053835,47.9373723,1469.882
1297,33-640-000-000,Унинский муниципальный район,муниципальный район,,43,Кировская область,2018,2022,57.7543697,51.4895258,2131.079
1298,33-641-000-000,Уржумский муниципальный район,муниципальный район,,43,Кировская область,2018,9999,57.1101118,50.0003067,3027.357
1299,33-643-000-000,Фаленский муниципальный район,муниципальный район,,43,Кировская область,2018,2021,58.3553667,51.5965834,2497.55
1300,33-647-000-000,Шабалинский муниципальный район,муниципальный район,,43,Кировская область,2018,9999,58.3163535,47.0858159,3921.861
1301,33-649-000-000,Юрьянский муниципальный район,муниципальный район,,43,Кировская область,2018,9999,59.0422736,49.2802038,3015.64
1302,33-650-000-000,Яранский муниципальный район,муниципальный район,,43,Кировская область,2018,9999,57.3042882,47.8855774,2428.981
1303,34-701-000-000,городской округ город Кострома,городской округ,административный_центр_субъекта,44,Костромская область,2018,9999,57.7679158,40.9269141,144.473
1304,34-705-000-000,городской округ город Буй,городской округ,,44,Костромская область,2018,9999,58.4816821,41.532956,32.617
1305,34-706-000-000,городской округ город Волгореченск,городской округ,,44,Костромская область,2018,9999,57.44224775,41.15947358625323,17.315
1306,34-708-000-000,городской округ город Галич,городской округ,,44,Костромская область,2018,9999,58.381382,42.347916,17.424
1307,34-714-000-000,городской округ город Мантурово,городской округ,,44,Костромская область,2018,2019,58.333271,44.761791,23.085
1308,34-730-000-000,городской округ город Шарья,городской округ,,44,Костромская область,2018,9999,58.36974795,45.51729631871895,45.659
1309,34-602-000-000,Антроповский муниципальный район,муниципальный район,,44,Костромская область,2018,9999,58.3976,43.005,2475.537
1310,34-604-000-000,Буйский муниципальный район,муниципальный район,,44,Костромская область,2018,9999,58.4816821,41.532956,3235.279
1311,34-606-000-000,Вохомский муниципальный район,муниципальный район,,44,Костромская область,2018,9999,58.9306116,46.7588656,3392.451
1312,34-608-000-000,Галичский муниципальный район,муниципальный район,,44,Костромская область,2018,9999,58.381382,42.347916,2835.525
1313,34-610-000-000,Кадыйский муниципальный район,муниципальный район,,44,Костромская область,2018,9999,57.784485,43.189411,2216.068
1314,34-612-000-000,Кологривский муниципальный район,муниципальный район,,44,Костромская область,2018,2022,58.825497,44.311275,3493.574
1315,34-614-000-000,Костромской муниципальный район,муниципальный район,,44,Костромская область,2018,9999,57.7679158,40.9269141,2028.307
1316,34-616-000-000,Красносельский муниципальный район,муниципальный район,,44,Костромская область,2018,9999,57.509319,41.237621,949.522
1317,34-618-000-000,Макарьевский муниципальный район,муниципальный район,,44,Костромская область,2018,9999,57.880402,43.80724,4802.231
1318,34-620-000-000,Мантуровский муниципальный район,муниципальный район,,44,Костромская область,2018,2019,58.333271,44.761791,2671.975
1319,34-622-000-000,Межевской муниципальный район,муниципальный район,,44,Костромская область,2018,2022,58.7303454,45.0299127,2251.486
1320,34-624-000-000,муниципальный район город Нея и Нейский район,муниципальный район,,44,Костромская область,2018,2022,58.2940908,43.8609201,2683.886
1321,34-626-000-000,муниципальный район город Нерехта и Нерехтский район,муниципальный район,,44,Костромская область,2018,9999,57.460655,40.573799,1167.163
1322,34-628-000-000,Октябрьский муниципальный район,муниципальный район,,44,Костромская область,2018,9999,58.9755482,47.0195907,1871.848
1323,34-630-000-000,Островский муниципальный район,муниципальный район,,44,Костромская область,2018,2024,57.80144,42.19736,2428.055
1324,34-632-000-000,Павинский муниципальный район,муниципальный район,,44,Костромская область,2018,2024,59.1213617,46.1917504,1611.924
1325,34-634-000-000,Парфеньевский муниципальный район,муниципальный район,,44,Костромская область,2018,2022,58.4799889,43.4086182,2462.295
1326,34-636-000-000,Поназыревский муниципальный район,муниципальный район,,44,Костромская область,2018,2023,58.358154,46.317429,2116.976
1327,34-638-000-000,Пыщугский муниципальный район,муниципальный район,,44,Костромская область,2018,2023,59.0104505,45.6111145,1922.868
1328,34-640-000-000,Солигаличский муниципальный район,муниципальный район,,44,Костромская область,2018,2024,59.0777693,42.2861828,3087.616
1329,34-642-000-000,Судиславский муниципальный район,муниципальный район,,44,Костромская область,2018,9999,57.881283,41.712421,1534.727
1330,34-644-000-000,Сусанинский муниципальный район,муниципальный район,,44,Костромская область,2018,9999,58.147578,41.5851443,1079.764
1331,34-646-000-000,Чухломский муниципальный район,муниципальный район,,44,Костромская область,2018,9999,58.7560222,42.68065,3641.661
1332,34-648-000-000,Шарьинский муниципальный район,муниципальный район,,44,Костромская область,2018,9999,58.36974795,45.51729631871895,4007.874
1333,37-701-000-000,городской округ город Курган,городской округ,административный_центр_субъекта,45,Курганская область,2018,9999,55.4409357,65.3421169,392.404
1334,37-705-000-000,городской округ город Шадринск,городской округ,,45,Курганская область,2018,9999,56.087364,63.629482,179.93
1335,37-602-000-000,Альменевский муниципальный район,муниципальный район,,45,Курганская область,2018,2022,54.942505,63.578785,2486.267
1336,37-604-000-000,Белозерский муниципальный район,муниципальный район,,45,Курганская область,2018,2023,55.823845,65.588783,3424.368
1337,37-606-000-000,Варгашинский муниципальный район,муниципальный район,,45,Курганская область,2018,2024,55.37204,65.8081,2983.857
1338,37-608-000-000,Далматовский муниципальный район,муниципальный район,,45,Курганская область,2018,2024,56.258656,62.939163,3500.254
1339,37-609-000-000,Звериноголовский муниципальный район,муниципальный район,,45,Курганская область,2018,2023,54.459023,64.856514,1358.424
1340,37-610-000-000,Каргапольский муниципальный район,муниципальный район,,45,Курганская область,2018,2023,55.952408,64.434021,3202.044
1341,37-612-000-000,Катайский муниципальный район,муниципальный район,,45,Курганская область,2018,2024,56.2834992,62.5836525,2704.784
1342,37-614-000-000,Кетовский муниципальный район,муниципальный район,,45,Курганская область,2018,2023,55.343979,65.333832,3333.809
1343,37-616-000-000,Куртамышский муниципальный район,муниципальный район,,45,Курганская область,2018,2022,54.9095859,64.4283925,3924.661
1344,37-618-000-000,Лебяжьевский муниципальный район,муниципальный район,,45,Курганская область,2018,2022,55.273006,66.502243,3181.052
1345,37-620-000-000,Макушинский муниципальный район,муниципальный район,,45,Курганская область,2018,2021,55.208321,67.252739,3482.881
1346,37-622-000-000,Мишкинский муниципальный район,муниципальный район,,45,Курганская область,2018,2023,55.3373017,63.9143594,3004.845
1347,37-624-000-000,Мокроусовский муниципальный район,муниципальный район,,45,Курганская область,2018,2023,55.808598,66.770607,3095.984
1348,37-626-000-000,Петуховский муниципальный район,муниципальный район,,45,Курганская область,2018,2022,55.065,67.88736,2774.407
1349,37-628-000-000,Половинский муниципальный район,муниципальный район,,45,Курганская область,2018,2023,54.789661,65.987595,2729.699
1350,37-630-000-000,Притобольный муниципальный район,муниципальный район,,45,Курганская область,2018,2024,54.907539,65.088203,2305.404
1351,37-632-000-000,Сафакулевский муниципальный район,муниципальный район,,45,Курганская область,2018,2023,54.988411,62.54039,2291.602
1352,37-634-000-000,Целинный муниципальный район,муниципальный район,,45,Курганская область,2018,2022,54.50412,63.664242,3456.733
1353,37-636-000-000,Частоозерский муниципальный район,муниципальный район,,45,Курганская область,2018,2023,55.568256,67.909462,1925.288
1354,37-638-000-000,Шадринский муниципальный район,муниципальный район,,45,Курганская область,2018,2023,56.087364,63.629482,4066.514
1355,37-640-000-000,Шатровский муниципальный район,муниципальный район,,45,Курганская область,2018,2022,56.519569,64.634209,3539.735
1356,37-642-000-000,Шумихинский муниципальный район,муниципальный район,,45,Курганская область,2018,2021,55.228207,63.282501,2805.263
1357,37-644-000-000,Щучанский муниципальный район,муниципальный район,,45,Курганская область,2018,2023,55.208908,62.747772,2872.084
1358,37-646-000-000,Юргамышский муниципальный район,муниципальный район,,45,Курганская область,2018,2023,55.374958,64.455788,2592.679
1359,38-701-000-000,городской округ город Курск,городской округ,административный_центр_субъекта,46,Курская область,2018,9999,51.72703565,36.19224795692111,192.284
1360,38-705-000-000,городской округ город Железногорск,городской округ,,46,Курская область,2018,9999,52.3389459,35.3511755,113.648
1361,38-708-000-000,городской округ город Курчатов,городской округ,,46,Курская область,2018,9999,51.659466,35.658863,54.843
1362,38-710-000-000,городской округ город Льгов,городской округ,,46,Курская область,2018,9999,51.6906587,35.2839999,36.817
1363,38-715-000-000,городской округ город Щигры,городской округ,,46,Курская область,2018,9999,51.870821,36.9131896,23.236
1364,38-602-000-000,Беловский муниципальный район,муниципальный район,,46,Курская область,2018,9999,51.055645,35.710098,950.292
1365,38-603-000-000,Большесолдатский муниципальный район,муниципальный район,,46,Курская область,2018,9999,51.333981,35.510269,809.639
1366,38-604-000-000,Глушковский муниципальный район,муниципальный район,,46,Курская область,2018,9999,51.3391315,34.6373099,852.497
1367,38-606-000-000,Горшеченский муниципальный район,муниципальный район,,46,Курская область,2018,9999,51.5272373,38.02442271789279,1395.617
1368,38-608-000-000,Дмитриевский муниципальный район,муниципальный район,,46,Курская область,2018,9999,52.1217424,35.07538926047222,1269.423
1369,38-610-000-000,Железногорский муниципальный район,муниципальный район,,46,Курская область,2018,9999,52.3389459,35.3511755,990.677
1370,38-612-000-000,Золотухинский муниципальный район,муниципальный район,,46,Курская область,2018,9999,52.0847664,36.3799043,1156.686
1371,38-614-000-000,Касторенский муниципальный район,муниципальный район,,46,Курская область,2018,9999,51.8292176,38.131399,1224.684
1372,38-616-000-000,Конышевский муниципальный район,муниципальный район,,46,Курская область,2018,9999,51.840931,35.29014596117754,1133.344
1373,38-618-000-000,Кореневский муниципальный район,муниципальный район,,46,Курская область,2018,9999,51.414234,34.897091,867.061
1374,38-620-000-000,Курский муниципальный район,муниципальный район,,46,Курская область,2018,9999,51.7135353,36.3302263,1651.797
1375,38-621-000-000,Курчатовский муниципальный район,муниципальный район,,46,Курская область,2018,9999,51.659466,35.658863,624.475
1376,38-622-000-000,Льговский муниципальный район,муниципальный район,,46,Курская область,2018,9999,51.6906587,35.2839999,1030.012
1377,38-623-000-000,Мантуровский муниципальный район,муниципальный район,,46,Курская область,2018,9999,51.452503,37.130699,1014.154
1378,38-624-000-000,Медвенский муниципальный район,муниципальный район,,46,Курская область,2018,9999,51.417706,36.118046,1079.273
1379,38-626-000-000,Обоянский муниципальный район,муниципальный район,,46,Курская область,2018,9999,51.211079,36.276245,1025.355
1380,38-628-000-000,Октябрьский муниципальный район,муниципальный район,,46,Курская область,2018,9999,51.65387,35.937195,628.89
1381,38-630-000-000,Поныровский муниципальный район,муниципальный район,,46,Курская область,2018,9999,52.3192156,36.3020868,676.083
1382,38-632-000-000,Пристенский муниципальный район,муниципальный район,,46,Курская область,2018,9999,51.236023,36.6941094,1001.072
1383,38-634-000-000,Рыльский муниципальный район,муниципальный район,,46,Курская область,2018,9999,51.570538,34.683506,1509.04
1384,38-636-000-000,Советский муниципальный район,муниципальный район,,46,Курская область,2018,9999,51.84898,37.72422,1202.394
1385,38-638-000-000,Солнцевский муниципальный район,муниципальный район,,46,Курская область,2018,9999,51.4145748,36.75391333852473,1050.324
1386,38-640-000-000,Суджанский муниципальный район,муниципальный район,,46,Курская область,2018,9999,51.190708,35.270855,996.019
1387,38-642-000-000,Тимский муниципальный район,муниципальный район,,46,Курская область,2018,9999,51.621746,37.122578,883.159
1388,38-644-000-000,Фатежский муниципальный район,муниципальный район,,46,Курская область,2018,9999,52.0909529,35.85372325873458,1281.777
1389,38-646-000-000,Хомутовский муниципальный район,муниципальный район,,46,Курская область,2018,9999,51.9284482,34.56190766377678,1199.023
1390,38-648-000-000,Черемисиновский муниципальный район,муниципальный район,,46,Курская область,2018,9999,51.88437315,37.26924752789665,814.296
1391,38-650-000-000,Щигровский муниципальный район,муниципальный район,,46,Курская область,2018,9999,51.870821,36.9131896,1264.292
1392,41-603-000-000,Бокситогорский муниципальный район,муниципальный район,,47,Ленинградская область,2018,9999,59.4729021,33.8489952,7244.796
1393,41-606-000-000,Волосовский муниципальный район,муниципальный район,,47,Ленинградская область,2018,9999,59.44439375,29.49251575862619,2711.873
1394,41-609-000-000,Волховский муниципальный район,муниципальный район,,47,Ленинградская область,2018,9999,59.9275868,32.3276803,8946.512
1395,41-612-000-000,Всеволожский муниципальный район,муниципальный район,,47,Ленинградская область,2018,9999,60.0425967,30.58180461128939,4895.436
1396,41-615-000-000,Выборгский муниципальный район,муниципальный район,,47,Ленинградская область,2018,9999,60.7326723,28.74469092882248,10912.156
1397,41-618-000-000,Гатчинский муниципальный район,муниципальный район,административный_центр_субъекта,47,Ленинградская область,2018,9999,59.5706273,30.1305083,2944.907
1398,41-621-000-000,Кингисеппский муниципальный район,муниципальный район,,47,Ленинградская область,2018,9999,59.3743982,28.5981591,9405.007
1399,41-624-000-000,Киришский муниципальный район,муниципальный район,,47,Ленинградская область,2018,9999,59.450325,32.010578,3082.066
1400,41-625-000-000,Кировский муниципальный район,муниципальный район,,47,Ленинградская область,2018,9999,59.8813954,30.9855331,4154.62
1401,41-627-000-000,Лодейнопольский муниципальный район,муниципальный район,,47,Ленинградская область,2018,9999,60.7339323,33.5457731,5642.985
1402,41-630-000-000,Ломоносовский муниципальный район,муниципальный район,,47,Ленинградская область,2018,9999,59.91032,29.776194,2407.986
1403,41-633-000-000,Лужский муниципальный район,муниципальный район,,47,Ленинградская область,2018,9999,58.735699,29.8475013,5958.748
1404,41-636-000-000,Подпорожский муниципальный район,муниципальный район,,47,Ленинградская область,2018,9999,60.914291,34.162354,8018.451
1405,41-639-000-000,Приозерский муниципальный район,муниципальный район,,47,Ленинградская область,2018,9999,61.0385285,30.1248482,5673.383
1406,41-642-000-000,Сланцевский муниципальный район,муниципальный район,,47,Ленинградская область,2018,9999,59.11726,28.086979,2195.249
1407,41-645-000-000,Тихвинский муниципальный район,муниципальный район,,47,Ленинградская область,2018,9999,59.644323,33.5418624,7028.777
1408,41-648-000-000,Тосненский муниципальный район,муниципальный район,,47,Ленинградская область,2018,9999,59.5412777,30.8773645,3639.506
1409,41-754-000-000,городской округ Сосновоборский,городской округ,,47,Ленинградская область,2018,9999,59.8968655,29.0765628,86.87
1410,42-701-000-000,городской округ город Липецк,городской округ,административный_центр_субъекта,48,Липецкая область,2018,9999,52.6041877,39.5936899,320.525
1411,42-715-000-000,городской округ город Елец,городской округ,,48,Липецкая область,2018,9999,52.6219865,38.5003298,53.393
1412,42-603-000-000,Воловский муниципальный район,муниципальный район,,48,Липецкая область,2018,9999,52.0283838,37.8790391,794.871
1413,42-606-000-000,Грязинский муниципальный район,муниципальный район,,48,Липецкая область,2018,9999,52.48744725,39.93593469574095,1369.397
1414,42-609-000-000,Данковский муниципальный район,муниципальный район,,48,Липецкая область,2018,9999,53.2533095,39.1591798,1893.924
1415,42-612-000-000,Добринский муниципальный район,муниципальный район,,48,Липецкая область,2018,9999,52.1658357,40.4772102,1668.42
1416,42-615-000-000,Добровский муниципальный район,муниципальный район,,48,Липецкая область,2018,9999,52.8613369,39.8102066,1332.423
1417,42-618-000-000,Долгоруковский муниципальный район,муниципальный район,,48,Липецкая область,2018,9999,52.3243879,38.3495961,1013.069
1418,42-621-000-000,Елецкий муниципальный район,муниципальный район,,48,Липецкая область,2018,9999,52.6219865,38.5003298,1190.347
1419,42-624-000-000,Задонский муниципальный район,муниципальный район,,48,Липецкая область,2018,9999,52.387798,38.92672,1509.868
1420,42-627-000-000,Измалковский муниципальный район,муниципальный район,,48,Липецкая область,2018,9999,52.6931659,37.9693559,1118.869
1421,42-630-000-000,Краснинский муниципальный район,муниципальный район,,48,Липецкая область,2018,9999,52.863953,38.783821,934.353
1422,42-633-000-000,Лебедянский муниципальный район,муниципальный район,,48,Липецкая область,2018,9999,53.0126146,39.127593,1444.973
1423,42-636-000-000,Лев-Толстовский муниципальный район,муниципальный район,,48,Липецкая область,2018,9999,53.212541,39.4477568,969.526
1424,42-640-000-000,Липецкий муниципальный район,муниципальный район,,48,Липецкая область,2018,9999,52.6041877,39.5936899,1548.072
1425,42-642-000-000,Становлянский муниципальный район,муниципальный район,,48,Липецкая область,2018,9999,52.7632714,38.3639594,1348.256
1426,42-645-000-000,Тербунский муниципальный район,муниципальный район,,48,Липецкая область,2018,9999,52.146828,38.278389,1169.558
1427,42-648-000-000,Усманский муниципальный район,муниципальный район,,48,Липецкая область,2018,9999,52.0506929,39.7399996,1930.128
1428,42-652-000-000,Хлевенский муниципальный район,муниципальный район,,48,Липецкая область,2018,9999,52.197231,39.086029,934.652
1429,42-656-000-000,Чаплыгинский муниципальный район,муниципальный район,,48,Липецкая область,2018,9999,53.243015,39.966801,1521.304
1430,44-701-000-000,городской округ город Магадан,городской округ,административный_центр_субъекта,49,Магаданская область,2018,9999,59.5604768,150.7988617,1387.393
1431,44-702-000-000,городской округ Ольский,городской округ,,49,Магаданская область,2018,2023,59.5780981,151.2990699,107346.194
1432,44-704-000-000,городской округ Омсукчанский,городской округ,,49,Магаданская область,2018,2023,62.5127643,155.7823514,63093.792
1433,44-707-000-000,городской округ Северо-Эвенский,городской округ,,49,Магаданская область,2018,2023,61.919209,159.235931,116601.767
1434,44-710-000-000,городской округ Среднеканский,городской округ,,49,Магаданская область,2018,2023,62.9317742,152.3932993,91528.956
1435,44-713-000-000,городской округ Сусуманский,городской округ,,49,Магаданская область,2018,2023,62.779732,148.15361,46812.228
1436,44-716-000-000,городской округ Тенькинский,городской округ,,49,Магаданская область,2018,2023,61.133163,149.632477,35579.471
1437,44-719-000-000,городской округ Хасынский,городской округ,,49,Магаданская область,2018,2023,60.1022208,150.9370006,19225.758
1438,44-722-000-000,городской округ Ягоднинский,городской округ,,49,Магаданская область,2018,2023,62.5216788,149.6253322,29913.868
1439,46-704-000-000,городской округ Балашиха,городской округ,,50,Московская область,2018,9999,55.7997662,37.9373707,244.063
1440,46-705-000-000,городской округ Бронницы,городской округ,,50,Московская область,2018,9999,55.42009275,38.27196953296119,22.165
1441,46-773-000-000,городской округ Власиха,городской округ,ЗАТО,50,Московская область,2018,9999,55.6838591,37.1919786,4.397
1442,46-763-000-000,городской округ Восход,городской округ,ЗАТО,50,Московская область,2018,9999,55.9738318,36.45897,16.231
1443,46-711-000-000,городской округ Дзержинский,городской округ,,50,Московская область,2018,9999,55.6309186,37.8496653,15.725
1444,46-716-000-000,городской округ Долгопрудный,городской округ,,50,Московская область,2018,9999,55.9341491,37.5142417,30.382
1445,46-709-000-000,городской округ Домодедово,городской округ,,50,Московская область,2018,9999,55.4368213,37.7680693,818.265
1446,46-718-000-000,городской округ Дубна,городской округ,,50,Московская область,2018,9999,56.7362705,37.1623696,61.696
1447,46-722-000-000,городской округ Егорьевск,городской округ,,50,Московская область,2018,9999,55.3829765,39.0356223,1717.051
1448,46-725-000-000,городской округ Жуковский,городской округ,,50,Московская область,2018,9999,55.5972801,38.1199863,47.242
1449,46-729-000-000,городской округ Зарайск,городской округ,,50,Московская область,2018,9999,54.7585694,38.8818137,967.631
1450,46-730-000-000,городской округ Звенигород,городской округ,,50,Московская область,2018,2020,55.7293613,36.8585382,48.019
1451,46-774-000-000,городской округ Звёздный городок,городской округ,ЗАТО,50,Московская область,2018,9999,55.8774221,38.1130637,3.086
1452,46-732-000-000,городской округ Ивантеевка,городской округ,,50,Московская область,2018,2021,55.9714098,37.9200739,14.624
1453,46-733-000-000,городской округ Истра,городской округ,,50,Московская область,2018,9999,55.9145993,36.8595482,1268.87
1454,46-735-000-000,городской округ Кашира,городской округ,,50,Московская область,2018,9999,54.837449,38.1505119,643.081
1455,46-738-000-000,городской округ Коломенский,городской округ,,50,Московская область,2018,2021,55.0938743,38.7670121,1179.396
1456,46-734-000-000,городской округ Королёв,городской округ,,50,Московская область,2018,9999,55.9190049,37.8150443,55.462
1457,46-739-000-000,городской округ Котельники,городской округ,,50,Московская область,2018,9999,55.661668,37.8673073,14.275
1458,46-743-000-000,городской округ Красноармейск,городской округ,,50,Московская область,2018,2021,56.1210895,38.1457655,156.429
1459,46-744-000-000,городской округ Красногорск,городской округ,,50,Московская область,2018,9999,55.8217545,37.3400897,223.482
1460,46-706-000-000,городской округ Краснознаменск,городской округ,ЗАТО,50,Московская область,2018,9999,55.5971787,37.0395057,13.301
1461,46-740-000-000,городской округ Лобня,городской округ,,50,Московская область,2018,9999,56.03377690000001,37.46122371880293,29.666
1462,46-742-000-000,городской округ Лосино-Петровский,городской округ,,50,Московская область,2018,2019,55.8705593,38.2032701,9.141
1463,46-747-000-000,городской округ Луховицы,городской округ,,50,Московская область,2018,9999,54.9655573,39.0277188,1281.86
1464,46-741-000-000,городской округ Лыткарино,городской округ,,50,Московская область,2018,9999,55.5822477,37.9080217,17.286
1465,46-748-000-000,городской округ Люберцы,городской округ,,50,Московская область,2018,9999,55.6783142,37.89377,122.066
1466,46-761-000-000,городской округ Молодёжный,городской округ,ЗАТО,50,Московская область,2018,9999,55.325936,36.7847582,5.934
1467,46-746-000-000,городской округ Мытищи,городской округ,,50,Московская область,2018,9999,55.9094928,37.7339358,431.302
1468,46-750-000-000,городской округ Наро-Фоминский,городской округ,,50,Московская область,2018,9999,55.3842784,36.723507,1546.053
1469,46-756-000-000,городской округ Озёры,городской округ,,50,Московская область,2018,2021,54.8581651,38.54637793943108,549.089
1470,46-757-000-000,городской округ Орехово-Зуево,городской округ,,50,Московская область,2018,2020,55.8083278,38.9790038,508.928
1471,46-759-000-000,городской округ Павловский Посад,городской округ,,50,Московская область,2018,2024,55.7813357,38.6507838,566.405
1472,46-760-000-000,городской округ Подольск,городской округ,,50,Московская область,2018,9999,55.4308841,37.5453056,338.781
1473,46-767-000-000,городской округ Протвино,городской округ,,50,Московская область,2018,9999,54.8707703,37.2188629,26.689
1474,46-762-000-000,городской округ Пущино,городской округ,,50,Московская область,2018,9999,54.8347213,37.6139685,17.998
1475,46-764-000-000,городской округ Реутов,городской округ,,50,Московская область,2018,9999,55.7622453,37.856555,9.115
1476,46-765-000-000,городской округ Рошаль,городской округ,,50,Московская область,2018,2021,55.6583239,39.8717137,35.019
1477,46-766-000-000,городской округ Рузский,городской округ,,50,Московская область,2018,9999,55.6998907,36.1946992,1567.382
1478,46-772-000-000,городской округ Серебряные Пруды,городской округ,,50,Московская область,2018,9999,54.4679803,38.7223679,877.209
1479,46-770-000-000,городской округ Серпухов,городской округ,,50,Московская область,2018,2019,54.9155247,37.4195533,32.504
1480,46-776-000-000,городской округ Ступино,городской округ,,50,Московская область,2018,9999,54.886598,38.0772589,1707.732
1481,46-780-000-000,городской округ Фрязино,городской округ,,50,Московская область,2018,9999,55.954618,38.0567691,9.183
1482,46-783-000-000,городской округ Химки,городской округ,,50,Московская область,2018,2023,55.8917293,37.4396994,109.862
1483,46-781-000-000,городской округ Черноголовка,городской округ,,50,Московская область,2018,9999,56.0061165,38.3835224,61.68
1484,46-784-000-000,городской округ Чехов,городской округ,,50,Московская область,2018,9999,55.1426603,37.4545328,865.257
1485,46-786-000-000,городской округ Шатура,городской округ,,50,Московская область,2018,2021,55.578403,39.5437584,2638.551
1486,46-787-000-000,городской округ Шаховская,городской округ,,50,Московская область,2018,9999,56.031464,35.5102036,1218.886
1487,46-791-000-000,городской округ Электрогорск,городской округ,,50,Московская область,2018,2024,55.8792983,38.7858721,39.822
1488,46-790-000-000,городской округ Электросталь,городской округ,,50,Московская область,2018,9999,55.7903785,38.4405711,135.481
1489,46-605-000-000,Волоколамский муниципальный район,муниципальный район,,50,Московская область,2018,2020,56.0360129,35.9583358,1683.501
1490,46-606-000-000,Воскресенский муниципальный район,муниципальный район,,50,Московская область,2018,2020,55.322518,38.6816824,812.791
1491,46-608-000-000,Дмитровский муниципальный район,муниципальный район,,50,Московская область,2018,2019,56.3450695,37.5200723,2181.234
1492,46-621-000-000,Клинский муниципальный район,муниципальный район,,50,Московская область,2018,2019,56.3355601,36.7351318,2016.414
1493,46-628-000-000,Ленинский муниципальный район,муниципальный район,,50,Московская область,2018,2021,55.5571496,37.7087142,202.779
1494,46-629-000-000,Лотошинский муниципальный район,муниципальный район,,50,Московская область,2018,2020,56.228891,35.6399029,979.572
1495,46-633-000-000,Можайский муниципальный район,муниципальный район,,50,Московская область,2018,2019,55.5095679,35.986899,2627.185
1496,46-639-000-000,Ногинский муниципальный район,муниципальный район,,50,Московская область,2018,2019,55.8553511,38.4411898,811.154
1497,46-641-000-000,Одинцовский муниципальный район,муниципальный район,,50,Московская область,2018,2020,55.678223,37.2668096,1209.568
1498,46-643-000-000,Орехово-Зуевский муниципальный район,муниципальный район,,50,Московская область,2018,2019,55.8083278,38.9790038,1348.917
1499,46-647-000-000,Пушкинский муниципальный район,муниципальный район,,50,Московская область,2018,2020,56.0104274,37.8461892,571.252
1500,46-648-000-000,Раменский муниципальный район,муниципальный район,,50,Московская область,2018,2020,55.5709361,38.2282099,1397.172
1501,46-615-000-000,Сергиево-Посадский муниципальный район,муниципальный район,,50,Московская область,2018,2020,56.3153284,38.1359898,2027.308
1502,46-651-000-000,Серпуховский муниципальный район,муниципальный район,,50,Московская область,2018,2019,54.9155247,37.4195533,1024.144
1503,46-652-000-000,Солнечногорский муниципальный район,муниципальный район,,50,Московская область,2018,2020,56.1853501,36.9781536,1084.567
1504,46-654-000-000,Талдомский муниципальный район,муниципальный район,,50,Московская область,2018,2019,56.730941,37.528016,1428.138
1505,46-659-000-000,Щёлковский муниципальный район,муниципальный район,,50,Московская область,2018,2019,55.9206499,37.9915576,706.397
1506,47-701-000-000,городской округ город Мурманск,городской округ,административный_центр_субъекта,51,Мурманская область,2018,9999,68.970665,33.07497,171.061
1507,47-705-000-000,городской округ город Апатиты,городской округ,,51,Мурманская область,2018,2021,67.568626,33.404392,2243.826
1508,47-712-000-000,городской округ город Кировск,городской округ,,51,Мурманская область,2018,2021,67.6151331,33.6637527,3724.391
1509,47-715-000-000,городской округ город Мончегорск,городской округ,,51,Мурманская область,2018,2021,67.939903,32.931679,3318.057
1510,47-717-000-000,городской округ город Оленегорск,городской округ,,51,Мурманская область,2018,2021,68.140732,33.282597,2015.838
1511,47-719-000-000,городской округ город Полярные Зори,городской округ,,51,Мурманская область,2018,2021,67.3659225,32.5010277,1262.986
1512,47-703-000-000,городской округ Ковдорский район,городской округ,,51,Мурманская область,2018,2021,67.563049,30.474108,4129.539
1513,47-737-000-000,городской округ ЗАТО Александровск,городской округ,ЗАТО,51,Мурманская область,2018,9999,69.199524,33.445839,491.41
1514,47-735-000-000,городской округ ЗАТО поселок Видяево,городской округ,ЗАТО,51,Мурманская область,2018,9999,69.3180029,32.8067302,79.247
1515,47-733-000-000,городской округ ЗАТО город Заозерск,городской округ,ЗАТО,51,Мурманская область,2018,9999,69.400925,32.441334,622.473
1516,47-731-000-000,городской округ ЗАТО город Островной,городской округ,ЗАТО,51,Мурманская область,2018,9999,68.0544447,39.5129384,768.07
1517,47-730-000-000,городской округ ЗАТО город Североморск,городской округ,ЗАТО,51,Мурманская область,2018,9999,69.069168,33.416656,502.729
1518,47-608-000-000,Кандалакшский муниципальный район,муниципальный район,,51,Мурманская область,2018,9999,67.1507901,32.4082716,14475.991
1519,47-605-000-000,Кольский муниципальный район,муниципальный район,,51,Мурманская область,2018,9999,68.880638,33.019726,29691.697
1520,47-610-000-000,Ловозерский муниципальный район,муниципальный район,,51,Мурманская область,2018,9999,68.0058828,35.0172148,55514.409
1521,47-615-000-000,Печенгский муниципальный район,муниципальный район,,51,Мурманская область,2018,2021,69.4062217,30.2114216,13124.324
1522,47-620-000-000,Терский муниципальный район,муниципальный район,,51,Мурманская область,2018,9999,66.6780339,34.3376019,23339.101
1523,22-701-000-000,городской округ город Нижний Новгород,городской округ,административный_центр_субъекта,52,Нижегородская область,2018,9999,56.3264816,44.0051395,515.8
1524,22-703-000-000,городской округ город Арзамас,городской округ,,52,Нижегородская область,2018,2023,55.3987879,43.8210933,41.771
1525,22-712-000-000,городской округ город Бор,городской округ,,52,Нижегородская область,2018,9999,56.3598289,44.0542641,3596.374
1526,22-715-000-000,городской округ город Выкса,городской округ,,52,Нижегородская область,2018,9999,55.318774,42.1800408,1879.717
1527,22-721-000-000,городской округ город Дзержинск,городской округ,,52,Нижегородская область,2018,9999,56.2382157,43.4617405,420.745
1528,22-727-000-000,городской округ город Кулебаки,городской округ,,52,Нижегородская область,2018,9999,55.429287,42.511879,944.135
1529,22-730-000-000,городской округ Навашинский,городской округ,,52,Нижегородская область,2018,9999,55.544071,42.188671,1277.868
1530,22-739-000-000,городской округ Перевозский,городской округ,,52,Нижегородская область,2018,9999,55.596546,44.544846,769.109
1531,22-704-000-000,городской округ ЗАТО город Саров,городской округ,ЗАТО,52,Нижегородская область,2018,9999,54.93854140000001,43.31126093952879,247.667
1532,22-737-000-000,городской округ Семеновский,городской округ,,52,Нижегородская область,2018,9999,56.788342,44.49155,3887.754
1533,22-758-000-000,городской округ город Шахунья,городской округ,,52,Нижегородская область,2018,9999,57.6730182,46.6152378,2591.203
1534,22-734-000-000,городской округ город Первомайск,городской округ,,52,Нижегородская область,2018,9999,54.8666491,43.8054106,1230.78
1535,22-749-000-000,городской округ Сокольский,городской округ,,52,Нижегородская область,2018,9999,57.143093,43.16357,1983.91
1536,22-755-000-000,городской округ город Чкаловск,городской округ,,52,Нижегородская область,2018,9999,56.764915,43.243324,909.133
1537,22-602-000-000,Ардатовский муниципальный район,муниципальный район,,52,Нижегородская область,2018,2023,55.2410408,43.0968037,1891.655
1538,22-603-000-000,Арзамасский муниципальный район,муниципальный район,,52,Нижегородская область,2018,2023,55.3987879,43.8210933,2009.822
1539,22-605-000-000,Балахнинский муниципальный район,муниципальный район,,52,Нижегородская область,2018,2021,56.4870505,43.6039553,902.624
1540,22-607-000-000,Богородский муниципальный район,муниципальный район,,52,Нижегородская область,2018,2021,56.103416,43.516819,1413.593
1541,22-609-000-000,Большеболдинский муниципальный район,муниципальный район,,52,Нижегородская область,2018,2023,55.000713,45.310505,865.722
1542,22-610-000-000,Большемурашкинский муниципальный район,муниципальный район,,52,Нижегородская область,2018,2023,55.7837504,44.7763185,657.315
1543,22-612-000-000,Бутурлинский муниципальный район,муниципальный район,,52,Нижегородская область,2018,2021,55.568863,44.891453,1105.088
1544,22-614-000-000,Вадский муниципальный район,муниципальный район,,52,Нижегородская область,2018,2021,55.5313789,44.2092517,742.526
1545,22-615-000-000,Варнавинский муниципальный район,муниципальный район,,52,Нижегородская область,2018,2023,57.396695,45.0849216,2525.997
1546,22-617-000-000,Вачский муниципальный район,муниципальный район,,52,Нижегородская область,2018,2023,55.801029,42.772099,979.186
1547,22-618-000-000,Ветлужский муниципальный район,муниципальный район,,52,Нижегородская область,2018,2023,57.85287,45.7757157,3004.336
1548,22-619-000-000,Вознесенский муниципальный район,муниципальный район,,52,Нижегородская область,2018,2023,54.8906328,42.7598373,1302.232
1549,22-631-000-000,Володарский муниципальный район,муниципальный район,,52,Нижегородская область,2018,2023,56.224304,43.182655,1051.159
1550,22-621-000-000,Воротынский муниципальный район,муниципальный район,,52,Нижегородская область,2018,2020,56.0604696,45.862528,1941.651
1551,22-622-000-000,Воскресенский муниципальный район,муниципальный район,,52,Нижегородская область,2018,2023,56.8383333,45.4330556,3568.902
1552,22-626-000-000,Гагинский муниципальный район,муниципальный район,,52,Нижегородская область,2018,2023,55.2314867,45.0280811,1062.563
1553,22-628-000-000,Городецкий муниципальный район,муниципальный район,,52,Нижегородская область,2018,2023,56.647141,43.476002,1453.152
1554,22-630-000-000,Дальнеконстантиновский муниципальный район,муниципальный район,,52,Нижегородская область,2018,2023,55.80777,44.094025,1378.285
1555,22-632-000-000,Дивеевский муниципальный район,муниципальный район,,52,Нижегородская область,2018,2021,55.041687,43.245518,829.099
1556,22-633-000-000,Княгининский муниципальный район,муниципальный район,,52,Нижегородская область,2018,2023,55.821281,45.031601,769.54
1557,22-634-000-000,Ковернинский муниципальный район,муниципальный район,,52,Нижегородская область,2018,2021,57.12611,43.816387,2337.265
1558,22-635-000-000,Краснобаковский муниципальный район,муниципальный район,,52,Нижегородская область,2018,2023,57.1268348,45.1664096,1768.084
1559,22-636-000-000,Краснооктябрьский муниципальный район,муниципальный район,,52,Нижегородская область,2018,2023,55.399989,45.6168658,884.333
1560,22-637-000-000,Кстовский муниципальный район,муниципальный район,,52,Нижегородская область,2018,2022,56.149551,44.198032,1220.135
1561,22-639-000-000,Лукояновский муниципальный район,муниципальный район,,52,Нижегородская область,2018,2023,55.034821,44.492725,1894.729
1562,22-640-000-000,Лысковский муниципальный район,муниципальный район,,52,Нижегородская область,2018,2021,56.027885,45.038315,2141.765
1563,22-642-000-000,Павловский муниципальный район,муниципальный район,,52,Нижегородская область,2018,2021,55.965137,43.071114,1098.743
1564,22-645-000-000,Пильнинский муниципальный район,муниципальный район,,52,Нижегородская область,2018,2023,55.5522547,45.9207853,1321.306
1565,22-646-000-000,Починковский муниципальный район,муниципальный район,,52,Нижегородская область,2018,2021,54.6974517,44.8612893,1960.091
1566,22-648-000-000,Сергачский муниципальный район,муниципальный район,,52,Нижегородская область,2018,2023,55.532822,45.4616976,1244.799
1567,22-649-000-000,Сеченовский муниципальный район,муниципальный район,,52,Нижегородская область,2018,2023,55.2257213,45.8937291,990.585
1568,22-650-000-000,Сосновский муниципальный район,муниципальный район,,52,Нижегородская область,2018,2023,55.8050772,43.1669499,1168.634
1569,22-651-000-000,Спасский муниципальный район,муниципальный район,,52,Нижегородская область,2018,2023,55.8579699,45.6954529,705.884
1570,22-652-000-000,Тонкинский муниципальный район,муниципальный район,,52,Нижегородская область,2018,2023,57.372272,46.458287,1017.339
1571,22-653-000-000,Тоншаевский муниципальный район,муниципальный район,,52,Нижегородская область,2018,2021,57.732841,47.011944,2351.361
1572,22-654-000-000,Уренский муниципальный район,муниципальный район,,52,Нижегородская область,2018,2021,57.4614974,45.7878911,2098.945
1573,22-656-000-000,Шарангский муниципальный район,муниципальный район,,52,Нижегородская область,2018,2023,57.1773441,46.5445937,1603.882
1574,22-657-000-000,Шатковский муниципальный район,муниципальный район,,52,Нижегородская область,2018,2023,55.188023,44.127811,1440.283
1575,49-701-000-000,городской округ Великий Новгород,городской округ,административный_центр_субъекта,53,Новгородская область,2018,9999,58.5609587,31.2809005856491,95.0
1576,49-603-000-000,Батецкий муниципальный район,муниципальный район,,53,Новгородская область,2018,9999,58.647774,30.299807,1593.362
1577,49-606-000-000,Боровичский муниципальный район,муниципальный район,,53,Новгородская область,2018,9999,58.389009,33.9068275,3178.933
1578,49-608-000-000,Валдайский муниципальный район,муниципальный район,,53,Новгородская область,2018,9999,57.9791414,33.2537994,2742.158
1579,49-610-000-000,Волотовский муниципальный район,муниципальный район,,53,Новгородская область,2018,2021,57.9301007,30.7090808,999.162
1580,49-612-000-000,Демянский муниципальный район,муниципальный район,,53,Новгородская область,2018,2024,57.6423554,32.4646788,3191.189
1581,49-614-000-000,Крестецкий муниципальный район,муниципальный район,,53,Новгородская область,2018,2024,58.247665,32.522858,2862.587
1582,49-616-000-000,Любытинский муниципальный район,муниципальный район,,53,Новгородская область,2018,9999,58.8142322,33.3976972,4522.048
1583,49-620-000-000,Маловишерский муниципальный район,муниципальный район,,53,Новгородская область,2018,9999,58.844215,32.218636,3270.891
1584,49-623-000-000,Марёвский муниципальный район,муниципальный район,,53,Новгородская область,2018,2021,57.315285,32.082283,1843.985
1585,49-624-000-000,Мошенской муниципальный район,муниципальный район,,53,Новгородская область,2018,2024,58.512428,34.5849085,2583.425
1586,49-625-000-000,Новгородский муниципальный район,муниципальный район,,53,Новгородская область,2018,9999,58.5609587,31.2809005856491,4637.068
1587,49-628-000-000,Окуловский муниципальный район,муниципальный район,,53,Новгородская область,2018,9999,58.3740782,33.3009383,2491.819
1588,49-630-000-000,Парфинский муниципальный район,муниципальный район,,53,Новгородская область,2018,9999,57.9713226,31.649848,1544.625
1589,49-632-000-000,Пестовский муниципальный район,муниципальный район,,53,Новгородская область,2018,2024,58.5981825,35.81432054429986,2108.95
1590,49-634-000-000,Поддорский муниципальный район,муниципальный район,,53,Новгородская область,2018,9999,57.470387,31.111748,2951.734
1591,49-638-000-000,Солецкий муниципальный район,муниципальный район,,53,Новгородская область,2018,2021,58.119003,30.309679,1415.76
1592,49-639-000-000,Старорусский муниципальный район,муниципальный район,,53,Новгородская область,2018,9999,57.9898923,31.3634905,3441.48
1593,49-645-000-000,Хвойнинский муниципальный район,муниципальный район,,53,Новгородская область,2018,2021,58.8960621,34.5121844,3190.538
1594,49-647-000-000,Холмский муниципальный район,муниципальный район,,53,Новгородская область,2018,9999,57.15407424999999,31.17085196949452,2167.19
1595,49-650-000-000,Чудовский муниципальный район,муниципальный район,,53,Новгородская область,2018,9999,59.1240916,31.68621497690631,2333.314
1596,49-655-000-000,Шимский муниципальный район,муниципальный район,,53,Новгородская область,2018,9999,58.2117,30.724808,1914.244
1597,50-701-000-000,городской округ город Новосибирск,городской округ,административный_центр_субъекта,54,Новосибирская область,2018,9999,54.96781445,82.95159894278376,502.749
1598,50-708-000-000,городской округ город Бердск,городской округ,,54,Новосибирская область,2018,9999,54.7437662,83.06268907860164,72.148
1599,50-712-000-000,городской округ город Искитим,городской округ,,54,Новосибирская область,2018,9999,54.61506035,83.29727586648599,61.623
1600,50-717-000-000,городской округ город Обь,городской округ,,54,Новосибирская область,2018,9999,54.9951335,82.6933946,24.433
1601,50-740-000-000,городской округ рабочий поселок Кольцово,городской округ,,54,Новосибирская область,2018,9999,54.9367736,83.187139,18.966
1602,50-603-000-000,Баганский муниципальный район,муниципальный район,,54,Новосибирская область,2018,9999,54.0968728,77.6718776,3365.693
1603,50-604-000-000,Барабинский муниципальный район,муниципальный район,,54,Новосибирская область,2018,9999,55.3567611,78.350348,5274.485
1604,50-606-000-000,Болотнинский муниципальный район,муниципальный район,,54,Новосибирская область,2018,9999,55.6715707,84.388557,3369.386
1605,50-608-000-000,Венгеровский муниципальный район,муниципальный район,,54,Новосибирская область,2018,9999,55.681034,76.739029,6378.484
1606,50-610-000-000,Доволенский муниципальный район,муниципальный район,,54,Новосибирская область,2018,9999,54.495785,79.667091,4421.865
1607,50-613-000-000,Здвинский муниципальный район,муниципальный район,,54,Новосибирская область,2018,9999,54.703968,78.667595,4938.193
1608,50-615-000-000,Искитимский муниципальный район,муниципальный район,,54,Новосибирская область,2018,9999,54.61506035,83.29727586648599,4275.32
1609,50-617-000-000,Карасукский муниципальный район,муниципальный район,,54,Новосибирская область,2018,9999,53.73447,78.032372,4317.107
1610,50-619-000-000,Каргатский муниципальный район,муниципальный район,,54,Новосибирская область,2018,9999,55.1929899,80.2828252,5581.88
1611,50-621-000-000,Колыванский муниципальный район,муниципальный район,,54,Новосибирская область,2018,9999,55.3068791,82.7433464,10657.451
1612,50-623-000-000,Коченевский муниципальный район,муниципальный район,,54,Новосибирская область,2018,9999,55.021442,82.207718,5072.137
1613,50-625-000-000,Кочковский муниципальный район,муниципальный район,,54,Новосибирская область,2018,9999,54.334766,80.487846,2520.611
1614,50-627-000-000,Краснозерский муниципальный район,муниципальный район,,54,Новосибирская область,2018,9999,53.984768,79.228577,5326.313
1615,50-630-000-000,Куйбышевский муниципальный район,муниципальный район,,54,Новосибирская область,2018,9999,55.4454258,78.3222294,8571.81
1616,50-632-000-000,Купинский муниципальный район,муниципальный район,,54,Новосибирская область,2018,9999,54.364929,77.30854,5940.127
1617,50-634-000-000,Кыштовский муниципальный район,муниципальный район,,54,Новосибирская область,2018,9999,56.55957,76.624588,11129.211
1618,50-636-000-000,Маслянинский муниципальный район,муниципальный район,,54,Новосибирская область,2018,9999,54.345501,84.21067,3437.502
1619,50-638-000-000,Мошковский муниципальный район,муниципальный район,,54,Новосибирская область,2018,9999,55.304806,83.611855,2579.352
1620,50-640-000-000,Новосибирский муниципальный район,муниципальный район,,54,Новосибирская область,2018,9999,54.96781445,82.95159894278376,2920.014
1621,50-642-000-000,Ордынский муниципальный район,муниципальный район,,54,Новосибирская область,2018,9999,54.366676,81.904022,4746.609
1622,50-644-000-000,Северный муниципальный район,муниципальный район,,54,Новосибирская область,2018,9999,56.3500996,78.3649455,15448.497
1623,50-648-000-000,Сузунский муниципальный район,муниципальный район,,54,Новосибирская область,2018,9999,53.783924,82.316231,4791.65
1624,50-650-000-000,Татарский муниципальный район,муниципальный район,,54,Новосибирская область,2018,9999,55.216961,75.962196,5104.525
1625,50-652-000-000,Тогучинский муниципальный район,муниципальный район,,54,Новосибирская область,2018,9999,55.23769,84.402458,6039.594
1626,50-654-000-000,Убинский муниципальный район,муниципальный район,,54,Новосибирская область,2018,9999,55.306721,79.679375,14097.66
1627,50-655-000-000,Усть-Таркский муниципальный район,муниципальный район,,54,Новосибирская область,2018,9999,55.563934,75.706017,4057.765
1628,50-656-000-000,Чановский муниципальный район,муниципальный район,,54,Новосибирская область,2018,9999,55.308064,76.759605,5551.333
1629,50-657-000-000,Черепановский муниципальный район,муниципальный район,,54,Новосибирская область,2018,9999,54.226101,83.370468,2937.4
1630,50-658-000-000,Чистоозерный муниципальный район,муниципальный район,,54,Новосибирская область,2018,9999,54.712204,76.582344,5728.299
1631,50-659-000-000,Чулымский муниципальный район,муниципальный район,,54,Новосибирская область,2018,9999,55.09,80.970459,8589.334
1632,52-701-000-000,городской округ город Омск,городской округ,административный_центр_субъекта,55,Омская область,2018,9999,54.991375,73.371529,582.02
1633,52-601-000-000,Азовский немецкий национальный муниципальный район,муниципальный район,,55,Омская область,2018,9999,54.70385,73.026871,1399.422
1634,52-603-000-000,Большереченский муниципальный район,муниципальный район,,55,Омская область,2018,9999,56.094585,74.639519,4333.554
1635,52-606-000-000,Большеуковский муниципальный район,муниципальный район,,55,Омская область,2018,9999,56.949043,72.625717,9510.128
1636,52-609-000-000,Горьковский муниципальный район,муниципальный район,,55,Омская область,2018,9999,55.371033,74.362556,2967.851
1637,52-612-000-000,Знаменский муниципальный район,муниципальный район,,55,Омская область,2018,9999,57.127403,73.821983,3698.585
1638,52-615-000-000,Исилькульский муниципальный район,муниципальный район,,55,Омская область,2018,9999,54.904892,71.259987,2786.27
1639,52-618-000-000,Калачинский муниципальный район,муниципальный район,,55,Омская область,2018,9999,55.049091,74.582428,2840.286
1640,52-621-000-000,Колосовский муниципальный район,муниципальный район,,55,Омская область,2018,9999,56.467625,73.606575,4751.766
1641,52-623-000-000,Кормиловский муниципальный район,муниципальный район,,55,Омская область,2018,9999,55.002613,74.092224,1908.582
1642,52-626-000-000,Крутинский муниципальный район,муниципальный район,,55,Омская область,2018,9999,56.006351,71.511307,5763.541
1643,52-629-000-000,Любинский муниципальный район,муниципальный район,,55,Омская область,2018,9999,55.156715,72.699005,3284.095
1644,52-630-000-000,Марьяновский муниципальный район,муниципальный район,,55,Омская область,2018,9999,54.960659,72.637947,1651.883
1645,52-632-000-000,Москаленский муниципальный район,муниципальный район,,55,Омская область,2018,9999,54.939468,71.92588,2478.235
1646,52-634-000-000,Муромцевский муниципальный район,муниципальный район,,55,Омская область,2018,9999,56.369392,75.237198,6662.282
1647,52-636-000-000,Называевский муниципальный район,муниципальный район,,55,Омская область,2018,9999,55.564896,71.349365,5874.774
1648,52-639-000-000,Нижнеомский муниципальный район,муниципальный район,,55,Омская область,2018,9999,55.43359,74.938004,3355.467
1649,52-641-000-000,Нововаршавский муниципальный район,муниципальный район,,55,Омская область,2018,9999,54.170616,74.696037,2219.313
1650,52-642-000-000,Одесский муниципальный район,муниципальный район,,55,Омская область,2018,9999,54.20969,72.965538,1839.145
1651,52-643-000-000,Оконешниковский муниципальный район,муниципальный район,,55,Омская область,2018,9999,54.8373364,75.0727251,3083.677
1652,52-644-000-000,Омский муниципальный район,муниципальный район,,55,Омская область,2018,9999,55.019558,73.580765,3597.282
1653,52-646-000-000,Павлоградский муниципальный район,муниципальный район,,55,Омская область,2018,9999,54.205006,73.556488,2493.899
1654,52-648-000-000,Полтавский муниципальный район,муниципальный район,,55,Омская область,2018,9999,54.3642388,71.7609168,2805.582
1655,52-650-000-000,Русско-Полянский муниципальный район,муниципальный район,,55,Омская область,2018,9999,53.780357,73.882103,3321.464
1656,52-651-000-000,Саргатский муниципальный район,муниципальный район,,55,Омская область,2018,9999,55.603386,73.490257,3729.376
1657,52-652-000-000,Седельниковский муниципальный район,муниципальный район,,55,Омская область,2018,9999,56.945618,75.306061,5219.761
1658,52-653-000-000,Таврический муниципальный район,муниципальный район,,55,Омская область,2018,9999,54.586674,73.637436,2735.039
1659,52-654-000-000,Тарский муниципальный район,муниципальный район,,55,Омская область,2018,9999,56.8757689,74.4196755,15669.569
1660,52-655-000-000,Тевризский муниципальный район,муниципальный район,,55,Омская область,2018,9999,57.513668,72.398911,9814.839
1661,52-656-000-000,Тюкалинский муниципальный район,муниципальный район,,55,Омская область,2018,9999,55.870556,72.196617,6391.419
1662,52-657-000-000,Усть-Ишимский муниципальный район,муниципальный район,,55,Омская область,2018,9999,57.693462,71.169968,7886.246
1663,52-658-000-000,Черлакский муниципальный район,муниципальный район,,55,Омская область,2018,9999,54.154067,74.7974987,4277.234
1664,52-659-000-000,Шербакульский муниципальный район,муниципальный район,,55,Омская область,2018,9999,54.631046,72.392822,2322.951
1665,53-701-000-000,городской округ город Оренбург,городской округ,административный_центр_субъекта,56,Оренбургская область,2018,9999,51.7671248,55.0978517,1000.98
1666,53-704-000-000,городской округ Абдулинский,городской округ,,56,Оренбургская область,2018,9999,53.6828,53.655701,1782.917
1667,53-708-000-000,городской округ город Бугуруслан,городской округ,,56,Оренбургская область,2018,9999,53.6527806,52.4340458,83.846
1668,53-712-000-000,городской округ город Бузулук,городской округ,,56,Оренбургская область,2018,9999,52.7586837,52.28831670221607,58.633
1669,53-713-000-000,городской округ Гайский,городской округ,,56,Оренбургская область,2018,9999,51.471443,58.440517,2987.112
1670,53-714-000-000,городской округ Кувандыкский,городской округ,,56,Оренбургская область,2018,9999,51.478756,57.350796,5779.423
1671,53-715-000-000,городской округ город Медногорск,городской округ,,56,Оренбургская область,2018,9999,51.4049435,57.5803138,352.007
1672,53-720-000-000,городской округ город Новотроицк,городской округ,,56,Оренбургская область,2018,9999,51.196369,58.298527,401.671
1673,53-723-000-000,городской округ город Орск,городской округ,,56,Оренбургская область,2018,9999,51.2305015,58.4738015,1405.913
1674,53-725-000-000,городской округ Соль-Илецкий,городской округ,,56,Оренбургская область,2018,9999,51.161289,54.996372,5244.922
1675,53-727-000-000,городской округ Сорочинский,городской округ,,56,Оренбургская область,2018,9999,52.426971,53.154175,2824.704
1676,53-732-000-000,городской округ Ясненский,городской округ,,56,Оренбургская область,2018,9999,51.036957,59.873268,3795.083
1677,53-755-000-000,городской округ ЗАТО поселок Комаровский,городской округ,ЗАТО,56,Оренбургская область,2018,9999,51.025272,59.867516,15.114
1678,53-604-000-000,Адамовский муниципальный район,муниципальный район,,56,Оренбургская область,2018,9999,51.520966,59.940235,6531.023
1679,53-605-000-000,Акбулакский муниципальный район,муниципальный район,,56,Оренбургская область,2018,9999,51.006439,55.62648,4976.694
1680,53-606-000-000,Александровский муниципальный район,муниципальный район,,56,Оренбургская область,2018,9999,52.680561,54.413418,3051.534
1681,53-607-000-000,Асекеевский муниципальный район,муниципальный район,,56,Оренбургская область,2018,9999,53.580097,52.82431,2367.98
1682,53-610-000-000,Беляевский муниципальный район,муниципальный район,,56,Оренбургская область,2018,9999,51.398891,56.409542,3705.784
1683,53-611-000-000,Бугурусланский муниципальный район,муниципальный район,,56,Оренбургская область,2018,9999,53.6527806,52.4340458,2816.817
1684,53-612-000-000,Бузулукский муниципальный район,муниципальный район,,56,Оренбургская область,2018,9999,52.7586837,52.28831670221607,3802.69
1685,53-615-000-000,Грачёвский муниципальный район,муниципальный район,,56,Оренбургская область,2018,9999,52.919601,52.879501,1737.179
1686,53-617-000-000,Домбаровский муниципальный район,муниципальный район,,56,Оренбургская область,2018,9999,50.760067,59.536777,3590.533
1687,53-619-000-000,Илекский муниципальный район,муниципальный район,,56,Оренбургская область,2018,9999,51.527264,53.383327,3608.342
1688,53-622-000-000,Кваркенский муниципальный район,муниципальный район,,56,Оренбургская область,2018,9999,52.084141,59.722305,5220.431
1689,53-623-000-000,Красногвардейский муниципальный район,муниципальный район,,56,Оренбургская область,2018,9999,52.8480171,53.4871553,2898.183
1690,53-625-000-000,Курманаевский муниципальный район,муниципальный район,,56,Оренбургская область,2018,9999,52.506886,52.067692,2873.846
1691,53-627-000-000,Матвеевский муниципальный район,муниципальный район,,56,Оренбургская область,2018,9999,53.511856,53.482029,1773.214
1692,53-630-000-000,Новоорский муниципальный район,муниципальный район,,56,Оренбургская область,2018,9999,51.3812897,58.9857207,2949.668
1693,53-631-000-000,Новосергиевский муниципальный район,муниципальный район,,56,Оренбургская область,2018,9999,52.081001,53.653702,4532.729
1694,53-633-000-000,Октябрьский муниципальный район,муниципальный район,,56,Оренбургская область,2018,9999,52.345226,55.507576,2691.526
1695,53-634-000-000,Оренбургский муниципальный район,муниципальный район,,56,Оренбургская область,2018,9999,51.7671248,55.0978517,4932.702
1696,53-636-000-000,Первомайский муниципальный район,муниципальный район,,56,Оренбургская область,2018,9999,51.902344,51.639091,5045.786
1697,53-637-000-000,Переволоцкий муниципальный район,муниципальный район,,56,Оренбургская область,2018,9999,51.8749502,54.2080495,2733.256
1698,53-638-000-000,Пономарёвский муниципальный район,муниципальный район,,56,Оренбургская область,2018,9999,53.314846,54.121265,2054.528
1699,53-640-000-000,Сакмарский муниципальный район,муниципальный район,,56,Оренбургская область,2018,9999,51.9846,55.333401,2038.869
1700,53-641-000-000,Саракташский муниципальный район,муниципальный район,,56,Оренбургская область,2018,9999,51.7833,56.3591,3642.647
1701,53-642-000-000,Светлинский муниципальный район,муниципальный район,,56,Оренбургская область,2018,9999,50.820313,60.850288,5583.965
1702,53-643-000-000,Северный муниципальный район,муниципальный район,,56,Оренбургская область,2018,9999,54.091789,52.541626,2087.122
1703,53-651-000-000,Ташлинский муниципальный район,муниципальный район,,56,Оренбургская область,2018,9999,51.7696795,52.7403401,3438.633
1704,53-652-000-000,Тоцкий муниципальный район,муниципальный район,,56,Оренбургская область,2018,9999,52.530071,52.748413,3102.503
1705,53-653-000-000,Тюльганский муниципальный район,муниципальный район,,56,Оренбургская область,2018,9999,52.342068,56.161255,1894.551
1706,53-656-000-000,Шарлыкский муниципальный район,муниципальный район,,56,Оренбургская область,2018,9999,52.9276338,54.7455627,2890.516
1707,54-701-000-000,городской округ город Орёл,городской округ,административный_центр_субъекта,57,Орловская область,2018,9999,52.96801714999999,36.09949941816104,118.287
1708,54-705-000-000,городской округ город Ливны,городской округ,,57,Орловская область,2018,9999,52.42861105,37.60360592292363,24.63
1709,54-710-000-000,городской округ город Мценск,городской округ,,57,Орловская область,2018,9999,53.28197315,36.56915665105407,22.737
1710,54-604-000-000,Болховский муниципальный район,муниципальный район,,57,Орловская область,2018,9999,53.448994,36.002232,1185.198
1711,54-608-000-000,Верховский муниципальный район,муниципальный район,,57,Орловская область,2018,9999,52.810467,37.239925,1075.248
1712,54-610-000-000,Глазуновский муниципальный район,муниципальный район,,57,Орловская область,2018,9999,52.499466,36.322838,580.029
1713,54-612-000-000,Дмитровский муниципальный район,муниципальный район,,57,Орловская область,2018,9999,52.509418,35.145725,1234.229
1714,54-615-000-000,Должанский муниципальный район,муниципальный район,,57,Орловская область,2018,9999,52.0552637,37.5295749,908.123
1715,54-618-000-000,Залегощенский муниципальный район,муниципальный район,,57,Орловская область,2018,9999,52.90242,36.893154,1143.27
1716,54-620-000-000,Знаменский муниципальный район,муниципальный район,,57,Орловская область,2018,9999,53.276566,35.682129,810.173
1717,54-623-000-000,Колпнянский муниципальный район,муниципальный район,,57,Орловская область,2018,9999,52.222736,37.028606,1174.223
1718,54-624-000-000,Краснозоренский муниципальный район,муниципальный район,,57,Орловская область,2018,9999,52.780712,37.690243,650.499
1719,54-625-000-000,Кромской муниципальный район,муниципальный район,,57,Орловская область,2018,9999,52.688126,35.768337,967.09
1720,54-626-000-000,Корсаковский муниципальный район,муниципальный район,,57,Орловская область,2018,9999,53.266396,37.358795,694.893
1721,54-629-000-000,Ливенский муниципальный район,муниципальный район,,57,Орловская область,2018,9999,52.42861105,37.60360592292363,1814.538
1722,54-632-000-000,Малоархангельский муниципальный район,муниципальный район,,57,Орловская область,2018,9999,52.399578,36.504021,761.8
1723,54-636-000-000,Мценский муниципальный район,муниципальный район,,57,Орловская область,2018,9999,53.28197315,36.56915665105407,1663.232
1724,54-639-000-000,Новодеревеньковский муниципальный район,муниципальный район,,57,Орловская область,2018,9999,52.854115,37.446629,1017.621
1725,54-643-000-000,Новосильский муниципальный район,муниципальный район,,57,Орловская область,2018,9999,52.972939,37.041908,772.742
1726,54-647-000-000,Орловский муниципальный район,муниципальный район,,57,Орловская область,2018,2022,52.96801714999999,36.09949941816104,1708.195
1727,54-650-000-000,Покровский муниципальный район,муниципальный район,,57,Орловская область,2018,9999,52.607849,36.866261,1411.306
1728,54-652-000-000,Свердловский муниципальный район,муниципальный район,,57,Орловская область,2018,9999,52.672192,36.380112,1053.537
1729,54-653-000-000,Сосковский муниципальный район,муниципальный район,,57,Орловская область,2018,9999,52.74749,35.38665,611.891
1730,54-654-000-000,Троснянский муниципальный район,муниципальный район,,57,Орловская область,2018,9999,52.448105,35.780979,772.283
1731,54-655-000-000,Урицкий муниципальный район,муниципальный район,,57,Орловская область,2018,9999,52.97002115,35.71989336815815,834.717
1732,54-657-000-000,Хотынецкий муниципальный район,муниципальный район,,57,Орловская область,2018,9999,53.12459645,35.40448606686389,790.199
1733,54-659-000-000,Шаблыкинский муниципальный район,муниципальный район,,57,Орловская область,2018,9999,52.853958,35.195244,847.806
1734,56-701-000-000,городской округ город Пенза,городской округ,административный_центр_субъекта,58,Пензенская область,2018,9999,53.1937836,45.00674125060966,302.41
1735,56-705-000-000,городской округ город Кузнецк,городской округ,,58,Пензенская область,2018,9999,53.11946635,46.59347676165702,38.44
1736,56-734-000-000,городской округ ЗАТО город Заречный,городской округ,ЗАТО,58,Пензенская область,2018,9999,53.196014,45.169273,27.597
1737,56-603-000-000,Башмаковский муниципальный район,муниципальный район,,58,Пензенская область,2018,9999,53.2122204,43.0360244,1618.206
1738,56-609-000-000,Бековский муниципальный район,муниципальный район,,58,Пензенская область,2018,9999,52.4581207,43.7039446,1014.959
1739,56-612-000-000,Белинский муниципальный район,муниципальный район,,58,Пензенская область,2018,9999,52.9669338,43.4130625,2133.506
1740,56-613-000-000,Бессоновский муниципальный район,муниципальный район,,58,Пензенская область,2018,9999,53.309643,45.041382,1210.014
1741,56-615-000-000,Вадинский муниципальный район,муниципальный район,,58,Пензенская область,2018,9999,53.689247,43.044308,1038.755
1742,56-618-000-000,Городищенский муниципальный район,муниципальный район,,58,Пензенская область,2018,9999,53.273724,45.702282,2057.343
1743,56-623-000-000,Земетчинский муниципальный район,муниципальный район,,58,Пензенская область,2018,9999,53.4947753,42.618641,2109.335
1744,56-626-000-000,Иссинский муниципальный район,муниципальный район,,58,Пензенская область,2018,9999,53.865589,44.839645,927.984
1745,56-629-000-000,Каменский муниципальный район,муниципальный район,,58,Пензенская область,2018,9999,53.1850012,44.0529066,2200.713
1746,56-631-000-000,Камешкирский муниципальный район,муниципальный район,,58,Пензенская область,2018,9999,52.862823,46.091095,1269.732
1747,56-633-000-000,Колышлейский муниципальный район,муниципальный район,,58,Пензенская область,2018,9999,52.702633,44.535477,1686.004
1748,56-640-000-000,Кузнецкий муниципальный район,муниципальный район,,58,Пензенская область,2018,9999,53.11946635,46.59347676165702,2078.523
1749,56-642-000-000,Лопатинский муниципальный район,муниципальный район,,58,Пензенская область,2018,9999,52.614059,45.810112,1450.704
1750,56-643-000-000,Лунинский муниципальный район,муниципальный район,,58,Пензенская область,2018,9999,53.588295,45.222881,1706.571
1751,56-644-000-000,Малосердобинский муниципальный район,муниципальный район,,58,Пензенская область,2018,9999,52.46751,44.957035,1106.074
1752,56-645-000-000,Мокшанский муниципальный район,муниципальный район,,58,Пензенская область,2018,9999,53.439527,44.6059867,2227.152
1753,56-647-000-000,Наровчатский муниципальный район,муниципальный район,,58,Пензенская область,2018,9999,53.879417,43.699471,957.973
1754,56-649-000-000,Неверкинский муниципальный район,муниципальный район,,58,Пензенская область,2018,9999,52.79063,46.738441,985.25
1755,56-651-000-000,Нижнеломовский муниципальный район,муниципальный район,,58,Пензенская область,2018,9999,53.529991,43.673626,1764.645
1756,56-653-000-000,Никольский муниципальный район,муниципальный район,,58,Пензенская область,2018,9999,53.714596,46.085175,2517.221
1757,56-654-000-000,Пачелмский муниципальный район,муниципальный район,,58,Пензенская область,2018,9999,53.3320723,43.3199188,1326.067
1758,56-655-000-000,Пензенский муниципальный район,муниципальный район,,58,Пензенская область,2018,9999,52.824474,45.049759,2826.358
1759,56-656-000-000,Сердобский муниципальный район,муниципальный район,,58,Пензенская область,2018,9999,52.4559067,44.2029162,1716.839
1760,56-657-000-000,Сосновоборский муниципальный район,муниципальный район,,58,Пензенская область,2018,9999,53.294201,46.245583,1568.739
1761,56-606-000-000,Спасский муниципальный район,муниципальный район,,58,Пензенская область,2018,9999,53.92689525,43.19261628955434,695.035
1762,56-658-000-000,Тамалинский муниципальный район,муниципальный район,,58,Пензенская область,2018,9999,52.539822,43.255024,1238.718
1763,56-659-000-000,Шемышейский муниципальный район,муниципальный район,,58,Пензенская область,2018,9999,52.894306,45.392784,1592.285
1764,58-701-000-000,городской округ город Псков,городской округ,административный_центр_субъекта,60,Псковская область,2018,9999,57.8173923,28.3343465,95.546
1765,58-710-000-000,городской округ город Великие Луки,городской округ,,60,Псковская область,2018,9999,56.342361,30.527922,46.527
1766,58-604-000-000,Бежаницкий муниципальный район,муниципальный район,,60,Псковская область,2018,9999,56.9738846,29.8845309,3536.088
1767,58-606-000-000,Великолукский муниципальный район,муниципальный район,,60,Псковская область,2018,9999,56.342361,30.527922,3078.506
1768,58-608-000-000,Гдовский муниципальный район,муниципальный район,,60,Псковская область,2018,9999,58.743066,27.8156854,4681.779
1769,58-610-000-000,Дедовичский муниципальный район,муниципальный район,,60,Псковская область,2018,9999,57.551205,29.945297,2174.886
1770,58-612-000-000,Дновский муниципальный район,муниципальный район,,60,Псковская область,2018,9999,57.8288277,29.9611357,1191.258
1771,58-614-000-000,Красногородский муниципальный район,муниципальный район,,60,Псковская область,2018,2024,56.830654,28.284595,1327.616
1772,58-616-000-000,Куньинский муниципальный район,муниципальный район,,60,Псковская область,2018,9999,56.294902,30.9819213,2625.8
1773,58-618-000-000,Локнянский муниципальный район,муниципальный район,,60,Псковская область,2018,2024,56.824783,30.144482,2311.703
1774,58-620-000-000,Невельский муниципальный район,муниципальный район,,60,Псковская область,2018,2024,56.017616,29.917128,2689.474
1775,58-623-000-000,Новоржевский муниципальный район,муниципальный район,,60,Псковская область,2018,2024,57.031181,29.332918,1688.993
1776,58-626-000-000,Новосокольнический муниципальный район,муниципальный район,,60,Псковская область,2018,9999,56.34245945,30.15707084017992,1611.518
1777,58-629-000-000,Опочецкий муниципальный район,муниципальный район,,60,Псковская область,2018,2024,56.71167,28.656818,2039.268
1778,58-633-000-000,Островский муниципальный район,муниципальный район,,60,Псковская область,2018,9999,57.3414472,28.33858206894103,2436.201
1779,58-637-000-000,Палкинский муниципальный район,муниципальный район,,60,Псковская область,2018,9999,57.540539,28.009026,1189.918
1780,58-640-000-000,Печорский муниципальный район,муниципальный район,,60,Псковская область,2018,2024,57.813305,27.608185,1519.958
1781,58-643-000-000,Плюсский муниципальный район,муниципальный район,,60,Псковская область,2018,9999,58.420612,29.3706,2471.182
1782,58-647-000-000,Порховский муниципальный район,муниципальный район,,60,Псковская область,2018,9999,57.7680489,29.55114188079801,3154.711
1783,58-649-000-000,Псковский муниципальный район,муниципальный район,,60,Псковская область,2018,9999,57.8173923,28.3343465,4074.963
1784,58-650-000-000,Пустошкинский муниципальный район,муниципальный район,,60,Псковская область,2018,9999,56.33481725,29.37414069021668,1865.269
1785,58-651-000-000,Пушкиногорский муниципальный район,муниципальный район,,60,Псковская область,2018,9999,57.018421,28.917532,1059.534
1786,58-653-000-000,Пыталовский муниципальный район,муниципальный район,,60,Псковская область,2018,2024,57.062908,27.921061,1122.015
1787,58-654-000-000,Себежский муниципальный район,муниципальный район,,60,Псковская область,2018,9999,56.2774187,28.4848862,3071.029
1788,58-656-000-000,Струго-Красненский муниципальный район,муниципальный район,,60,Псковская область,2018,2024,58.2693219,29.1115963,3080.164
1789,58-658-000-000,Усвятский муниципальный район,муниципальный район,,60,Псковская область,2018,9999,55.7432428,30.7538528,1111.861
1790,60-701-000-000,городской округ город Ростов-на-Дону,городской округ,административный_центр_субъекта,61,Ростовская область,2018,9999,47.2216548,39.7096061,356.043
1791,60-704-000-000,городской округ город Азов,городской округ,,61,Ростовская область,2018,9999,47.1139219,39.4259657,66.174
1792,60-707-000-000,городской округ город Батайск,городской округ,,61,Ростовская область,2018,9999,47.107994,39.76833214202735,80.466
1793,60-712-000-000,городской округ город Волгодонск,городской округ,,61,Ростовская область,2018,9999,47.5412272,42.22788957160185,184.225
1794,60-715-000-000,городской округ город Гуково,городской округ,,61,Ростовская область,2018,9999,48.0460281,39.94867724242869,36.182
1795,60-717-000-000,городской округ город Донецк,городской округ,,61,Ростовская область,2018,9999,48.31877129999999,39.96400656850676,111.051
1796,60-718-000-000,городской округ город Зверево,городской округ,,61,Ростовская область,2018,9999,48.020645,40.118561,32.199
1797,60-719-000-000,городской округ город Каменск-Шахтинский,городской округ,,61,Ростовская область,2018,9999,48.27551875,40.2318349278581,159.378
1798,60-727-000-000,городской округ город Новочеркасск,городской округ,,61,Ростовская область,2018,9999,47.41974955,40.08673295927329,128.168
1799,60-730-000-000,городской округ город Новошахтинск,городской округ,,61,Ростовская область,2018,9999,47.79626975,39.89356042203926,140.102
1800,60-737-000-000,городской округ город Таганрог,городской округ,,61,Ростовская область,2018,9999,47.2392184,38.87550310009352,85.598
1801,60-740-000-000,городской округ город Шахты,городской округ,,61,Ростовская область,2018,9999,47.7119167,40.2115699,160.433
1802,60-601-000-000,Азовский муниципальный район,муниципальный район,,61,Ростовская область,2018,9999,47.1139219,39.4259657,2862.618
1803,60-602-000-000,Аксайский муниципальный район,муниципальный район,,61,Ростовская область,2018,9999,47.268696,39.861362,1156.347
1804,60-605-000-000,Багаевский муниципальный район,муниципальный район,,61,Ростовская область,2018,9999,47.321434,40.382904,950.035
1805,60-606-000-000,Белокалитвинский муниципальный район,муниципальный район,,61,Ростовская область,2018,9999,48.1751778,40.7902124,2655.913
1806,60-607-000-000,Боковский муниципальный район,муниципальный район,,61,Ростовская область,2018,9999,49.228859,41.834743,1908.283
1807,60-608-000-000,Верхнедонской муниципальный район,муниципальный район,,61,Ростовская область,2018,9999,49.793972,41.13895,2675.183
1808,60-609-000-000,Веселовский муниципальный район,муниципальный район,,61,Ростовская область,2018,9999,47.0918158,40.7415457,1348.094
1809,60-612-000-000,Волгодонской муниципальный район,муниципальный район,,61,Ростовская область,2018,9999,47.541866,42.021465,1374.618
1810,60-613-000-000,Дубовский муниципальный район,муниципальный район,,61,Ростовская область,2018,9999,47.411167,42.764225,4015.839
1811,60-615-000-000,Егорлыкский муниципальный район,муниципальный район,,61,Ростовская область,2018,9999,46.5630814,40.6495045,1481.204
1812,60-617-000-000,Заветинский муниципальный район,муниципальный район,,61,Ростовская область,2018,9999,47.117554,43.888069,4692.684
1813,60-618-000-000,Зерноградский муниципальный район,муниципальный район,,61,Ростовская область,2018,9999,46.844845,40.304813,2685.241
1814,60-619-000-000,Зимовниковский муниципальный район,муниципальный район,,61,Ростовская область,2018,9999,47.148918,42.46497,5043.894
1815,60-622-000-000,Кагальницкий муниципальный район,муниципальный район,,61,Ростовская область,2018,9999,46.879551,40.145775,1370.631
1816,60-623-000-000,Каменский муниципальный район,муниципальный район,,61,Ростовская область,2018,9999,48.5245462,40.3261435,2567.633
1817,60-624-000-000,Кашарский муниципальный район,муниципальный район,,61,Ростовская область,2018,9999,49.036999,41.008045,3145.5
1818,60-625-000-000,Константиновский муниципальный район,муниципальный район,,61,Ростовская область,2018,9999,47.582352,41.097084,2189.468
1819,60-626-000-000,Красносулинский муниципальный район,муниципальный район,,61,Ростовская область,2018,9999,47.8932048,40.0580434,2132.084
1820,60-627-000-000,Куйбышевский муниципальный район,муниципальный район,,61,Ростовская область,2018,9999,47.8117551,38.908325,872.92
1821,60-630-000-000,Мартыновский муниципальный район,муниципальный район,,61,Ростовская область,2018,9999,47.271027,41.667885,1913.465
1822,60-631-000-000,Матвеево-Курганский муниципальный район,муниципальный район,,61,Ростовская область,2018,9999,47.568459,38.861942,1708.962
1823,60-632-000-000,Миллеровский муниципальный район,муниципальный район,,61,Ростовская область,2018,9999,48.9196264,40.391854,3239.566
1824,60-633-000-000,Милютинский муниципальный район,муниципальный район,,61,Ростовская область,2018,9999,48.62788,41.669491,2113.922
1825,60-634-000-000,Морозовский муниципальный район,муниципальный район,,61,Ростовская область,2018,9999,48.352379,41.828762,2546.811
1826,60-635-000-000,Мясниковский муниципальный район,муниципальный район,,61,Ростовская область,2018,9999,47.283455,39.501518,883.82
1827,60-636-000-000,Неклиновский муниципальный район,муниципальный район,,61,Ростовская область,2018,9999,47.41428,38.896759,2073.641
1828,60-640-000-000,Обливский муниципальный район,муниципальный район,,61,Ростовская область,2018,9999,48.5359734,42.5014974,2014.188
1829,60-641-000-000,Октябрьский муниципальный район,муниципальный район,,61,Ростовская область,2018,9999,47.6692096,40.2052904,1983.913
1830,60-642-000-000,Орловский муниципальный район,муниципальный район,,61,Ростовская область,2018,9999,46.869869,42.051865,3354.527
1831,60-644-000-000,Песчанокопский муниципальный район,муниципальный район,,61,Ростовская область,2018,9999,46.184349,41.084557,1881.795
1832,60-645-000-000,Пролетарский муниципальный район,муниципальный район,,61,Ростовская область,2018,9999,46.700161,41.724079,2742.321
1833,60-647-000-000,Ремонтненский муниципальный район,муниципальный район,,61,Ростовская область,2018,9999,46.56118,43.656048,3776.892
1834,60-648-000-000,Родионово-Несветайский муниципальный район,муниципальный район,,61,Ростовская область,2018,9999,47.6135406,39.7012529,1548.311
1835,60-650-000-000,Сальский муниципальный район,муниципальный район,,61,Ростовская область,2018,9999,46.476669,41.541008,3549.337
1836,60-651-000-000,Семикаракорский муниципальный район,муниципальный район,,61,Ростовская область,2018,9999,47.516393,40.8122575,1399.097
1837,60-652-000-000,Советский муниципальный район,муниципальный район,,61,Ростовская область,2018,9999,49.009205,42.120247,1298.346
1838,60-653-000-000,Тарасовский муниципальный район,муниципальный район,,61,Ростовская область,2018,9999,48.727145,40.3554416,2765.868
1839,60-654-000-000,Тацинский муниципальный район,муниципальный район,,61,Ростовская область,2018,9999,48.193871,41.280865,2409.255
1840,60-655-000-000,Усть-Донецкий муниципальный район,муниципальный район,,61,Ростовская область,2018,9999,47.640224,40.868748,1161.285
1841,60-656-000-000,Целинский муниципальный район,муниципальный район,,61,Ростовская область,2018,9999,46.533634,41.028214,2130.772
1842,60-657-000-000,Цимлянский муниципальный район,муниципальный район,,61,Ростовская область,2018,9999,47.650585,42.098232,2552.666
1843,60-658-000-000,Чертковский муниципальный район,муниципальный район,,61,Ростовская область,2018,9999,49.3799763,40.1491516,2739.49
1844,60-659-000-000,Шолоховский муниципальный район,муниципальный район,,61,Ростовская область,2018,9999,49.628994,41.725105,2532.787
1845,61-701-000-000,городской округ город Рязань,городской округ,административный_центр_субъекта,62,Рязанская область,2018,9999,54.6275359,39.7401716,223.804
1846,61-705-000-000,городской округ город Касимов,городской округ,,62,Рязанская область,2018,9999,54.939178,41.4065368680201,32.781
1847,61-710-000-000,городской округ город Сасово,городской округ,,62,Рязанская область,2018,2024,54.35392,41.926643,24.012
1848,61-715-000-000,городской округ город Скопин,городской округ,,62,Рязанская область,2018,9999,53.823524,39.549274,32.805
1849,61-602-000-000,Ермишинский муниципальный район,муниципальный район,,62,Рязанская область,2018,9999,54.7677911,42.2760267,1344.982
1850,61-604-000-000,Захаровский муниципальный район,муниципальный район,,62,Рязанская область,2018,9999,54.370804,39.281532,985.725
1851,61-606-000-000,Кадомский муниципальный район,муниципальный район,,62,Рязанская область,2018,9999,54.5591315,42.4683026,992.838
1852,61-608-000-000,Касимовский муниципальный район,муниципальный район,,62,Рязанская область,2018,9999,54.939178,41.4065368680201,2966.581
1853,61-610-000-000,Клепиковский муниципальный район,муниципальный район,,62,Рязанская область,2018,9999,55.130867,40.176037,3252.184
1854,61-612-000-000,Кораблинский муниципальный район,муниципальный район,,62,Рязанская область,2018,9999,53.9268971,40.034462,1171.286
1855,61-615-000-000,Милославский муниципальный район,муниципальный район,,62,Рязанская область,2018,9999,53.579839,39.445062,1394.1
1856,61-617-000-000,Михайловский муниципальный район,муниципальный район,,62,Рязанская область,2018,9999,54.2443989,39.0473579,1840.656
1857,61-620-000-000,Александро-Невский муниципальный район,муниципальный район,,62,Рязанская область,2018,9999,53.47530065,40.20570951195819,833.86
1858,61-623-000-000,Пителинский муниципальный район,муниципальный район,,62,Рязанская область,2018,9999,54.575684,41.814919,946.068
1859,61-625-000-000,Пронский муниципальный район,муниципальный район,,62,Рязанская область,2018,9999,54.121353,39.605293,1066.158
1860,61-626-000-000,Путятинский муниципальный район,муниципальный район,,62,Рязанская область,2018,2024,54.160557,41.121109,999.11
1861,61-627-000-000,Рыбновский муниципальный район,муниципальный район,,62,Рязанская область,2018,9999,54.7268415,39.5088612,1411.816
1862,61-630-000-000,Ряжский муниципальный район,муниципальный район,,62,Рязанская область,2018,2024,53.708878,40.062984,1019.223
1863,61-634-000-000,Рязанский муниципальный район,муниципальный район,,62,Рязанская область,2018,9999,54.6275359,39.7401716,2186.688
1864,61-637-000-000,Сапожковский муниципальный район,муниципальный район,,62,Рязанская область,2018,9999,53.943381,40.6826073,959.121
1865,61-640-000-000,Сараевский муниципальный район,муниципальный район,,62,Рязанская область,2018,9999,53.7212373,40.9967135,2116.809
1866,61-642-000-000,Сасовский муниципальный район,муниципальный район,,62,Рязанская область,2018,2024,54.35392,41.926643,1812.399
1867,61-644-000-000,Скопинский муниципальный район,муниципальный район,,62,Рязанская область,2018,9999,53.823524,39.549274,1717.11
1868,61-646-000-000,Спасский муниципальный район,муниципальный район,,62,Рязанская область,2018,9999,54.4078801,40.380539,2710.974
1869,61-648-000-000,Старожиловский муниципальный район,муниципальный район,,62,Рязанская область,2018,9999,54.228333,39.911388,1005.747
1870,61-650-000-000,Ухоловский муниципальный район,муниципальный район,,62,Рязанская область,2018,9999,53.791138,40.488274,957.404
1871,61-653-000-000,Чучковский муниципальный район,муниципальный район,,62,Рязанская область,2018,9999,54.2685218,41.4479928,898.304
1872,61-656-000-000,Шацкий муниципальный район,муниципальный район,,62,Рязанская область,2018,9999,54.028687,41.712601,2417.586
1873,61-658-000-000,Шиловский муниципальный район,муниципальный район,,62,Рязанская область,2018,9999,54.3226555,40.8874676,2391.849
1874,36-701-000-000,городской округ Самара,городской округ,административный_центр_субъекта,63,Самарская область,2018,9999,53.2194648,50.2039316,542.184
1875,36-704-000-000,городской округ Жигулевск,городской округ,,63,Самарская область,2018,9999,53.4005122,49.4955657,94.457
1876,36-708-000-000,городской округ Кинель,городской округ,,63,Самарская область,2018,9999,53.219738,50.633228,109.033
1877,36-713-000-000,городской округ Новокуйбышевск,городской округ,,63,Самарская область,2018,9999,53.099243,49.948364,264.976
1878,36-718-000-000,городской округ Октябрьск,городской округ,,63,Самарская область,2018,9999,53.18055005,48.74651999302929,33.853
1879,36-724-000-000,городской округ Отрадный,городской округ,,63,Самарская область,2018,9999,53.376175,51.348053,54.247
1880,36-727-000-000,городской округ Похвистнево,городской округ,,63,Самарская область,2018,9999,53.646797,52.123344,72.7
1881,36-735-000-000,городской округ Сызрань,городской округ,,63,Самарская область,2018,9999,53.15538,48.474121,151.734
1882,36-740-000-000,городской округ Тольятти,городской округ,,63,Самарская область,2018,9999,53.5149884,49.4073316,285.636
1883,36-750-000-000,городской округ Чапаевск,городской округ,,63,Самарская область,2018,9999,52.981285,49.711193,202.03
1884,36-602-000-000,Алексеевский муниципальный район,муниципальный район,,63,Самарская область,2018,9999,52.58308,51.273315,1887.928
1885,36-604-000-000,Безенчукский муниципальный район,муниципальный район,,63,Самарская область,2018,9999,52.985322,49.4322968,1987.804
1886,36-606-000-000,Богатовский муниципальный район,муниципальный район,,63,Самарская область,2018,9999,53.057625,51.333107,823.184
1887,36-608-000-000,Большеглушицкий муниципальный район,муниципальный район,,63,Самарская область,2018,9999,52.3921744,50.4723158,2535.713
1888,36-610-000-000,Большечерниговский муниципальный район,муниципальный район,,63,Самарская область,2018,9999,52.0951085,50.867893,2806.94
1889,36-612-000-000,Борский муниципальный район,муниципальный район,,63,Самарская область,2018,9999,53.025925,51.698658,2106.166
1890,36-614-000-000,Волжский муниципальный район,муниципальный район,,63,Самарская область,2018,9999,53.2194648,50.2039316,2481.631
1891,36-615-000-000,Елховский муниципальный район,муниципальный район,,63,Самарская область,2018,9999,53.8669944,50.2889016,1198.608
1892,36-616-000-000,Исаклинский муниципальный район,муниципальный район,,63,Самарская область,2018,9999,54.1327138,51.5340222,1581.98
1893,36-617-000-000,Камышлинский муниципальный район,муниципальный район,,63,Самарская область,2018,9999,54.112331,52.144077,824.337
1894,36-618-000-000,Кинельский муниципальный район,муниципальный район,,63,Самарская область,2018,9999,53.219738,50.633228,2051.667
1895,36-620-000-000,Кинель-Черкасский муниципальный район,муниципальный район,,63,Самарская область,2018,9999,53.4644344,51.4755083,2481.518
1896,36-622-000-000,Клявлинский муниципальный район,муниципальный район,,63,Самарская область,2018,9999,54.2648503,52.0262235,1251.084
1897,36-624-000-000,Кошкинский муниципальный район,муниципальный район,,63,Самарская область,2018,9999,54.2043367,50.4704827,1644.158
1898,36-626-000-000,Красноармейский муниципальный район,муниципальный район,,63,Самарская область,2018,9999,52.711071,50.033352,2130.544
1899,36-628-000-000,Красноярский муниципальный район,муниципальный район,,63,Самарская область,2018,9999,53.4935913,50.393488,2430.258
1900,36-630-000-000,Нефтегорский муниципальный район,муниципальный район,,63,Самарская область,2018,9999,52.80381,51.163864,1404.495
1901,36-632-000-000,Пестравский муниципальный район,муниципальный район,,63,Самарская область,2018,9999,52.4105973,49.9491334,1958.613
1902,36-634-000-000,Похвистневский муниципальный район,муниципальный район,,63,Самарская область,2018,9999,53.646797,52.123344,2100.115
1903,36-636-000-000,Приволжский муниципальный район,муниципальный район,,63,Самарская область,2018,9999,52.859441,48.6015765,1436.17
1904,36-638-000-000,Сергиевский муниципальный район,муниципальный район,,63,Самарская область,2018,9999,53.94128,51.165012,2753.327
1905,36-640-000-000,Ставропольский муниципальный район,муниципальный район,,63,Самарская область,2018,9999,53.5149884,49.4073316,3701.531
1906,36-642-000-000,Сызранский муниципальный район,муниципальный район,,63,Самарская область,2018,9999,53.15538,48.474121,1851.418
1907,36-644-000-000,Хворостянский муниципальный район,муниципальный район,,63,Самарская область,2018,9999,52.617241,48.953163,1842.436
1908,36-646-000-000,Челно-Вершинский муниципальный район,муниципальный район,,63,Самарская область,2018,9999,54.4197817,51.0817001,1169.123
1909,36-648-000-000,Шенталинский муниципальный район,муниципальный район,,63,Самарская область,2018,9999,54.4374232,51.4637213,1336.816
1910,36-650-000-000,Шигонский муниципальный район,муниципальный район,,63,Самарская область,2018,9999,53.387,48.6782,1993.858
1911,63-701-000-000,городской округ город Саратов,городской округ,административный_центр_субъекта,64,Саратовская область,2018,2022,51.530018,46.034683,403.899
1912,63-746-000-000,городской округ ЗАТО Шиханы,городской округ,ЗАТО,64,Саратовская область,2018,2020,52.114838,47.198475,9.996
1913,63-760-000-000,городской округ ЗАТО Михайловский,городской округ,ЗАТО,64,Саратовская область,2018,2020,51.76791,48.587875,12.626
1914,63-775-000-000,городской округ ЗАТО Светлый,городской округ,ЗАТО,64,Саратовская область,2018,9999,51.6737086,45.6227753,3.436
1915,63-602-000-000,Александрово-Гайский муниципальный район,муниципальный район,,64,Саратовская область,2018,9999,50.14246,48.568436,2700.951
1916,63-603-000-000,Аркадакский муниципальный район,муниципальный район,,64,Саратовская область,2018,9999,51.942913,43.489098,2237.374
1917,63-604-000-000,Аткарский муниципальный район,муниципальный район,,64,Саратовская область,2018,9999,51.8750207,44.997499,2678.978
1918,63-606-000-000,Базарно-Карабулакский муниципальный район,муниципальный район,,64,Саратовская область,2018,9999,52.277653,46.410679,2289.16
1919,63-607-000-000,Балаковский муниципальный район,муниципальный район,,64,Саратовская область,2018,9999,52.01812,47.819141,3195.967
1920,63-608-000-000,Балашовский муниципальный район,муниципальный район,,64,Саратовская область,2018,9999,51.5546717,43.1430732,2926.188
1921,63-609-000-000,Балтайский муниципальный район,муниципальный район,,64,Саратовская область,2018,9999,52.468105,46.628967,1238.215
1922,63-611-000-000,Вольский муниципальный район,муниципальный район,,64,Саратовская область,2018,9999,52.042755,47.386032,3856.988
1923,63-612-000-000,Воскресенский муниципальный район,муниципальный район,,64,Саратовская область,2018,9999,51.823921,46.931858,1501.151
1924,63-613-000-000,Дергачевский муниципальный район,муниципальный район,,64,Саратовская область,2018,9999,51.235374,48.768578,4499.349
1925,63-614-000-000,Духовницкий муниципальный район,муниципальный район,,64,Саратовская область,2018,9999,52.4793156,48.2021353,1947.495
1926,63-616-000-000,Екатериновский муниципальный район,муниципальный район,,64,Саратовская область,2018,9999,52.0536048,44.3498585,3036.865
1927,63-617-000-000,Ершовский муниципальный район,муниципальный район,,64,Саратовская область,2018,9999,51.349793,48.2657332,4213.818
1928,63-619-000-000,Ивантеевский муниципальный район,муниципальный район,,64,Саратовская область,2018,9999,52.269524,49.107063,2050.629
1929,63-621-000-000,Калининский муниципальный район,муниципальный район,,64,Саратовская область,2018,9999,51.499947,44.484581,3257.984
1930,63-622-000-000,Красноармейский муниципальный район,муниципальный район,,64,Саратовская область,2018,9999,51.025776,45.69252,3295.524
1931,63-623-000-000,Краснокутский муниципальный район,муниципальный район,,64,Саратовская область,2018,9999,50.9459056,46.972462,2927.474
1932,63-624-000-000,Краснопартизанский муниципальный район,муниципальный район,,64,Саратовская область,2018,9999,51.756121,48.5385335,2382.422
1933,63-625-000-000,Лысогорский муниципальный район,муниципальный район,,64,Саратовская область,2018,9999,51.544968,44.836826,2340.669
1934,63-626-000-000,Марксовский муниципальный район,муниципальный район,,64,Саратовская область,2018,9999,51.7069911,46.7483653,2898.094
1935,63-629-000-000,Новобурасский муниципальный район,муниципальный район,,64,Саратовская область,2018,9999,52.129726,46.076084,1750.303
1936,63-630-000-000,Новоузенский муниципальный район,муниципальный район,,64,Саратовская область,2018,9999,50.462326,48.135532,4124.741
1937,63-632-000-000,Озинский муниципальный район,муниципальный район,,64,Саратовская область,2018,9999,51.198559,49.72654,4086.376
1938,63-634-000-000,Перелюбский муниципальный район,муниципальный район,,64,Саратовская область,2018,9999,51.85857,50.344826,3706.647
1939,63-635-000-000,Петровский муниципальный район,муниципальный район,,64,Саратовская область,2018,9999,52.3094494,45.3889831,2319.457
1940,63-636-000-000,Питерский муниципальный район,муниципальный район,,64,Саратовская область,2018,9999,50.678619,47.443729,2581.724
1941,63-637-000-000,Пугачевский муниципальный район,муниципальный район,,64,Саратовская область,2018,9999,52.0121253,48.8109795,3908.346
1942,63-639-000-000,Ровенский муниципальный район,муниципальный район,,64,Саратовская область,2018,9999,50.775948,46.057549,2108.607
1943,63-640-000-000,Романовский муниципальный район,муниципальный район,,64,Саратовская область,2018,9999,51.7410278,42.7557244,1286.756
1944,63-641-000-000,Ртищевский муниципальный район,муниципальный район,,64,Саратовская область,2018,9999,52.2599057,43.7877429,2301.761
1945,63-642-000-000,Самойловский муниципальный район,муниципальный район,,64,Саратовская область,2018,9999,51.1860003,43.7067631,2590.913
1946,63-643-000-000,Саратовский муниципальный район,муниципальный район,,64,Саратовская область,2018,2022,51.530018,46.034683,1960.008
1947,63-644-000-000,Советский муниципальный район,муниципальный район,,64,Саратовская область,2018,9999,51.378075,46.844463,1429.799
1948,63-646-000-000,Татищевский муниципальный район,муниципальный район,,64,Саратовская область,2018,9999,51.672623,45.5947,2063.749
1949,63-647-000-000,Турковский муниципальный район,муниципальный район,,64,Саратовская область,2018,9999,51.9927589,43.2745396,1407.27
1950,63-648-000-000,Федоровский муниципальный район,муниципальный район,,64,Саратовская область,2018,9999,51.237442,47.51474,2518.75
1951,63-649-000-000,Хвалынский муниципальный район,муниципальный район,,64,Саратовская область,2018,9999,52.495499,48.105888,1962.19
1952,63-650-000-000,Энгельсский муниципальный район,муниципальный район,,64,Саратовская область,2018,9999,51.5013775,46.1233093,3167.772
1953,64-701-000-000,городской округ город Южно-Сахалинск,городской округ,административный_центр_субъекта,65,Сахалинская область,2018,9999,46.9574273,142.727438,901.403
1954,64-704-000-000,городской округ Александровск-Сахалинский район,городской округ,,65,Сахалинская область,2018,9999,50.8974983,142.1591667,9384.482
1955,64-708-000-000,городской округ Анивский,городской округ,,65,Сахалинская область,2018,9999,46.7147768,142.527515,5713.711
1956,64-712-000-000,городской округ Долинский,городской округ,,65,Сахалинская область,2018,9999,47.3241456,142.7979361,4888.756
1957,64-716-000-000,городской округ Корсаковский,городской округ,,65,Сахалинская область,2018,9999,46.632815,142.7810147,8909.039
1958,64-720-000-000,городской округ Курильский,городской округ,,65,Сахалинская область,2018,9999,45.2290413,147.8751845,31932.201
1959,64-724-000-000,городской округ Макаровский,городской округ,,65,Сахалинская область,2018,9999,48.6242527,142.7814002,4623.77
1960,64-728-000-000,городской округ Невельский,городской округ,,65,Сахалинская область,2018,9999,46.6877802,141.8601144,6640.86
1961,64-732-000-000,городской округ Ногликский,городской округ,,65,Сахалинская область,2018,9999,51.7953617,143.1365077,16386.293
1962,64-736-000-000,городской округ Охинский,городской округ,,65,Сахалинская область,2018,9999,53.5891992,142.9496845,26054.762
1963,64-740-000-000,городской округ Поронайский,городской округ,,65,Сахалинская область,2018,9999,49.2216366,143.1015759,16308.464
1964,64-743-000-000,городской округ Северо-Курильский,городской округ,,65,Сахалинская область,2018,9999,50.6683048,156.1154399,33859.398
1965,64-746-000-000,городской округ Смирныховский,городской округ,,65,Сахалинская область,2018,9999,49.7423531,142.8320066,13324.32
1966,64-748-000-000,городской округ Томаринский,городской округ,,65,Сахалинская область,2018,9999,47.7612087,142.063478,5649.164
1967,64-750-000-000,городской округ Тымовский,городской округ,,65,Сахалинская область,2018,9999,50.845556,142.655,6303.703
1968,64-752-000-000,городской округ Углегорский,городской округ,,65,Сахалинская область,2018,9999,49.079296,142.0633622,7324.827
1969,64-754-000-000,городской округ Холмский,городской округ,,65,Сахалинская область,2018,9999,47.0545875,142.0487125,4206.14
1970,64-756-000-000,городской округ Южно-Курильский,городской округ,,65,Сахалинская область,2018,9999,44.0270756,145.8613722,15065.354
1971,65-701-000-000,городской округ город Екатеринбург,городской округ,административный_центр_субъекта,66,Свердловская область,2018,9999,56.839104,60.60825,1147.407
1972,65-728-000-000,городской округ город Алапаевск,городской округ,,66,Свердловская область,2018,9999,57.850811,61.695,1080.563
1973,65-703-000-000,городской округ Артемовский,городской округ,,66,Свердловская область,2018,9999,57.3431854,61.8775035,2030.215
1974,65-730-000-000,городской округ Асбестовский,городской округ,,66,Свердловская область,2018,9999,57.0052746,61.4580765,741.412
1975,65-762-000-000,городской округ Малышевский,городской округ,,66,Свердловская область,2018,9999,57.116123,61.397663,42.217
1976,65-763-000-000,городской округ Рефтинский,городской округ,,66,Свердловская область,2018,9999,57.09153,61.678349,9.355
1977,65-731-000-000,городской округ Березовский,городской округ,,66,Свердловская область,2018,9999,56.9097871,60.8120254,1163.817
1978,65-707-000-000,городской округ Богданович,городской округ,,66,Свердловская область,2018,9999,56.7683407,62.0520774,1498.216
1979,65-732-000-000,городской округ Верхняя Пышма,городской округ,,66,Свердловская область,2018,9999,56.9724682,60.5738926,1018.571
1980,65-757-000-000,городской округ Среднеуральск,городской округ,,66,Свердловская область,2018,9999,56.991631,60.46888,82.821
1981,65-708-000-000,городской округ Верхнесалдинский,городской округ,,66,Свердловская область,2018,9999,58.043598,60.554832,1695.464
1982,65-737-000-000,городской округ Заречный,городской округ,,66,Свердловская область,2018,9999,56.8149706,61.3205936,299.092
1983,65-738-000-000,городской округ Ивдельский,городской округ,,66,Свердловская область,2018,9999,60.6973287,60.4172583,20861.349
1984,65-764-000-000,городской округ Пелым,городской округ,,66,Свердловская область,2018,9999,61.017914,61.990154,4839.389
1985,65-739-000-000,городской округ город Ирбит,городской округ,,66,Свердловская область,2018,9999,57.674042,63.063778,80.719
1986,65-740-000-000,городской округ город Каменск-Уральский,городской округ,,66,Свердловская область,2018,9999,56.415451,61.917797,142.454
1987,65-741-000-000,городской округ Камышловский,городской округ,,66,Свердловская область,2018,9999,56.8484356,62.71879520931047,52.522
1988,65-742-000-000,городской округ Карпинск,городской округ,,66,Свердловская область,2018,9999,59.7667893,60.0009267,5540.307
1989,65-735-000-000,городской округ Волчанский,городской округ,,66,Свердловская область,2018,9999,59.9347177,60.0779677,476.327
1990,65-743-000-000,городской округ Качканарский,городской округ,,66,Свердловская область,2018,9999,58.6981697,59.4810114,332.509
1991,65-744-000-000,городской округ Кировградский,городской округ,,66,Свердловская область,2018,9999,57.4264892,60.0664537,661.076
1992,65-733-000-000,городской округ Верхний Тагил,городской округ,,66,Свердловская область,2018,9999,57.3745174,59.9320798,304.544
1993,65-745-000-000,городской округ Краснотурьинск,городской округ,,66,Свердловская область,2018,9999,59.764631,60.1936117,722.038
1994,65-746-000-000,городской округ Красноуральск,городской округ,,66,Свердловская область,2018,9999,58.357063,60.037445,1618.572
1995,65-747-000-000,городской округ Красноуфимск,городской округ,,66,Свердловская область,2018,9999,56.6180735,57.7713452,129.46
1996,65-748-000-000,городской округ Кушвинский,городской округ,,66,Свердловская область,2018,9999,58.2816811,59.7625022,2152.808
1997,65-734-000-000,городской округ Верхняя Тура,городской округ,,66,Свердловская область,2018,9999,58.3605,59.81823,240.571
1998,65-749-000-000,городской округ город Лесной,городской округ,ЗАТО,66,Свердловская область,2018,9999,58.63644,59.789658,350.694
1999,65-714-000-000,городской округ Невьянский,городской округ,,66,Свердловская область,2018,9999,57.4924036,60.2105408,1915.392
2000,65-751-000-000,городской округ город Нижний Тагил,городской округ,,66,Свердловская область,2018,9999,57.905149,59.9508466,4390.509
2001,65-750-000-000,городской округ Нижняя Салда,городской округ,,66,Свердловская область,2018,9999,58.071352,60.7146772,590.098
2002,65-715-000-000,городской округ Нижнетуринский,городской округ,,66,Свердловская область,2018,9999,58.6207762,59.8473233,1945.335
2003,65-752-000-000,городской округ Новоуральский,городской округ,ЗАТО,66,Свердловская область,2018,9999,57.247047,60.095818,428.677
2004,65-753-000-000,городской округ Первоуральск,городской округ,,66,Свердловская область,2018,9999,56.90839575,59.94301101449327,2055.85
2005,65-754-000-000,городской округ Полевской,городской округ,,66,Свердловская область,2018,9999,56.442108,60.165859,1544.234
2006,65-719-000-000,городской округ Ревда,городской округ,,66,Свердловская область,2018,9999,56.8000651,59.9086688,923.457
2007,65-736-000-000,городской округ Дегтярск,городской округ,,66,Свердловская область,2018,9999,56.698341,60.086807,193.218
2008,65-720-000-000,городской округ Режевской,городской округ,,66,Свердловская область,2018,9999,57.370647,61.4042865,1945.448
2009,65-755-000-000,городской округ Североуральский,городской округ,,66,Свердловская область,2018,9999,60.15016,59.960517,3507.663
2010,65-756-000-000,городской округ Серовский,городской округ,,66,Свердловская область,2018,9999,59.6051267,60.5733483,6778.898
2011,65-758-000-000,городской округ Сухой Лог,городской округ,,66,Свердловская область,2018,9999,56.9047389,62.0350233,1679.701
2012,65-723-000-000,городской округ Тавдинский,городской округ,,66,Свердловская область,2018,9999,58.0413743,65.2719986,6558.398
2013,65-765-000-000,городской округ ЗАТО Свободный,городской округ,ЗАТО,66,Свердловская область,2018,9999,58.0515866,60.40531237318184,279.593
2014,65-767-000-000,городской округ поселок Уральский,городской округ,ЗАТО,66,Свердловская область,2018,9999,56.674282,61.080585,8.422
2015,65-771-000-000,городской округ Алапаевское,городской округ,,66,Свердловская область,2018,9999,57.850811,61.695,4898.458
2016,65-769-000-000,городской округ Махнёвское,городской округ,,66,Свердловская область,2018,9999,58.447056,61.707623,5119.142
2017,65-704-000-000,городской округ Артинский,городской округ,,66,Свердловская область,2018,9999,56.4255703,58.5326906,2778.749
2018,65-705-000-000,городской округ Ачитский,городской округ,,66,Свердловская область,2018,9999,56.801308,57.898392,2088.78
2019,65-706-000-000,городской округ Белоярский,городской округ,,66,Свердловская область,2018,9999,56.761642,61.414257,1251.114
2020,65-760-000-000,городской округ Верхнее Дуброво,городской округ,,66,Свердловская область,2018,9999,56.7549822,61.043128,45.069
2021,65-709-000-000,городской округ Верхотурский,городской округ,,66,Свердловская область,2018,9999,58.861702,60.809338,4909.268
2022,65-710-000-000,городской округ Гаринский,городской округ,,66,Свердловская область,2018,9999,59.427441,62.35247,16791.19
2023,65-711-000-000,городской округ Ирбитское,городской округ,,66,Свердловская область,2018,9999,57.674042,63.063778,4727.786
2024,65-712-000-000,городской округ Каменский,городской округ,,66,Свердловская область,2018,9999,56.415451,61.917797,2158.124
2025,65-713-000-000,городской округ Красноуфимский округ,городской округ,,66,Свердловская область,2018,9999,56.6180735,57.7713452,3310.168
2026,65-761-000-000,городской округ Верх-Нейвинский,городской округ,,66,Свердловская область,2018,9999,57.2656361,60.131616,51.03
2027,65-759-000-000,городской округ Бисертский,городской округ,,66,Свердловская область,2018,9999,56.8518027,59.0530375,1295.586
2028,65-716-000-000,городской округ Новолялинский,городской округ,,66,Свердловская область,2018,9999,59.052734,60.595974,6203.781
2029,65-717-000-000,городской округ Горноуральский,городской округ,,66,Свердловская область,2018,9999,57.905149,59.9508466,3434.609
2030,65-718-000-000,городской округ Пышминский,городской округ,,66,Свердловская область,2018,9999,56.950695,63.246532,1902.48
2031,65-721-000-000,городской округ Сосьвинский,городской округ,,66,Свердловская область,2018,9999,59.173889,61.861935,4740.98
2032,65-722-000-000,городской округ Сысертский,городской округ,,66,Свердловская область,2018,9999,56.5030175,60.8093215,2009.462
2033,65-729-000-000,городской округ Арамильский,городской округ,,66,Свердловская область,2018,9999,56.6962917,60.8330976,26.533
2034,65-724-000-000,городской округ Талицкий,городской округ,,66,Свердловская область,2018,9999,57.014816,63.730244,4430.302
2035,65-725-000-000,городской округ Тугулымский,городской округ,,66,Свердловская область,2018,9999,57.059,64.6406,3331.542
2036,65-726-000-000,городской округ Туринский,городской округ,,66,Свердловская область,2018,9999,58.0525487,63.6908787,7551.45
2037,65-727-000-000,городской округ Шалинский,городской округ,,66,Свердловская область,2018,9999,57.2461908,58.7292306,4290.019
2038,65-766-000-000,городской округ Староуткинск,городской округ,,66,Свердловская область,2018,9999,57.2281921,59.3234276,601.595
2039,65-608-000-000,Байкаловский муниципальный район,муниципальный район,,66,Свердловская область,2018,9999,57.393711,63.764805,2320.176
2040,65-623-000-000,Камышловский муниципальный район,муниципальный район,,66,Свердловская область,2018,9999,56.8484356,62.71879520931047,2216.687
2041,65-639-000-000,Слободо-Туринский муниципальный район,муниципальный район,,66,Свердловская область,2018,9999,57.61797,64.384918,2688.627
2042,65-628-000-000,Нижнесергинский муниципальный район,муниципальный район,,66,Свердловская область,2018,9999,56.6619,59.30003,3692.449
2043,65-645-000-000,Таборинский муниципальный район,муниципальный район,,66,Свердловская область,2018,9999,58.5196678,64.5566111,11274.546
2044,66-701-000-000,городской округ город Смоленск,городской округ,административный_центр_субъекта,67,Смоленская область,2018,9999,54.7814057,32.0461261,166.548
2045,66-710-000-000,городской округ город Десногорск,городской округ,,67,Смоленская область,2018,9999,54.1516661,33.2881028,56.762
2046,66-603-000-000,Велижский муниципальный район,муниципальный район,,67,Смоленская область,2018,9999,55.6045223,31.1949976,1489.517
2047,66-605-000-000,Вяземский муниципальный район,муниципальный район,,67,Смоленская область,2018,9999,55.1835215,34.33816673607038,3352.86
2048,66-608-000-000,Гагаринский муниципальный район,муниципальный район,,67,Смоленская область,2018,9999,55.55338655,34.99051315482606,2903.059
2049,66-609-000-000,Глинковский муниципальный район,муниципальный район,,67,Смоленская область,2018,9999,54.6425664,32.8729273,1227.253
2050,66-611-000-000,Демидовский муниципальный район,муниципальный район,,67,Смоленская область,2018,9999,55.2643778,31.5178326,2507.92
2051,66-614-000-000,Дорогобужский муниципальный район,муниципальный район,,67,Смоленская область,2018,9999,54.9148236,33.2989051,1764.748
2052,66-616-000-000,Духовщинский муниципальный район,муниципальный район,,67,Смоленская область,2018,9999,55.1907803,32.4060434,2610.641
2053,66-619-000-000,Ельнинский муниципальный район,муниципальный район,,67,Смоленская область,2018,9999,54.5764954,33.1891698,1805.211
2054,66-621-000-000,Ершичский муниципальный район,муниципальный район,,67,Смоленская область,2018,9999,53.673527,32.748249,1051.392
2055,66-623-000-000,Кардымовский муниципальный район,муниципальный район,,67,Смоленская область,2018,9999,54.8900665,32.43418980060523,1098.338
2056,66-624-000-000,Краснинский муниципальный район,муниципальный район,,67,Смоленская область,2018,9999,54.569439,31.439449,1505.132
2057,66-627-000-000,Монастырщинский муниципальный район,муниципальный район,,67,Смоленская область,2018,9999,54.3515818,31.8364896,1524.288
2058,66-630-000-000,Новодугинский муниципальный район,муниципальный район,,67,Смоленская область,2018,9999,55.630033,34.3010323,1919.881
2059,66-633-000-000,Починковский муниципальный район,муниципальный район,,67,Смоленская область,2018,9999,54.40639235,32.4440643251997,2381.651
2060,66-636-000-000,Рославльский муниципальный район,муниципальный район,,67,Смоленская область,2018,9999,53.9448028,32.84788573198853,3006.746
2061,66-638-000-000,Руднянский муниципальный район,муниципальный район,,67,Смоленская область,2018,9999,54.945702,31.0742556121863,2125.937
2062,66-641-000-000,Сафоновский муниципальный район,муниципальный район,,67,Смоленская область,2018,9999,55.1084278,33.2376513,2250.866
2063,66-644-000-000,Смоленский муниципальный район,муниципальный район,,67,Смоленская область,2018,9999,54.7814057,32.0461261,2887.979
2064,66-646-000-000,Сычевский муниципальный район,муниципальный район,,67,Смоленская область,2018,9999,55.8269908,34.2770455,1804.189
2065,66-648-000-000,Темкинский муниципальный район,муниципальный район,,67,Смоленская область,2018,9999,55.08142515,35.0033334683642,1327.882
2066,66-650-000-000,Угранский муниципальный район,муниципальный район,,67,Смоленская область,2018,9999,54.7813043,34.3185555,2859.111
2067,66-652-000-000,Хиславичский муниципальный район,муниципальный район,,67,Смоленская область,2018,9999,54.18577,32.1578503,1157.468
2068,66-654-000-000,Холм-Жирковский муниципальный район,муниципальный район,,67,Смоленская область,2018,9999,55.51387,33.488632,2036.956
2069,66-656-000-000,Шумячский муниципальный район,муниципальный район,,67,Смоленская область,2018,9999,53.8555499,32.4259307,1374.596
2070,66-658-000-000,Ярцевский муниципальный район,муниципальный район,,67,Смоленская область,2018,9999,55.0662279,32.6883609,1628.572
2071,68-701-000-000,городской округ город Тамбов,городской округ,административный_центр_субъекта,68,Тамбовская область,2018,2023,52.73111849999999,41.4341991460869,107.701
2072,68-705-000-000,городской округ город Кирсанов,городской округ,,68,Тамбовская область,2018,9999,52.6509234,42.73015344421673,11.618
2073,68-710-000-000,городской округ город Котовск,городской округ,,68,Тамбовская область,2018,9999,52.59332675,41.51307094486083,30.807
2074,68-715-000-000,городской округ город Мичуринск,городской округ,,68,Тамбовская область,2018,9999,52.89899355,40.48326577268173,77.833
2075,68-720-000-000,городской округ город Моршанск,городской округ,,68,Тамбовская область,2018,9999,53.4428,41.813,18.226
2076,68-725-000-000,городской округ город Рассказово,городской округ,,68,Тамбовская область,2018,9999,52.6657884,41.89469890606984,36.588
2077,68-730-000-000,городской округ город Уварово,городской округ,,68,Тамбовская область,2018,9999,51.9807749,42.26542253442362,26.163
2078,68-602-000-000,Бондарский муниципальный район,муниципальный район,,68,Тамбовская область,2018,2024,52.9502841,42.0663629,1252.98
2079,68-603-000-000,Гавриловский муниципальный район,муниципальный район,,68,Тамбовская область,2018,2024,52.876944,42.770992,992.22
2080,68-604-000-000,Жердевский муниципальный район,муниципальный район,,68,Тамбовская область,2018,2024,51.843933,41.470367,1396.883
2081,68-606-000-000,Знаменский муниципальный район,муниципальный район,,68,Тамбовская область,2018,2024,52.4111427,41.4432947,1102.638
2082,68-608-000-000,Инжавинский муниципальный район,муниципальный район,,68,Тамбовская область,2018,2024,52.3183696,42.4953939,1849.408
2083,68-610-000-000,Кирсановский муниципальный район,муниципальный район,,68,Тамбовская область,2018,2024,52.6509234,42.73015344421673,1306.927
2084,68-612-000-000,Мичуринский муниципальный район,муниципальный район,,68,Тамбовская область,2018,2024,52.89899355,40.48326577268173,1657.035
2085,68-614-000-000,Мордовский муниципальный район,муниципальный район,,68,Тамбовская область,2018,2024,52.089058,40.762287,1453.049
2086,68-616-000-000,Моршанский муниципальный район,муниципальный район,,68,Тамбовская область,2018,2024,53.4428,41.813,2880.904
2087,68-618-000-000,Мучкапский муниципальный район,муниципальный район,,68,Тамбовская область,2018,2024,51.8473199,42.4699106,1180.067
2088,68-620-000-000,Никифоровский муниципальный район,муниципальный район,,68,Тамбовская область,2018,2024,52.8785209,40.7928771,1189.911
2089,68-622-000-000,Первомайский муниципальный район,муниципальный район,,68,Тамбовская область,2018,2024,53.244999,40.285099,938.935
2090,68-624-000-000,Петровский муниципальный район,муниципальный район,,68,Тамбовская область,2018,2024,52.633202,40.2603,1781.216
2091,68-626-000-000,Пичаевский муниципальный район,муниципальный район,,68,Тамбовская область,2018,2024,53.2342209,42.2036841,1293.99
2092,68-628-000-000,Рассказовский муниципальный район,муниципальный район,,68,Тамбовская область,2018,2024,52.6657884,41.89469890606984,1793.698
2093,68-630-000-000,Ржаксинский муниципальный район,муниципальный район,,68,Тамбовская область,2018,2024,52.2204809,42.1090698,1416.497
2094,68-632-000-000,Сампурский муниципальный район,муниципальный район,,68,Тамбовская область,2018,2024,52.377113,41.673679,1007.208
2095,68-634-000-000,Сосновский муниципальный район,муниципальный район,,68,Тамбовская область,2018,2024,53.232201,41.369202,2390.321
2096,68-636-000-000,Староюрьевский муниципальный район,муниципальный район,,68,Тамбовская область,2018,2024,53.3227111,40.6992188,1000.126
2097,68-640-000-000,Тамбовский муниципальный район,муниципальный район,,68,Тамбовская область,2018,2023,52.73111849999999,41.4341991460869,2609.759
2098,68-642-000-000,Токарёвский муниципальный район,муниципальный район,,68,Тамбовская область,2018,2024,51.9939,41.1618,1433.059
2099,68-644-000-000,Уваровский муниципальный район,муниципальный район,,68,Тамбовская область,2018,2024,51.9807749,42.26542253442362,1134.228
2100,68-646-000-000,Умётский муниципальный район,муниципальный район,,68,Тамбовская область,2018,2024,52.560272,42.968578,1088.335
2101,28-701-000-000,городской округ город Тверь,городской округ,административный_центр_субъекта,69,Тверская область,2018,9999,56.858675,35.9208284,152.719
2102,28-714-000-000,городской округ город Вышний Волочек,городской округ,,69,Тверская область,2018,2020,57.5883648,34.5720732,53.763
2103,28-726-000-000,городской округ город Кимры,городской округ,,69,Тверская область,2018,2023,56.8734395,37.3556968,46.251
2104,28-753-000-000,городской округ ЗАТО Озерный,городской округ,ЗАТО,69,Тверская область,2018,9999,57.868053,33.686657,209.126
2105,28-752-000-000,городской округ Осташковский,городской округ,,69,Тверская область,2018,9999,57.1557583,33.1013213,3108.794
2106,28-745-000-000,городской округ город Ржев,городской округ,,69,Тверская область,2018,2023,56.2565207,34.328649,53.651
2107,28-756-000-000,городской округ ЗАТО Солнечный,городской округ,ЗАТО,69,Тверская область,2018,9999,57.2009505,33.0650603,4.676
2108,28-750-000-000,городской округ город Торжок,городской округ,,69,Тверская область,2018,9999,57.0501176,34.95641719793115,59.39
2109,28-751-000-000,городской округ Удомельский,городской округ,,69,Тверская область,2018,9999,57.877998,35.0042,2482.485
2110,28-602-000-000,Андреапольский муниципальный район,муниципальный район,,69,Тверская область,2018,2020,56.646801,32.26532,3056.766
2111,28-604-000-000,Бежецкий муниципальный район,муниципальный район,,69,Тверская область,2018,2024,57.781357,36.692535,2829.716
2112,28-606-000-000,Бельский муниципальный район,муниципальный район,,69,Тверская область,2018,2023,55.833073,32.939487,2141.056
2113,28-608-000-000,Бологовский муниципальный район,муниципальный район,,69,Тверская область,2018,2024,57.885204,34.049603,2411.371
2114,28-610-000-000,Весьегонский муниципальный район,муниципальный район,,69,Тверская область,2018,2020,58.6637264,37.2626496,2095.515
2115,28-612-000-000,Вышневолоцкий муниципальный район,муниципальный район,,69,Тверская область,2018,2020,57.5883648,34.5720732,3403.107
2116,28-614-000-000,Жарковский муниципальный район,муниципальный район,,69,Тверская область,2018,2023,55.8479449,32.2626969,1635.249
2117,28-616-000-000,Западнодвинский муниципальный район,муниципальный район,,69,Тверская область,2018,2021,56.2588287,32.0707122,2817.275
2118,28-618-000-000,Зубцовский муниципальный район,муниципальный район,,69,Тверская область,2018,2023,56.170071,34.585182,2170.671
2119,28-620-000-000,Калининский муниципальный район,муниципальный район,,69,Тверская область,2018,2024,56.858675,35.9208284,4194.721
2120,28-622-000-000,Калязинский муниципальный район,муниципальный район,,69,Тверская область,2018,2024,57.2400206,37.8404883,1671.287
2121,28-624-000-000,Кашинский муниципальный район,муниципальный район,,69,Тверская область,2018,2019,57.361755,37.611454,1985.346
2122,28-626-000-000,Кесовогорский муниципальный район,муниципальный район,,69,Тверская область,2018,2023,57.579342,37.295616,970.787
2123,28-628-000-000,Кимрский муниципальный район,муниципальный район,,69,Тверская область,2018,2023,56.8734395,37.3556968,2531.037
2124,28-630-000-000,Конаковский муниципальный район,муниципальный район,,69,Тверская область,2018,2024,56.7131572,36.7775654,2099.678
2125,28-632-000-000,Краснохолмский муниципальный район,муниципальный район,,69,Тверская область,2018,2021,58.056507,37.114731,1495.153
2126,28-634-000-000,Кувшиновский муниципальный район,муниципальный район,,69,Тверская область,2018,2024,57.0314657,34.1796637,1891.803
2127,28-636-000-000,Лесной муниципальный район,муниципальный район,,69,Тверская область,2018,2021,58.2846441,35.5248456,1637.073
2128,28-638-000-000,Лихославльский муниципальный район,муниципальный район,,69,Тверская область,2018,2022,57.1244437,35.4665276,1781.636
2129,28-640-000-000,Максатихинский муниципальный район,муниципальный район,,69,Тверская область,2018,2023,57.797325,35.87904,2788.488
2130,28-642-000-000,Молоковский муниципальный район,муниципальный район,,69,Тверская область,2018,2022,58.1630255,36.7661137,1185.913
2131,28-643-000-000,Нелидовский муниципальный район,муниципальный район,,69,Тверская область,2018,2019,56.226097,32.771111,2639.207
2132,28-644-000-000,Оленинский муниципальный район,муниципальный район,,69,Тверская область,2018,2020,56.208992,33.480034,2668.763
2133,28-646-000-000,Пеновский муниципальный район,муниципальный район,,69,Тверская область,2018,2021,56.92379,32.744606,2422.863
2134,28-647-000-000,Рамешковский муниципальный район,муниципальный район,,69,Тверская область,2018,2022,57.3453001,36.0453999,2514.207
2135,28-648-000-000,Ржевский муниципальный район,муниципальный район,,69,Тверская область,2018,2023,56.2565207,34.328649,2753.568
2136,28-649-000-000,Сандовский муниципальный район,муниципальный район,,69,Тверская область,2018,2021,58.461376,36.411373,1615.237
2137,28-650-000-000,Селижаровский муниципальный район,муниципальный район,,69,Тверская область,2018,2021,56.855633,33.452286,3121.539
2138,28-651-000-000,Сонковский муниципальный район,муниципальный район,,69,Тверская область,2018,2023,57.7809325,37.1653992,968.072
2139,28-652-000-000,Спировский муниципальный район,муниципальный район,,69,Тверская область,2018,2022,57.4215311,34.9932788,1532.544
2140,28-653-000-000,Старицкий муниципальный район,муниципальный район,,69,Тверская область,2018,2023,56.5081105,34.9314738,3011.974
2141,28-654-000-000,Торжокский муниципальный район,муниципальный район,,69,Тверская область,2018,9999,57.0501176,34.95641719793115,3128.942
2142,28-655-000-000,Торопецкий муниципальный район,муниципальный район,,69,Тверская область,2018,2024,56.496479,31.641077,3384.185
2143,28-657-000-000,Фировский муниципальный район,муниципальный район,,69,Тверская область,2018,2024,57.481045,33.698059,1751.125
2144,69-701-000-000,городской округ город Томск,городской округ,административный_центр_субъекта,70,Томская область,2018,9999,56.4887526,84.9523434,295.716
2145,69-707-000-000,городской округ город Кедровый,городской округ,,70,Томская область,2018,9999,57.56192,79.570801,1743.199
2146,69-710-000-000,городской округ город Стрежевой,городской округ,,70,Томская область,2018,9999,60.732758,77.600807,212.661
2147,69-741-000-000,городской округ ЗАТО Северск,городской округ,ЗАТО,70,Томская область,2018,9999,56.603161,84.881012,478.166
2148,69-604-000-000,Александровский муниципальный район,муниципальный район,,70,Томская область,2018,9999,60.431446,77.865845,30044.186
2149,69-608-000-000,Асиновский муниципальный район,муниципальный район,,70,Томская область,2018,9999,56.999187,86.14167,5831.671
2150,69-612-000-000,Бакчарский муниципальный район,муниципальный район,,70,Томская область,2018,9999,57.020538,82.066872,25084.023
2151,69-616-000-000,Верхнекетский муниципальный район,муниципальный район,,70,Томская область,2018,9999,58.4475598,85.0389307,43318.905
2152,69-620-000-000,Зырянский муниципальный район,муниципальный район,,70,Томская область,2018,9999,56.834206,86.621178,3959.901
2153,69-624-000-000,Каргасокский муниципальный район,муниципальный район,,70,Томская область,2018,9999,59.0598053,80.8708719,86835.053
2154,69-628-000-000,Кожевниковский муниципальный район,муниципальный район,,70,Томская область,2018,9999,56.2600069,83.9750781,3941.225
2155,69-632-000-000,Колпашевский муниципальный район,муниципальный район,,70,Томская область,2018,9999,58.313667,82.903557,17162.054
2156,69-636-000-000,Кривошеинский муниципальный район,муниципальный район,,70,Томская область,2018,9999,57.343742,83.930153,4463.696
2157,69-640-000-000,Молчановский муниципальный район,муниципальный район,,70,Томская область,2018,9999,57.581014,83.7605886,6406.295
2158,69-644-000-000,Парабельский муниципальный район,муниципальный район,,70,Томская область,2018,9999,58.5997257,80.9445602,34995.097
2159,69-648-000-000,Первомайский муниципальный район,муниципальный район,,70,Томская область,2018,9999,57.070614,86.226082,15586.614
2160,69-652-000-000,Тегульдетский муниципальный район,муниципальный район,,70,Томская область,2018,9999,57.306404,88.167168,12292.734
2161,69-654-000-000,Томский муниципальный район,муниципальный район,,70,Томская область,2018,9999,56.4887526,84.9523434,9955.17
2162,69-656-000-000,Чаинский муниципальный район,муниципальный район,,70,Томская область,2018,9999,57.7915323,82.6441106,7078.168
2163,69-658-000-000,Шегарский муниципальный район,муниципальный район,,70,Томская область,2018,9999,56.554417,84.090408,4837.014
2164,70-701-000-000,городской округ город Тула,городской округ,административный_центр_субъекта,71,Тульская область,2018,9999,54.1930321,37.61754,1508.317
2165,70-706-000-000,городской округ город Алексин,городской округ,,71,Тульская область,2018,9999,54.5028103,37.0667213,932.931
2166,70-702-000-000,городской округ рабочий поселок Новогуровский,городской округ,,71,Тульская область,2018,9999,54.4681741,37.3401784,11.807
2167,70-712-000-000,городской округ город Донской,городской округ,,71,Тульская область,2018,9999,53.9729348,38.32639150177284,58.689
2168,70-714-000-000,городской округ город Ефремов,городской округ,,71,Тульская область,2018,9999,53.141834,38.116188,1647.091
2169,70-724-000-000,городской округ город Новомосковск,городской округ,,71,Тульская область,2018,9999,54.011013,38.290943,886.939
2170,70-730-000-000,городской округ Славный,городской округ,,71,Тульская область,2018,9999,53.5476674,36.472999,26.458
2171,70-604-000-000,Арсеньевский муниципальный район,муниципальный район,,71,Тульская область,2018,9999,53.7357884,36.6620997,1068.989
2172,70-606-000-000,Белевский муниципальный район,муниципальный район,,71,Тульская область,2018,9999,53.811798,36.137001,1187.54
2173,70-608-000-000,Богородицкий муниципальный район,муниципальный район,,71,Тульская область,2018,9999,53.773571,38.126965,959.836
2174,70-612-000-000,Веневский муниципальный район,муниципальный район,,71,Тульская область,2018,9999,54.3504,38.2656,1627.796
2175,70-616-000-000,Воловский муниципальный район,муниципальный район,,71,Тульская область,2018,9999,53.5548,38.006,1074.37
2176,70-618-000-000,Дубенский муниципальный район,муниципальный район,,71,Тульская область,2018,9999,54.1524925,36.9591856,799.027
2177,70-622-000-000,Заокский муниципальный район,муниципальный район,,71,Тульская область,2018,9999,54.7331733,37.3989781,918.483
2178,70-624-000-000,Каменский муниципальный район,муниципальный район,,71,Тульская область,2018,9999,53.2586327,37.6959452,795.775
2179,70-626-000-000,Кимовский муниципальный район,муниципальный район,,71,Тульская область,2018,9999,53.9699,38.5327,1124.199
2180,70-628-000-000,Киреевский муниципальный район,муниципальный район,,71,Тульская область,2018,9999,53.926712,37.929916,929.312
2181,70-630-000-000,Куркинский муниципальный район,муниципальный район,,71,Тульская область,2018,9999,53.4247526,38.6571206,953.64
2182,70-636-000-000,Одоевский муниципальный район,муниципальный район,,71,Тульская область,2018,9999,53.936798,36.687901,1168.536
2183,70-638-000-000,Плавский муниципальный район,муниципальный район,,71,Тульская область,2018,9999,53.7068732,37.2920333,1033.724
2184,70-640-000-000,Суворовский муниципальный район,муниципальный район,,71,Тульская область,2018,9999,54.12236,36.500027,1072.19
2185,70-642-000-000,Тепло-Огаревский муниципальный район,муниципальный район,,71,Тульская область,2018,9999,53.6233396,37.5905627,1010.96
2186,70-644-000-000,Узловский муниципальный район,муниципальный район,,71,Тульская область,2018,9999,53.978512,38.160255,614.707
2187,70-646-000-000,Чернский муниципальный район,муниципальный район,,71,Тульская область,2018,9999,53.450928,36.910103,1616.155
2188,70-648-000-000,Щекинский муниципальный район,муниципальный район,,71,Тульская область,2018,9999,54.004465,37.5179079,1390.786
2189,70-650-000-000,Ясногорский муниципальный район,муниципальный район,,71,Тульская область,2018,9999,54.4792708,37.693329,1300.893
2190,71-701-000-000,городской округ город Тюмень,городской округ,административный_центр_субъекта,72,Тюменская область,2018,9999,57.153534,65.542274,697.013
2191,71-703-000-000,городской округ Заводоуковский,городской округ,,72,Тюменская область,2018,9999,56.509293,66.539261,2994.556
2192,71-705-000-000,городской округ город Ишим,городской округ,,72,Тюменская область,2018,9999,56.09537715,69.46592795241014,58.524
2193,71-710-000-000,городской округ город Тобольск,городской округ,,72,Тюменская область,2018,9999,58.1998048,68.2512924,240.174
2194,71-715-000-000,городской округ город Ялуторовск,городской округ,,72,Тюменская область,2018,9999,56.64897495,66.2968841383236,48.591
2195,71-603-000-000,Абатский муниципальный район,муниципальный район,,72,Тюменская область,2018,9999,56.289024,70.453026,4064.732
2196,71-605-000-000,Армизонский муниципальный район,муниципальный район,,72,Тюменская область,2018,9999,55.945129,67.685402,3106.066
2197,71-607-000-000,Аромашевский муниципальный район,муниципальный район,,72,Тюменская область,2018,9999,56.865017,68.6473468,3457.994
2198,71-610-000-000,Бердюжский муниципальный район,муниципальный район,,72,Тюменская область,2018,9999,55.805538,68.308907,2830.058
2199,71-613-000-000,Вагайский муниципальный район,муниципальный район,,72,Тюменская область,2018,9999,57.9352224,69.0125864,18115.722
2200,71-615-000-000,Викуловский муниципальный район,муниципальный район,,72,Тюменская область,2018,9999,56.815155,70.605362,5774.752
2201,71-618-000-000,Голышмановский муниципальный район,муниципальный район,,72,Тюменская область,2018,2020,56.3955,68.375,4082.133
2202,71-624-000-000,Исетский муниципальный район,муниципальный район,,72,Тюменская область,2018,9999,56.475377,65.3286838,2769.925
2203,71-626-000-000,Ишимский муниципальный район,муниципальный район,,72,Тюменская область,2018,9999,56.09537715,69.46592795241014,5482.573
2204,71-630-000-000,Казанский муниципальный район,муниципальный район,,72,Тюменская область,2018,9999,55.6434378,69.2419265,3071.177
2205,71-632-000-000,Нижнетавдинский муниципальный район,муниципальный район,,72,Тюменская область,2018,9999,57.665195,66.172325,7345.902
2206,71-634-000-000,Омутинский муниципальный район,муниципальный район,,72,Тюменская область,2018,9999,56.476646,67.66394,2840.5
2207,71-636-000-000,Сладковский муниципальный район,муниципальный район,,72,Тюменская область,2018,9999,55.528728,70.347,4033.1
2208,71-638-000-000,Сорокинский муниципальный район,муниципальный район,,72,Тюменская область,2018,9999,56.6295759,69.8076705,2704.088
2209,71-642-000-000,Тобольский муниципальный район,муниципальный район,,72,Тюменская область,2018,9999,58.1998048,68.2512924,17203.208
2210,71-644-000-000,Тюменский муниципальный район,муниципальный район,,72,Тюменская область,2018,9999,57.153534,65.542274,3696.207
2211,71-648-000-000,Уватский муниципальный район,муниципальный район,,72,Тюменская область,2018,9999,59.1428822,68.8961724,48296.625
2212,71-650-000-000,Упоровский муниципальный район,муниципальный район,,72,Тюменская область,2018,9999,56.312378,66.267189,3011.696
2213,71-653-000-000,Юргинский муниципальный район,муниципальный район,,72,Тюменская область,2018,9999,56.818596,67.392548,4429.672
2214,71-656-000-000,Ялуторовский муниципальный район,муниципальный район,,72,Тюменская область,2018,9999,56.64897495,66.2968841383236,2824.834
2215,71-658-000-000,Ярковский муниципальный район,муниципальный район,,72,Тюменская область,2018,9999,57.405594,67.07177,6632.158
2216,71-871-000-000,городской округ город Ханты-Мансийск,городской округ,административный_центр_субъекта,86,Ханты-Мансийский автономный округ — Югра,2018,9999,61.0034448,69.0190006,333.419
2217,71-883-000-000,городской округ город Когалым,городской округ,,86,Ханты-Мансийский автономный округ — Югра,2018,9999,62.26798,74.4889068,205.94
2218,71-872-000-000,городской округ город Лангепас,городской округ,,86,Ханты-Мансийский автономный округ — Югра,2018,9999,61.25166204999999,75.17881042039596,59.517
2219,71-873-000-000,городской округ город Мегион,городской округ,,86,Ханты-Мансийский автономный округ — Югра,2018,9999,61.035404,76.108215,83.99
2220,71-874-000-000,городской округ город Нефтеюганск,городской округ,,86,Ханты-Мансийский автономный округ — Югра,2018,9999,61.0962043,72.6111908351568,141.713
2221,71-875-000-000,городской округ город Нижневартовск,городской округ,,86,Ханты-Мансийский автономный округ — Югра,2018,9999,60.9391866,76.55117870683605,271.24
2222,71-879-000-000,городской округ город Нягань,городской округ,,86,Ханты-Мансийский автономный округ — Югра,2018,9999,62.1650621,65.45441966394608,945.173
2223,71-884-000-000,городской округ город Покачи,городской округ,,86,Ханты-Мансийский автономный округ — Югра,2018,9999,61.73768990000001,75.60509414915978,46.962
2224,71-885-000-000,городской округ город Пыть-Ях,городской округ,,86,Ханты-Мансийский автономный округ — Югра,2018,9999,60.7097399,72.85847962489736,80.543
2225,71-877-000-000,городской округ город Радужный,городской округ,,86,Ханты-Мансийский автономный округ — Югра,2018,9999,62.135315,77.462616,169.172
2226,71-876-000-000,городской округ город Сургут,городской округ,,86,Ханты-Мансийский автономный округ — Югра,2018,9999,61.2922349,73.41583674801504,347.764
2227,71-878-000-000,городской округ город Урай,городской округ,,86,Ханты-Мансийский автономный округ — Югра,2018,9999,60.1192579,64.7599996856959,541.09
2228,71-887-000-000,городской округ город Югорск,городской округ,,86,Ханты-Мансийский автономный округ — Югра,2018,9999,61.3159174,63.3344785884512,317.834
2229,71-811-000-000,Белоярский муниципальный район,муниципальный район,,86,Ханты-Мансийский автономный округ — Югра,2018,9999,63.68158065,66.75617738996769,41715.777
2230,71-812-000-000,Березовский муниципальный район,муниципальный район,,86,Ханты-Мансийский автономный округ — Югра,2018,9999,63.935246,65.053566,88196.371
2231,71-816-000-000,Кондинский муниципальный район,муниципальный район,,86,Ханты-Мансийский автономный округ — Югра,2018,9999,59.5924863,65.90851,54646.872
2232,71-818-000-000,Нефтеюганский муниципальный район,муниципальный район,,86,Ханты-Мансийский автономный округ — Югра,2018,9999,61.0962043,72.6111908351568,24549.132
2233,71-819-000-000,Нижневартовский муниципальный район,муниципальный район,,86,Ханты-Мансийский автономный округ — Югра,2018,9999,60.9391866,76.55117870683605,117141.446
2234,71-821-000-000,Октябрьский муниципальный район,муниципальный район,,86,Ханты-Мансийский автономный округ — Югра,2018,9999,62.459541,66.045067,24303.488
2235,71-824-000-000,Советский муниципальный район,муниципальный район,,86,Ханты-Мансийский автономный округ — Югра,2018,9999,61.35802885,63.56218800350869,29808.647
2236,71-826-000-000,Сургутский муниципальный район,муниципальный район,,86,Ханты-Мансийский автономный округ — Югра,2018,9999,61.2922349,73.41583674801504,104915.292
2237,71-829-000-000,Ханты-Мансийский муниципальный район,муниципальный район,,86,Ханты-Мансийский автономный округ — Югра,2018,9999,61.0034448,69.0190006,46039.512
2238,71-951-000-000,городской округ город Салехард,городской округ,административный_центр_субъекта,89,Ямало-Ненецкий автономный округ,2018,9999,66.34953595,66.63347415344438,1117.407
2239,71-952-000-000,городской округ город Губкинский,городской округ,,89,Ямало-Ненецкий автономный округ,2018,2022,64.4337824,76.4898086,116.229
2240,71-953-000-000,городской округ город Лабытнанги,городской округ,,89,Ямало-Ненецкий автономный округ,2018,2022,66.6888835,66.4347161435694,136.556
2241,71-955-000-000,городской округ город Муравленко,городской округ,,89,Ямало-Ненецкий автономный округ,2018,9999,63.7947977,74.4969322,96.021
2242,71-956-000-000,городской округ город Новый Уренгой,городской округ,,89,Ямало-Ненецкий автономный округ,2018,9999,66.02896595,78.08097865620685,228.103
2243,71-958-000-000,городской округ город Ноябрьск,городской округ,,89,Ямало-Ненецкий автономный округ,2018,9999,63.1191178,75.34670351236167,192.471
2244,71-913-000-000,Красноселькупский муниципальный район,муниципальный район,,89,Ямало-Ненецкий автономный округ,2018,2022,65.704239,82.458855,106491.943
2245,71-916-000-000,Надымский муниципальный район,муниципальный район,,89,Ямало-Ненецкий автономный округ,2018,2021,65.532,72.52,110858.856
2246,71-918-000-000,Приуральский муниципальный район,муниципальный район,,89,Ямало-Ненецкий автономный округ,2018,2022,66.5582332,67.8051987,70263.218
2247,71-920-000-000,Пуровский муниципальный район,муниципальный район,,89,Ямало-Ненецкий автономный округ,2018,2021,64.9219991,77.779459,108701.753
2248,71-923-000-000,Тазовский муниципальный район,муниципальный район,,89,Ямало-Ненецкий автономный округ,2018,2021,67.4735321,78.7149206,174302.657
2249,71-926-000-000,Шурышкарский муниципальный район,муниципальный район,,89,Ямало-Ненецкий автономный округ,2018,2023,65.400004,64.7018584,54235.934
2250,71-928-000-000,Ямальский муниципальный район,муниципальный район,,89,Ямало-Ненецкий автономный округ,2018,2022,66.865563,70.83653,165748.631
2251,73-701-000-000,городской округ город Ульяновск,городской округ,административный_центр_субъекта,73,Ульяновская область,2018,9999,54.3150278,48.403373,656.694
2252,73-705-000-000,городской округ город Димитровград,городской округ,,73,Ульяновская область,2018,9999,54.2188995,49.6038982,102.379
2253,73-715-000-000,городской округ город Новоульяновск,городской округ,,73,Ульяновская область,2018,9999,54.1502073,48.3856508,243.582
2254,73-602-000-000,Базарносызганский муниципальный район,муниципальный район,,73,Ульяновская область,2018,9999,53.7482676,46.7584818,835.959
2255,73-604-000-000,Барышский муниципальный район,муниципальный район,,73,Ульяновская область,2018,9999,53.6540758,47.1013737,2242.667
2256,73-607-000-000,Вешкаймский муниципальный район,муниципальный район,,73,Ульяновская область,2018,9999,54.0487859,47.1238442,1426.363
2257,73-610-000-000,Инзенский муниципальный район,муниципальный район,,73,Ульяновская область,2018,9999,53.8579402,46.3573236,2017.593
2258,73-614-000-000,Карсунский муниципальный район,муниципальный район,,73,Ульяновская область,2018,9999,54.1970553,46.9793449,1779.243
2259,73-616-000-000,Кузоватовский муниципальный район,муниципальный район,,73,Ульяновская область,2018,9999,53.5408,47.685,2124.175
2260,73-620-000-000,Майнский муниципальный район,муниципальный район,,73,Ульяновская область,2018,9999,54.1140512,47.6264897,2299.819
2261,73-622-000-000,Мелекесский муниципальный район,муниципальный район,,73,Ульяновская область,2018,9999,54.2188995,49.6038982,3434.208
2262,73-625-000-000,Николаевский муниципальный район,муниципальный район,,73,Ульяновская область,2018,9999,53.1311155,47.2003659,2082.351
2263,73-627-000-000,Новомалыклинский муниципальный район,муниципальный район,,73,Ульяновская область,2018,9999,54.2050657,49.9308434,971.635
2264,73-629-000-000,Новоспасский муниципальный район,муниципальный район,,73,Ульяновская область,2018,9999,53.1492062,47.7526084,1297.6
2265,73-632-000-000,Павловский муниципальный район,муниципальный район,,73,Ульяновская область,2018,9999,52.6894894,47.1398473,1023.012
2266,73-634-000-000,Радищевский муниципальный район,муниципальный район,,73,Ульяновская область,2018,9999,52.8520485,47.8706585,1651.298
2267,73-636-000-000,Сенгилеевский муниципальный район,муниципальный район,,73,Ульяновская область,2018,9999,53.9588733,48.7872182,1346.9
2268,73-639-000-000,Старокулаткинский муниципальный район,муниципальный район,,73,Ульяновская область,2018,9999,52.7313796,47.6207042,1180.579
2269,73-642-000-000,Старомайнский муниципальный район,муниципальный район,,73,Ульяновская область,2018,9999,54.6070643,48.9258988,2039.717
2270,73-644-000-000,Сурский муниципальный район,муниципальный район,,73,Ульяновская область,2018,9999,54.4800412,46.7234429,1690.212
2271,73-648-000-000,Тереньгульский муниципальный район,муниципальный район,,73,Ульяновская область,2018,9999,53.7161121,48.367123,1757.957
2272,73-652-000-000,Ульяновский муниципальный район,муниципальный район,,73,Ульяновская область,2018,9999,54.4269176,48.2749899,1281.842
2273,73-654-000-000,Цильнинский муниципальный район,муниципальный район,,73,Ульяновская область,2018,9999,54.5195634,47.9678555,1289.386
2274,73-656-000-000,Чердаклинский муниципальный район,муниципальный район,,73,Ульяновская область,2018,9999,54.3600605,48.8489979,2450.929
2275,75-701-000-000,городской округ Челябинский,городской округ,административный_центр_субъекта,74,Челябинская область,2018,9999,55.1598408,61.4025547,500.815
2276,75-706-000-000,городской округ Верхнеуфалейский,городской округ,,74,Челябинская область,2018,9999,56.052029,60.226448,1615.607
2277,75-712-000-000,городской округ Златоустовский,городской округ,,74,Челябинская область,2018,2023,55.1674213,59.6792625,1869.128
2278,75-715-000-000,городской округ Карабашский,городской округ,,74,Челябинская область,2018,9999,55.4885688,60.2028784,682.163
2279,75-728-000-000,городской округ Копейский,городской округ,,74,Челябинская область,2018,9999,55.1131951,61.6216332,353.78
2280,75-734-000-000,городской округ Кыштымский,городской округ,,74,Челябинская область,2018,9999,55.7099215,60.5511275,766.136
2281,75-738-000-000,городской округ Магнитогорский,городской округ,,74,Челябинская область,2018,9999,53.4242184,58.983136,395.002
2282,75-742-000-000,городской округ Миасский,городской округ,,74,Челябинская область,2018,9999,55.0505685,60.1087125,1757.805
2283,75-743-000-000,городской округ Озерский,городской округ,ЗАТО,74,Челябинская область,2018,9999,55.76046,60.705101,593.936
2284,75-746-000-000,городской округ Снежинский,городской округ,ЗАТО,74,Челябинская область,2018,9999,56.087009,60.732674,374.665
2285,75-707-000-000,городской округ Трехгорный,городской округ,ЗАТО,74,Челябинская область,2018,9999,54.8151264,58.4466273,162.756
2286,75-752-000-000,городской округ Троицкий,городской округ,,74,Челябинская область,2018,9999,54.0847722,61.5514047,128.891
2287,75-755-000-000,городской округ Усть-Катавский,городской округ,,74,Челябинская область,2018,9999,54.9308,58.17484,674.205
2288,75-758-000-000,городской округ Чебаркульский,городской округ,,74,Челябинская область,2018,9999,54.977795,60.37009,94.852
2289,75-764-000-000,городской округ Южноуральский,городской округ,,74,Челябинская область,2018,9999,54.4425364,61.2682731,110.132
2290,75-759-000-000,городской округ Локомотивный,городской округ,ЗАТО,74,Челябинская область,2018,9999,53.042561,60.614517,10.475
2291,75-603-000-000,Агаповский муниципальный район,муниципальный район,,74,Челябинская область,2018,9999,53.296947,59.134914,2603.719
2292,75-606-000-000,Аргаяшский муниципальный район,муниципальный район,,74,Челябинская область,2018,9999,55.4908093,60.8776278,2741.284
2293,75-609-000-000,Ашинский муниципальный район,муниципальный район,,74,Челябинская область,2018,9999,54.9908896,57.2780531,2799.405
2294,75-612-000-000,Брединский муниципальный район,муниципальный район,,74,Челябинская область,2018,9999,52.4223974,60.3372556,5076.735
2295,75-614-000-000,Варненский муниципальный район,муниципальный район,,74,Челябинская область,2018,9999,53.3778252,60.9783588,3848.886
2296,75-617-000-000,Верхнеуральский муниципальный район,муниципальный район,,74,Челябинская область,2018,9999,53.8753392,59.2197592,3469.423
2297,75-619-000-000,Еманжелинский муниципальный район,муниципальный район,,74,Челябинская область,2018,9999,54.759121,61.313198,117.324
2298,75-620-000-000,Еткульский муниципальный район,муниципальный район,,74,Челябинская область,2018,9999,54.828304,61.592037,2510.944
2299,75-623-000-000,Карталинский муниципальный район,муниципальный район,,74,Челябинская область,2018,9999,53.053261,60.639172,4732.828
2300,75-626-000-000,Каслинский муниципальный район,муниципальный район,,74,Челябинская область,2018,9999,55.8904193,60.7538518,2786.727
2301,75-629-000-000,Катав-Ивановский муниципальный район,муниципальный район,,74,Челябинская область,2018,9999,54.753479,58.205784,3278.155
2302,75-632-000-000,Кизильский муниципальный район,муниципальный район,,74,Челябинская область,2018,9999,52.72554,58.893696,4411.833
2303,75-633-000-000,Коркинский муниципальный район,муниципальный район,,74,Челябинская область,2018,2023,54.889923,61.407963,128.255
2304,75-634-000-000,Красноармейский муниципальный район,муниципальный район,,74,Челябинская область,2018,9999,55.283096,61.893074,3844.31
2305,75-636-000-000,Кунашакский муниципальный район,муниципальный район,,74,Челябинская область,2018,9999,55.698971,61.550903,3141.479
2306,75-638-000-000,Кусинский муниципальный район,муниципальный район,,74,Челябинская область,2018,2023,55.336521,59.445938,1534.145
2307,75-642-000-000,Нагайбакский муниципальный район,муниципальный район,,74,Челябинская область,2018,9999,53.5214103,59.8112001,3018.274
2308,75-644-000-000,Нязепетровский муниципальный район,муниципальный район,,74,Челябинская область,2018,9999,56.055508,59.598629,3463.216
2309,75-647-000-000,Октябрьский муниципальный район,муниципальный район,,74,Челябинская область,2018,9999,54.410706,62.728809,4355.919
2310,75-648-000-000,Пластовский муниципальный район,муниципальный район,,74,Челябинская область,2018,9999,54.369812,60.807091,1750.984
2311,75-649-000-000,Саткинский муниципальный район,муниципальный район,,74,Челябинская область,2018,9999,55.040287,59.028034,2403.308
2312,75-652-000-000,Сосновский муниципальный район,муниципальный район,,74,Челябинская область,2018,9999,55.3462664,61.341587,2056.113
2313,75-654-000-000,Троицкий муниципальный район,муниципальный район,,74,Челябинская область,2018,9999,54.0847722,61.5514047,3969.776
2314,75-655-000-000,Увельский муниципальный район,муниципальный район,,74,Челябинская область,2018,9999,54.441994,61.354397,2298.661
2315,75-656-000-000,Уйский муниципальный район,муниципальный район,,74,Челябинская область,2018,9999,54.373421,60.005447,2634.73
2316,75-657-000-000,Чебаркульский муниципальный район,муниципальный район,,74,Челябинская область,2018,9999,54.977795,60.37009,2845.173
2317,75-659-000-000,Чесменский муниципальный район,муниципальный район,,74,Челябинская область,2018,9999,53.8131555,60.6532186,2720.395
2318,78-701-000-000,городской округ город Ярославль,городской округ,административный_центр_субъекта,76,Ярославская область,2018,9999,57.6263877,39.8933705,215.08
2319,78-705-000-000,городской округ город Переславль-Залесский,городской округ,,76,Ярославская область,2018,2019,56.7367178,38.8462714,22.943
2320,78-715-000-000,городской округ город Рыбинск,городской округ,,76,Ярославская область,2018,9999,58.050373,38.834637,99.505
2321,78-603-000-000,Большесельский муниципальный район,муниципальный район,,76,Ярославская область,2018,9999,57.7184728,38.9355599,1332.084
2322,78-606-000-000,Борисоглебский муниципальный район,муниципальный район,,76,Ярославская область,2018,9999,57.259,39.15,1741.887
2323,78-609-000-000,Брейтовский муниципальный район,муниципальный район,,76,Ярославская область,2018,9999,58.3033237,37.8594763,2149.948
2324,78-612-000-000,Гаврилов-Ямский муниципальный район,муниципальный район,,76,Ярославская область,2018,9999,57.3032827,39.8537697,1122.907
2325,78-615-000-000,Даниловский муниципальный район,муниципальный район,,76,Ярославская область,2018,9999,58.188808,40.175114,2215.214
2326,78-618-000-000,Любимский муниципальный район,муниципальный район,,76,Ярославская область,2018,9999,58.3595618,40.6866038,1964.024
2327,78-621-000-000,Мышкинский муниципальный район,муниципальный район,,76,Ярославская область,2018,9999,57.784725,38.451595,1111.261
2328,78-623-000-000,Некоузский муниципальный район,муниципальный район,,76,Ярославская область,2018,9999,57.90218,38.0624475,1965.205
2329,78-626-000-000,Некрасовский муниципальный район,муниципальный район,,76,Ярославская область,2018,9999,57.674248,40.372654,1364.173
2330,78-629-000-000,Первомайский муниципальный район,муниципальный район,,76,Ярославская область,2018,9999,58.4251138,40.3228779,2210.257
2331,78-632-000-000,Переславский муниципальный район,муниципальный район,,76,Ярославская область,2018,2019,56.7367178,38.8462714,3109.078
2332,78-634-000-000,Пошехонский муниципальный район,муниципальный район,,76,Ярославская область,2018,9999,58.503201,39.119701,4403.906
2333,78-637-000-000,Ростовский муниципальный район,муниципальный район,,76,Ярославская область,2018,9999,57.2012699,39.42218126099566,2078.127
2334,78-640-000-000,Рыбинский муниципальный район,муниципальный район,,76,Ярославская область,2018,9999,58.050373,38.834637,3129.897
2335,78-643-000-000,Тутаевский муниципальный район,муниципальный район,,76,Ярославская область,2018,9999,57.875385,39.527214,1452.914
2336,78-646-000-000,Угличский муниципальный район,муниципальный район,,76,Ярославская область,2018,9999,57.52483355,38.30708473150594,2570.508
2337,78-650-000-000,Ярославский муниципальный район,муниципальный район,,76,Ярославская область,2018,9999,57.6263877,39.8933705,1914.537
2338,99-701-000-000,городской округ город Биробиджан,городской округ,административный_центр_субъекта,79,Еврейская автономная область,2018,9999,48.7881668,132.9282082,169.369
2339,99-605-000-000,Биробиджанский муниципальный район,муниципальный район,административный_центр_субъекта,79,Еврейская автономная область,2018,9999,48.7881668,132.9282082,4430.659
2340,99-610-000-000,Ленинский муниципальный район,муниципальный район,,79,Еврейская автономная область,2018,9999,47.9344425,132.6223808,5942.206
2341,99-620-000-000,Облученский муниципальный район,муниципальный район,,79,Еврейская автономная область,2018,9999,49.0145149,131.0538038,13257.808
2342,99-625-000-000,Октябрьский муниципальный район,муниципальный район,,79,Еврейская автономная область,2018,9999,47.6946588,131.0896669,6354.903
2343,99-630-000-000,Смидовичский муниципальный район,муниципальный район,,79,Еврейская автономная область,2018,9999,48.5956701,133.8138369,5633.532
2344,77-701-000-000,городской округ Анадырь,городской округ,административный_центр_субъекта,87,Чукотский автономный округ,2018,9999,64.7316875,177.5060925,21.387
2345,77-715-000-000,городской округ Эгвекинот,городской округ,,87,Чукотский автономный округ,2018,9999,66.3227382,-179.120131,168913.695
2346,77-710-000-000,городской округ Провиденский,городской округ,,87,Чукотский автономный округ,2018,9999,64.3800982,-173.2386276724423,39309.174
2347,77-705-000-000,городской округ Певек,городской округ,,87,Чукотский автономный округ,2018,9999,69.7028171,170.2746851,80646.463
2348,77-603-000-000,Анадырский муниципальный район,муниципальный район,,87,Чукотский автономный округ,2018,9999,64.7316875,177.5060925,304737.407
2349,77-609-000-000,Билибинский муниципальный район,муниципальный район,,87,Чукотский автономный округ,2018,9999,68.0550305,166.4448515,178893.425
2350,77-633-000-000,Чукотский муниципальный район,муниципальный район,,87,Чукотский автономный округ,2018,9999,65.5837793,-171.005811,45804.854
2351,40-301-000-000,внутригородская территория города федерального значения муниципальный округ Коломна,внутригородская территория города федерального значения,,78,Санкт-Петербург,2018,9999,,,2.487
2352,40-302-000-000,внутригородская территория города федерального значения муниципальный округ Сенной округ,внутригородская территория города федерального значения,,78,Санкт-Петербург,2018,9999,,,1.101
2353,40-303-000-000,внутригородская территория города федерального значения муниципальный округ Адмиралтейский округ,внутригородская территория города федерального значения,,78,Санкт-Петербург,2018,9999,,,2.101
2354,40-304-000-000,внутригородская территория города федерального значения муниципальный округ Семеновский,внутригородская территория города федерального значения,,78,Санкт-Петербург,2018,9999,,,1.646
2355,40-305-000-000,внутригородская территория города федерального значения муниципальный округ Измайловское,внутригородская территория города федерального значения,,78,Санкт-Петербург,2018,9999,,,3.177
2356,40-306-000-000,внутригородская территория города федерального значения муниципальный округ Екатерингофский,внутригородская территория города федерального значения,,78,Санкт-Петербург,2018,9999,,,3.282
2357,40-307-000-000,внутригородская территория города федерального значения муниципальный округ № 7,внутригородская территория города федерального значения,,78,Санкт-Петербург,2018,9999,,,4.417
2358,40-308-000-000,внутригородская территория города федерального значения муниципальный округ Васильевский,внутригородская территория города федерального значения,,78,Санкт-Петербург,2018,9999,,,2.44
2359,40-309-000-000,внутригородская территория города федерального значения муниципальный округ Гавань,внутригородская территория города федерального значения,,78,Санкт-Петербург,2018,9999,,,4.62
2360,40-310-000-000,внутригородская территория города федерального значения муниципальный округ Морской,внутригородская территория города федерального значения,,78,Санкт-Петербург,2018,9999,,,3.885
2361,40-311-000-000,внутригородская территория города федерального значения муниципальный округ Остров Декабристов,внутригородская территория города федерального значения,,78,Санкт-Петербург,2018,9999,,,6.271
2362,40-312-000-000,внутригородская территория города федерального значения поселок Левашово,внутригородская территория города федерального значения,,78,Санкт-Петербург,2018,9999,,,34.199
2363,40-313-000-000,внутригородская территория города федерального значения поселок Парголово,внутригородская территория города федерального значения,,78,Санкт-Петербург,2018,9999,,,42.682
2364,40-314-000-000,внутригородская территория города федерального значения муниципальный округ Сампсониевское,внутригородская территория города федерального значения,,78,Санкт-Петербург,2018,9999,,,5.058
2365,40-315-000-000,внутригородская территория города федерального значения муниципальный округ Светлановское,внутригородская территория города федерального значения,,78,Санкт-Петербург,2018,9999,,,8.488
2366,40-316-000-000,внутригородская территория города федерального значения муниципальный округ Сосновское,внутригородская территория города федерального значения,,78,Санкт-Петербург,2018,9999,,,5.775
2367,40-317-000-000,внутригородская территория города федерального значения муниципальный округ № 15,внутригородская территория города федерального значения,,78,Санкт-Петербург,2018,9999,,,4.365
2368,40-318-000-000,внутригородская территория города федерального значения муниципальный округ Сергиевское,внутригородская территория города федерального значения,,78,Санкт-Петербург,2018,9999,,,6.124
2369,40-319-000-000,внутригородская территория города федерального значения муниципальный округ Шувалово-Озерки,внутригородская территория города федерального значения,,78,Санкт-Петербург,2018,9999,,,7.967
2370,40-320-000-000,внутригородская территория города федерального значения поселок Лисий Нос,внутригородская территория города федерального значения,,78,Санкт-Петербург,2018,9999,,,13.366
2371,40-321-000-000,внутригородская территория города федерального значения муниципальный округ Лахта-Ольгино,внутригородская территория города федерального значения,,78,Санкт-Петербург,2018,9999,,,30.885
2372,40-322-000-000,внутригородская территория города федерального значения муниципальный округ № 65,внутригородская территория города федерального значения,,78,Санкт-Петербург,2018,9999,,,11.649
2373,40-323-000-000,внутригородская территория города федерального значения муниципальный округ Чёрная речка,внутригородская территория города федерального значения,,78,Санкт-Петербург,2018,2020,,,4.978
2374,40-324-000-000,внутригородская территория города федерального значения муниципальный округ Комендантский аэродром,внутригородская территория города федерального значения,,78,Санкт-Петербург,2018,9999,,,5.484
2375,40-325-000-000,внутригородская территория города федерального значения муниципальный округ Озеро Долгое,внутригородская территория города федерального значения,,78,Санкт-Петербург,2018,9999,,,5.505
2376,40-326-000-000,внутригородская территория города федерального значения муниципальный округ Юнтолово,внутригородская территория города федерального значения,,78,Санкт-Петербург,2018,9999,,,11.995
2377,40-327-000-000,внутригородская территория города федерального значения муниципальный округ Коломяги,внутригородская территория города федерального значения,,78,Санкт-Петербург,2018,9999,,,26.614
2378,40-328-000-000,внутригородская территория города федерального значения муниципальный округ Гражданка,внутригородская территория города федерального значения,,78,Санкт-Петербург,2018,9999,,,4.159
2379,40-329-000-000,внутригородская территория города федерального значения муниципальный округ Академическое,внутригородская территория города федерального значения,,78,Санкт-Петербург,2018,9999,,,6.563
2380,40-330-000-000,внутригородская территория города федерального значения муниципальный округ Финляндский округ,внутригородская территория города федерального значения,,78,Санкт-Петербург,2018,9999,,,10.229
2381,40-331-000-000,внутригородская территория города федерального значения муниципальный округ № 21,внутригородская территория города федерального значения,,78,Санкт-Петербург,2018,9999,,,3.993
2382,40-332-000-000,внутригородская территория города федерального значения муниципальный округ Пискаревка,внутригородская территория города федерального значения,,78,Санкт-Петербург,2018,9999,,,9.064
2383,40-333-000-000,внутригородская территория города федерального значения муниципальный округ Северный,внутригородская территория города федерального значения,,78,Санкт-Петербург,2018,9999,,,2.153
2384,40-334-000-000,внутригородская территория города федерального значения муниципальный округ Прометей,внутригородская территория города федерального значения,,78,Санкт-Петербург,2018,9999,,,4.055
2385,40-335-000-000,внутригородская территория города федерального значения муниципальный округ Княжево,внутригородская территория города федерального значения,,78,Санкт-Петербург,2018,9999,,,4.51
2386,40-336-000-000,внутригородская территория города федерального значения муниципальный округ Ульянка,внутригородская территория города федерального значения,,78,Санкт-Петербург,2018,9999,,,4.793
2387,40-337-000-000,внутригородская территория города федерального значения муниципальный округ Дачное,внутригородская территория города федерального значения,,78,Санкт-Петербург,2018,9999,,,4.292
2388,40-338-000-000,внутригородская территория города федерального значения муниципальный округ Автово,внутригородская территория города федерального значения,,78,Санкт-Петербург,2018,9999,,,14.695
2389,40-339-000-000,внутригородская территория города федерального значения муниципальный округ Нарвский округ,внутригородская территория города федерального значения,,78,Санкт-Петербург,2018,9999,,,7.577
2390,40-340-000-000,внутригородская территория города федерального значения муниципальный округ Красненькая речка,внутригородская территория города федерального значения,,78,Санкт-Петербург,2018,9999,,,2.04
2391,40-341-000-000,внутригородская территория города федерального значения муниципальный округ Морские ворота,внутригородская территория города федерального значения,,78,Санкт-Петербург,2018,9999,,,8.107
2392,40-342-000-000,внутригородская территория города федерального значения город Колпино,внутригородская территория города федерального значения,,78,Санкт-Петербург,2018,9999,,,58.088
2393,40-343-000-000,внутригородская территория города федерального значения поселок Металлострой,внутригородская территория города федерального значения,,78,Санкт-Петербург,2018,9999,,,10.678
2394,40-344-000-000,внутригородская территория города федерального значения поселок Петро-Славянка,внутригородская территория города федерального значения,,78,Санкт-Петербург,2018,9999,,,15.902
2395,40-345-000-000,внутригородская территория города федерального значения поселок Понтонный,внутригородская территория города федерального значения,,78,Санкт-Петербург,2018,9999,,,8.342
2396,40-346-000-000,внутригородская территория города федерального значения поселок Саперный,внутригородская территория города федерального значения,,78,Санкт-Петербург,2018,9999,,,5.684
2397,40-347-000-000,внутригородская территория города федерального значения поселок Усть-Ижора,внутригородская территория города федерального значения,,78,Санкт-Петербург,2018,9999,,,4.221
2398,40-348-000-000,внутригородская территория города федерального значения муниципальный округ Полюстрово,внутригородская территория города федерального значения,,78,Санкт-Петербург,2018,9999,,,20.861
2399,40-349-000-000,внутригородская территория города федерального значения муниципальный округ Большая Охта,внутригородская территория города федерального значения,,78,Санкт-Петербург,2018,9999,,,5.795
2400,40-350-000-000,внутригородская территория города федерального значения муниципальный округ Малая Охта,внутригородская территория города федерального значения,,78,Санкт-Петербург,2018,9999,,,5.251
2401,40-351-000-000,внутригородская территория города федерального значения муниципальный округ Пороховые,внутригородская территория города федерального значения,,78,Санкт-Петербург,2018,9999,,,7.19
2402,40-352-000-000,внутригородская территория города федерального значения муниципальный округ Ржевка,внутригородская территория города федерального значения,,78,Санкт-Петербург,2018,9999,,,17.151
2403,40-353-000-000,внутригородская территория города федерального значения город Красное Село,внутригородская территория города федерального значения,,78,Санкт-Петербург,2018,9999,,,19.379
2404,40-354-000-000,внутригородская территория города федерального значения муниципальный округ Юго-Запад,внутригородская территория города федерального значения,,78,Санкт-Петербург,2018,9999,,,2.787
2405,40-355-000-000,внутригородская территория города федерального значения муниципальный округ Южно-Приморский,внутригородская территория города федерального значения,,78,Санкт-Петербург,2018,9999,,,10.196
2406,40-356-000-000,внутригородская территория города федерального значения муниципальный округ Сосновая поляна,внутригородская территория города федерального значения,,78,Санкт-Петербург,2018,9999,,,8.969
2407,40-357-000-000,внутригородская территория города федерального значения муниципальный округ Урицк,внутригородская территория города федерального значения,,78,Санкт-Петербург,2018,9999,,,4.819
2408,40-358-000-000,внутригородская территория города федерального значения муниципальный округ Константиновское,внутригородская территория города федерального значения,,78,Санкт-Петербург,2018,9999,,,13.062
2409,40-359-000-000,внутригородская территория города федерального значения муниципальный округ Горелово,внутригородская территория города федерального значения,,78,Санкт-Петербург,2018,9999,,,31.534
2410,40-360-000-000,внутригородская территория города федерального значения город Кронштадт,внутригородская территория города федерального значения,,78,Санкт-Петербург,2018,9999,,,20.042
2411,40-361-000-000,внутригородская территория города федерального значения город Зеленогорск,внутригородская территория города федерального значения,,78,Санкт-Петербург,2018,9999,,,39.34
2412,40-362-000-000,внутригородская территория города федерального значения город Сестрорецк,внутригородская территория города федерального значения,,78,Санкт-Петербург,2018,9999,,,93.562
2413,40-363-000-000,внутригородская территория города федерального значения поселок Белоостров,внутригородская территория города федерального значения,,78,Санкт-Петербург,2018,9999,,,25.365
2414,40-364-000-000,внутригородская территория города федерального значения поселок Комарово,внутригородская территория города федерального значения,,78,Санкт-Петербург,2018,9999,,,19.07
2415,40-365-000-000,внутригородская территория города федерального значения поселок Молодежное,внутригородская территория города федерального значения,,78,Санкт-Петербург,2018,9999,,,12.393
2416,40-366-000-000,внутригородская территория города федерального значения поселок Песочный,внутригородская территория города федерального значения,,78,Санкт-Петербург,2018,9999,,,18.104
2417,40-367-000-000,внутригородская территория города федерального значения поселок Репино,внутригородская территория города федерального значения,,78,Санкт-Петербург,2018,9999,,,15.884
2418,40-368-000-000,внутригородская территория города федерального значения поселок Серово,внутригородская территория города федерального значения,,78,Санкт-Петербург,2018,9999,,,9.742
2419,40-369-000-000,внутригородская территория города федерального значения поселок Смолячково,внутригородская территория города федерального значения,,78,Санкт-Петербург,2018,9999,,,8.276
2420,40-370-000-000,внутригородская территория города федерального значения поселок Солнечное,внутригородская территория города федерального значения,,78,Санкт-Петербург,2018,9999,,,15.5
2421,40-371-000-000,внутригородская территория города федерального значения поселок Ушково,внутригородская территория города федерального значения,,78,Санкт-Петербург,2018,9999,,,17.065
2422,40-372-000-000,внутригородская территория города федерального значения город Ломоносов,внутригородская территория города федерального значения,,78,Санкт-Петербург,2018,9999,,,42.479
2423,40-373-000-000,внутригородская территория города федерального значения муниципальный округ Московская застава,внутригородская территория города федерального значения,,78,Санкт-Петербург,2018,9999,,,10.06
2424,40-374-000-000,внутригородская территория города федерального значения муниципальный округ Гагаринское,внутригородская территория города федерального значения,,78,Санкт-Петербург,2018,9999,,,8.02
2425,40-375-000-000,внутригородская территория города федерального значения муниципальный округ Новоизмайловское,внутригородская территория города федерального значения,,78,Санкт-Петербург,2018,9999,,,6.86
2426,40-376-000-000,внутригородская территория города федерального значения муниципальный округ Пулковский меридиан,внутригородская территория города федерального значения,,78,Санкт-Петербург,2018,9999,,,40.036
2427,40-377-000-000,внутригородская территория города федерального значения муниципальный округ Звездное,внутригородская территория города федерального значения,,78,Санкт-Петербург,2018,9999,,,8.933
2428,40-378-000-000,внутригородская территория города федерального значения муниципальный округ Невская застава,внутригородская территория города федерального значения,,78,Санкт-Петербург,2018,9999,,,9.14
2429,40-379-000-000,внутригородская территория города федерального значения муниципальный округ Ивановский,внутригородская территория города федерального значения,,78,Санкт-Петербург,2018,9999,,,5.508
2430,40-380-000-000,внутригородская территория города федерального значения муниципальный округ Обуховский,внутригородская территория города федерального значения,,78,Санкт-Петербург,2018,9999,,,4.78
2431,40-381-000-000,внутригородская территория города федерального значения муниципальный округ Рыбацкое,внутригородская территория города федерального значения,,78,Санкт-Петербург,2018,9999,,,14.392
2432,40-382-000-000,внутригородская территория города федерального значения муниципальный округ Народный,внутригородская территория города федерального значения,,78,Санкт-Петербург,2018,9999,,,9.615
2433,40-383-000-000,внутригородская территория города федерального значения муниципальный округ № 54,внутригородская территория города федерального значения,,78,Санкт-Петербург,2018,9999,,,3.911
2434,40-384-000-000,внутригородская территория города федерального значения муниципальный округ Невский округ,внутригородская территория города федерального значения,,78,Санкт-Петербург,2018,9999,,,5.376
2435,40-385-000-000,внутригородская территория города федерального значения муниципальный округ Оккервиль,внутригородская территория города федерального значения,,78,Санкт-Петербург,2018,9999,,,2.499
2436,40-386-000-000,внутригородская территория города федерального значения муниципальный округ Правобережный,внутригородская территория города федерального значения,,78,Санкт-Петербург,2018,9999,,,6.584
2437,40-387-000-000,внутригородская территория города федерального значения город Павловск,внутригородская территория города федерального значения,,78,Санкт-Петербург,2018,9999,,,36.833
2438,40-388-000-000,внутригородская территория города федерального значения поселок Тярлево,внутригородская территория города федерального значения,,78,Санкт-Петербург,2018,9999,,,2.619
2439,40-389-000-000,внутригородская территория города федерального значения муниципальный округ Введенский,внутригородская территория города федерального значения,,78,Санкт-Петербург,2018,9999,,,1.068
2440,40-390-000-000,внутригородская территория города федерального значения муниципальный округ Кронверкское,внутригородская территория города федерального значения,,78,Санкт-Петербург,2018,9999,,,1.726
2441,40-391-000-000,внутригородская территория города федерального значения муниципальный округ Посадский,внутригородская территория города федерального значения,,78,Санкт-Петербург,2018,9999,,,1.782
2442,40-392-000-000,внутригородская территория города федерального значения муниципальный округ Аптекарский остров,внутригородская территория города федерального значения,,78,Санкт-Петербург,2018,9999,,,2.553
2443,40-393-000-000,внутригородская территория города федерального значения муниципальный округ округ Петровский,внутригородская территория города федерального значения,,78,Санкт-Петербург,2018,9999,,,2.825
2444,40-394-000-000,внутригородская территория города федерального значения муниципальный округ Чкаловское,внутригородская территория города федерального значения,,78,Санкт-Петербург,2018,9999,,,9.698
2445,40-395-000-000,внутригородская территория города федерального значения город Петергоф,внутригородская территория города федерального значения,,78,Санкт-Петербург,2018,9999,,,48.788
2446,40-396-000-000,внутригородская территория города федерального значения поселок Стрельна,внутригородская территория города федерального значения,,78,Санкт-Петербург,2018,9999,,,19.516
2447,40-397-000-000,внутригородская территория города федерального значения город Пушкин,внутригородская территория города федерального значения,,78,Санкт-Петербург,2018,9999,,,89.234
2448,40-398-000-000,внутригородская территория города федерального значения поселок Александровская,внутригородская территория города федерального значения,,78,Санкт-Петербург,2018,9999,,,4.775
2449,40-901-000-000,внутригородская территория города федерального значения поселок Шушары,внутригородская территория города федерального значения,,78,Санкт-Петербург,2018,9999,,,106.223
2450,40-902-000-000,внутригородская территория города федерального значения муниципальный округ Волковское,внутригородская территория города федерального значения,,78,Санкт-Петербург,2018,9999,,,11.44
2451,40-903-000-000,внутригородская территория города федерального значения муниципальный округ № 72,внутригородская территория города федерального значения,,78,Санкт-Петербург,2018,9999,,,3.716
2452,40-904-000-000,внутригородская территория города федерального значения муниципальный округ Купчино,внутригородская территория города федерального значения,,78,Санкт-Петербург,2018,9999,,,2.759
2453,40-905-000-000,внутригородская территория города федерального значения муниципальный округ Георгиевский,внутригородская территория города федерального значения,,78,Санкт-Петербург,2018,9999,,,4.241
2454,40-906-000-000,внутригородская территория города федерального значения муниципальный округ № 75,внутригородская территория города федерального значения,,78,Санкт-Петербург,2018,9999,,,9.885
2455,40-907-000-000,внутригородская территория города федерального значения муниципальный округ Балканский,внутригородская территория города федерального значения,,78,Санкт-Петербург,2018,9999,,,5.431
2456,40-908-000-000,внутригородская территория города федерального значения муниципальный округ Дворцовый округ,внутригородская территория города федерального значения,,78,Санкт-Петербург,2018,9999,,,2.188
2457,40-909-000-000,внутригородская территория города федерального значения муниципальный округ № 78,внутригородская территория города федерального значения,,78,Санкт-Петербург,2018,9999,,,1.168
2458,40-910-000-000,внутригородская территория города федерального значения муниципальный округ Литейный округ,внутригородская территория города федерального значения,,78,Санкт-Петербург,2018,9999,,,2.446
2459,40-911-000-000,внутригородская территория города федерального значения муниципальный округ Смольнинское,внутригородская территория города федерального значения,,78,Санкт-Петербург,2018,9999,,,6.864
2460,40-912-000-000,внутригородская территория города федерального значения муниципальный округ Лиговка-Ямская,внутригородская территория города федерального значения,,78,Санкт-Петербург,2018,9999,,,3.095
2461,40-913-000-000,внутригородская территория города федерального значения муниципальный округ Владимирский округ,внутригородская территория города федерального значения,,78,Санкт-Петербург,2018,9999,,,1.932
2462,45-301-000-000,внутригородская территория города федерального значения муниципальный округ Богородское,внутригородская территория города федерального значения,,77,Москва,2018,9999,,,8.797
2463,45-302-000-000,внутригородская территория города федерального значения муниципальный округ Вешняки,внутригородская территория города федерального значения,,77,Москва,2018,9999,,,10.526
2464,45-303-000-000,внутригородская территория города федерального значения муниципальный округ Восточное Измайлово,внутригородская территория города федерального значения,,77,Москва,2018,9999,,,3.818
2465,45-304-000-000,внутригородская территория города федерального значения муниципальный округ Восточный,внутригородская территория города федерального значения,,77,Москва,2018,9999,,,3.348
2466,45-305-000-000,внутригородская территория города федерального значения муниципальный округ Гольяново,внутригородская территория города федерального значения,,77,Москва,2018,9999,,,14.393
2467,45-306-000-000,внутригородская территория города федерального значения муниципальный округ Ивановское,внутригородская территория города федерального значения,,77,Москва,2018,9999,,,10.141
2468,45-307-000-000,внутригородская территория города федерального значения муниципальный округ Измайлово,внутригородская территория города федерального значения,,77,Москва,2018,9999,,,15.062
2469,45-308-000-000,внутригородская территория города федерального значения муниципальный округ Косино-Ухтомский,внутригородская территория города федерального значения,,77,Москва,2018,9999,,,15.315
2470,45-309-000-000,внутригородская территория города федерального значения муниципальный округ Новогиреево,внутригородская территория города федерального значения,,77,Москва,2018,9999,,,4.399
2471,45-310-000-000,внутригородская территория города федерального значения муниципальный округ Новокосино,внутригородская территория города федерального значения,,77,Москва,2018,9999,,,3.778
2472,45-311-000-000,внутригородская территория города федерального значения муниципальный округ Метрогородок,внутригородская территория города федерального значения,,77,Москва,2018,9999,,,27.482
2473,45-312-000-000,внутригородская территория города федерального значения муниципальный округ Перово,внутригородская территория города федерального значения,,77,Москва,2018,9999,,,9.954
2474,45-313-000-000,внутригородская территория города федерального значения муниципальный округ Северное Измайлово,внутригородская территория города федерального значения,,77,Москва,2018,9999,,,4.167
2475,45-314-000-000,внутригородская территория города федерального значения муниципальный округ Соколиная гора,внутригородская территория города федерального значения,,77,Москва,2018,9999,,,7.903
2476,45-315-000-000,внутригородская территория города федерального значения муниципальный округ Сокольники,внутригородская территория города федерального значения,,77,Москва,2018,9999,,,10.241
2477,45-316-000-000,внутригородская территория города федерального значения муниципальный округ Преображенское,внутригородская территория города федерального значения,,77,Москва,2018,9999,,,5.584
2478,45-317-000-000,внутригородская территория города федерального значения муниципальный округ Внуково,внутригородская территория города федерального значения,,77,Москва,2018,9999,,,15.421
2479,45-318-000-000,внутригородская территория города федерального значения муниципальный округ Дорогомилово,внутригородская территория города федерального значения,,77,Москва,2018,9999,,,7.787
2480,45-319-000-000,внутригородская территория города федерального значения муниципальный округ Крылатское,внутригородская территория города федерального значения,,77,Москва,2018,9999,,,12.19
2481,45-320-000-000,внутригородская территория города федерального значения муниципальный округ Кунцево,внутригородская территория города федерального значения,,77,Москва,2018,9999,,,52.652
2482,45-321-000-000,внутригородская территория города федерального значения муниципальный округ Можайский,внутригородская территория города федерального значения,,77,Москва,2018,9999,,,16.98
2483,45-322-000-000,внутригородская территория города федерального значения муниципальный округ Ново-Переделкино,внутригородская территория города федерального значения,,77,Москва,2018,9999,,,8.61
2484,45-323-000-000,внутригородская территория города федерального значения муниципальный округ Очаково-Матвеевское,внутригородская территория города федерального значения,,77,Москва,2018,9999,,,17.603
2485,45-324-000-000,внутригородская территория города федерального значения муниципальный округ Проспект Вернадского,внутригородская территория города федерального значения,,77,Москва,2018,9999,,,4.669
2486,45-325-000-000,внутригородская территория города федерального значения муниципальный округ Раменки,внутригородская территория города федерального значения,,77,Москва,2018,9999,,,18.811
2487,45-326-000-000,внутригородская территория города федерального значения муниципальный округ Солнцево,внутригородская территория города федерального значения,,77,Москва,2018,9999,,,11.274
2488,45-327-000-000,внутригородская территория города федерального значения муниципальный округ Тропарево-Никулино,внутригородская территория города федерального значения,,77,Москва,2018,9999,,,11.309
2489,45-328-000-000,внутригородская территория города федерального значения муниципальный округ Филевский парк,внутригородская территория города федерального значения,,77,Москва,2018,9999,,,9.614
2490,45-329-000-000,внутригородская территория города федерального значения муниципальный округ Фили-Давыдково,внутригородская территория города федерального значения,,77,Москва,2018,9999,,,7.025
2491,45-330-000-000,внутригородская территория города федерального значения муниципальный округ Крюково,внутригородская территория города федерального значения,,77,Москва,2018,9999,,,10.651
2492,45-331-000-000,внутригородская территория города федерального значения муниципальный округ Матушкино,внутригородская территория города федерального значения,,77,Москва,2018,9999,,,4.671
2493,45-332-000-000,внутригородская территория города федерального значения муниципальный округ Силино,внутригородская территория города федерального значения,,77,Москва,2018,9999,,,9.632
2494,45-333-000-000,внутригородская территория города федерального значения муниципальный округ Аэропорт,внутригородская территория города федерального значения,,77,Москва,2018,9999,,,4.656
2495,45-334-000-000,внутригородская территория города федерального значения муниципальный округ Беговой,внутригородская территория города федерального значения,,77,Москва,2018,9999,,,4.053
2496,45-335-000-000,внутригородская территория города федерального значения муниципальный округ Бескудниковский,внутригородская территория города федерального значения,,77,Москва,2018,9999,,,3.296
2497,45-336-000-000,внутригородская территория города федерального значения муниципальный округ Войковский,внутригородская территория города федерального значения,,77,Москва,2018,9999,,,5.335
2498,45-337-000-000,внутригородская территория города федерального значения муниципальный округ Восточное Дегунино,внутригородская территория города федерального значения,,77,Москва,2018,9999,,,3.88
2499,45-338-000-000,внутригородская территория города федерального значения муниципальный округ Головинский,внутригородская территория города федерального значения,,77,Москва,2018,9999,,,8.849
2500,45-339-000-000,внутригородская территория города федерального значения муниципальный округ Дмитровский,внутригородская территория города федерального значения,,77,Москва,2018,9999,,,7.072
2501,45-340-000-000,внутригородская территория города федерального значения муниципальный округ Западное Дегунино,внутригородская территория города федерального значения,,77,Москва,2018,9999,,,7.607
2502,45-341-000-000,внутригородская территория города федерального значения муниципальный округ Коптево,внутригородская территория города федерального значения,,77,Москва,2018,9999,,,4.796
2503,45-342-000-000,внутригородская территория города федерального значения муниципальный округ Левобережный,внутригородская территория города федерального значения,,77,Москва,2018,9999,,,6.407
2504,45-343-000-000,внутригородская территория города федерального значения муниципальный округ Молжаниновский,внутригородская территория города федерального значения,,77,Москва,2018,9999,,,15.887
2505,45-344-000-000,внутригородская территория города федерального значения муниципальный округ Савеловский,внутригородская территория города федерального значения,,77,Москва,2018,9999,,,2.646
2506,45-345-000-000,внутригородская территория города федерального значения муниципальный округ Сокол,внутригородская территория города федерального значения,,77,Москва,2018,9999,,,3.508
2507,45-346-000-000,внутригородская территория города федерального значения муниципальный округ Тимирязевский,внутригородская территория города федерального значения,,77,Москва,2018,9999,,,10.515
2508,45-347-000-000,внутригородская территория города федерального значения муниципальный округ Ховрино,внутригородская территория города федерального значения,,77,Москва,2018,9999,,,5.269
2509,45-348-000-000,внутригородская территория города федерального значения муниципальный округ Хорошевский,внутригородская территория города федерального значения,,77,Москва,2018,9999,,,8.575
2510,45-349-000-000,внутригородская территория города федерального значения муниципальный округ Алексеевский,внутригородская территория города федерального значения,,77,Москва,2018,9999,,,5.186
2511,45-350-000-000,внутригородская территория города федерального значения муниципальный округ Алтуфьевский,внутригородская территория города федерального значения,,77,Москва,2018,9999,,,3.296
2512,45-351-000-000,внутригородская территория города федерального значения муниципальный округ Бабушкинский,внутригородская территория города федерального значения,,77,Москва,2018,9999,,,4.937
2513,45-352-000-000,внутригородская территория города федерального значения муниципальный округ Бибирево,внутригородская территория города федерального значения,,77,Москва,2018,9999,,,6.413
2514,45-353-000-000,внутригородская территория города федерального значения муниципальный округ Бутырский,внутригородская территория города федерального значения,,77,Москва,2018,9999,,,5.033
2515,45-354-000-000,внутригородская территория города федерального значения муниципальный округ Лианозово,внутригородская территория города федерального значения,,77,Москва,2018,9999,,,5.645
2516,45-355-000-000,внутригородская территория города федерального значения муниципальный округ Лосиноостровский,внутригородская территория города федерального значения,,77,Москва,2018,9999,,,5.37
2517,45-356-000-000,внутригородская территория города федерального значения муниципальный округ Марфино,внутригородская территория города федерального значения,,77,Москва,2018,9999,,,2.105
2518,45-357-000-000,внутригородская территория города федерального значения муниципальный округ Марьина роща,внутригородская территория города федерального значения,,77,Москва,2018,9999,,,4.685
2519,45-358-000-000,внутригородская территория города федерального значения муниципальный округ Останкинский,внутригородская территория города федерального значения,,77,Москва,2018,9999,,,12.514
2520,45-359-000-000,внутригородская территория города федерального значения муниципальный округ Отрадное,внутригородская территория города федерального значения,,77,Москва,2018,9999,,,10.057
2521,45-360-000-000,внутригородская территория города федерального значения муниципальный округ Ростокино,внутригородская территория города федерального значения,,77,Москва,2018,9999,,,3.51
2522,45-361-000-000,внутригородская территория города федерального значения муниципальный округ Свиблово,внутригородская территория города федерального значения,,77,Москва,2018,9999,,,4.438
2523,45-362-000-000,внутригородская территория города федерального значения муниципальный округ Северное Медведково,внутригородская территория города федерального значения,,77,Москва,2018,9999,,,5.719
2524,45-363-000-000,внутригородская территория города федерального значения муниципальный округ Северный,внутригородская территория города федерального значения,,77,Москва,2018,9999,,,10.546
2525,45-364-000-000,внутригородская территория города федерального значения муниципальный округ Южное Медведково,внутригородская территория города федерального значения,,77,Москва,2018,9999,,,3.883
2526,45-365-000-000,внутригородская территория города федерального значения муниципальный округ Ярославский,внутригородская территория города федерального значения,,77,Москва,2018,9999,,,8.341
2527,45-366-000-000,внутригородская территория города федерального значения муниципальный округ Куркино,внутригородская территория города федерального значения,,77,Москва,2018,9999,,,7.721
2528,45-367-000-000,внутригородская территория города федерального значения муниципальный округ Митино,внутригородская территория города федерального значения,,77,Москва,2018,9999,,,12.544
2529,45-368-000-000,внутригородская территория города федерального значения муниципальный округ Покровское-Стрешнево,внутригородская территория города федерального значения,,77,Москва,2018,9999,,,13.094
2530,45-369-000-000,внутригородская территория города федерального значения муниципальный округ Северное Тушино,внутригородская территория города федерального значения,,77,Москва,2018,9999,,,9.244
2531,45-370-000-000,внутригородская территория города федерального значения муниципальный округ Строгино,внутригородская территория города федерального значения,,77,Москва,2018,9999,,,16.758
2532,45-371-000-000,внутригородская территория города федерального значения муниципальный округ Хорошево-Мневники,внутригородская территория города федерального значения,,77,Москва,2018,9999,,,18.049
2533,45-372-000-000,внутригородская территория города федерального значения муниципальный округ Щукино,внутригородская территория города федерального значения,,77,Москва,2018,9999,,,7.953
2534,45-373-000-000,внутригородская территория города федерального значения муниципальный округ Южное Тушино,внутригородская территория города федерального значения,,77,Москва,2018,9999,,,7.892
2535,45-374-000-000,внутригородская территория города федерального значения муниципальный округ Арбат,внутригородская территория города федерального значения,,77,Москва,2018,9999,,,2.082
2536,45-375-000-000,внутригородская территория города федерального значения муниципальный округ Басманный,внутригородская территория города федерального значения,,77,Москва,2018,9999,,,8.402
2537,45-376-000-000,внутригородская территория города федерального значения муниципальный округ Замоскворечье,внутригородская территория города федерального значения,,77,Москва,2018,9999,,,4.285
2538,45-377-000-000,внутригородская территория города федерального значения муниципальное образование Савелки,внутригородская территория города федерального значения,,77,Москва,2018,9999,,,7.693
2539,45-378-000-000,внутригородская территория города федерального значения муниципальный округ Красносельский,внутригородская территория города федерального значения,,77,Москва,2018,9999,,,4.995
2540,45-379-000-000,внутригородская территория города федерального значения муниципальный округ Мещанский,внутригородская территория города федерального значения,,77,Москва,2018,9999,,,4.515
2541,45-380-000-000,внутригородская территория города федерального значения муниципальный округ Пресненский,внутригородская территория города федерального значения,,77,Москва,2018,9999,,,11.644
2542,45-381-000-000,внутригородская территория города федерального значения муниципальный округ Таганский,внутригородская территория города федерального значения,,77,Москва,2018,9999,,,8.094
2543,45-382-000-000,внутригородская территория города федерального значения муниципальный округ Тверской,внутригородская территория города федерального значения,,77,Москва,2018,9999,,,7.307
2544,45-383-000-000,внутригородская территория города федерального значения муниципальный округ Хамовники,внутригородская территория города федерального значения,,77,Москва,2018,9999,,,10.076
2545,45-384-000-000,внутригородская территория города федерального значения муниципальный округ Якиманка,внутригородская территория города федерального значения,,77,Москва,2018,9999,,,4.803
2546,45-385-000-000,внутригородская территория города федерального значения муниципальный округ Выхино-Жулебино,внутригородская территория города федерального значения,,77,Москва,2018,9999,,,15.103
2547,45-386-000-000,внутригородская территория города федерального значения муниципальный округ Капотня,внутригородская территория города федерального значения,,77,Москва,2018,9999,,,8.111
2548,45-387-000-000,внутригородская территория города федерального значения муниципальный округ Кузьминки,внутригородская территория города федерального значения,,77,Москва,2018,9999,,,7.991
2549,45-388-000-000,внутригородская территория города федерального значения муниципальный округ Лефортово,внутригородская территория города федерального значения,,77,Москва,2018,9999,,,9.025
2550,45-389-000-000,внутригородская территория города федерального значения муниципальный округ Люблино,внутригородская территория города федерального значения,,77,Москва,2018,9999,,,17.854
2551,45-390-000-000,внутригородская территория города федерального значения муниципальный округ Марьино,внутригородская территория города федерального значения,,77,Москва,2018,9999,,,11.766
2552,45-391-000-000,внутригородская территория города федерального значения муниципальный округ Некрасовка,внутригородская территория города федерального значения,,77,Москва,2018,9999,,,11.317
2553,45-392-000-000,внутригородская территория города федерального значения муниципальный округ Нижегородский,внутригородская территория города федерального значения,,77,Москва,2018,9999,,,7.488
2554,45-393-000-000,внутригородская территория города федерального значения муниципальный округ Печатники,внутригородская территория города федерального значения,,77,Москва,2018,9999,,,18.468
2555,45-394-000-000,внутригородская территория города федерального значения муниципальный округ Рязанский,внутригородская территория города федерального значения,,77,Москва,2018,9999,,,6.389
2556,45-395-000-000,внутригородская территория города федерального значения муниципальный округ Текстильщики,внутригородская территория города федерального значения,,77,Москва,2018,9999,,,4.817
2557,45-396-000-000,внутригородская территория города федерального значения муниципальный округ Южнопортовый,внутригородская территория города федерального значения,,77,Москва,2018,9999,,,4.569
2558,45-397-000-000,внутригородская территория города федерального значения муниципальный округ Академический,внутригородская территория города федерального значения,,77,Москва,2018,9999,,,5.704
2559,45-398-000-000,внутригородская территория города федерального значения муниципальный округ Гагаринский,внутригородская территория города федерального значения,,77,Москва,2018,9999,,,5.546
2560,45-901-000-000,внутригородская территория города федерального значения муниципальный округ Зюзино,внутригородская территория города федерального значения,,77,Москва,2018,9999,,,5.383
2561,45-902-000-000,внутригородская территория города федерального значения муниципальный округ Коньково,внутригородская территория города федерального значения,,77,Москва,2018,9999,,,7.809
2562,45-903-000-000,внутригородская территория города федерального значения муниципальный округ Котловка,внутригородская территория города федерального значения,,77,Москва,2018,9999,,,3.946
2563,45-904-000-000,внутригородская территория города федерального значения муниципальный округ Ломоносовский,внутригородская территория города федерального значения,,77,Москва,2018,9999,,,3.323
2564,45-905-000-000,внутригородская территория города федерального значения муниципальный округ Обручевский,внутригородская территория города федерального значения,,77,Москва,2018,9999,,,6.064
2565,45-906-000-000,внутригородская территория города федерального значения муниципальный округ Северное Бутово,внутригородская территория города федерального значения,,77,Москва,2018,9999,,,8.866
2566,45-907-000-000,внутригородская территория города федерального значения муниципальный округ Теплый Стан,внутригородская территория города федерального значения,,77,Москва,2018,9999,,,8.397
2567,45-908-000-000,внутригородская территория города федерального значения муниципальный округ Черемушки,внутригородская территория города федерального значения,,77,Москва,2018,9999,,,5.471
2568,45-909-000-000,внутригородская территория города федерального значения муниципальный округ Южное Бутово,внутригородская территория города федерального значения,,77,Москва,2018,9999,,,26.019
2569,45-910-000-000,внутригородская территория города федерального значения муниципальный округ Ясенево,внутригородская территория города федерального значения,,77,Москва,2018,9999,,,24.834
2570,45-911-000-000,внутригородская территория города федерального значения муниципальный округ Бирюлево Восточное,внутригородская территория города федерального значения,,77,Москва,2018,9999,,,14.836
2571,45-912-000-000,внутригородская территория города федерального значения муниципальный округ Бирюлево Западное,внутригородская территория города федерального значения,,77,Москва,2018,9999,,,8.464
2572,45-913-000-000,внутригородская территория города федерального значения муниципальный округ Братеево,внутригородская территория города федерального значения,,77,Москва,2018,9999,,,7.578
2573,45-914-000-000,внутригородская территория города федерального значения муниципальный округ Даниловский,внутригородская территория города федерального значения,,77,Москва,2018,9999,,,12.511
2574,45-915-000-000,внутригородская территория города федерального значения муниципальный округ Донской,внутригородская территория города федерального значения,,77,Москва,2018,9999,,,5.692
2575,45-916-000-000,внутригородская территория города федерального значения муниципальный округ Зябликово,внутригородская территория города федерального значения,,77,Москва,2018,9999,,,4.54
2576,45-917-000-000,внутригородская территория города федерального значения муниципальный округ Москворечье-Сабурово,внутригородская территория города федерального значения,,77,Москва,2018,9999,,,10.102
2577,45-918-000-000,внутригородская территория города федерального значения муниципальный округ Нагатино-Садовники,внутригородская территория города федерального значения,,77,Москва,2018,9999,,,7.754
2578,45-919-000-000,внутригородская территория города федерального значения муниципальный округ Нагатинский затон,внутригородская территория города федерального значения,,77,Москва,2018,9999,,,9.592
2579,45-920-000-000,внутригородская территория города федерального значения муниципальный округ Нагорный,внутригородская территория города федерального значения,,77,Москва,2018,9999,,,5.349
2580,45-921-000-000,внутригородская территория города федерального значения муниципальный округ Орехово-Борисово Северное,внутригородская территория города федерального значения,,77,Москва,2018,9999,,,7.431
2581,45-922-000-000,внутригородская территория города федерального значения муниципальный округ Орехово-Борисово Южное,внутригородская территория города федерального значения,,77,Москва,2018,9999,,,7.177
2582,45-923-000-000,внутригородская территория города федерального значения муниципальный округ Царицыно,внутригородская территория города федерального значения,,77,Москва,2018,9999,,,8.331
2583,45-924-000-000,внутригородская территория города федерального значения муниципальный округ Чертаново Северное,внутригородская территория города федерального значения,,77,Москва,2018,9999,,,6.206
2584,45-925-000-000,внутригородская территория города федерального значения муниципальный округ Чертаново Центральное,внутригородская территория города федерального значения,,77,Москва,2018,9999,,,6.883
2585,45-926-000-000,внутригородская территория города федерального значения муниципальный округ Чертаново Южное,внутригородская территория города федерального значения,,77,Москва,2018,9999,,,9.134
2586,45-927-000-000,внутригородская территория города федерального значения муниципальный округ Старое Крюково,внутригородская территория города федерального значения,,77,Москва,2018,9999,,,4.408
2587,45-931-000-000,внутригородская территория города федерального значения городской округ Троицк,внутригородская территория города федерального значения,,77,Москва,2018,9999,,,16.322
2588,45-932-000-000,внутригородская территория города федерального значения городской округ Щербинка,внутригородская территория города федерального значения,,77,Москва,2018,9999,,,7.624
2589,45-941-000-000,внутригородская территория города федерального значения поселение Внуковское,внутригородская территория города федерального значения,,77,Москва,2018,9999,,,25.575
2590,45-942-000-000,внутригородская территория города федерального значения поселение Воскресенское,внутригородская территория города федерального значения,,77,Москва,2018,9999,,,24.803
2591,45-943-000-000,внутригородская территория города федерального значения поселение Вороновское,внутригородская территория города федерального значения,,77,Москва,2018,9999,,,206.239
2592,45-944-000-000,внутригородская территория города федерального значения поселение Десеновское,внутригородская территория города федерального значения,,77,Москва,2018,9999,,,52.985
2593,45-945-000-000,внутригородская территория города федерального значения поселение Киевский,внутригородская территория города федерального значения,,77,Москва,2018,9999,,,61.28
2594,45-946-000-000,внутригородская территория города федерального значения поселение Кленовское,внутригородская территория города федерального значения,,77,Москва,2018,9999,,,118.133
2595,45-947-000-000,внутригородская территория города федерального значения поселение Кокошкино,внутригородская территория города федерального значения,,77,Москва,2018,9999,,,8.286
2596,45-948-000-000,внутригородская территория города федерального значения поселение Краснопахорское,внутригородская территория города федерального значения,,77,Москва,2018,9999,,,87.101
2597,45-949-000-000,внутригородская территория города федерального значения поселение Марушкинское,внутригородская территория города федерального значения,,77,Москва,2018,9999,,,50.333
2598,45-951-000-000,внутригородская территория города федерального значения поселение Михайлово-Ярцевское,внутригородская территория города федерального значения,,77,Москва,2018,9999,,,64.698
2599,45-952-000-000,внутригородская территория города федерального значения поселение Московский,внутригородская территория города федерального значения,,77,Москва,2018,9999,,,40.386
2600,45-953-000-000,"внутригородская территория города федерального значения поселение Мосрентген""""",внутригородская территория города федерального значения,,77,Москва,2018,9999,,,6.496
2601,45-954-000-000,внутригородская территория города федерального значения поселение Новофедоровское,внутригородская территория города федерального значения,,77,Москва,2018,9999,,,150.809
2602,45-955-000-000,внутригородская территория города федерального значения поселение Первомайское,внутригородская территория города федерального значения,,77,Москва,2018,9999,,,118.898
2603,45-956-000-000,внутригородская территория города федерального значения поселение Роговское,внутригородская территория города федерального значения,,77,Москва,2018,9999,,,178.084
2604,45-957-000-000,внутригородская территория города федерального значения поселение Рязановское,внутригородская территория города федерального значения,,77,Москва,2018,9999,,,40.644
2605,45-958-000-000,внутригородская территория города федерального значения поселение Сосенское,внутригородская территория города федерального значения,,77,Москва,2018,9999,,,66.814
2606,45-959-000-000,внутригородская территория города федерального значения поселение Филимонковское,внутригородская территория города федерального значения,,77,Москва,2018,9999,,,35.77
2607,45-961-000-000,внутригородская территория города федерального значения поселение Щаповское,внутригородская территория города федерального значения,,77,Москва,2018,9999,,,86.318
2608,67-302-000-000,внутригородская территория города федерального значения Балаклавский муниципальный округ,внутригородская территория города федерального значения,,92,Севастополь,2018,9999,,,152.919
2609,67-304-000-000,внутригородская территория города федерального значения город Инкерман,внутригородская территория города федерального значения,,92,Севастополь,2018,9999,,,80.925
2610,67-306-000-000,внутригородская территория города федерального значения Орлиновский муниципальный округ,внутригородская территория города федерального значения,,92,Севастополь,2018,9999,,,241.071
2611,67-308-000-000,внутригородская территория города федерального значения Терновский муниципальный округ,внутригородская территория города федерального значения,,92,Севастополь,2018,9999,,,73.495
2612,67-310-000-000,внутригородская территория города федерального значения Гагаринский муниципальный округ,внутригородская территория города федерального значения,,92,Севастополь,2018,9999,,,67.772
2613,67-312-000-000,внутригородская территория города федерального значения Ленинский муниципальный округ,внутригородская территория города федерального значения,,92,Севастополь,2018,9999,,,19.07
2614,67-314-000-000,внутригородская территория города федерального значения Нахимовский муниципальный округ,внутригородская территория города федерального значения,,92,Севастополь,2018,9999,,,68.063
2615,67-316-000-000,внутригородская территория города федерального значения Верхнесадовский муниципальный округ,внутригородская территория города федерального значения,,92,Севастополь,2018,9999,,,73.41
2616,67-318-000-000,внутригородская территория города федерального значения Андреевский муниципальный округ,внутригородская территория города федерального значения,,92,Севастополь,2018,9999,,,46.105
2617,67-320-000-000,внутригородская территория города федерального значения Качинский муниципальный округ,внутригородская территория города федерального значения,,92,Севастополь,2018,9999,,,52.676
2618,34-714-000-000,городской округ город Мантурово,городской округ,,44,Костромская область,2019,2024,58.333271,44.761791,2695.06
2619,78-705-000-000,городской округ город Переславль-Залесский,городской округ,,76,Ярославская область,2019,9999,56.7367178,38.8462714,3132.084
2620,57-730-000-000,городской округ Соликамский,городской округ,,59,Пермский край,2019,9999,59.649437,56.779594,5634.849
2621,57-708-000-000,городской округ город Березники,городской округ,,59,Пермский край,2019,9999,59.4084171,56.8036958,5002.833
934,14-710-000-000,городской округ Алексеевский,городской округ,,31,Белгородская область,2019,9999,50.6299364,38.6867154,1757.592
937,14-720-000-000,городской округ Валуйский,городской округ,,31,Белгородская область,2019,9999,50.2133886,38.0986967,1708.53
940,14-725-000-000,городской округ Грайворонский,городской округ,,31,Белгородская область,2019,9999,50.4837728,35.6712018,867.689
946,14-735-000-000,городской округ Новооскольский,городской округ,,31,Белгородская область,2019,9999,50.764427,37.863338,1403.072
951,14-750-000-000,городской округ Шебекинский,городской округ,,31,Белгородская область,2019,9999,50.4575369,37.09559306934095,1872.045
952,14-755-000-000,городской округ Яковлевский,городской округ,,31,Белгородская область,2019,9999,50.785236,36.485428,1089.075
1498,46-749-000-000,городской округ Ликино-Дулёво,городской округ,,50,Московская область,2019,2020,55.7043101,38.9569091,1348.917
1492,46-737-000-000,городской округ Клин,городской округ,,50,Московская область,2019,9999,56.3355601,36.7351318,2016.414
1491,46-715-000-000,городской округ Дмитровский,городской округ,,50,Московская область,2019,9999,56.3450695,37.5200723,2181.234
1504,46-778-000-000,городской округ Талдомский,городской округ,,50,Московская область,2019,9999,56.730941,37.528016,1428.138
1496,46-751-000-000,городской округ Богородский,городской округ,,50,Московская область,2019,9999,55.8553511,38.4411898,811.154
2121,28-758-000-000,городской округ Кашинский,городской округ,,69,Тверская область,2019,9999,57.361755,37.611454,1985.346
2131,28-759-000-000,городской округ Нелидовский,городской округ,,69,Тверская область,2019,9999,56.226097,32.771111,2639.207
1184,27-705-000-000,городской округ Балтийский,городской округ,,39,Калининградская область,2019,9999,54.6437214,19.8941584,174.971
1192,27-715-000-000,городской округ Нестеровский,городской округ,,39,Калининградская область,2019,2021,54.6325455,22.5710998,1053.913
1190,27-734-000-000,городской округ Светлогорский,городской округ,,39,Калининградская область,2019,9999,54.9417552,20.1550863,32.447
745,57-719-000-000,городской округ город Кизел,городской округ,,59,Пермский край,2019,9999,59.049252,57.6535,1387.411
748,57-720-000-000,городской округ Краснокамский,городской округ,,59,Пермский край,2019,9999,58.0812613,55.7586943,951.333
740,57-715-000-000,городской округ Гремячинский,городской округ,,59,Пермский край,2019,2023,58.5669663,57.8504049,1336.127
755,57-729-000-000,городской округ Оханский,городской округ,,59,Пермский край,2019,9999,57.721785,55.3859893,1537.329
739,57-714-000-000,городской округ Горнозаводский,городской округ,,59,Пермский край,2019,9999,58.374001,58.325058,7111.314
763,57-735-000-000,городской округ Чайковский,городской округ,,59,Пермский край,2019,9999,56.7787468,54.1500704,2163.357
2644,46-770-000-000,городской округ Серпухов,городской округ,,50,Московская область,2019,9999,54.9155247,37.4195533,1056.654
1495,46-745-000-000,городской округ Можайский,городской округ,,50,Московская область,2019,9999,55.5095679,35.986899,2627.185
2646,29-715-000-000,городской округ город Обнинск,городской округ,,40,Калужская область,2019,9999,55.0951738,36.611913,43.968
2647,29-606-000-000,Боровский муниципальный район,муниципальный район,,40,Калужская область,2019,9999,55.2049516,36.48485294979915,760.48
2648,46-742-000-000,городской округ Лосино-Петровский,городской округ,,50,Московская область,2019,9999,55.8705593,38.2032701,91.186
2649,46-659-000-000,Щёлковский муниципальный район,муниципальный район,,50,Московская область,2019,2020,55.9206499,37.9915576,624.351
2650,15-720-000-000,городской округ Новозыбковский,городской округ,,32,Брянская область,2020,9999,52.537086,31.93367,1028.058
2651,46-755-000-000,городской округ Одинцовский,городской округ,,50,Московская область,2020,9999,55.678223,37.2668096,1257.587
2652,46-757-000-000,городской округ Орехово-Зуевский,городской округ,,50,Московская область,2020,9999,55.8083278,38.9790038,1857.852
1503,46-771-000-000,городской округ Солнечногорск,городской округ,,50,Московская область,2020,2023,56.1853501,36.9781536,1084.567
1501,46-728-000-000,городской округ Сергиево-Посадский,городской округ,,50,Московская область,2020,9999,56.3153284,38.1359898,2027.308
1490,46-710-000-000,городской округ Воскресенск,городской округ,,50,Московская область,2020,9999,55.322518,38.6816824,812.791
1500,46-768-000-000,городской округ Раменский,городской округ,,50,Московская область,2020,9999,55.5709361,38.2282099,1397.172
1499,46-758-000-000,городской округ Пушкинский,городской округ,,50,Московская область,2020,2021,56.0104274,37.8461892,571.252
1489,46-708-000-000,городской округ Волоколамский,городской округ,,50,Московская область,2020,9999,56.0360129,35.9583358,1683.501
1494,46-752-000-000,городской округ Лотошино,городской округ,,50,Московская область,2020,9999,56.228891,35.6399029,979.572
2114,28-510-000-000,муниципальный округ Весьегонский,муниципальный округ,,69,Тверская область,2020,9999,58.6637264,37.2626496,2095.515
2110,28-502-000-000,муниципальный округ Андреапольский,муниципальный округ,,69,Тверская область,2020,9999,56.646801,32.26532,3056.766
747,57-760-000-000,городской округ Красновишерский,городской округ,,59,Пермский край,2020,9999,60.4017837,57.0767045,15373.118
738,57-712-000-000,городской округ Верещагинский,городской округ,,59,Пермский край,2020,9999,58.072099,54.6674784,1616.949
754,57-728-000-000,городской округ Осинский,городской округ,,59,Пермский край,2020,9999,57.2829207,55.4602059,2026.308
766,57-757-000-000,городской округ Чернушинский,городской округ,,59,Пермский край,2020,9999,56.5152817,56.0765041,1677.443
760,57-731-000-000,городской округ Суксунский,городской округ,,59,Пермский край,2020,9999,57.1463922,57.3951339,1677.462
741,57-718-000-000,городской округ Добрянский,городской округ,,59,Пермский край,2020,9999,58.4624764,56.4007589,5126.257
743,57-759-000-000,городской округ Ильинский,городской округ,,59,Пермский край,2020,9999,58.56762465,55.69450970007735,3089.064
752,57-761-000-000,городской округ Октябрьский,городской округ,,59,Пермский край,2020,9999,56.5143078,57.2035567,3443.011
756,57-762-000-000,городской округ Очерский,городской округ,,59,Пермский край,2020,9999,57.8836175,54.715823,1339.104
765,57-756-000-000,городской округ Чердынский,городской округ,,59,Пермский край,2020,9999,60.4046807,56.4752752,21081.047
767,57-758-000-000,городской округ Чусовской,городской округ,,59,Пермский край,2020,9999,58.282055,57.821075,3511.954
751,57-727-000-000,городской округ Нытвенский,городской округ,,59,Пермский край,2020,9999,57.943423,55.3316349,1651.847
734,57-502-000-000,муниципальный округ Александровский,муниципальный округ,,59,Пермский край,2020,9999,59.1593861,57.5861232,5571.562
736,57-506-000-000,муниципальный округ Березовский,муниципальный округ,,59,Пермский край,2020,9999,57.6026326,57.333067,1977.066
753,57-538-000-000,муниципальный округ Ординский,муниципальный округ,,59,Пермский край,2020,9999,57.19532845000001,56.90325538019961,1420.934
769,57-513-000-000,муниципальный округ Гайнский,муниципальный округ,,59,Пермский край,2020,9999,60.304131,54.327332,14983.166
771,57-526-000-000,муниципальный округ Кочевский,муниципальный округ,,59,Пермский край,2020,9999,59.60936735,54.32639043781445,2735.42
772,57-528-000-000,муниципальный округ Кудымкарский,муниципальный округ,,59,Пермский край,2020,2023,59.014606,54.664135,4739.511
768,57-721-000-000,городской округ город Кудымкар,городской округ,,59,Пермский край,2020,2023,59.014606,54.664135,32.738
773,57-559-000-000,муниципальный округ Юрлинский,муниципальный округ,,59,Пермский край,2020,9999,59.3286875,54.3246555,3875.078
774,57-560-000-000,муниципальный округ Юсьвинский,муниципальный округ,,59,Пермский край,2020,9999,58.964665,54.9605745,3198.542
761,57-552-000-000,муниципальный округ Уинский,муниципальный округ,,59,Пермский край,2020,9999,56.87829735,56.56837437378221,1550.2
770,57-525-000-000,муниципальный округ Косинский,муниципальный округ,,59,Пермский край,2020,9999,59.944386,54.989826,3496.685
1267,33-719-000-000,городской округ Богородский,городской округ,,43,Кировская область,2020,2021,57.8316459,50.7512195,1449.858
1291,33-716-000-000,городской округ Санчурский,городской округ,,43,Кировская область,2020,2021,56.9404036,47.2526947,1545.716
1550,22-719-000-000,городской округ Воротынский,городской округ,,52,Нижегородская область,2020,9999,56.0604696,45.862528,1941.651
2201,71-702-000-000,городской округ Голышмановский,городской округ,,72,Тюменская область,2020,9999,56.3955,68.375,4082.133
713,04-545-000-000,Пировский муниципальный округ,муниципальный округ,,24,Красноярский край,2020,9999,57.624046,92.272644,6211.986
724,04-558-000-000,Шарыповский муниципальный округ,муниципальный округ,,24,Красноярский край,2020,9999,55.5329127,89.1864204,3722.408
1242,32-504-000-000,Ижморский муниципальный округ,муниципальный округ,,42,Кемеровская область,2020,9999,56.192169,86.637169,3600.795
1243,32-507-000-000,Кемеровский муниципальный округ,муниципальный округ,,42,Кемеровская область,2020,9999,55.3550907,86.0871213,4294.599
1244,32-510-000-000,Крапивинский муниципальный округ,муниципальный округ,,42,Кемеровская область,2020,9999,55.003925,86.805855,6883.8
1245,32-513-000-000,Ленинск-Кузнецкий муниципальный округ,муниципальный округ,,42,Кемеровская область,2020,9999,54.665443,86.166115,2342.75
1248,32-522-000-000,Прокопьевский муниципальный округ,муниципальный округ,,42,Кемеровская область,2020,2023,53.8879117,86.7492072,3308.914
1249,32-525-000-000,Промышленновский муниципальный округ,муниципальный округ,,42,Кемеровская область,2020,9999,54.918655,85.6380293,3084.844
1252,32-531-000-000,Топкинский муниципальный округ,муниципальный округ,,42,Кемеровская область,2020,9999,55.2751962,85.6228741,2772.401
1253,32-534-000-000,Тяжинский муниципальный округ,муниципальный округ,,42,Кемеровская область,2020,9999,56.1139351,88.5171814,3528.74
1254,32-537-000-000,Чебулинский муниципальный округ,муниципальный округ,,42,Кемеровская область,2020,9999,56.0330343,87.6220223,3733.01
1255,32-540-000-000,Юргинский муниципальный округ,муниципальный округ,,42,Кемеровская область,2020,9999,55.7136,84.934799,2495.663
1256,32-543-000-000,Яйский муниципальный округ,муниципальный округ,,42,Кемеровская область,2020,9999,56.2020084,86.4485361,2501.423
1257,32-546-000-000,Яшкинский муниципальный округ,муниципальный округ,,42,Кемеровская область,2020,9999,55.8717888,85.4380316,2961.22
1241,32-502-000-000,Гурьевский муниципальный округ,муниципальный округ,,42,Кемеровская область,2020,9999,54.284954,85.931091,2259.843
787,05-502-000-000,Анучинский муниципальный округ,муниципальный округ,,25,Приморский край,2020,9999,43.9656156,133.0606584,3846.083
798,05-532-000-000,Пограничный муниципальный округ,муниципальный округ,,25,Приморский край,2020,9999,44.4031151,131.382506,3747.159
806,05-555-000-000,Чугуевский муниципальный округ,муниципальный округ,,25,Приморский край,2020,9999,44.1686667,133.8729678,12340.813
473,96-631-000-000,Серноводский муниципальный район,муниципальный район,,20,Чеченская Республика,2020,9999,43.315834,45.163658,368.518
2132,28-544-000-000,муниципальный округ Оленинский,муниципальный округ,,69,Тверская область,2020,9999,56.208992,33.480034,2668.763
2649,46-788-000-000,городской округ Щёлково,городской округ,,50,Московская область,2020,9999,55.9206499,37.9915576,624.351
2710,28-714-000-000,городской округ Вышневолоцкий,городской округ,,69,Тверская область,2020,9999,57.5883648,34.5720732,3456.87
2373,40-323-000-000,внутригородская территория города федерального значения муниципальный округ Ланское,внутригородская территория города федерального значения,,78,Санкт-Петербург,2020,9999,,,4.978
1913,63-760-000-000,городской округ поселок Михайловский,городской округ,,64,Саратовская область,2020,9999,51.76791,48.587875,12.626
1912,63-746-000-000,городской округ город Шиханы,городской округ,,64,Саратовская область,2020,9999,52.114838,47.198475,9.996
2714,15-501-000-000,муниципальный округ Стародубский,муниципальный округ,,32,Брянская область,2021,9999,52.584446,32.760098,1782.281
966,15-502-000-000,муниципальный округ Жуковский,муниципальный округ,,32,Брянская область,2021,9999,53.5329608,33.7320863,1114.94
1493,46-707-000-000,городской округ Ленинский,городской округ,,50,Московская область,2021,9999,55.5571496,37.7087142,202.779
2127,28-536-000-000,муниципальный округ Лесной,муниципальный округ,,69,Тверская область,2021,9999,58.2846441,35.5248456,1637.073
2117,28-516-000-000,муниципальный округ Западнодвинский,муниципальный округ,,69,Тверская область,2021,9999,56.2588287,32.0707122,2817.275
2133,28-546-000-000,муниципальный округ Пеновский,муниципальный округ,,69,Тверская область,2021,9999,56.92379,32.744606,2422.863
2136,28-549-000-000,муниципальный округ Сандовский,муниципальный округ,,69,Тверская область,2021,9999,58.461376,36.411373,1615.237
2125,28-532-000-000,муниципальный округ Краснохолмский,муниципальный округ,,69,Тверская область,2021,9999,58.056507,37.114731,1495.153
2137,28-550-000-000,муниципальный округ Селижаровский,муниципальный округ,,69,Тверская область,2021,9999,56.855633,33.452286,3121.539
899,11-511-000-000,муниципальный округ Вилегодский,муниципальный округ,,29,Архангельская область,2021,9999,61.115704,47.97831,4682.693
901,11-518-000-000,муниципальный округ Каргопольский,муниципальный округ,,29,Архангельская область,2021,9999,61.509121,38.940796,10058.993
1183,27-503-000-000,муниципальный округ Багратионовский,муниципальный округ,,39,Калининградская область,2021,9999,54.3868191,20.6405124,1013.476
1185,27-506-000-000,муниципальный округ Гвардейский,муниципальный округ,,39,Калининградская область,2021,9999,54.6478265,21.0719431,783.902
1186,27-507-000-000,муниципальный округ Гурьевский,муниципальный округ,,39,Калининградская область,2021,9999,54.7745571,20.6037041,889.696
1188,27-510-000-000,муниципальный округ Зеленоградский,муниципальный округ,,39,Калининградская область,2021,9999,54.9600365,20.4750188,811.764
1189,27-513-000-000,муниципальный округ Краснознаменский,муниципальный округ,,39,Калининградская область,2021,9999,54.9415225,22.4912976,1281.097
1191,27-514-000-000,муниципальный округ Неманский,муниципальный округ,,39,Калининградская область,2021,9999,55.0359656,22.0293578,697.545
1192,27-515-000-000,муниципальный округ Нестеровский,муниципальный округ,,39,Калининградская область,2021,9999,54.6325455,22.5710998,1053.913
1193,27-516-000-000,муниципальный округ Озерский,муниципальный округ,,39,Калининградская область,2021,9999,54.408741,22.014359,871.936
1194,27-518-000-000,муниципальный округ Полесский,муниципальный округ,,39,Калининградская область,2021,9999,54.8627556,21.1098591,834.316
1195,27-519-000-000,муниципальный округ Правдинский,муниципальный округ,,39,Калининградская область,2021,9999,54.447144,21.01399,1283.631
1196,27-527-000-000,муниципальный округ Славский,муниципальный округ,,39,Калининградская область,2021,9999,55.04549,21.679073,1355.598
1197,27-539-000-000,муниципальный округ Черняховский,муниципальный округ,,39,Калининградская область,2021,9999,54.635533,21.8099822,1297.454
1521,47-515-000-000,Печенгский муниципальный округ,муниципальный округ,,51,Мурманская область,2021,9999,69.4062217,30.2114216,13124.324
1512,47-517-000-000,Ковдорский муниципальный округ,муниципальный округ,,51,Мурманская область,2021,9999,67.563049,30.474108,4129.539
1507,47-519-000-000,муниципальный округ город Апатиты,муниципальный округ,,51,Мурманская область,2021,9999,67.568626,33.404392,2243.826
1508,47-522-000-000,муниципальный округ город Кировск,муниципальный округ,,51,Мурманская область,2021,9999,67.6151331,33.6637527,3724.391
1509,47-524-000-000,муниципальный округ город Мончегорск,муниципальный округ,,51,Мурманская область,2021,9999,67.939903,32.931679,3318.057
1510,47-526-000-000,муниципальный округ город Оленегорск,муниципальный округ,,51,Мурманская область,2021,9999,68.140732,33.282597,2015.838
1511,47-528-000-000,муниципальный округ город Полярные Зори,муниципальный округ,,51,Мурманская область,2021,9999,67.3659225,32.5010277,1262.986
1593,49-545-000-000,муниципальный округ Хвойнинский,муниципальный округ,,53,Новгородская область,2021,9999,58.8960621,34.5121844,3190.538
1584,49-523-000-000,муниципальный округ Марёвский,муниципальный округ,,53,Новгородская область,2021,9999,57.315285,32.082283,1843.985
1579,49-510-000-000,муниципальный округ Волотовский,муниципальный округ,,53,Новгородская область,2021,9999,57.9301007,30.7090808,999.162
1591,49-538-000-000,муниципальный округ Солецкий,муниципальный округ,,53,Новгородская область,2021,9999,58.119003,30.309679,1415.76
2748,03-731-000-000,городской округ Сириус,городской округ,федеральная_территория,23,Краснодарский край,2021,9999,43.40670875,39.96542261224943,13.99
826,07-502-000-000,Александровский муниципальный округ,муниципальный округ,,26,Ставропольский край,2021,9999,44.7124773,43.0005,2043.98
827,07-503-000-000,Андроповский муниципальный округ,муниципальный округ,,26,Ставропольский край,2021,9999,44.4616429,42.5082311,2384.933
828,07-505-000-000,Апанасенковский муниципальный округ,муниципальный округ,,26,Ставропольский край,2021,9999,45.910305,43.341801,3608.893
829,07-507-000-000,Арзгирский муниципальный округ,муниципальный округ,,26,Ставропольский край,2021,9999,45.369194,44.212685,3388.914
830,07-512-000-000,Будённовский муниципальный округ,муниципальный округ,,26,Ставропольский край,2021,9999,44.780533,44.163357,3110.181
831,07-517-000-000,Грачёвский муниципальный округ,муниципальный округ,,26,Ставропольский край,2021,9999,45.2028215,42.3990568,1792.01
832,07-528-000-000,Кочубеевский муниципальный округ,муниципальный округ,,26,Ставропольский край,2021,9999,44.6867318,41.825956,2364.025
834,07-533-000-000,Курский муниципальный округ,муниципальный округ,,26,Ставропольский край,2021,9999,44.0431414,44.4625266,3701.701
835,07-536-000-000,Левокумский муниципальный округ,муниципальный округ,,26,Ставропольский край,2021,9999,44.822536,44.660427,4741.801
836,07-544-000-000,Новоселицкий муниципальный округ,муниципальный округ,,26,Ставропольский край,2021,9999,44.7564658,43.434083,1697.845
837,07-548-000-000,Предгорный муниципальный округ,муниципальный округ,,26,Ставропольский край,2021,2022,44.0216516,42.8742331,1985.454
838,07-552-000-000,Степновский муниципальный округ,муниципальный округ,,26,Ставропольский край,2021,9999,44.2688631,44.5944095,1890.335
839,07-554-000-000,Труновский муниципальный округ,муниципальный округ,,26,Ставропольский край,2021,9999,45.4548156,41.9756382,1681.92
840,07-556-000-000,Туркменский муниципальный округ,муниципальный округ,,26,Ставропольский край,2021,9999,45.426357,43.44257,2613.438
841,07-558-000-000,Шпаковский муниципальный округ,муниципальный округ,,26,Ставропольский край,2021,9999,45.1324913,42.0263304,2351.933
735,57-503-000-000,муниципальный округ Бардымский,муниципальный округ,,59,Пермский край,2021,9999,56.930187,55.586967,2403.224
742,57-518-000-000,муниципальный округ Еловский,муниципальный округ,,59,Пермский край,2021,9999,57.04635035,54.92345971818599,1416.771
746,57-524-000-000,муниципальный округ Кишертский,муниципальный округ,,59,Пермский край,2021,9999,57.3599717,57.2471775,1403.027
764,57-555-000-000,муниципальный округ Частинский,муниципальный округ,,59,Пермский край,2021,9999,57.29295159999999,54.96425968947727,1676.699
749,57-529-000-000,муниципальный округ Куединский,муниципальный округ,,59,Пермский край,2021,9999,56.433506,55.590763,2626.885
758,57-548-000-000,муниципальный округ Сивинский,муниципальный округ,,59,Пермский край,2021,9999,58.4277655,54.205753,2521.545
744,57-522-000-000,муниципальный округ Карагайский,муниципальный округ,,59,Пермский край,2021,9999,58.265579,54.927208,2408.345
1264,33-502-000-000,муниципальный округ Арбажский,муниципальный округ,,43,Кировская область,2021,9999,57.6793484,48.3035946,1424.902
1273,33-516-000-000,муниципальный округ Кикнурский,муниципальный округ,,43,Кировская область,2021,9999,57.3049331,47.2089404,1689.795
1292,33-534-000-000,муниципальный округ Свечинский,муниципальный округ,,43,Кировская область,2021,9999,58.277,47.512543,1771.904
1299,33-543-000-000,муниципальный округ Фаленский,муниципальный округ,,43,Кировская область,2021,9999,58.3553667,51.5965834,2497.55
1267,33-506-000-000,муниципальный округ Богородский,муниципальный округ,,43,Кировская область,2021,9999,57.8316459,50.7512195,1449.858
1291,33-533-000-000,муниципальный округ Санчурский,муниципальный округ,,43,Кировская область,2021,9999,56.9404036,47.2526947,1545.716
1572,22-554-000-000,Уренский муниципальный округ,муниципальный округ,,52,Нижегородская область,2021,9999,57.4614974,45.7878911,2098.945
1539,22-505-000-000,Балахнинский муниципальный округ,муниципальный округ,,52,Нижегородская область,2021,9999,56.4870505,43.6039553,902.624
1540,22-507-000-000,Богородский муниципальный округ,муниципальный округ,,52,Нижегородская область,2021,9999,56.103416,43.516819,1413.593
1543,22-512-000-000,Бутурлинский муниципальный округ,муниципальный округ,,52,Нижегородская область,2021,9999,55.568863,44.891453,1105.088
1544,22-514-000-000,Вадский муниципальный округ,муниципальный округ,,52,Нижегородская область,2021,9999,55.5313789,44.2092517,742.526
1557,22-534-000-000,Ковернинский муниципальный округ,муниципальный округ,,52,Нижегородская область,2021,9999,57.12611,43.816387,2337.265
1562,22-540-000-000,Лысковский муниципальный округ,муниципальный округ,,52,Нижегородская область,2021,9999,56.027885,45.038315,2141.765
1563,22-542-000-000,Павловский муниципальный округ,муниципальный округ,,52,Нижегородская область,2021,9999,55.965137,43.071114,1098.743
1565,22-546-000-000,Починковский муниципальный округ,муниципальный округ,,52,Нижегородская область,2021,9999,54.6974517,44.8612893,1960.091
1571,22-553-000-000,Тоншаевский муниципальный округ,муниципальный округ,,52,Нижегородская область,2021,9999,57.732841,47.011944,2351.361
1356,37-542-000-000,муниципальный округ Шумихинский,муниципальный округ,,45,Курганская область,2021,9999,55.228207,63.282501,2805.263
1345,37-520-000-000,муниципальный округ Макушинский,муниципальный округ,,45,Курганская область,2021,9999,55.208321,67.252739,3482.881
2245,71-936-000-000,муниципальный округ Надымский район,муниципальный округ,,89,Ямало-Ненецкий автономный округ,2021,9999,65.532,72.52,110858.856
2247,71-940-000-000,муниципальный округ Пуровский район,муниципальный округ,,89,Ямало-Ненецкий автономный округ,2021,2022,64.9219991,77.779459,108701.753
2248,71-943-000-000,муниципальный округ Тазовский район,муниципальный округ,,89,Ямало-Ненецкий автономный округ,2021,9999,67.4735321,78.7149206,174302.657
721,04-555-000-000,Тюхтетский муниципальный округ,муниципальный округ,,24,Красноярский край,2021,9999,56.539837,89.311485,9339.775
1251,32-528-000-000,Тисульский муниципальный округ,муниципальный округ,,42,Кемеровская область,2021,9999,55.763851,88.3130216,8102.615
594,76-538-000-000,Приаргунский муниципальный округ,муниципальный округ,,75,Забайкальский край,2021,9999,50.365902,119.090134,5124.273
582,76-515-000-000,Каларский муниципальный округ,муниципальный округ,,75,Забайкальский край,2021,9999,56.797935,118.2732323,56385.864
610,30-501-000-000,Алеутский муниципальный округ,муниципальный округ,,41,Камчатский край,2021,9999,55.1979733,165.9969098,1393.42
804,05-550-000-000,Хорольский муниципальный округ,муниципальный округ,,25,Приморский край,2021,9999,44.4252585,132.0816616,1950.997
795,05-526-000-000,Октябрьский муниципальный округ,муниципальный округ,,25,Приморский край,2021,9999,43.9524657,131.6329635,1638.695
792,05-517-000-000,Лазовский муниципальный округ,муниципальный округ,,25,Приморский край,2021,9999,43.384794,133.9054043,4682.363
802,05-546-000-000,Ханкайский муниципальный округ,муниципальный округ,,25,Приморский край,2021,9999,44.7421984,132.0467903,2687.693
801,05-540-000-000,Тернейский муниципальный округ,муниципальный округ,,25,Приморский край,2021,9999,45.0504046,136.6137293,27136.704
871,10-508-000-000,Белогорский муниципальный округ,муниципальный округ,,28,Амурская область,2021,9999,50.921326,128.47287,2644.68
874,10-521-000-000,Завитинский муниципальный округ,муниципальный округ,,28,Амурская область,2021,9999,50.111154,129.4402341,3372.176
873,10-515-000-000,Бурейский муниципальный округ,муниципальный округ,,28,Амурская область,2021,9999,49.7939604,129.8734105,7179.523
876,10-528-000-000,Ивановский муниципальный округ,муниципальный округ,,28,Амурская область,2021,9999,50.358143,128.003128,2606.819
882,10-540-000-000,Ромненский муниципальный округ,муниципальный округ,,28,Амурская область,2021,9999,50.718391,129.290924,10053.167
888,10-554-000-000,Тындинский муниципальный округ,муниципальный округ,,28,Амурская область,2021,9999,55.149694,124.7375884,83982.023
2808,46-738-000-000,городской округ Коломна,городской округ,,50,Московская область,2021,9999,55.0938743,38.7670121,1728.367
2809,57-530-000-000,муниципальный округ Кунгурский,муниципальный округ,,59,Пермский край,2021,9999,57.4397771,56.9266073,4446.745
833,07-530-000-000,Красногвардейский муниципальный округ,муниципальный округ,,26,Ставропольский край,2021,9999,45.840508,41.514591,2232.916
1555,22-532-000-000,Дивеевский муниципальный округ,муниципальный округ,,52,Нижегородская область,2021,9999,55.041687,43.245518,829.099
2812,03-726-000-000,городской округ город-курорт Сочи,городской округ,,23,Краснодарский край,2021,9999,43.5854823,39.723109,3508.499
2813,46-786-000-000,городской округ Шатура,городской округ,,50,Московская область,2021,9999,55.578403,39.5437584,2673.57
2814,46-758-000-000,городской округ Пушкинский,городской округ,,50,Московская область,2021,9999,56.0104274,37.8461892,742.292
1320,34-524-000-000,Нейский муниципальный округ,муниципальный округ,,44,Костромская область,2022,9999,58.2940908,43.8609201,2683.886
1325,34-534-000-000,Парфеньевский муниципальный округ,муниципальный округ,,44,Костромская область,2022,9999,58.4799889,43.4086182,2462.295
1319,34-522-000-000,Межевской муниципальный округ,муниципальный округ,,44,Костромская область,2022,9999,58.7303454,45.0299127,2251.486
1314,34-512-000-000,Кологривский муниципальный округ,муниципальный округ,,44,Костромская область,2022,9999,58.825497,44.311275,3493.574
1726,54-501-000-000,муниципальный округ Орловский,муниципальный округ,,57,Орловская область,2022,9999,52.96801714999999,36.09949941816104,1708.195
2128,28-538-000-000,муниципальный округ Лихославльский,муниципальный округ,,69,Тверская область,2022,9999,57.1244437,35.4665276,1781.636
2134,28-547-000-000,муниципальный округ Рамешковский,муниципальный округ,,69,Тверская область,2022,9999,57.3453001,36.0453999,2514.207
2139,28-552-000-000,муниципальный округ Спировский,муниципальный округ,,69,Тверская область,2022,9999,57.4215311,34.9932788,1532.544
2130,28-542-000-000,муниципальный округ Молоковский,муниципальный округ,,69,Тверская область,2022,9999,58.1630255,36.7661137,1185.913
911,11-550-000-000,Плесецкий муниципальный округ,муниципальный округ,,29,Архангельская область,2022,9999,62.709524,40.2843885,26066.372
898,11-508-000-000,Верхнетоемский муниципальный округ,муниципальный округ,,29,Архангельская область,2022,9999,62.2353641,45.0007897,20656.768
900,11-514-000-000,Виноградовский муниципальный округ,муниципальный округ,,29,Архангельская область,2022,9999,62.855541,42.710133,12533.709
423,94-502-000-000,муниципальный округ Алнашский район,муниципальный округ,,18,Удмуртская Республика,2022,9999,56.1848812,52.4755309,890.435
424,94-504-000-000,муниципальный округ Балезинский район,муниципальный округ,,18,Удмуртская Республика,2022,9999,57.9745686,53.0111891,2428.811
425,94-506-000-000,муниципальный округ Вавожский район,муниципальный округ,,18,Удмуртская Республика,2022,9999,56.7676129,51.9313766,1539.743
426,94-508-000-000,муниципальный округ Воткинский район,муниципальный округ,,18,Удмуртская Республика,2022,9999,57.03096265,53.95290987149551,1865.672
427,94-510-000-000,муниципальный округ Глазовский район,муниципальный округ,,18,Удмуртская Республика,2022,9999,58.1401196,52.6464388,2166.671
428,94-512-000-000,муниципальный округ Граховский район,муниципальный округ,,18,Удмуртская Республика,2022,9999,56.0468999,51.9629501,964.799
429,94-514-000-000,муниципальный округ Дебёсский район,муниципальный округ,,18,Удмуртская Республика,2022,9999,57.652351,53.806393,1035.049
430,94-516-000-000,муниципальный округ Завьяловский район,муниципальный округ,,18,Удмуртская Республика,2022,9999,56.784662,53.3776005,2189.769
431,94-518-000-000,муниципальный округ Игринский район,муниципальный округ,,18,Удмуртская Республика,2022,9999,57.5391501,53.0808519,2282.559
432,94-520-000-000,муниципальный округ Камбарский район,муниципальный округ,,18,Удмуртская Республика,2022,9999,56.2652515,54.1945613,604.285
433,94-522-000-000,муниципальный округ Каракулинский район,муниципальный округ,,18,Удмуртская Республика,2022,9999,56.0105232,53.705165,1192.916
434,94-524-000-000,муниципальный округ Кезский район,муниципальный округ,,18,Удмуртская Республика,2022,9999,57.8965573,53.7140134,2311.201
435,94-526-000-000,муниципальный округ Кизнерский район,муниципальный округ,,18,Удмуртская Республика,2022,9999,56.2850255,51.5192626,2276.939
436,94-528-000-000,муниципальный округ Киясовский район,муниципальный округ,,18,Удмуртская Республика,2022,9999,56.3438804,53.1247526,821.918
437,94-530-000-000,муниципальный округ Красногорский район,муниципальный округ,,18,Удмуртская Республика,2022,9999,57.703725,52.501841,1859.159
438,94-533-000-000,муниципальный округ Малопургинский район,муниципальный округ,,18,Удмуртская Республика,2022,9999,56.5495455,53.0055085,1221.946
439,94-535-000-000,муниципальный округ Можгинский район,муниципальный округ,,18,Удмуртская Республика,2022,9999,56.44903635,52.21859474400328,2013.14
440,94-537-000-000,муниципальный округ Сарапульский район,муниципальный округ,,18,Удмуртская Республика,2022,9999,56.4216058,53.7753696,1942.308
441,94-539-000-000,муниципальный округ Селтинский район,муниципальный округ,,18,Удмуртская Республика,2022,9999,57.3094964,52.1381468,1885.871
442,94-541-000-000,муниципальный округ Сюмсинский район,муниципальный округ,,18,Удмуртская Республика,2022,9999,57.1081378,51.6147316,1824.155
443,94-544-000-000,муниципальный округ Увинский район,муниципальный округ,,18,Удмуртская Республика,2022,9999,56.9826616,52.1884394,2440.54
444,94-546-000-000,муниципальный округ Шарканский район,муниципальный округ,,18,Удмуртская Республика,2022,9999,57.295315,53.869011,1400.13
445,94-548-000-000,муниципальный округ Юкаменский район,муниципальный округ,,18,Удмуртская Республика,2022,9999,57.8865761,52.2473098,1027.275
446,94-550-000-000,муниципальный округ Якшур-Бодьинский район,муниципальный округ,,18,Удмуртская Республика,2022,9999,57.1842484,53.1544847,1787.577
447,94-552-000-000,муниципальный округ Ярский район,муниципальный округ,,18,Удмуртская Республика,2022,9999,58.2442424,52.1079326,1539.526
491,97-524-000-000,Красноармейский муниципальный округ,муниципальный округ,,21,Чувашская Республика,2022,9999,55.7679252,47.1684942,456.298
500,97-550-000-000,Шумерлинский муниципальный округ,муниципальный округ,,21,Чувашская Республика,2022,9999,55.4985162,46.4186725,1049.351
737,57-508-000-000,муниципальный округ Большесосновский,муниципальный округ,,59,Пермский край,2022,9999,57.671268,54.602867,2215.91
1268,33-507-000-000,муниципальный округ Верхнекамский,муниципальный округ,,43,Кировская область,2022,9999,59.3398971,52.2418232,10319.471
1278,33-521-000-000,муниципальный округ Лебяжский,муниципальный округ,,43,Кировская область,2022,9999,57.4095434,49.5276891,1347.805
1279,33-522-000-000,муниципальный округ Лузский,муниципальный округ,,43,Кировская область,2022,9999,60.6306233,47.2549261,5293.998
1281,33-524-000-000,муниципальный округ Мурашинский,муниципальный округ,,43,Кировская область,2022,9999,59.3951018,48.9644445,3403.979
1283,33-526-000-000,муниципальный округ Немский,муниципальный округ,,43,Кировская область,2022,9999,57.5052656,50.5021661,2148.73
1286,33-529-000-000,муниципальный округ Опаринский,муниципальный округ,,43,Кировская область,2022,9999,59.8516589,48.2777768,6048.589
1289,33-531-000-000,муниципальный округ Пижанский,муниципальный округ,,43,Кировская область,2022,9999,57.460224,48.533832,1150.741
1297,33-540-000-000,муниципальный округ Унинский,муниципальный округ,,43,Кировская область,2022,9999,57.7543697,51.4895258,2131.079
1560,22-537-000-000,Кстовский муниципальный округ,муниципальный округ,,52,Нижегородская область,2022,9999,56.149551,44.198032,1220.135
1344,37-518-000-000,Лебяжьевский муниципальный округ,муниципальный округ,,45,Курганская область,2022,9999,55.273006,66.502243,3181.052
1343,37-516-000-000,Куртамышский муниципальный округ,муниципальный округ,,45,Курганская область,2022,9999,54.9095859,64.4283925,3924.661
1355,37-540-000-000,Шатровский муниципальный округ,муниципальный округ,,45,Курганская область,2022,9999,56.519569,64.634209,3539.735
1348,37-526-000-000,Петуховский муниципальный округ,муниципальный округ,,45,Курганская область,2022,9999,55.065,67.88736,2774.407
1335,37-502-000-000,Альменевский муниципальный округ,муниципальный округ,,45,Курганская область,2022,9999,54.942505,63.578785,2486.267
1352,37-534-000-000,Целинный муниципальный округ,муниципальный округ,,45,Курганская область,2022,9999,54.50412,63.664242,3456.733
2244,71-933-000-000,муниципальный округ Красноселькупский район,муниципальный округ,,89,Ямало-Ненецкий автономный округ,2022,9999,65.704239,82.458855,106491.943
2250,71-948-000-000,муниципальный округ Ямальский район,муниципальный округ,,89,Ямало-Ненецкий автономный округ,2022,9999,66.865563,70.83653,165748.631
2872,71-938-000-000,муниципальный округ Приуральский район,муниципальный округ,,89,Ямало-Ненецкий автономный округ,2022,9999,66.5582332,67.8051987,70252.731
525,01-512-000-000,Залесовский муниципальный округ,муниципальный округ,,22,Алтайский край,2022,9999,53.9933512,84.7466139,3284.835
1240,32-501-000-000,Беловский муниципальный округ,муниципальный округ,,42,Кемеровская область,2022,9999,54.412445,86.399742,3193.436
1246,32-516-000-000,Мариинский муниципальный округ,муниципальный округ,,42,Кемеровская область,2022,9999,56.206299,87.751259,5624.467
2876,07-715-000-000,городской округ город-курорт Кисловодск,городской округ,,26,Ставропольский край,2022,9999,43.9128743,42.7192186,169.896
2877,63-701-000-000,городской округ город Саратов,городской округ,административный_центр_субъекта,64,Саратовская область,2022,2023,51.530018,46.034683,1203.989
2878,63-643-000-000,Саратовский муниципальный район,муниципальный район,,64,Саратовская область,2022,2023,51.530018,46.034683,1159.932
2879,71-952-000-000,городской округ город Губкинский,городской округ,,89,Ямало-Ненецкий автономный округ,2022,9999,64.4337824,76.4898086,127.766
2880,71-953-000-000,городской округ город Лабытнанги,городской округ,,89,Ямало-Ненецкий автономный округ,2022,9999,66.6888835,66.4347161435694,147.043
2881,07-548-000-000,Предгорный муниципальный округ,муниципальный округ,,26,Ставропольский край,2022,9999,44.0216516,42.8742331,1922.879
2882,71-940-000-000,муниципальный округ Пуровский район,муниципальный округ,,89,Ямало-Ненецкий автономный округ,2022,9999,64.9219991,77.779459,108690.216
2883,28-528-000-000,муниципальный округ Кимрский,муниципальный округ,,69,Тверская область,2023,9999,56.8734395,37.3556968,2577.35
2884,28-548-000-000,муниципальный округ Ржевский,муниципальный округ,,69,Тверская область,2023,9999,56.2565207,34.328649,2807.219
2885,57-528-000-000,муниципальный округ Кудымкарский,муниципальный округ,,59,Пермский край,2023,9999,59.014606,54.664135,4772.249
2886,57-516-000-000,муниципальный округ Губахинский,муниципальный округ,,59,Пермский край,2023,9999,58.842407,57.555058,2349.586
2887,63-701-000-000,городской округ город Саратов,городской округ,административный_центр_субъекта,64,Саратовская область,2023,9999,51.530018,46.034683,2363.896
1326,34-536-000-000,Поназыревский муниципальный округ,муниципальный округ,,44,Костромская область,2023,9999,58.358154,46.317429,2116.976
1327,34-538-000-000,Пыщугский муниципальный округ,муниципальный округ,,44,Костромская область,2023,9999,59.0104505,45.6111145,1922.868
2112,28-506-000-000,муниципальный округ Бельский,муниципальный округ,,69,Тверская область,2023,9999,55.833073,32.939487,2141.056
2118,28-518-000-000,муниципальный округ Зубцовский,муниципальный округ,,69,Тверская область,2023,9999,56.170071,34.585182,2170.671
2122,28-526-000-000,муниципальный округ Кесовогорский,муниципальный округ,,69,Тверская область,2023,9999,57.579342,37.295616,970.787
2129,28-540-000-000,муниципальный округ Максатихинский,муниципальный округ,,69,Тверская область,2023,9999,57.797325,35.87904,2788.488
2138,28-551-000-000,муниципальный округ Сонковский,муниципальный округ,,69,Тверская область,2023,9999,57.7809325,37.1653992,968.072
2140,28-553-000-000,муниципальный округ Старицкий,муниципальный округ,,69,Тверская область,2023,9999,56.5081105,34.9314738,3011.974
2116,28-514-000-000,муниципальный округ Жарковский,муниципальный округ,,69,Тверская область,2023,9999,55.8479449,32.2626969,1635.249
223,86-550-000-000,Суоярвский муниципальный округ,муниципальный округ,,10,Республика Карелия,2023,9999,62.0820094,32.345856,13741.727
907,11-542-000-000,Мезенский муниципальный округ,муниципальный округ,,29,Архангельская область,2023,9999,65.843956,44.244141,44208.832
915,11-558-000-000,Шенкурский муниципальный округ,муниципальный округ,,29,Архангельская область,2023,9999,62.1059279,42.9076435,11288.138
906,11-538-000-000,Лешуконский муниципальный округ,муниципальный округ,,29,Архангельская область,2023,9999,64.902481,45.767242,28189.234
903,11-527-000-000,Котласский муниципальный округ,муниципальный округ,,29,Архангельская область,2023,9999,61.252151,46.647629,6273.589
914,11-556-000-000,Холмогорский муниципальный округ,муниципальный округ,,29,Архангельская область,2023,9999,64.2270008,41.6512435,16741.052
908,11-544-000-000,Няндомский муниципальный округ,муниципальный округ,,29,Архангельская область,2023,9999,61.6612985,40.1970404,8072.698
913,11-554-000-000,Устьянский муниципальный округ,муниципальный округ,,29,Архангельская область,2023,9999,61.090485,43.171482,10750.983
1047,19-505-000-000,Бабаевский муниципальный округ,муниципальный округ,,35,Вологодская область,2023,9999,59.3887129,35.9499951,9331.082
1048,19-508-000-000,Бабушкинский муниципальный округ,муниципальный округ,,35,Вологодская область,2023,9999,59.7567364,43.1335636,7770.489
1049,19-510-000-000,Белозерский муниципальный округ,муниципальный округ,,35,Вологодская область,2023,9999,60.03199,37.7842189,6028.051
1051,19-514-000-000,Великоустюгский муниципальный округ,муниципальный округ,,35,Вологодская область,2023,9999,60.7612852,46.3014666,7779.092
1052,19-516-000-000,Верховажский муниципальный округ,муниципальный округ,,35,Вологодская область,2023,9999,60.7451617,42.047316,4331.986
1053,19-518-000-000,Вожегодский муниципальный округ,муниципальный округ,,35,Вологодская область,2023,9999,60.4736301,40.2121613,5817.866
1054,19-520-000-000,Вологодский муниципальный округ,муниципальный округ,,35,Вологодская область,2023,9999,59.2189391,39.8933913,4813.921
1056,19-524-000-000,Грязовецкий муниципальный округ,муниципальный округ,,35,Вологодская область,2023,9999,58.8841692,40.2515006,5053.51
1057,19-526-000-000,Кадуйский муниципальный округ,муниципальный округ,,35,Вологодская область,2023,9999,59.199219,37.148609,3249.919
1059,19-530-000-000,Кичменгско-Городецкий муниципальный округ,муниципальный округ,,35,Вологодская область,2023,9999,59.9923379,45.8055674,7120.087
1060,19-532-000-000,Междуреченский муниципальный округ,муниципальный округ,,35,Вологодская область,2023,9999,59.3746522,41.0282183,3672.463
1062,19-536-000-000,Нюксенский муниципальный округ,муниципальный округ,,35,Вологодская область,2023,9999,60.419796,44.254551,5190.534
1063,19-538-000-000,Сокольский муниципальный округ,муниципальный округ,,35,Вологодская область,2023,9999,59.462799,40.112858,4145.471
1064,19-540-000-000,Сямженский муниципальный округ,муниципальный округ,,35,Вологодская область,2023,9999,60.021656,41.060516,3967.088
1065,19-542-000-000,Тарногский муниципальный округ,муниципальный округ,,35,Вологодская область,2023,9999,60.50661565,43.56205408043196,5111.951
1066,19-546-000-000,Тотемский муниципальный округ,муниципальный округ,,35,Вологодская область,2023,9999,59.9736254,42.7587335,8231.292
1067,19-548-000-000,Усть-Кубинский муниципальный округ,муниципальный округ,,35,Вологодская область,2023,9999,59.631699,39.726299,2570.039
1068,19-550-000-000,Устюженский муниципальный округ,муниципальный округ,,35,Вологодская область,2023,9999,58.8428204,36.4296982,3609.132
1069,19-552-000-000,Харовский муниципальный округ,муниципальный округ,,35,Вологодская область,2023,9999,59.9533237,40.2068249,3613.907
483,97-503-000-000,Алатырский муниципальный округ,муниципальный округ,,21,Чувашская Республика,2023,9999,54.84582955,46.5627484284573,1937.828
484,97-505-000-000,Аликовский муниципальный округ,муниципальный округ,,21,Чувашская Республика,2023,9999,55.7393757,46.7465335,553.743
485,97-507-000-000,Батыревский муниципальный округ,муниципальный округ,,21,Чувашская Республика,2023,9999,55.0681559,47.6042007,945.856
486,97-510-000-000,Вурнарский муниципальный округ,муниципальный округ,,21,Чувашская Республика,2023,9999,55.4917095,46.9529003,1013.746
487,97-513-000-000,Ибресинский муниципальный округ,муниципальный округ,,21,Чувашская Республика,2023,9999,55.3043004,47.0389112,1201.073
488,97-516-000-000,Канашский муниципальный округ,муниципальный округ,,21,Чувашская Республика,2023,9999,55.5148161,47.49863071889008,980.479
489,97-519-000-000,Козловский муниципальный округ,муниципальный округ,,21,Чувашская Республика,2023,9999,55.8414764,48.2484231,510.948
490,97-521-000-000,Комсомольский муниципальный округ,муниципальный округ,,21,Чувашская Республика,2023,9999,55.2622657,47.5455999,632.132
492,97-526-000-000,Красночетайский муниципальный округ,муниципальный округ,,21,Чувашская Республика,2023,9999,55.6988225,46.1593707,687.183
493,97-529-000-000,Мариинско-Посадский муниципальный округ,муниципальный округ,,21,Чувашская Республика,2023,9999,56.1178077,47.7220654,674.424
494,97-532-000-000,Моргаушский муниципальный округ,муниципальный округ,,21,Чувашская Республика,2023,9999,55.9642116,46.7687775,847.5
495,97-535-000-000,Порецкий муниципальный округ,муниципальный округ,,21,Чувашская Республика,2023,9999,55.1989448,46.3261836,1117.564
496,97-538-000-000,Урмарский муниципальный округ,муниципальный округ,,21,Чувашская Республика,2023,9999,55.6802934,47.9446913,597.603
497,97-541-000-000,Цивильский муниципальный округ,муниципальный округ,,21,Чувашская Республика,2023,9999,55.8661072,47.473703,789.681
498,97-544-000-000,Чебоксарский муниципальный округ,муниципальный округ,,21,Чувашская Республика,2023,9999,56.0315502,47.2987956,1194.85
499,97-547-000-000,Шемуршинский муниципальный округ,муниципальный округ,,21,Чувашская Республика,2023,9999,54.8854761,47.51651,818.007
501,97-553-000-000,Ядринский муниципальный округ,муниципальный округ,,21,Чувашская Республика,2023,9999,55.9407976,46.2006586,904.154
502,97-555-000-000,Яльчикский муниципальный округ,муниципальный округ,,21,Чувашская Республика,2023,9999,55.1628658,48.003334,578.334
503,97-558-000-000,Янтиковский муниципальный округ,муниципальный округ,,21,Чувашская Республика,2023,9999,55.5163733,47.7805881,524.184
757,57-546-000-000,муниципальный округ Пермский,муниципальный округ,,59,Пермский край,2023,9999,58.014965,56.246723,3877.172
1265,33-503-000-000,муниципальный округ Афанасьевский,муниципальный округ,,43,Кировская область,2023,9999,58.865421,53.26273,5142.233
1542,22-510-000-000,Большемурашкинский муниципальный округ,муниципальный округ,,52,Нижегородская область,2023,9999,55.7837504,44.7763185,657.315
1556,22-533-000-000,Княгининский муниципальный округ,муниципальный округ,,52,Нижегородская область,2023,9999,55.821281,45.031601,769.54
1574,22-557-000-000,Шатковский муниципальный округ,муниципальный округ,,52,Нижегородская область,2023,9999,55.188023,44.127811,1440.283
1552,22-526-000-000,Гагинский муниципальный округ,муниципальный округ,,52,Нижегородская область,2023,9999,55.2314867,45.0280811,1062.563
1567,22-549-000-000,Сеченовский муниципальный округ,муниципальный округ,,52,Нижегородская область,2023,9999,55.2257213,45.8937291,990.585
1570,22-552-000-000,Тонкинский муниципальный округ,муниципальный округ,,52,Нижегородская область,2023,9999,57.372272,46.458287,1017.339
1569,22-551-000-000,Спасский муниципальный округ,муниципальный округ,,52,Нижегородская область,2023,9999,55.8579699,45.6954529,705.884
1568,22-550-000-000,Сосновский муниципальный округ,муниципальный округ,,52,Нижегородская область,2023,9999,55.8050772,43.1669499,1168.634
1573,22-556-000-000,Шарангский муниципальный округ,муниципальный округ,,52,Нижегородская область,2023,9999,57.1773441,46.5445937,1603.882
1547,22-518-000-000,Ветлужский муниципальный округ,муниципальный округ,,52,Нижегородская область,2023,9999,57.85287,45.7757157,3004.336
1558,22-535-000-000,Краснобаковский муниципальный округ,муниципальный округ,,52,Нижегородская область,2023,9999,57.1268348,45.1664096,1768.084
1537,22-502-000-000,Ардатовский муниципальный округ,муниципальный округ,,52,Нижегородская область,2023,9999,55.2410408,43.0968037,1891.655
1548,22-519-000-000,Вознесенский муниципальный округ,муниципальный округ,,52,Нижегородская область,2023,9999,54.8906328,42.7598373,1302.232
1551,22-522-000-000,Воскресенский муниципальный округ,муниципальный округ,,52,Нижегородская область,2023,9999,56.8383333,45.4330556,3568.902
1545,22-515-000-000,Варнавинский муниципальный округ,муниципальный округ,,52,Нижегородская область,2023,9999,57.396695,45.0849216,2525.997
1554,22-530-000-000,Дальнеконстантиновский муниципальный округ,муниципальный округ,,52,Нижегородская область,2023,9999,55.80777,44.094025,1378.285
1553,22-528-000-000,Городецкий муниципальный округ,муниципальный округ,,52,Нижегородская область,2023,9999,56.647141,43.476002,1453.152
1559,22-536-000-000,Краснооктябрьский муниципальный округ,муниципальный округ,,52,Нижегородская область,2023,9999,55.399989,45.6168658,884.333
1564,22-545-000-000,Пильнинский муниципальный округ,муниципальный округ,,52,Нижегородская область,2023,9999,55.5522547,45.9207853,1321.306
1546,22-517-000-000,Вачский муниципальный округ,муниципальный округ,,52,Нижегородская область,2023,9999,55.801029,42.772099,979.186
1561,22-539-000-000,Лукояновский муниципальный округ,муниципальный округ,,52,Нижегородская область,2023,9999,55.034821,44.492725,1894.729
1541,22-509-000-000,Большеболдинский муниципальный округ,муниципальный округ,,52,Нижегородская область,2023,9999,55.000713,45.310505,865.722
1549,22-520-000-000,Володарский муниципальный округ,муниципальный округ,,52,Нижегородская область,2023,9999,56.224304,43.182655,1051.159
1566,22-548-000-000,Сергачский муниципальный округ,муниципальный округ,,52,Нижегородская область,2023,9999,55.532822,45.4616976,1244.799
1336,37-504-000-000,Белозерский муниципальный округ,муниципальный округ,,45,Курганская область,2023,9999,55.823845,65.588783,3424.368
1339,37-509-000-000,Звериноголовский муниципальный округ,муниципальный округ,,45,Курганская область,2023,9999,54.459023,64.856514,1358.424
1340,37-510-000-000,Каргапольский муниципальный округ,муниципальный округ,,45,Курганская область,2023,9999,55.952408,64.434021,3202.044
1342,37-514-000-000,Кетовский муниципальный округ,муниципальный округ,,45,Курганская область,2023,9999,55.343979,65.333832,3333.809
1346,37-522-000-000,Мишкинский муниципальный округ,муниципальный округ,,45,Курганская область,2023,9999,55.3373017,63.9143594,3004.845
1349,37-528-000-000,Половинский муниципальный округ,муниципальный округ,,45,Курганская область,2023,9999,54.789661,65.987595,2729.699
1351,37-532-000-000,Сафакулевский муниципальный округ,муниципальный округ,,45,Курганская область,2023,9999,54.988411,62.54039,2291.602
1353,37-536-000-000,Частоозерский муниципальный округ,муниципальный округ,,45,Курганская область,2023,9999,55.568256,67.909462,1925.288
1354,37-538-000-000,Шадринский муниципальный округ,муниципальный округ,,45,Курганская область,2023,9999,56.087364,63.629482,4066.514
1357,37-544-000-000,Щучанский муниципальный округ,муниципальный округ,,45,Курганская область,2023,9999,55.208908,62.747772,2872.084
1358,37-546-000-000,Юргамышский муниципальный округ,муниципальный округ,,45,Курганская область,2023,9999,55.374958,64.455788,2592.679
1347,37-524-000-000,Мокроусовский муниципальный округ,муниципальный округ,,45,Курганская область,2023,9999,55.808598,66.770607,3095.984
2249,71-946-000-000,муниципальный округ Шурышкарский район,муниципальный округ,,89,Ямало-Ненецкий автономный округ,2023,9999,65.400004,64.7018584,54235.934
2303,75-533-000-000,Коркинский муниципальный округ,муниципальный округ,,74,Челябинская область,2023,9999,54.889923,61.407963,128.255
553,01-541-000-000,муниципальный округ Суетский район,муниципальный округ,,22,Алтайский край,2023,9999,53.3027185,80.0450874,1106.059
511,01-539-000-000,муниципальный округ город Славгород,муниципальный округ,,22,Алтайский край,2023,9999,52.9968921,78.6485041,2066.847
570,01-558-000-000,муниципальный округ Чарышский район,муниципальный округ,,22,Алтайский край,2023,9999,51.4008481,83.556989,6830.742
1247,32-519-000-000,Новокузнецкий муниципальный округ,муниципальный округ,,42,Кемеровская область,2023,9999,53.7575903,87.1358494,12527.123
789,05-510-000-000,Кавалеровский муниципальный округ,муниципальный округ,,25,Приморский край,2023,9999,44.2673637,135.0554977,4218.573
796,05-528-000-000,Ольгинский муниципальный округ,муниципальный округ,,25,Приморский край,2023,9999,43.7461009,135.2901676,6430.488
799,05-534-000-000,Пожарский муниципальный округ,муниципальный округ,,25,Приморский край,2023,9999,46.4443195,134.3006729,22510.533
803,05-548-000-000,Хасанский муниципальный округ,муниципальный округ,,25,Приморский край,2023,9999,42.8606833,131.3924115,4111.511
889,10-555-000-000,Шимановский муниципальный округ,муниципальный округ,,28,Амурская область,2023,9999,51.9987022,127.6719156,14484.948
887,10-551-000-000,Тамбовский муниципальный округ,муниципальный округ,,28,Амурская область,2023,9999,50.098019,128.069885,2545.286
886,10-549-000-000,Сковородинский муниципальный округ,муниципальный округ,,28,Амурская область,2023,9999,53.9862567,123.9373454,18122.093
885,10-547-000-000,Серышевский муниципальный округ,муниципальный округ,,28,Амурская область,2023,9999,51.091206,128.38092,3748.79
872,10-511-000-000,Благовещенский муниципальный округ,муниципальный округ,,28,Амурская область,2023,9999,50.2600417,127.5337378,2950.684
1431,44-502-000-000,муниципальный округ Ольский,муниципальный округ,,49,Магаданская область,2023,9999,59.5780981,151.2990699,107346.194
1432,44-504-000-000,муниципальный округ Омсукчанский,муниципальный округ,,49,Магаданская область,2023,9999,62.5127643,155.7823514,63093.792
1433,44-507-000-000,муниципальный округ Северо-Эвенский,муниципальный округ,,49,Магаданская область,2023,9999,61.919209,159.235931,116601.767
1434,44-510-000-000,муниципальный округ Среднеканский,муниципальный округ,,49,Магаданская область,2023,9999,62.9317742,152.3932993,91528.956
1435,44-513-000-000,муниципальный округ Сусуманский,муниципальный округ,,49,Магаданская область,2023,9999,62.779732,148.15361,46812.228
1437,44-519-000-000,муниципальный округ Хасынский,муниципальный округ,,49,Магаданская область,2023,9999,60.1022208,150.9370006,19225.758
1438,44-522-000-000,муниципальный округ Ягоднинский,муниципальный округ,,49,Магаданская область,2023,9999,62.5216788,149.6253322,29913.868
1436,44-516-000-000,муниципальный округ Тенькинский,муниципальный округ,,49,Магаданская область,2023,9999,61.133163,149.632477,35579.471
1070,19-554-000-000,Чагодощенский муниципальный округ,муниципальный округ,,35,Вологодская область,2023,9999,59.16383,35.329369,2426.01
3005,22-703-000-000,городской округ город Арзамас,городской округ,,52,Нижегородская область,2023,9999,55.3987879,43.8210933,2051.593
870,10-505-000-000,Архаринский муниципальный округ,муниципальный округ,,28,Амурская область,2023,9999,49.4224283,130.0858308,14307.366
3007,32-522-000-000,Прокопьевский муниципальный округ,муниципальный округ,,42,Кемеровская область,2023,9999,53.8879117,86.7492072,3441.469
3008,46-783-000-000,городской округ Химки,городской округ,,50,Московская область,2023,9999,55.8917293,37.4396994,257.746
3009,68-701-000-000,городской округ город Тамбов,городской округ,административный_центр_субъекта,68,Тамбовская область,2023,9999,52.73111849999999,41.4341991460869,219.683
3010,68-640-000-000,Тамбовский муниципальный район,муниципальный район,,68,Тамбовская область,2023,2024,52.73111849999999,41.4341991460869,2497.776
3011,75-712-000-000,городской округ Златоустовский,городской округ,,74,Челябинская область,2023,9999,55.1674213,59.6792625,1869.237
3012,75-638-000-000,Кусинский муниципальный район,муниципальный район,,74,Челябинская область,2023,9999,55.336521,59.445938,1534.035
3013,46-771-000-000,городской округ Солнечногорск,городской округ,,50,Московская область,2023,9999,56.1853501,36.9781536,936.683
3014,46-759-000-000,городской округ Павлово-Посадский,городской округ,,50,Московская область,2024,9999,55.7813357,38.6507838,606.227
2618,34-520-000-000,Мантуровский муниципальный округ,муниципальный округ,,44,Костромская область,2024,9999,58.333271,44.761791,2695.06
1323,34-530-000-000,Островский муниципальный округ,муниципальный округ,,44,Костромская область,2024,9999,57.80144,42.19736,2428.055
1324,34-532-000-000,Павинский муниципальный округ,муниципальный округ,,44,Костромская область,2024,9999,59.1213617,46.1917504,1611.924
1328,34-540-000-000,Солигаличский муниципальный округ,муниципальный округ,,44,Костромская область,2024,9999,59.0777693,42.2861828,3087.616
1860,61-526-000-000,Путятинский муниципальный округ,муниципальный округ,,62,Рязанская область,2024,9999,54.160557,41.121109,999.11
1862,61-530-000-000,Ряжский муниципальный округ,муниципальный округ,,62,Рязанская область,2024,9999,53.708878,40.062984,1019.223
2120,28-522-000-000,муниципальный округ Калязинский,муниципальный округ,,69,Тверская область,2024,9999,57.2400206,37.8404883,1671.287
2143,28-557-000-000,муниципальный округ Фировский,муниципальный округ,,69,Тверская область,2024,9999,57.481045,33.698059,1751.125
2142,28-555-000-000,муниципальный округ Торопецкий,муниципальный округ,,69,Тверская область,2024,9999,56.496479,31.641077,3384.185
2111,28-504-000-000,муниципальный округ Бежецкий,муниципальный округ,,69,Тверская область,2024,9999,57.781357,36.692535,2829.716
2124,28-530-000-000,муниципальный округ Конаковский,муниципальный округ,,69,Тверская область,2024,9999,56.7131572,36.7775654,2099.678
2126,28-534-000-000,муниципальный округ Кувшиновский,муниципальный округ,,69,Тверская область,2024,9999,57.0314657,34.1796637,1891.803
2113,28-508-000-000,муниципальный округ Бологовский,муниципальный округ,,69,Тверская область,2024,9999,57.885204,34.049603,2411.371
2119,28-520-000-000,муниципальный округ Калининский,муниципальный округ,,69,Тверская область,2024,9999,56.858675,35.9208284,4194.721
217,86-533-000-000,Питкярантский муниципальный округ,муниципальный округ,,10,Республика Карелия,2024,9999,61.57460265,31.47962163893381,5550.069
208,86-504-000-000,Беломорский муниципальный округ,муниципальный округ,,10,Республика Карелия,2024,9999,64.5216684,34.7625835,17220.024
221,86-545-000-000,Сегежский муниципальный округ,муниципальный округ,,10,Республика Карелия,2024,9999,63.7435087,34.3106868,10560.816
912,11-552-000-000,Приморский муниципальный округ,муниципальный округ,,29,Архангельская область,2024,9999,64.543022,40.537121,115568.542
904,11-530-000-000,Красноборский муниципальный округ,муниципальный округ,,29,Архангельская область,2024,9999,61.556374,45.934135,9457.608
910,11-548-000-000,Пинежский муниципальный округ,муниципальный округ,,29,Архангельская область,2024,9999,64.001808,44.442722,31768.838
1050,19-512-000-000,Вашкинский муниципальный округ,муниципальный округ,,35,Вологодская область,2024,9999,60.2622011,37.9714452,3614.394
1058,19-528-000-000,Кирилловский муниципальный округ,муниципальный округ,,35,Вологодская область,2024,9999,59.8590575,38.3758696,5742.991
1061,19-534-000-000,Никольский муниципальный округ,муниципальный округ,,35,Вологодская область,2024,9999,59.5304186,45.4585029,7423.862
1580,49-512-000-000,муниципальный округ Демянский,муниципальный округ,,53,Новгородская область,2024,9999,57.6423554,32.4646788,3191.189
1589,49-532-000-000,муниципальный округ Пестовский,муниципальный округ,,53,Новгородская область,2024,9999,58.5981825,35.81432054429986,2108.95
1585,49-524-000-000,муниципальный округ Мошенской,муниципальный округ,,53,Новгородская область,2024,9999,58.512428,34.5849085,2583.425
1581,49-514-000-000,муниципальный округ Крестецкий,муниципальный округ,,53,Новгородская область,2024,9999,58.247665,32.522858,2862.587
1771,58-514-000-000,муниципальный округ Красногородский,муниципальный округ,,60,Псковская область,2024,9999,56.830654,28.284595,1327.616
1773,58-518-000-000,муниципальный округ Локнянский,муниципальный округ,,60,Псковская область,2024,9999,56.824783,30.144482,2311.703
1774,58-520-000-000,муниципальный округ Невельский,муниципальный округ,,60,Псковская область,2024,9999,56.017616,29.917128,2689.474
1775,58-523-000-000,муниципальный округ Новоржевский,муниципальный округ,,60,Псковская область,2024,9999,57.031181,29.332918,1688.993
1777,58-529-000-000,муниципальный округ Опочецкий,муниципальный округ,,60,Псковская область,2024,9999,56.71167,28.656818,2039.268
1780,58-540-000-000,муниципальный округ Печорский,муниципальный округ,,60,Псковская область,2024,9999,57.813305,27.608185,1519.958
1786,58-553-000-000,муниципальный округ Пыталовский,муниципальный округ,,60,Псковская область,2024,9999,57.062908,27.921061,1122.015
1788,58-556-000-000,муниципальный округ Струго-Красненский,муниципальный округ,,60,Псковская область,2024,9999,58.2693219,29.1115963,3080.164
810,07-510-000-000,Благодарненский муниципальный округ,муниципальный округ,,26,Ставропольский край,2024,9999,45.1006298,43.4372187,2471.143
811,07-515-000-000,Георгиевский муниципальный округ,муниципальный округ,,26,Ставропольский край,2024,9999,44.1478944,43.4741718,1947.966
814,07-520-000-000,Изобильненский муниципальный округ,муниципальный округ,,26,Ставропольский край,2024,9999,45.3740796,41.7121154,1936.247
815,07-522-000-000,Ипатовский муниципальный округ,муниципальный округ,,26,Ставропольский край,2024,9999,45.719723,42.916286,4034.804
817,07-525-000-000,Кировский муниципальный округ,муниципальный округ,,26,Ставропольский край,2024,9999,43.961891,43.6311,1386.605
819,07-539-000-000,Минераловодский муниципальный округ,муниципальный округ,,26,Ставропольский край,2024,9999,44.2107377,43.134969,1490.459
821,07-541-000-000,Нефтекумский муниципальный округ,муниципальный округ,,26,Ставропольский край,2024,9999,44.752205,44.985077,3743.708
822,07-543-000-000,Новоалександровский муниципальный округ,муниципальный округ,,26,Ставропольский край,2024,9999,45.4952532,41.2198866,2024.659
823,07-546-000-000,Петровский муниципальный округ,муниципальный округ,,26,Ставропольский край,2024,9999,45.3406133,42.8459286,2738.786
825,07-550-000-000,Советский муниципальный округ,муниципальный округ,,26,Ставропольский край,2024,9999,44.403175,43.884163,2091.241
1338,37-508-000-000,Далматовский муниципальный округ,муниципальный округ,,45,Курганская область,2024,9999,56.258656,62.939163,3500.254
1341,37-512-000-000,Катайский муниципальный округ,муниципальный округ,,45,Курганская область,2024,9999,56.2834992,62.5836525,2704.784
1337,37-506-000-000,Варгашинский муниципальный округ,муниципальный округ,,45,Курганская область,2024,9999,55.37204,65.8081,2983.857
1350,37-530-000-000,Притобольный муниципальный округ,муниципальный округ,,45,Курганская область,2024,9999,54.907539,65.088203,2305.404
592,76-534-000-000,Ононский муниципальный округ,муниципальный округ,,75,Забайкальский край,2024,9999,50.510593,115.118385,5979.263
580,76-510-000-000,Газимуро-Заводский муниципальный округ,муниципальный округ,,75,Забайкальский край,2024,9999,51.5511167,118.3349104,14428.618
583,76-518-000-000,Калганский муниципальный округ,муниципальный округ,,75,Забайкальский край,2024,9999,50.92355,118.899208,3246.448
588,76-526-000-000,Могочинский муниципальный округ,муниципальный округ,,75,Забайкальский край,2024,9999,53.7362642,119.7624853,25161.601
613,30-510-000-000,Мильковский муниципальный округ,муниципальный округ,,41,Камчатский край,2024,9999,54.690411,158.609879,21826.809
808,05-559-000-000,Яковлевский муниципальный округ,муниципальный округ,,25,Приморский край,2024,9999,44.4262999,133.4742211,2416.252
797,05-530-000-000,Партизанский муниципальный округ,муниципальный округ,,25,Приморский край,2024,9999,42.8922366,133.0782462,4168.299
805,05-553-000-000,Черниговский муниципальный округ,муниципальный округ,,25,Приморский край,2024,9999,44.3591368,132.4941354,1850.343
807,05-557-000-000,Шкотовский муниципальный округ,муниципальный округ,,25,Приморский край,2024,9999,43.2874945,132.4563758,2654.895
791,05-514-000-000,Красноармейский муниципальный округ,муниципальный округ,,25,Приморский край,2024,9999,45.8518226,134.5005526,20630.904
854,08-534-000-000,Охотский муниципальный округ,муниципальный округ,,27,Хабаровский край,2024,9999,59.3619947,143.2146511,169587.142
875,10-525-000-000,Зейский муниципальный округ,муниципальный округ,,28,Амурская область,2024,9999,53.7403584,127.2716246,88173.842
2078,68-502-000-000,Бондарский муниципальный округ,муниципальный округ,,68,Тамбовская область,2024,9999,52.9502841,42.0663629,1252.98
2079,68-503-000-000,Гавриловский муниципальный округ,муниципальный округ,,68,Тамбовская область,2024,9999,52.876944,42.770992,992.22
2080,68-504-000-000,Жердевский муниципальный округ,муниципальный округ,,68,Тамбовская область,2024,9999,51.843933,41.470367,1396.883
2081,68-506-000-000,Знаменский муниципальный округ,муниципальный округ,,68,Тамбовская область,2024,9999,52.4111427,41.4432947,1102.638
2082,68-508-000-000,Инжавинский муниципальный округ,муниципальный округ,,68,Тамбовская область,2024,9999,52.3183696,42.4953939,1849.408
2083,68-510-000-000,Кирсановский муниципальный округ,муниципальный округ,,68,Тамбовская область,2024,9999,52.6509234,42.73015344421673,1306.927
2084,68-512-000-000,Мичуринский муниципальный округ,муниципальный округ,,68,Тамбовская область,2024,9999,52.89899355,40.48326577268173,1657.035
2085,68-514-000-000,Мордовский муниципальный округ,муниципальный округ,,68,Тамбовская область,2024,9999,52.089058,40.762287,1453.049
2086,68-516-000-000,Моршанский муниципальный округ,муниципальный округ,,68,Тамбовская область,2024,9999,53.4428,41.813,2880.904
2087,68-518-000-000,Мучкапский муниципальный округ,муниципальный округ,,68,Тамбовская область,2024,9999,51.8473199,42.4699106,1180.067
2088,68-520-000-000,Никифоровский муниципальный округ,муниципальный округ,,68,Тамбовская область,2024,9999,52.8785209,40.7928771,1189.911
2089,68-522-000-000,Первомайский муниципальный округ,муниципальный округ,,68,Тамбовская область,2024,9999,53.244999,40.285099,938.935
2090,68-524-000-000,Петровский муниципальный округ,муниципальный округ,,68,Тамбовская область,2024,9999,52.633202,40.2603,1781.216
2091,68-526-000-000,Пичаевский муниципальный округ,муниципальный округ,,68,Тамбовская область,2024,9999,53.2342209,42.2036841,1293.99
2092,68-528-000-000,Рассказовский муниципальный округ,муниципальный округ,,68,Тамбовская область,2024,9999,52.6657884,41.89469890606984,1793.698
2093,68-530-000-000,Ржаксинский муниципальный округ,муниципальный округ,,68,Тамбовская область,2024,9999,52.2204809,42.1090698,1416.497
2094,68-532-000-000,Сампурский муниципальный округ,муниципальный округ,,68,Тамбовская область,2024,9999,52.377113,41.673679,1007.208
2095,68-534-000-000,Сосновский муниципальный округ,муниципальный округ,,68,Тамбовская область,2024,9999,53.232201,41.369202,2390.321
2096,68-536-000-000,Староюрьевский муниципальный округ,муниципальный округ,,68,Тамбовская область,2024,9999,53.3227111,40.6992188,1000.126
3010,68-540-000-000,Тамбовский муниципальный округ,муниципальный округ,,68,Тамбовская область,2024,9999,52.73111849999999,41.4341991460869,2497.776
2098,68-542-000-000,Токарёвский муниципальный округ,муниципальный округ,,68,Тамбовская область,2024,9999,51.9939,41.1618,1433.059
2099,68-544-000-000,Уваровский муниципальный округ,муниципальный округ,,68,Тамбовская область,2024,9999,51.9807749,42.26542253442362,1134.228
2100,68-546-000-000,Умётский муниципальный округ,муниципальный округ,,68,Тамбовская область,2024,9999,52.560272,42.968578,1088.335
228,87-523-000-000,муниципальный округ Усинск,муниципальный округ,,11,Республика Коми,2024,9999,65.9944237,57.5570861,30963.963
226,87-512-000-000,муниципальный округ Вуктыл,муниципальный округ,,11,Республика Коми,2024,9999,63.844337,57.300171,22672.989
3101,61-542-000-000,Сасовский муниципальный округ,муниципальный округ,,62,Рязанская область,2024,9999,54.35392,41.926643,1836.411
