territory_id,period,confidence,runs
1,2023Q4,1.0,264
1,2024Q1,0.9886363636363636,264
1,2024Q2,0.9886363636363636,264
1,2024Q3,1.0,264
1,2024Q4,1.0,264
2,2023Q4,0.9847328244274809,262
2,2024Q1,0.9885496183206107,262
2,2024Q2,0.9885496183206107,262
2,2024Q3,0.9847328244274809,262
2,2024Q4,0.9847328244274809,262
3,2023Q4,0.9704797047970479,271
3,2024Q1,0.9704797047970479,271
3,2024Q2,0.966789667896679,271
3,2024Q3,0.966789667896679,271
3,2024Q4,0.966789667896679,271
4,2023Q4,0.9818181818181818,275
4,2024Q1,0.9818181818181818,275
4,2024Q2,0.9854545454545455,275
4,2024Q3,0.9890909090909091,275
4,2024Q4,0.9890909090909091,275
5,2023Q4,0.9814126394052045,269
5,2024Q1,0.9702602230483272,269
5,2024Q2,0.9591078066914498,269
5,2024Q3,0.8884758364312267,269
5,2024Q4,0.7881040892193308,269
6,2023Q4,0.6490566037735849,265
6,2024Q1,0.4226415094339623,265
6,2024Q2,0.8603773584905661,265
6,2024Q3,0.9358490566037736,265
6,2024Q4,0.9547169811320755,265
7,2023Q4,1.0,265
7,2024Q1,1.0,265
7,2024Q2,1.0,265
7,2024Q3,1.0,265
7,2024Q4,1.0,265
8,2023Q4,1.0,274
8,2024Q1,1.0,274
8,2024Q2,1.0,274
8,2024Q3,1.0,274
8,2024Q4,1.0,274
9,2023Q4,0.7978339350180506,277
9,2024Q1,0.5595667870036101,277
9,2024Q2,0.4043321299638989,277
9,2024Q3,0.7075812274368231,277
9,2024Q4,0.4151624548736462,277
10,2023Q4,1.0,272
10,2024Q1,1.0,272
10,2024Q2,1.0,272
10,2024Q3,1.0,272
10,2024Q4,1.0,272
11,2023Q4,0.9850187265917603,267
11,2024Q1,0.9850187265917603,267
11,2024Q2,0.9850187265917603,267
11,2024Q3,0.9850187265917603,267
11,2024Q4,0.9850187265917603,267
12,2023Q4,0.4925925925925926,270
12,2024Q1,0.5518518518518518,270
12,2024Q2,0.6,270
12,2024Q3,0.6851851851851852,270
12,2024Q4,0.8703703703703703,270
13,2023Q4,0.9814126394052045,269
13,2024Q1,0.9814126394052045,269
13,2024Q2,0.9814126394052045,269
13,2024Q3,0.9814126394052045,269
13,2024Q4,0.9814126394052045,269
14,2023Q4,0.9776119402985075,268
14,2024Q1,0.9776119402985075,268
14,2024Q2,0.9776119402985075,268
14,2024Q3,0.9776119402985075,268
14,2024Q4,0.9776119402985075,268
15,2023Q4,0.978021978021978,273
15,2024Q1,0.978021978021978,273
15,2024Q2,0.978021978021978,273
15,2024Q3,0.978021978021978,273
15,2024Q4,0.978021978021978,273
16,2023Q4,0.9776119402985075,268
16,2024Q1,0.9776119402985075,268
16,2024Q2,0.9776119402985075,268
16,2024Q3,0.9776119402985075,268
16,2024Q4,0.9776119402985075,268
17,2023Q4,0.9781818181818182,275
17,2024Q1,0.9781818181818182,275
17,2024Q2,0.9781818181818182,275
17,2024Q3,0.9781818181818182,275
17,2024Q4,0.9781818181818182,275
18,2023Q4,0.9850187265917603,267
18,2024Q1,0.9850187265917603,267
18,2024Q2,0.9850187265917603,267
18,2024Q3,0.9850187265917603,267
18,2024Q4,0.9850187265917603,267
19,2023Q4,0.9806949806949807,259
19,2024Q1,0.9806949806949807,259
19,2024Q2,0.9806949806949807,259
19,2024Q3,0.9806949806949807,259
19,2024Q4,0.9806949806949807,259
20,2023Q4,0.9818181818181818,275
20,2024Q1,0.9818181818181818,275
20,2024Q2,0.9818181818181818,275
20,2024Q3,0.9818181818181818,275
20,2024Q4,0.9818181818181818,275
21,2023Q4,1.0,266
21,2024Q1,1.0,266
21,2024Q2,1.0,266
21,2024Q3,1.0,266
21,2024Q4,1.0,266
22,2023Q4,0.9776119402985075,268
22,2024Q1,0.9813432835820896,268
22,2024Q2,0.9738805970149254,268
22,2024Q3,0.9701492537313433,268
22,2024Q4,0.9664179104477612,268
23,2023Q4,1.0,268
23,2024Q1,1.0,268
23,2024Q2,1.0,268
23,2024Q3,1.0,268
23,2024Q4,1.0,268
25,2023Q4,1.0,269
25,2024Q1,1.0,269
25,2024Q2,1.0,269
25,2024Q3,1.0,269
25,2024Q4,1.0,269
26,2023Q4,1.0,270
26,2024Q1,1.0,270
26,2024Q2,1.0,270
26,2024Q3,1.0,270
26,2024Q4,1.0,270
27,2023Q4,1.0,269
27,2024Q1,1.0,269
27,2024Q2,1.0,269
27,2024Q3,1.0,269
27,2024Q4,1.0,269
28,2023Q4,1.0,269
28,2024Q1,1.0,269
28,2024Q2,1.0,269
28,2024Q3,1.0,269
28,2024Q4,1.0,269
29,2023Q4,1.0,279
29,2024Q1,1.0,279
29,2024Q2,1.0,279
29,2024Q3,1.0,279
29,2024Q4,1.0,279
30,2023Q4,0.980544747081712,257
30,2024Q1,0.980544747081712,257
30,2024Q2,0.980544747081712,257
30,2024Q3,0.980544747081712,257
30,2024Q4,0.980544747081712,257
31,2023Q4,0.7686832740213523,281
31,2024Q1,0.7686832740213523,281
31,2024Q2,0.7651245551601423,281
31,2024Q3,0.7402135231316725,281
31,2024Q4,0.7117437722419929,281
32,2023Q4,0.5663082437275986,279
32,2024Q1,0.5125448028673835,279
32,2024Q2,0.6021505376344086,279
32,2024Q3,0.6559139784946236,279
32,2024Q4,0.6989247311827957,279
33,2023Q4,0.6851851851851852,270
33,2024Q1,0.674074074074074,270
33,2024Q2,0.6703703703703704,270
33,2024Q3,0.6703703703703704,270
33,2024Q4,0.674074074074074,270
34,2023Q4,0.4870848708487085,271
34,2024Q1,0.5092250922509225,271
34,2024Q2,0.5719557195571956,271
34,2024Q3,0.6605166051660517,271
34,2024Q4,0.7047970479704797,271
35,2023Q4,0.9818840579710145,276
35,2024Q1,0.9818840579710145,276
35,2024Q2,0.9818840579710145,276
35,2024Q3,0.9818840579710145,276
35,2024Q4,0.9818840579710145,276
36,2023Q4,0.6185185185185185,270
36,2024Q1,0.6111111111111112,270
36,2024Q2,0.5851851851851851,270
36,2024Q3,0.5444444444444444,270
36,2024Q4,0.4444444444444444,270
37,2023Q4,0.6654275092936803,269
37,2024Q1,0.654275092936803,269
37,2024Q2,0.6505576208178439,269
37,2024Q3,0.6356877323420075,269
37,2024Q4,0.6282527881040892,269
38,2023Q4,1.0,264
38,2024Q1,1.0,264
38,2024Q2,1.0,264
38,2024Q3,1.0,264
38,2024Q4,1.0,264
39,2023Q4,0.8127340823970037,267
39,2024Q1,0.8164794007490637,267
39,2024Q2,0.7865168539325843,267
39,2024Q3,0.7378277153558053,267
39,2024Q4,0.6666666666666666,267
40,2023Q4,1.0,269
40,2024Q1,1.0,269
40,2024Q2,1.0,269
40,2024Q3,1.0,269
40,2024Q4,1.0,269
41,2023Q4,0.6094890510948905,274
41,2024Q1,0.6058394160583942,274
41,2024Q2,0.5766423357664233,274
41,2024Q3,0.4051094890510949,274
41,2024Q4,0.43795620437956206,274
42,2023Q4,1.0,279
42,2024Q1,1.0,279
42,2024Q2,1.0,279
42,2024Q3,1.0,279
42,2024Q4,1.0,279
43,2023Q4,0.5620437956204379,274
43,2024Q1,0.5693430656934306,274
43,2024Q2,0.5693430656934306,274
43,2024Q3,0.5620437956204379,274
43,2024Q4,0.5583941605839416,274
44,2023Q4,1.0,275
44,2024Q1,1.0,275
44,2024Q2,1.0,275
44,2024Q3,1.0,275
44,2024Q4,1.0,275
45,2023Q4,0.7283018867924528,265
45,2024Q1,0.7169811320754716,265
45,2024Q2,0.7056603773584905,265
45,2024Q3,0.7056603773584905,265
45,2024Q4,0.7132075471698113,265
46,2023Q4,0.6814814814814815,270
46,2024Q1,0.6851851851851852,270
46,2024Q2,0.662962962962963,270
46,2024Q3,0.6666666666666666,270
46,2024Q4,0.6814814814814815,270
47,2023Q4,0.989010989010989,273
47,2024Q1,0.989010989010989,273
47,2024Q2,0.989010989010989,273
47,2024Q3,0.989010989010989,273
47,2024Q4,0.989010989010989,273
48,2023Q4,0.7927272727272727,275
48,2024Q1,0.7636363636363637,275
48,2024Q2,0.7236363636363636,275
48,2024Q3,0.7163636363636363,275
48,2024Q4,0.7054545454545454,275
49,2023Q4,0.9114391143911439,271
49,2024Q1,0.9372693726937269,271
49,2024Q2,0.955719557195572,271
49,2024Q3,0.959409594095941,271
49,2024Q4,0.966789667896679,271
50,2023Q4,0.9783393501805054,277
50,2024Q1,0.9783393501805054,277
50,2024Q2,0.9783393501805054,277
50,2024Q3,0.9783393501805054,277
50,2024Q4,0.9783393501805054,277
51,2023Q4,1.0,273
51,2024Q1,1.0,273
51,2024Q2,1.0,273
51,2024Q3,1.0,273
51,2024Q4,1.0,273
52,2023Q4,0.6,265
52,2024Q1,0.6792452830188679,265
52,2024Q2,0.7433962264150943,265
52,2024Q3,0.7886792452830189,265
52,2024Q4,0.8415094339622642,265
53,2023Q4,0.9925093632958801,267
53,2024Q1,0.9887640449438202,267
53,2024Q2,0.9887640449438202,267
53,2024Q3,0.9850187265917603,267
53,2024Q4,0.9887640449438202,267
54,2023Q4,0.8671586715867159,271
54,2024Q1,0.8929889298892989,271
54,2024Q2,0.940959409594096,271
54,2024Q3,0.948339483394834,271
54,2024Q4,0.955719557195572,271
55,2023Q4,0.8880597014925373,268
55,2024Q1,0.9328358208955224,268
55,2024Q2,0.9291044776119403,268
55,2024Q3,0.9514925373134329,268
55,2024Q4,0.8917910447761194,268
56,2023Q4,0.6726618705035972,278
56,2024Q1,0.6942446043165468,278
56,2024Q2,0.6942446043165468,278
56,2024Q3,0.6942446043165468,278
56,2024Q4,0.7014388489208633,278
57,2023Q4,1.0,275
57,2024Q1,1.0,275
57,2024Q2,1.0,275
57,2024Q3,1.0,275
57,2024Q4,1.0,275
58,2023Q4,0.5746268656716418,268
58,2024Q1,0.43656716417910446,268
58,2024Q2,0.5,268
58,2024Q3,0.5634328358208955,268
58,2024Q4,0.5970149253731343,268
59,2023Q4,0.8461538461538461,273
59,2024Q1,0.8571428571428571,273
59,2024Q2,0.8388278388278388,273
59,2024Q3,0.8351648351648352,273
59,2024Q4,0.8205128205128205,273
60,2023Q4,0.898876404494382,267
60,2024Q1,0.9138576779026217,267
60,2024Q2,0.9026217228464419,267
60,2024Q3,0.8764044943820225,267
60,2024Q4,0.8951310861423221,267
61,2023Q4,0.7556390977443609,266
61,2024Q1,0.7518796992481203,266
61,2024Q2,0.7406015037593985,266
61,2024Q3,0.7518796992481203,266
61,2024Q4,0.7631578947368421,266
62,2023Q4,0.7518518518518519,270
62,2024Q1,0.7666666666666667,270
62,2024Q2,0.7925925925925926,270
62,2024Q3,0.7962962962962963,270
62,2024Q4,0.7703703703703704,270
63,2023Q4,0.7306273062730627,271
63,2024Q1,0.7011070110701108,271
63,2024Q2,0.6605166051660517,271
63,2024Q3,0.6420664206642066,271
63,2024Q4,0.6273062730627307,271
65,2023Q4,0.42379182156133827,269
65,2024Q1,0.4758364312267658,269
65,2024Q2,0.5576208178438662,269
65,2024Q3,0.654275092936803,269
65,2024Q4,0.6914498141263941,269
66,2023Q4,1.0,276
66,2024Q1,1.0,276
66,2024Q2,1.0,276
66,2024Q3,1.0,276
66,2024Q4,1.0,276
67,2023Q4,0.6814814814814815,270
67,2024Q1,0.674074074074074,270
67,2024Q2,0.6592592592592592,270
67,2024Q3,0.6407407407407407,270
67,2024Q4,0.6333333333333333,270
68,2023Q4,0.7084870848708487,271
68,2024Q1,0.7084870848708487,271
68,2024Q2,0.7011070110701108,271
68,2024Q3,0.6974169741697417,271
68,2024Q4,0.7011070110701108,271
69,2023Q4,0.5617977528089888,267
69,2024Q1,0.5580524344569289,267
69,2024Q2,0.4157303370786517,267
69,2024Q3,0.45318352059925093,267
69,2024Q4,0.5056179775280899,267
70,2023Q4,0.5992647058823529,272
70,2024Q1,0.6176470588235294,272
70,2024Q2,0.5772058823529411,272
70,2024Q3,0.48161764705882354,272
70,2024Q4,0.5220588235294118,272
71,2023Q4,0.9890510948905109,274
71,2024Q1,0.9890510948905109,274
71,2024Q2,0.9890510948905109,274
71,2024Q3,0.9817518248175182,274
71,2024Q4,0.9306569343065694,274
72,2023Q4,0.6654676258992805,278
72,2024Q1,0.7122302158273381,278
72,2024Q2,0.7697841726618705,278
72,2024Q3,0.8093525179856115,278
72,2024Q4,0.8812949640287769,278
73,2023Q4,1.0,277
73,2024Q1,1.0,277
73,2024Q2,1.0,277
73,2024Q3,1.0,277
73,2024Q4,1.0,277
74,2023Q4,0.6934306569343066,274
74,2024Q1,0.7116788321167883,274
74,2024Q2,0.7262773722627737,274
74,2024Q3,0.7554744525547445,274
74,2024Q4,0.8211678832116789,274
75,2023Q4,1.0,269
75,2024Q1,1.0,269
75,2024Q2,1.0,269
75,2024Q3,1.0,269
75,2024Q4,1.0,269
76,2023Q4,1.0,264
76,2024Q1,1.0,264
76,2024Q2,1.0,264
76,2024Q3,1.0,264
76,2024Q4,1.0,264
77,2023Q4,1.0,269
77,2024Q1,1.0,269
77,2024Q2,1.0,269
77,2024Q3,1.0,269
77,2024Q4,1.0,269
78,2023Q4,0.656934306569343,274
78,2024Q1,0.7226277372262774,274
78,2024Q2,0.781021897810219,274
78,2024Q3,0.7700729927007299,274
78,2024Q4,0.7992700729927007,274
79,2023Q4,0.981549815498155,271
79,2024Q1,0.981549815498155,271
79,2024Q2,0.981549815498155,271
79,2024Q3,0.981549815498155,271
79,2024Q4,0.981549815498155,271
80,2023Q4,0.628158844765343,277
80,2024Q1,0.628158844765343,277
80,2024Q2,0.6028880866425993,277
80,2024Q3,0.5703971119133574,277
80,2024Q4,0.5595667870036101,277
81,2023Q4,1.0,272
81,2024Q1,1.0,272
81,2024Q2,1.0,272
81,2024Q3,1.0,272
81,2024Q4,1.0,272
82,2023Q4,0.673992673992674,273
82,2024Q1,0.6263736263736264,273
82,2024Q2,0.6117216117216118,273
82,2024Q3,0.6117216117216118,273
82,2024Q4,0.6007326007326007,273
83,2023Q4,0.7328519855595668,277
83,2024Q1,0.6101083032490975,277
83,2024Q2,0.36823104693140796,277
83,2024Q3,0.7653429602888087,277
83,2024Q4,0.8880866425992779,277
85,2023Q4,0.23357664233576642,274
86,2023Q4,0.9783393501805054,277
87,2023Q4,1.0,272
88,2023Q4,0.9814814814814815,270
89,2023Q4,0.9773584905660377,265
90,2023Q4,0.9672727272727273,275
91,2023Q4,0.978021978021978,273
92,2023Q4,0.9740740740740741,270
93,2023Q4,0.9742647058823529,272
94,2023Q4,0.5878136200716846,279
95,2023Q4,0.9817518248175182,274
96,2023Q4,0.9821428571428571,280
97,2023Q4,0.8571428571428571,273
98,2023Q4,0.9926470588235294,272
99,2023Q4,0.9775280898876404,267
101,2023Q4,0.981549815498155,271
102,2023Q4,0.9963235294117647,272
103,2023Q4,0.8566308243727598,279
104,2023Q4,0.9736842105263158,266
105,2023Q4,0.9777777777777777,270
106,2023Q4,0.978021978021978,273
107,2024Q4,1.0,267
108,2024Q4,0.9523809523809523,273
111,2024Q4,0.985239852398524,271
113,2024Q4,0.9736842105263158,266
114,2024Q4,0.977859778597786,271
158,2023Q4,0.9133574007220217,277
160,2023Q4,0.9586466165413534,266
167,2023Q4,0.9372693726937269,271
167,2024Q1,0.9188191881918819,271
167,2024Q2,0.9188191881918819,271
167,2024Q3,0.9188191881918819,271
167,2024Q4,0.922509225092251,271
168,2023Q4,0.9924812030075187,266
168,2024Q1,0.9924812030075187,266
168,2024Q2,0.9924812030075187,266
168,2024Q3,0.9924812030075187,266
168,2024Q4,0.9924812030075187,266
169,2023Q4,0.9808429118773946,261
169,2024Q1,0.9885057471264368,261
169,2024Q2,0.9885057471264368,261
169,2024Q3,0.9885057471264368,261
169,2024Q4,0.9885057471264368,261
173,2023Q4,0.9854014598540146,274
173,2024Q1,0.9854014598540146,274
173,2024Q2,0.9854014598540146,274
173,2024Q3,0.9854014598540146,274
173,2024Q4,0.9854014598540146,274
174,2024Q2,0.9926470588235294,272
174,2024Q3,0.9926470588235294,272
174,2024Q4,0.9926470588235294,272
176,2024Q2,0.9884615384615385,260
176,2024Q3,0.9884615384615385,260
176,2024Q4,0.9884615384615385,260
177,2024Q4,0.9888475836431226,269
181,2023Q4,0.953307392996109,257
181,2024Q1,0.9455252918287937,257
181,2024Q2,0.9688715953307393,257
181,2024Q3,0.9766536964980544,257
181,2024Q4,0.980544747081712,257
184,2023Q4,0.9671532846715328,274
184,2024Q1,0.9671532846715328,274
184,2024Q2,0.9671532846715328,274
184,2024Q3,0.9416058394160584,274
184,2024Q4,0.9452554744525548,274
185,2023Q4,0.9695817490494296,263
185,2024Q1,0.9391634980988594,263
185,2024Q2,0.8783269961977186,263
185,2024Q3,0.8098859315589354,263
185,2024Q4,0.6501901140684411,263
186,2024Q4,0.72,275
188,2023Q4,0.7715355805243446,267
188,2024Q1,0.7677902621722846,267
188,2024Q2,0.7528089887640449,267
188,2024Q3,0.7790262172284644,267
188,2024Q4,0.7865168539325843,267
191,2023Q4,0.5255474452554745,274
191,2024Q1,0.49635036496350365,274
191,2024Q2,0.5291970802919708,274
191,2024Q3,0.48175182481751827,274
191,2024Q4,0.5182481751824818,274
194,2023Q4,0.8571428571428571,266
194,2024Q1,0.8045112781954887,266
194,2024Q2,0.7481203007518797,266
194,2024Q3,0.7706766917293233,266
194,2024Q4,0.7706766917293233,266
195,2023Q4,0.9889705882352942,272
195,2024Q1,0.9889705882352942,272
195,2024Q2,0.9889705882352942,272
195,2024Q3,0.9889705882352942,272
195,2024Q4,0.9889705882352942,272
196,2023Q4,0.9888475836431226,269
196,2024Q1,0.9888475836431226,269
196,2024Q2,0.9888475836431226,269
196,2024Q3,0.9888475836431226,269
196,2024Q4,0.9888475836431226,269
197,2024Q2,0.9925373134328358,268
197,2024Q3,0.9925373134328358,268
197,2024Q4,0.9925373134328358,268
198,2023Q4,0.9924812030075187,266
198,2024Q1,0.9924812030075187,266
198,2024Q2,0.9924812030075187,266
198,2024Q3,0.9924812030075187,266
198,2024Q4,0.9924812030075187,266
200,2024Q4,0.9889705882352942,272
201,2023Q4,0.9735849056603774,265
201,2024Q1,0.9735849056603774,265
201,2024Q2,0.9735849056603774,265
201,2024Q3,0.9811320754716981,265
201,2024Q4,0.9924528301886792,265
202,2024Q3,0.989010989010989,273
202,2024Q4,0.989010989010989,273
203,2023Q4,0.9735849056603774,265
203,2024Q1,0.9433962264150944,265
203,2024Q2,0.969811320754717,265
203,2024Q3,0.9773584905660377,265
203,2024Q4,0.9773584905660377,265
204,2023Q4,0.9888475836431226,269
204,2024Q1,0.9888475836431226,269
204,2024Q2,0.9888475836431226,269
204,2024Q3,0.9888475836431226,269
204,2024Q4,0.9888475836431226,269
205,2023Q4,0.9962825278810409,269
205,2024Q1,0.9925650557620818,269
205,2024Q2,0.9925650557620818,269
205,2024Q3,0.9925650557620818,269
205,2024Q4,0.9925650557620818,269
206,2023Q4,1.0,280
206,2024Q1,1.0,280
206,2024Q2,1.0,280
206,2024Q3,1.0,280
206,2024Q4,1.0,280
207,2023Q4,0.7752808988764045,267
207,2024Q1,0.6891385767790262,267
207,2024Q2,0.6441947565543071,267
207,2024Q3,0.6217228464419475,267
207,2024Q4,0.602996254681648,267
208,2023Q4,0.9296296296296296,270
208,2024Q1,0.9296296296296296,270
208,2024Q2,0.9148148148148149,270
208,2024Q3,0.9111111111111111,270
208,2024Q4,0.9185185185185185,270
209,2023Q4,0.9782608695652174,276
209,2024Q1,0.9855072463768116,276
209,2024Q2,0.9855072463768116,276
209,2024Q3,0.9855072463768116,276
209,2024Q4,0.9855072463768116,276
210,2023Q4,0.929368029739777,269
210,2024Q1,0.9256505576208178,269
210,2024Q2,0.9219330855018587,269
210,2024Q3,0.9256505576208178,269
210,2024Q4,0.9107806691449815,269
211,2023Q4,0.9411764705882353,272
211,2024Q1,0.9595588235294118,272
211,2024Q2,0.9595588235294118,272
211,2024Q3,0.9595588235294118,272
211,2024Q4,0.9595588235294118,272
212,2023Q4,0.9518518518518518,270
212,2024Q1,0.9629629629629629,270
212,2024Q2,0.9666666666666667,270
212,2024Q3,0.9666666666666667,270
212,2024Q4,0.9666666666666667,270
213,2023Q4,0.960431654676259,278
213,2024Q1,0.960431654676259,278
213,2024Q2,0.960431654676259,278
213,2024Q3,0.960431654676259,278
213,2024Q4,0.960431654676259,278
214,2023Q4,0.966789667896679,271
214,2024Q1,0.966789667896679,271
214,2024Q2,0.966789667896679,271
214,2024Q3,0.966789667896679,271
214,2024Q4,0.9630996309963099,271
215,2023Q4,0.8834586466165414,266
215,2024Q1,0.8796992481203008,266
215,2024Q2,0.8834586466165414,266
215,2024Q3,0.8796992481203008,266
215,2024Q4,0.8796992481203008,266
216,2023Q4,0.9552238805970149,268
216,2024Q1,0.9589552238805971,268
216,2024Q2,0.9589552238805971,268
216,2024Q3,0.9589552238805971,268
216,2024Q4,0.9589552238805971,268
217,2023Q4,0.9730769230769231,260
217,2024Q1,0.9730769230769231,260
217,2024Q2,0.9769230769230769,260
217,2024Q3,0.9730769230769231,260
217,2024Q4,0.9692307692307692,260
218,2023Q4,0.9511278195488722,266
218,2024Q1,0.981203007518797,266
218,2024Q2,0.9849624060150376,266
218,2024Q3,0.9849624060150376,266
218,2024Q4,0.9962406015037594,266
219,2023Q4,0.9591078066914498,269
219,2024Q1,0.9628252788104089,269
219,2024Q2,0.9702602230483272,269
219,2024Q3,0.9702602230483272,269
219,2024Q4,0.9702602230483272,269
220,2023Q4,0.5714285714285714,259
220,2024Q1,0.5752895752895753,259
220,2024Q2,0.6023166023166023,259
220,2024Q3,0.5868725868725869,259
220,2024Q4,0.583011583011583,259
221,2023Q4,0.9230769230769231,273
221,2024Q1,0.9304029304029304,273
221,2024Q2,0.9194139194139194,273
221,2024Q3,0.9157509157509157,273
221,2024Q4,0.9194139194139194,273
222,2023Q4,0.850187265917603,267
222,2024Q1,0.850187265917603,267
222,2024Q2,0.850187265917603,267
222,2024Q3,0.850187265917603,267
222,2024Q4,0.850187265917603,267
223,2023Q4,0.9479553903345725,269
223,2024Q1,0.9516728624535316,269
223,2024Q2,0.9553903345724907,269
223,2024Q3,0.9591078066914498,269
223,2024Q4,0.9591078066914498,269
224,2023Q4,1.0,269
224,2024Q1,1.0,269
224,2024Q2,1.0,269
224,2024Q3,1.0,269
224,2024Q4,1.0,269
225,2023Q4,0.8037037037037037,270
225,2024Q1,0.8407407407407408,270
225,2024Q2,0.8962962962962963,270
225,2024Q3,0.9111111111111111,270
225,2024Q4,0.9333333333333333,270
226,2023Q4,0.6179775280898876,267
226,2024Q1,0.6217228464419475,267
226,2024Q2,0.6104868913857678,267
226,2024Q3,0.4307116104868914,267
226,2024Q4,0.5767790262172284,267
227,2023Q4,0.7615384615384615,260
227,2024Q1,0.7076923076923077,260
227,2024Q2,0.6384615384615384,260
227,2024Q3,0.5884615384615385,260
227,2024Q4,0.5307692307692308,260
228,2023Q4,0.9813432835820896,268
228,2024Q1,0.9813432835820896,268
228,2024Q2,0.9888059701492538,268
228,2024Q3,0.9888059701492538,268
228,2024Q4,0.9925373134328358,268
229,2023Q4,0.6213235294117647,272
229,2024Q1,0.6139705882352942,272
229,2024Q2,0.5735294117647058,272
229,2024Q3,0.48161764705882354,272
229,2024Q4,0.4889705882352941,272
230,2023Q4,0.9886792452830189,265
230,2024Q1,0.9886792452830189,265
230,2024Q2,0.9886792452830189,265
230,2024Q3,0.9886792452830189,265
230,2024Q4,0.9886792452830189,265
231,2023Q4,0.937037037037037,270
231,2024Q1,0.9407407407407408,270
231,2024Q2,0.9444444444444444,270
231,2024Q3,0.937037037037037,270
231,2024Q4,0.9259259259259259,270
232,2023Q4,0.724907063197026,269
232,2024Q1,0.7732342007434945,269
232,2024Q2,0.8401486988847584,269
232,2024Q3,0.8364312267657993,269
232,2024Q4,0.8029739776951673,269
233,2023Q4,0.6528301886792452,265
233,2024Q1,0.6528301886792452,265
233,2024Q2,0.6566037735849056,265
233,2024Q3,0.6716981132075471,265
233,2024Q4,0.6830188679245283,265
234,2023Q4,0.704119850187266,267
234,2024Q1,0.6816479400749064,267
234,2024Q2,0.651685393258427,267
234,2024Q3,0.6329588014981273,267
234,2024Q4,0.6329588014981273,267
235,2023Q4,0.6111111111111112,288
235,2024Q1,0.6354166666666666,288
235,2024Q2,0.6805555555555556,288
235,2024Q3,0.7013888888888888,288
235,2024Q4,0.7291666666666666,288
236,2023Q4,0.8436363636363636,275
236,2024Q1,0.8472727272727273,275
236,2024Q2,0.850909090909091,275
236,2024Q3,0.850909090909091,275
236,2024Q4,0.8472727272727273,275
237,2023Q4,0.9814126394052045,269
237,2024Q1,0.9814126394052045,269
237,2024Q2,0.9814126394052045,269
237,2024Q3,0.9814126394052045,269
237,2024Q4,0.9814126394052045,269
238,2023Q4,0.9204545454545454,264
238,2024Q1,0.9090909090909091,264
238,2024Q2,0.9090909090909091,264
238,2024Q3,0.9431818181818182,264
238,2024Q4,0.946969696969697,264
239,2023Q4,0.8345864661654135,266
239,2024Q1,0.8270676691729323,266
239,2024Q2,0.8458646616541353,266
239,2024Q3,0.8721804511278195,266
239,2024Q4,0.8721804511278195,266
240,2023Q4,0.46616541353383456,266
240,2024Q1,0.4924812030075188,266
240,2024Q2,0.19172932330827067,266
240,2024Q3,0.34210526315789475,266
240,2024Q4,0.42105263157894735,266
241,2023Q4,0.9605734767025089,279
241,2024Q1,0.9713261648745519,279
241,2024Q2,0.9713261648745519,279
241,2024Q3,0.967741935483871,279
241,2024Q4,0.967741935483871,279
242,2023Q4,0.7056603773584905,265
242,2024Q1,0.7132075471698113,265
242,2024Q2,0.660377358490566,265
242,2024Q3,0.6452830188679245,265
242,2024Q4,0.6226415094339622,265
243,2023Q4,0.8327137546468402,269
243,2024Q1,0.8884758364312267,269
243,2024Q2,0.9368029739776952,269
243,2024Q3,0.9553903345724907,269
243,2024Q4,0.9739776951672863,269
269,2023Q4,1.0,273
269,2024Q1,1.0,273
269,2024Q2,1.0,273
269,2024Q3,1.0,273
269,2024Q4,1.0,273
270,2023Q4,0.8472727272727273,275
270,2024Q1,0.8472727272727273,275
270,2024Q2,0.8472727272727273,275
270,2024Q3,0.8472727272727273,275
270,2024Q4,0.8472727272727273,275
271,2023Q4,0.967032967032967,273
271,2024Q1,0.9706959706959707,273
271,2024Q2,0.9706959706959707,273
271,2024Q3,0.9706959706959707,273
271,2024Q4,0.9706959706959707,273
272,2023Q4,0.9738805970149254,268
272,2024Q1,0.9776119402985075,268
272,2024Q2,0.9589552238805971,268
272,2024Q3,0.9514925373134329,268
272,2024Q4,0.9514925373134329,268
273,2023Q4,0.6765799256505576,269
273,2024Q1,0.6579925650557621,269
273,2024Q2,0.7360594795539034,269
273,2024Q3,0.8029739776951673,269
273,2024Q4,0.8550185873605948,269
274,2023Q4,0.9706959706959707,273
274,2024Q1,0.9743589743589743,273
274,2024Q2,0.9340659340659341,273
274,2024Q3,0.9523809523809523,273
274,2024Q4,0.967032967032967,273
275,2023Q4,0.5992647058823529,272
275,2024Q1,0.4742647058823529,272
275,2024Q2,0.5625,272
275,2024Q3,0.4485294117647059,272
275,2024Q4,0.6029411764705882,272
276,2023Q4,0.5036764705882353,272
276,2024Q1,0.5110294117647058,272
276,2024Q2,0.6213235294117647,272
276,2024Q3,0.6691176470588235,272
276,2024Q4,0.6433823529411765,272
277,2023Q4,0.6568265682656826,271
277,2024Q1,0.6974169741697417,271
277,2024Q2,0.7121771217712177,271
277,2024Q3,0.7343173431734318,271
277,2024Q4,0.7416974169741697,271
278,2023Q4,1.0,269
278,2024Q1,1.0,269
278,2024Q2,1.0,269
278,2024Q3,1.0,269
278,2024Q4,1.0,269
279,2023Q4,0.5882352941176471,272
279,2024Q1,0.5661764705882353,272
279,2024Q2,0.45955882352941174,272
279,2024Q3,0.5661764705882353,272
279,2024Q4,0.6360294117647058,272
280,2023Q4,0.9132075471698113,265
280,2024Q1,0.8188679245283019,265
280,2024Q2,0.7584905660377359,265
280,2024Q3,0.7509433962264151,265
280,2024Q4,0.7433962264150943,265
281,2023Q4,0.6236162361623616,271
281,2024Q1,0.6309963099630996,271
281,2024Q2,0.6346863468634686,271
281,2024Q3,0.6678966789667896,271
281,2024Q4,0.7158671586715867,271
282,2023Q4,0.7490774907749077,271
282,2024Q1,0.7416974169741697,271
282,2024Q2,0.7527675276752768,271
282,2024Q3,0.8044280442804428,271
282,2024Q4,0.8302583025830258,271
283,2023Q4,0.703971119133574,277
283,2024Q1,0.6425992779783394,277
283,2024Q2,0.6064981949458483,277
283,2024Q3,0.9314079422382672,277
283,2024Q4,0.9675090252707581,277
284,2023Q4,0.8534798534798534,273
284,2024Q1,0.9230769230769231,273
284,2024Q2,0.967032967032967,273
284,2024Q3,0.967032967032967,273
284,2024Q4,0.967032967032967,273
285,2023Q4,0.9485294117647058,272
285,2024Q1,0.9632352941176471,272
285,2024Q2,0.9705882352941176,272
285,2024Q3,0.9705882352941176,272
285,2024Q4,0.9669117647058824,272
286,2024Q4,1.0,265
287,2023Q4,0.8472727272727273,275
287,2024Q1,0.8472727272727273,275
287,2024Q2,0.8472727272727273,275
287,2024Q3,0.8618181818181818,275
287,2024Q4,0.8654545454545455,275
288,2023Q4,0.9111111111111111,270
288,2024Q1,0.9148148148148149,270
288,2024Q2,0.9333333333333333,270
288,2024Q3,0.9407407407407408,270
288,2024Q4,0.9592592592592593,270
289,2023Q4,0.8326996197718631,263
289,2024Q1,0.8403041825095057,263
289,2024Q2,0.8403041825095057,263
289,2024Q3,0.844106463878327,263
289,2024Q4,0.8631178707224335,263
290,2023Q4,0.9301470588235294,272
290,2024Q1,0.9338235294117647,272
290,2024Q2,0.9448529411764706,272
290,2024Q3,0.9558823529411765,272
290,2024Q4,0.9595588235294118,272
291,2024Q4,0.939622641509434,265
292,2023Q4,0.9253731343283582,268
292,2024Q1,0.9291044776119403,268
292,2024Q2,0.9291044776119403,268
292,2024Q3,0.9328358208955224,268
292,2024Q4,0.9402985074626866,268
293,2023Q4,0.8905660377358491,265
293,2024Q1,0.9018867924528302,265
293,2024Q2,0.9056603773584906,265
293,2024Q3,0.9283018867924528,265
293,2024Q4,0.939622641509434,265
294,2023Q4,0.6970802919708029,274
294,2024Q1,0.6861313868613139,274
294,2024Q2,0.6824817518248175,274
294,2024Q3,0.6861313868613139,274
294,2024Q4,0.6970802919708029,274
295,2023Q4,0.8825757575757576,264
295,2024Q1,0.875,264
295,2024Q2,0.8598484848484849,264
295,2024Q3,0.8560606060606061,264
295,2024Q4,0.8522727272727273,264
296,2023Q4,0.9090909090909091,275
296,2024Q1,0.9236363636363636,275
296,2024Q2,0.9272727272727272,275
296,2024Q3,0.9272727272727272,275
296,2024Q4,0.9272727272727272,275
297,2023Q4,0.8700361010830325,277
297,2024Q1,0.8736462093862816,277
297,2024Q2,0.8808664259927798,277
297,2024Q3,0.8808664259927798,277
297,2024Q4,0.9061371841155235,277
298,2023Q4,0.730909090909091,275
298,2024Q1,0.7163636363636363,275
298,2024Q2,0.7527272727272727,275
298,2024Q3,0.8,275
298,2024Q4,0.8363636363636363,275
300,2023Q4,0.8533834586466166,266
300,2024Q1,0.849624060150376,266
300,2024Q2,0.849624060150376,266
300,2024Q3,0.8458646616541353,266
300,2024Q4,0.8458646616541353,266
301,2023Q4,0.29850746268656714,268
301,2024Q1,0.5559701492537313,268
301,2024Q2,0.48134328358208955,268
301,2024Q3,0.08208955223880597,268
301,2024Q4,0.291044776119403,268
302,2023Q4,0.864963503649635,274
302,2024Q1,0.864963503649635,274
302,2024Q2,0.864963503649635,274
302,2024Q3,0.864963503649635,274
302,2024Q4,0.8686131386861314,274
303,2023Q4,0.8566176470588235,272
303,2024Q1,0.8602941176470589,272
303,2024Q2,0.8676470588235294,272
303,2024Q3,0.8713235294117647,272
303,2024Q4,0.875,272
304,2023Q4,0.9032258064516129,279
304,2024Q1,0.910394265232975,279
304,2024Q2,0.942652329749104,279
304,2024Q3,0.953405017921147,279
304,2024Q4,0.9713261648745519,279
305,2023Q4,0.8708487084870848,271
305,2024Q1,0.8708487084870848,271
305,2024Q2,0.8708487084870848,271
305,2024Q3,0.8745387453874539,271
305,2024Q4,0.8929889298892989,271
306,2023Q4,0.8969465648854962,262
306,2024Q1,0.9198473282442748,262
306,2024Q2,0.9427480916030534,262
306,2024Q3,0.9580152671755725,262
306,2024Q4,0.9618320610687023,262
307,2023Q4,0.79182156133829,269
307,2024Q1,0.79182156133829,269
307,2024Q2,0.79182156133829,269
307,2024Q3,0.7843866171003717,269
307,2024Q4,0.7881040892193308,269
308,2023Q4,0.9597069597069597,273
308,2024Q1,0.9560439560439561,273
308,2024Q2,0.9597069597069597,273
308,2024Q3,0.9597069597069597,273
308,2024Q4,0.9597069597069597,273
309,2023Q4,0.35661764705882354,272
309,2024Q1,0.45588235294117646,272
309,2024Q2,0.5183823529411765,272
309,2024Q3,0.5257352941176471,272
309,2024Q4,0.5147058823529411,272
311,2023Q4,1.0,268
311,2024Q1,1.0,268
311,2024Q2,1.0,268
312,2023Q4,0.9963503649635036,274
312,2024Q1,0.9963503649635036,274
312,2024Q2,0.9963503649635036,274
312,2024Q3,0.9963503649635036,274
312,2024Q4,0.9963503649635036,274
314,2023Q4,0.6765799256505576,269
314,2024Q1,0.724907063197026,269
314,2024Q2,0.7063197026022305,269
314,2024Q3,0.6802973977695167,269
314,2024Q4,0.6654275092936803,269
315,2023Q4,1.0,266
315,2024Q1,1.0,266
315,2024Q2,1.0,266
316,2023Q4,0.9962546816479401,267
316,2024Q1,0.9962546816479401,267
316,2024Q2,0.9962546816479401,267
316,2024Q3,0.9962546816479401,267
316,2024Q4,0.9962546816479401,267
317,2023Q4,0.6875,272
317,2024Q1,0.7536764705882353,272
317,2024Q2,0.7426470588235294,272
317,2024Q3,0.7095588235294118,272
317,2024Q4,0.7022058823529411,272
318,2023Q4,1.0,276
318,2024Q1,1.0,276
318,2024Q2,1.0,276
318,2024Q3,1.0,276
318,2024Q4,0.9963768115942029,276
319,2023Q4,1.0,273
319,2024Q1,1.0,273
319,2024Q2,1.0,273
319,2024Q3,1.0,273
319,2024Q4,1.0,273
320,2023Q4,0.9782608695652174,276
320,2024Q1,0.9746376811594203,276
320,2024Q2,0.9637681159420289,276
320,2024Q3,0.9492753623188406,276
320,2024Q4,0.9094202898550725,276
321,2023Q4,0.7563636363636363,275
321,2024Q1,0.68,275
321,2024Q2,0.6581818181818182,275
321,2024Q3,0.6036363636363636,275
321,2024Q4,0.5490909090909091,275
322,2023Q4,0.9927797833935018,277
322,2024Q1,1.0,277
322,2024Q2,1.0,277
323,2023Q4,1.0,276
323,2024Q1,1.0,276
323,2024Q2,1.0,276
323,2024Q3,1.0,276
323,2024Q4,1.0,276
324,2023Q4,0.9854014598540146,274
324,2024Q1,0.9744525547445255,274
324,2024Q2,0.9562043795620438,274
324,2024Q3,0.9562043795620438,274
324,2024Q4,0.9562043795620438,274
325,2023Q4,0.9962264150943396,265
325,2024Q1,0.9962264150943396,265
325,2024Q2,0.9962264150943396,265
325,2024Q3,0.9962264150943396,265
325,2024Q4,0.9962264150943396,265
326,2023Q4,0.5074074074074074,270
326,2024Q1,0.5407407407407407,270
326,2024Q2,0.5296296296296297,270
326,2024Q3,0.5,270
326,2024Q4,0.5,270
327,2023Q4,0.9926470588235294,272
327,2024Q1,0.9926470588235294,272
327,2024Q2,0.9926470588235294,272
327,2024Q3,0.9926470588235294,272
327,2024Q4,0.9926470588235294,272
328,2023Q4,1.0,257
328,2024Q1,1.0,257
328,2024Q2,1.0,257
329,2023Q4,0.6475095785440613,261
329,2024Q1,0.5632183908045977,261
329,2024Q2,0.5057471264367817,261
329,2024Q3,0.5057471264367817,261
329,2024Q4,0.5210727969348659,261
330,2023Q4,0.992619926199262,271
330,2024Q1,0.992619926199262,271
330,2024Q2,0.992619926199262,271
330,2024Q3,0.992619926199262,271
330,2024Q4,0.996309963099631,271
331,2023Q4,0.9962962962962963,270
331,2024Q1,0.9962962962962963,270
331,2024Q2,0.9962962962962963,270
331,2024Q3,0.9962962962962963,270
331,2024Q4,1.0,270
332,2023Q4,0.9963636363636363,275
332,2024Q1,0.9963636363636363,275
332,2024Q2,0.9963636363636363,275
332,2024Q3,0.9963636363636363,275
332,2024Q4,0.9963636363636363,275
333,2023Q4,0.9961089494163424,257
333,2024Q1,0.9961089494163424,257
333,2024Q2,0.9961089494163424,257
333,2024Q3,0.9961089494163424,257
333,2024Q4,0.9961089494163424,257
334,2023Q4,1.0,261
334,2024Q1,1.0,261
334,2024Q2,1.0,261
334,2024Q3,1.0,261
334,2024Q4,1.0,261
335,2023Q4,1.0,275
335,2024Q1,1.0,275
335,2024Q2,1.0,275
335,2024Q3,1.0,275
335,2024Q4,1.0,275
336,2023Q4,0.4870848708487085,271
336,2024Q1,0.46494464944649444,271
336,2024Q2,0.5719557195571956,271
336,2024Q3,0.6309963099630996,271
336,2024Q4,0.6309963099630996,271
337,2023Q4,0.6556776556776557,273
337,2024Q1,0.7106227106227107,273
337,2024Q2,0.6923076923076923,273
337,2024Q3,0.6776556776556777,273
337,2024Q4,0.6813186813186813,273
338,2023Q4,1.0,271
338,2024Q1,1.0,271
338,2024Q2,1.0,271
338,2024Q3,1.0,271
338,2024Q4,1.0,271
339,2023Q4,0.4787234042553192,282
339,2024Q1,0.5070921985815603,282
339,2024Q2,0.5035460992907801,282
339,2024Q3,0.4787234042553192,282
339,2024Q4,0.4858156028368794,282
340,2023Q4,1.0,268
340,2024Q1,1.0,268
340,2024Q2,1.0,268
340,2024Q3,1.0,268
340,2024Q4,1.0,268
341,2023Q4,0.9960629921259843,254
341,2024Q1,0.9960629921259843,254
341,2024Q2,0.9960629921259843,254
341,2024Q3,0.9960629921259843,254
341,2024Q4,0.9960629921259843,254
342,2023Q4,0.6060606060606061,264
342,2024Q1,0.6515151515151515,264
342,2024Q2,0.6893939393939394,264
342,2024Q3,0.7537878787878788,264
342,2024Q4,0.821969696969697,264
343,2023Q4,0.572463768115942,276
343,2024Q1,0.6376811594202898,276
343,2024Q2,0.6340579710144928,276
343,2024Q3,0.5615942028985508,276
343,2024Q4,0.532608695652174,276
345,2023Q4,0.9963636363636363,275
345,2024Q1,0.9963636363636363,275
345,2024Q2,1.0,275
345,2024Q3,1.0,275
345,2024Q4,1.0,275
346,2023Q4,0.9888475836431226,269
346,2024Q1,0.9888475836431226,269
346,2024Q2,0.9888475836431226,269
346,2024Q3,0.9888475836431226,269
346,2024Q4,0.9888475836431226,269
347,2023Q4,0.9925650557620818,269
347,2024Q1,0.9925650557620818,269
347,2024Q2,0.9925650557620818,269
347,2024Q3,0.9925650557620818,269
347,2024Q4,0.9925650557620818,269
348,2023Q4,0.9925373134328358,268
348,2024Q1,0.9925373134328358,268
348,2024Q2,0.9925373134328358,268
348,2024Q3,0.9925373134328358,268
348,2024Q4,0.9925373134328358,268
349,2023Q4,0.9889705882352942,272
349,2024Q1,0.9889705882352942,272
349,2024Q2,0.9889705882352942,272
349,2024Q3,0.9889705882352942,272
349,2024Q4,0.9889705882352942,272
351,2023Q4,0.9701492537313433,268
351,2024Q1,0.9664179104477612,268
351,2024Q2,0.9664179104477612,268
351,2024Q3,0.9701492537313433,268
351,2024Q4,0.9888059701492538,268
352,2023Q4,0.9928057553956835,278
352,2024Q1,0.9820143884892086,278
352,2024Q2,0.9856115107913669,278
352,2024Q3,0.9928057553956835,278
352,2024Q4,0.9928057553956835,278
353,2024Q3,0.9851301115241635,269
353,2024Q4,0.9851301115241635,269
354,2023Q4,1.0,277
354,2024Q1,1.0,277
354,2024Q2,1.0,277
354,2024Q3,1.0,277
354,2024Q4,1.0,277
355,2023Q4,1.0,270
355,2024Q1,1.0,270
355,2024Q2,1.0,270
355,2024Q3,1.0,270
355,2024Q4,1.0,270
356,2023Q4,0.9560439560439561,273
356,2024Q1,0.9597069597069597,273
356,2024Q2,0.9706959706959707,273
356,2024Q3,0.9706959706959707,273
356,2024Q4,0.967032967032967,273
357,2023Q4,0.9924812030075187,266
357,2024Q1,0.9736842105263158,266
357,2024Q2,0.9511278195488722,266
357,2024Q3,0.9661654135338346,266
357,2024Q4,0.9661654135338346,266
358,2023Q4,0.5818181818181818,275
358,2024Q1,0.5854545454545454,275
358,2024Q2,0.5890909090909091,275
358,2024Q3,0.5818181818181818,275
358,2024Q4,0.5745454545454546,275
359,2023Q4,0.6959706959706959,273
359,2024Q1,0.7032967032967034,273
359,2024Q2,0.706959706959707,273
359,2024Q3,0.7289377289377289,273
359,2024Q4,0.7509157509157509,273
360,2023Q4,0.9219330855018587,269
360,2024Q1,0.9516728624535316,269
360,2024Q2,0.9776951672862454,269
360,2024Q3,0.9814126394052045,269
360,2024Q4,0.9702602230483272,269
361,2023Q4,0.6387832699619772,263
361,2024Q1,0.6273764258555133,263
361,2024Q2,0.623574144486692,263
361,2024Q3,0.5893536121673004,263
361,2024Q4,0.5399239543726235,263
362,2023Q4,1.0,265
362,2024Q1,1.0,265
362,2024Q2,1.0,265
362,2024Q3,1.0,265
362,2024Q4,1.0,265
363,2023Q4,0.5652173913043478,276
363,2024Q1,0.5362318840579711,276
363,2024Q2,0.5579710144927537,276
363,2024Q3,0.5869565217391305,276
363,2024Q4,0.5869565217391305,276
364,2023Q4,0.8754716981132076,265
364,2024Q1,0.8754716981132076,265
364,2024Q2,0.8490566037735849,265
364,2024Q3,0.8075471698113208,265
364,2024Q4,0.7735849056603774,265
365,2023Q4,0.5166051660516605,271
365,2024Q1,0.5055350553505535,271
365,2024Q2,0.5313653136531366,271
365,2024Q3,0.5535055350553506,271
365,2024Q4,0.6014760147601476,271
366,2023Q4,0.5444444444444444,270
366,2024Q1,0.43703703703703706,270
366,2024Q2,0.9555555555555556,270
366,2024Q3,0.9740740740740741,270
366,2024Q4,0.9740740740740741,270
367,2023Q4,0.6928838951310862,267
367,2024Q1,0.6966292134831461,267
367,2024Q2,0.6928838951310862,267
367,2024Q3,0.6891385767790262,267
367,2024Q4,0.6853932584269663,267
368,2023Q4,1.0,273
368,2024Q1,1.0,273
368,2024Q2,1.0,273
368,2024Q3,1.0,273
368,2024Q4,1.0,273
369,2023Q4,0.6791044776119403,268
369,2024Q1,0.6977611940298507,268
369,2024Q2,0.6716417910447762,268
369,2024Q3,0.6604477611940298,268
369,2024Q4,0.6492537313432836,268
370,2023Q4,0.9340659340659341,273
370,2024Q1,0.8791208791208791,273
370,2024Q2,0.7545787545787546,273
370,2024Q3,0.3553113553113553,273
370,2024Q4,0.4432234432234432,273
371,2023Q4,1.0,275
371,2024Q1,1.0,275
371,2024Q2,1.0,275
371,2024Q3,1.0,275
371,2024Q4,1.0,275
372,2023Q4,0.7389705882352942,272
372,2024Q1,0.7095588235294118,272
372,2024Q2,0.5661764705882353,272
372,2024Q3,0.4852941176470588,272
372,2024Q4,0.5147058823529411,272
373,2023Q4,1.0,266
373,2024Q1,1.0,266
373,2024Q2,1.0,266
373,2024Q3,1.0,266
373,2024Q4,1.0,266
374,2023Q4,0.3781818181818182,275
374,2024Q1,0.5527272727272727,275
374,2024Q2,0.7163636363636363,275
374,2024Q3,0.7454545454545455,275
374,2024Q4,0.7636363636363637,275
375,2023Q4,1.0,271
375,2024Q1,1.0,271
375,2024Q2,1.0,271
375,2024Q3,1.0,271
375,2024Q4,1.0,271
376,2023Q4,0.5608856088560885,271
376,2024Q1,0.5867158671586716,271
376,2024Q2,0.5977859778597786,271
376,2024Q3,0.5461254612546126,271
376,2024Q4,0.5387453874538746,271
377,2023Q4,0.8966789667896679,271
377,2024Q1,0.8929889298892989,271
377,2024Q2,0.8966789667896679,271
377,2024Q3,0.8966789667896679,271
377,2024Q4,0.8966789667896679,271
378,2023Q4,0.8592592592592593,270
378,2024Q1,0.8407407407407408,270
378,2024Q2,0.8037037037037037,270
378,2024Q3,0.774074074074074,270
378,2024Q4,0.7592592592592593,270
379,2023Q4,1.0,274
379,2024Q1,1.0,274
379,2024Q2,1.0,274
379,2024Q3,1.0,274
379,2024Q4,1.0,274
380,2023Q4,1.0,261
380,2024Q1,1.0,261
380,2024Q2,1.0,261
380,2024Q3,1.0,261
380,2024Q4,1.0,261
381,2023Q4,0.6691729323308271,266
381,2024Q1,0.6541353383458647,266
381,2024Q2,0.631578947368421,266
381,2024Q3,0.6203007518796992,266
381,2024Q4,0.6090225563909775,266
382,2023Q4,0.8533834586466166,266
382,2024Q1,0.8834586466165414,266
382,2024Q2,0.9323308270676691,266
382,2024Q3,0.9473684210526315,266
382,2024Q4,0.9548872180451128,266
383,2023Q4,0.49814126394052044,269
383,2024Q1,0.4795539033457249,269
383,2024Q2,0.5985130111524164,269
383,2024Q3,0.8810408921933085,269
383,2024Q4,0.9219330855018587,269
384,2023Q4,0.5571955719557196,271
384,2024Q1,0.5645756457564576,271
384,2024Q2,0.5830258302583026,271
384,2024Q3,0.5867158671586716,271
384,2024Q4,0.5977859778597786,271
385,2023Q4,1.0,267
385,2024Q1,1.0,267
385,2024Q2,1.0,267
385,2024Q3,1.0,267
385,2024Q4,1.0,267
386,2023Q4,0.9202898550724637,276
386,2024Q1,0.8913043478260869,276
386,2024Q2,0.8731884057971014,276
386,2024Q3,0.8333333333333334,276
386,2024Q4,0.8007246376811594,276
387,2023Q4,0.684981684981685,273
387,2024Q1,0.6996336996336996,273
387,2024Q2,0.6996336996336996,273
387,2024Q3,0.6483516483516484,273
387,2024Q4,0.42124542124542125,273
388,2023Q4,1.0,271
388,2024Q1,1.0,271
388,2024Q2,1.0,271
388,2024Q3,1.0,271
388,2024Q4,1.0,271
389,2024Q4,0.9433962264150944,265
390,2023Q4,0.843065693430657,274
390,2024Q1,0.8394160583941606,274
390,2024Q2,0.8394160583941606,274
390,2024Q3,0.8321167883211679,274
390,2024Q4,0.8394160583941606,274
391,2023Q4,0.09665427509293681,269
391,2024Q1,0.3680297397769517,269
391,2024Q2,0.40892193308550184,269
391,2024Q3,0.4275092936802974,269
391,2024Q4,0.3903345724907063,269
392,2023Q4,0.6917293233082706,266
392,2024Q1,0.6541353383458647,266
392,2024Q2,0.6729323308270677,266
392,2024Q3,0.7255639097744361,266
392,2024Q4,0.6954887218045113,266
393,2023Q4,0.9418181818181818,275
393,2024Q1,0.9127272727272727,275
393,2024Q2,0.9345454545454546,275
393,2024Q3,0.9490909090909091,275
393,2024Q4,0.9490909090909091,275
395,2023Q4,0.7352941176470589,272
395,2024Q1,0.6617647058823529,272
395,2024Q2,0.6176470588235294,272
395,2024Q3,0.5955882352941176,272
395,2024Q4,0.5661764705882353,272
396,2023Q4,0.7670250896057348,279
396,2024Q1,0.7526881720430108,279
396,2024Q2,0.7132616487455197,279
396,2024Q3,0.6881720430107527,279
396,2024Q4,0.6845878136200717,279
397,2023Q4,1.0,269
397,2024Q1,1.0,269
397,2024Q2,1.0,269
397,2024Q3,1.0,269
397,2024Q4,1.0,269
398,2023Q4,0.9616858237547893,261
398,2024Q1,0.9578544061302682,261
398,2024Q2,0.9655172413793104,261
398,2024Q3,0.9693486590038314,261
398,2024Q4,0.9616858237547893,261
401,2023Q4,0.9813432835820896,268
401,2024Q1,0.9813432835820896,268
401,2024Q2,0.9813432835820896,268
401,2024Q3,0.9813432835820896,268
401,2024Q4,0.9813432835820896,268
402,2023Q4,0.9776119402985075,268
402,2024Q1,0.9776119402985075,268
402,2024Q2,0.9776119402985075,268
402,2024Q3,0.9776119402985075,268
402,2024Q4,0.9776119402985075,268
403,2023Q4,0.9770992366412213,262
403,2024Q1,0.9770992366412213,262
403,2024Q2,0.9770992366412213,262
403,2024Q3,0.9770992366412213,262
403,2024Q4,0.9770992366412213,262
404,2023Q4,0.9816849816849816,273
404,2024Q1,0.9816849816849816,273
404,2024Q2,0.9816849816849816,273
404,2024Q3,0.9816849816849816,273
404,2024Q4,0.9816849816849816,273
405,2023Q4,0.9736842105263158,266
405,2024Q1,0.9736842105263158,266
405,2024Q2,0.9736842105263158,266
405,2024Q3,0.9736842105263158,266
405,2024Q4,0.9736842105263158,266
408,2023Q4,0.9814126394052045,269
408,2024Q1,0.9814126394052045,269
408,2024Q2,0.9814126394052045,269
408,2024Q3,0.9814126394052045,269
408,2024Q4,0.9814126394052045,269
409,2024Q2,0.9777777777777777,270
409,2024Q3,0.9777777777777777,270
409,2024Q4,0.9777777777777777,270
410,2023Q4,0.9784172661870504,278
410,2024Q1,0.9748201438848921,278
410,2024Q2,0.9748201438848921,278
410,2024Q3,0.9784172661870504,278
410,2024Q4,0.9784172661870504,278
413,2023Q4,0.8326848249027238,257
413,2024Q1,0.7315175097276264,257
413,2024Q2,0.7276264591439688,257
413,2024Q3,0.754863813229572,257
413,2024Q4,0.7509727626459144,257
414,2023Q4,0.9742647058823529,272
414,2024Q1,0.9742647058823529,272
414,2024Q2,0.9742647058823529,272
414,2024Q3,0.9779411764705882,272
414,2024Q4,0.9779411764705882,272
416,2023Q4,0.978021978021978,273
416,2024Q1,0.978021978021978,273
416,2024Q2,0.978021978021978,273
416,2024Q3,0.978021978021978,273
416,2024Q4,0.978021978021978,273
418,2023Q4,1.0,268
418,2024Q1,1.0,268
418,2024Q2,1.0,268
418,2024Q3,1.0,268
418,2024Q4,1.0,268
419,2023Q4,1.0,272
419,2024Q1,1.0,272
419,2024Q2,1.0,272
419,2024Q3,1.0,272
419,2024Q4,1.0,272
420,2023Q4,1.0,273
420,2024Q1,1.0,273
420,2024Q2,1.0,273
420,2024Q3,1.0,273
420,2024Q4,1.0,273
421,2023Q4,1.0,270
421,2024Q1,1.0,270
421,2024Q2,1.0,270
421,2024Q3,1.0,270
421,2024Q4,1.0,270
422,2023Q4,1.0,270
422,2024Q1,1.0,270
422,2024Q2,1.0,270
422,2024Q3,1.0,270
422,2024Q4,1.0,270
423,2023Q4,0.6875,272
423,2024Q1,0.6691176470588235,272
423,2024Q2,0.6544117647058824,272
423,2024Q3,0.6507352941176471,272
423,2024Q4,0.6323529411764706,272
424,2023Q4,0.585820895522388,268
424,2024Q1,0.5783582089552238,268
424,2024Q2,0.5634328358208955,268
424,2024Q3,0.43283582089552236,268
424,2024Q4,0.4552238805970149,268
425,2023Q4,0.6286764705882353,272
425,2024Q1,0.625,272
425,2024Q2,0.6139705882352942,272
425,2024Q3,0.5845588235294118,272
425,2024Q4,0.5882352941176471,272
428,2023Q4,0.9626865671641791,268
428,2024Q1,0.9552238805970149,268
428,2024Q2,0.9552238805970149,268
428,2024Q3,0.9552238805970149,268
428,2024Q4,0.9552238805970149,268
429,2023Q4,0.550185873605948,269
429,2024Q1,0.550185873605948,269
429,2024Q2,0.5576208178438662,269
429,2024Q3,0.5724907063197026,269
429,2024Q4,0.550185873605948,269
430,2023Q4,1.0,266
430,2024Q1,1.0,266
430,2024Q2,1.0,266
430,2024Q3,1.0,266
430,2024Q4,1.0,266
431,2023Q4,0.7352941176470589,272
431,2024Q1,0.7352941176470589,272
431,2024Q2,0.7242647058823529,272
431,2024Q3,0.7242647058823529,272
431,2024Q4,0.7389705882352942,272
432,2023Q4,0.9662921348314607,267
432,2024Q1,0.9662921348314607,267
432,2024Q2,0.9662921348314607,267
432,2024Q3,0.9625468164794008,267
432,2024Q4,0.9662921348314607,267
433,2023Q4,0.8646616541353384,266
433,2024Q1,0.9135338345864662,266
433,2024Q2,0.9323308270676691,266
433,2024Q3,0.943609022556391,266
433,2024Q4,0.9473684210526315,266
434,2023Q4,0.5205992509363296,267
434,2024Q1,0.5131086142322098,267
434,2024Q2,0.5243445692883895,267
434,2024Q3,0.550561797752809,267
434,2024Q4,0.5655430711610487,267
435,2023Q4,0.6139705882352942,272
435,2024Q1,0.6102941176470589,272
435,2024Q2,0.5955882352941176,272
435,2024Q3,0.6102941176470589,272
435,2024Q4,0.6139705882352942,272
436,2023Q4,0.6319702602230484,269
436,2024Q1,0.6394052044609665,269
436,2024Q2,0.654275092936803,269
436,2024Q3,0.6728624535315985,269
436,2024Q4,0.6802973977695167,269
437,2023Q4,0.9518518518518518,270
437,2024Q1,0.9518518518518518,270
437,2024Q2,0.9518518518518518,270
437,2024Q3,0.9518518518518518,270
437,2024Q4,0.9518518518518518,270
438,2023Q4,0.6877323420074349,269
438,2024Q1,0.6505576208178439,269
438,2024Q2,0.6356877323420075,269
438,2024Q3,0.6245353159851301,269
438,2024Q4,0.6282527881040892,269
440,2023Q4,0.6415094339622641,265
440,2024Q1,0.660377358490566,265
440,2024Q2,0.660377358490566,265
440,2024Q3,0.7018867924528301,265
440,2024Q4,0.7320754716981132,265
441,2023Q4,0.7695167286245354,269
441,2024Q1,0.8104089219330854,269
441,2024Q2,0.7955390334572491,269
441,2024Q3,0.7695167286245354,269
441,2024Q4,0.7509293680297398,269
442,2023Q4,0.5223880597014925,268
442,2024Q1,0.6194029850746269,268
442,2024Q2,0.6156716417910447,268
442,2024Q3,0.6604477611940298,268
442,2024Q4,0.6902985074626866,268
443,2023Q4,0.8571428571428571,266
443,2024Q1,0.8533834586466166,266
443,2024Q2,0.849624060150376,266
443,2024Q3,0.8721804511278195,266
443,2024Q4,0.9172932330827067,266
444,2023Q4,0.6726618705035972,278
444,2024Q1,0.6294964028776978,278
444,2024Q2,0.6366906474820144,278
444,2024Q3,0.6510791366906474,278
444,2024Q4,0.6834532374100719,278
445,2023Q4,0.9560439560439561,273
445,2024Q1,0.9560439560439561,273
445,2024Q2,0.9560439560439561,273
445,2024Q3,0.9560439560439561,273
445,2024Q4,0.9560439560439561,273
446,2023Q4,0.6218181818181818,275
446,2024Q1,0.6,275
446,2024Q2,0.5781818181818181,275
446,2024Q3,0.5709090909090909,275
446,2024Q4,0.5563636363636364,275
447,2023Q4,0.943609022556391,266
447,2024Q1,0.943609022556391,266
447,2024Q2,0.943609022556391,266
447,2024Q3,0.943609022556391,266
447,2024Q4,0.943609022556391,266
448,2023Q4,1.0,271
448,2024Q1,1.0,271
448,2024Q2,1.0,271
448,2024Q3,1.0,271
448,2024Q4,1.0,271
449,2023Q4,0.9511278195488722,266
449,2024Q1,0.9511278195488722,266
449,2024Q2,0.9624060150375939,266
449,2024Q3,0.9624060150375939,266
449,2024Q4,0.9624060150375939,266
450,2023Q4,0.9547169811320755,265
450,2024Q1,0.9735849056603774,265
450,2024Q2,0.9735849056603774,265
450,2024Q3,0.969811320754717,265
450,2024Q4,0.9547169811320755,265
451,2023Q4,0.9442379182156134,269
451,2024Q1,0.9479553903345725,269
451,2024Q2,0.9442379182156134,269
451,2024Q3,0.9256505576208178,269
451,2024Q4,0.9107806691449815,269
452,2023Q4,1.0,275
452,2024Q1,1.0,275
452,2024Q2,1.0,275
452,2024Q3,1.0,275
452,2024Q4,1.0,275
453,2023Q4,0.981203007518797,266
453,2024Q1,0.981203007518797,266
453,2024Q2,0.981203007518797,266
453,2024Q3,0.981203007518797,266
453,2024Q4,0.981203007518797,266
455,2023Q4,0.9775280898876404,267
455,2024Q1,0.9775280898876404,267
455,2024Q2,0.9775280898876404,267
455,2024Q3,0.9775280898876404,267
455,2024Q4,0.9775280898876404,267
456,2023Q4,0.6943396226415094,265
456,2024Q1,0.6981132075471698,265
456,2024Q2,0.7169811320754716,265
456,2024Q3,0.7358490566037735,265
456,2024Q4,0.7547169811320755,265
457,2023Q4,0.8709677419354839,279
457,2024Q1,0.8924731182795699,279
457,2024Q2,0.899641577060932,279
457,2024Q3,0.8924731182795699,279
457,2024Q4,0.9032258064516129,279
458,2023Q4,0.9814814814814815,270
458,2024Q1,0.9814814814814815,270
458,2024Q2,0.9814814814814815,270
458,2024Q3,0.9814814814814815,270
458,2024Q4,0.9814814814814815,270
459,2023Q4,0.988929889298893,271
459,2024Q1,0.988929889298893,271
459,2024Q2,0.988929889298893,271
459,2024Q3,0.988929889298893,271
459,2024Q4,0.988929889298893,271
460,2023Q4,0.9144981412639405,269
460,2024Q1,0.9405204460966543,269
460,2024Q2,0.9776951672862454,269
460,2024Q3,0.9814126394052045,269
460,2024Q4,0.9516728624535316,269
461,2024Q4,1.0,271
478,2023Q4,1.0,267
478,2024Q1,1.0,267
478,2024Q2,1.0,267
478,2024Q3,1.0,267
478,2024Q4,1.0,267
479,2023Q4,0.48863636363636365,264
479,2024Q1,0.5757575757575758,264
479,2024Q2,0.6628787878787878,264
479,2024Q3,0.7386363636363636,264
479,2024Q4,0.7954545454545454,264
480,2023Q4,1.0,272
480,2024Q1,1.0,272
480,2024Q2,1.0,272
480,2024Q3,1.0,272
480,2024Q4,1.0,272
481,2023Q4,1.0,267
481,2024Q1,1.0,267
481,2024Q2,1.0,267
481,2024Q3,1.0,267
481,2024Q4,1.0,267
482,2023Q4,0.9635036496350365,274
482,2024Q1,0.9708029197080292,274
482,2024Q2,0.9708029197080292,274
482,2024Q3,0.9708029197080292,274
482,2024Q4,0.9671532846715328,274
483,2024Q1,0.9553903345724907,269
483,2024Q2,0.9479553903345725,269
483,2024Q3,0.9479553903345725,269
483,2024Q4,0.9479553903345725,269
484,2023Q4,0.5185185185185185,270
484,2024Q1,0.6037037037037037,270
484,2024Q2,0.7555555555555555,270
484,2024Q3,0.7666666666666667,270
484,2024Q4,0.8148148148148148,270
485,2023Q4,0.6398467432950191,261
485,2024Q1,0.6436781609195402,261
485,2024Q2,0.6551724137931034,261
485,2024Q3,0.6590038314176245,261
485,2024Q4,0.6704980842911877,261
486,2023Q4,0.6819923371647509,261
486,2024Q1,0.6475095785440613,261
486,2024Q2,0.6091954022988506,261
486,2024Q3,0.5823754789272031,261
486,2024Q4,0.5747126436781609,261
487,2023Q4,0.5745454545454546,275
487,2024Q1,0.5781818181818181,275
487,2024Q2,0.5381818181818182,275
487,2024Q3,0.49818181818181817,275
487,2024Q4,0.5963636363636363,275
489,2023Q4,0.7407407407407407,270
489,2024Q1,0.6962962962962963,270
489,2024Q2,0.6222222222222222,270
489,2024Q3,0.5074074074074074,270
489,2024Q4,0.4,270
490,2023Q4,0.5799256505576208,269
490,2024Q1,0.5910780669144982,269
490,2024Q2,0.5762081784386617,269
490,2024Q3,0.550185873605948,269
490,2024Q4,0.5464684014869888,269
491,2023Q4,0.6505576208178439,269
491,2024Q1,0.6802973977695167,269
491,2024Q2,0.6988847583643123,269
491,2024Q3,0.7026022304832714,269
491,2024Q4,0.6988847583643123,269
492,2023Q4,0.924812030075188,266
492,2024Q1,0.9135338345864662,266
492,2024Q2,0.8872180451127819,266
492,2024Q3,0.9022556390977443,266
492,2024Q4,0.9285714285714286,266
493,2023Q4,0.870722433460076,263
493,2024Q1,0.8631178707224335,263
493,2024Q2,0.8517110266159695,263
493,2024Q3,0.870722433460076,263
493,2024Q4,0.8859315589353612,263
494,2023Q4,0.6168582375478927,261
494,2024Q1,0.5708812260536399,261
494,2024Q2,0.5210727969348659,261
494,2024Q3,0.7586206896551724,261
494,2024Q4,0.8467432950191571,261
495,2023Q4,0.8768656716417911,268
495,2024Q1,0.8768656716417911,268
495,2024Q2,0.8768656716417911,268
495,2024Q3,0.8805970149253731,268
495,2024Q4,0.8880597014925373,268
496,2023Q4,0.9477611940298507,268
496,2024Q1,0.9477611940298507,268
496,2024Q2,0.9514925373134329,268
496,2024Q3,0.9514925373134329,268
496,2024Q4,0.9552238805970149,268
497,2023Q4,0.9735849056603774,265
497,2024Q1,0.969811320754717,265
497,2024Q2,0.9660377358490566,265
497,2024Q3,0.9660377358490566,265
497,2024Q4,0.9660377358490566,265
498,2023Q4,0.5437262357414449,263
498,2024Q1,0.4372623574144487,263
498,2024Q2,0.27756653992395436,263
498,2024Q3,0.7414448669201521,263
498,2024Q4,0.7642585551330798,263
499,2023Q4,0.5848375451263538,277
499,2024Q1,0.5884476534296029,277
499,2024Q2,0.5884476534296029,277
499,2024Q3,0.5595667870036101,277
499,2024Q4,0.4620938628158845,277
500,2023Q4,0.9454545454545454,275
500,2024Q1,0.9672727272727273,275
501,2023Q4,0.4721189591078067,269
501,2024Q1,0.4795539033457249,269
501,2024Q2,0.40148698884758366,269
501,2024Q3,0.2825278810408922,269
501,2024Q4,0.25650557620817843,269
502,2023Q4,0.9345454545454546,275
502,2024Q1,0.9345454545454546,275
502,2024Q2,0.9418181818181818,275
502,2024Q3,0.9454545454545454,275
502,2024Q4,0.9454545454545454,275
503,2023Q4,0.6630434782608695,276
503,2024Q1,0.6739130434782609,276
503,2024Q2,0.7065217391304348,276
503,2024Q3,0.7246376811594203,276
503,2024Q4,0.7246376811594203,276
504,2023Q4,1.0,271
504,2024Q1,1.0,271
504,2024Q2,1.0,271
504,2024Q3,1.0,271
504,2024Q4,1.0,271
505,2023Q4,0.851985559566787,277
505,2024Q1,0.851985559566787,277
505,2024Q2,0.8483754512635379,277
505,2024Q3,0.8267148014440433,277
505,2024Q4,0.8014440433212996,277
506,2023Q4,0.3716475095785441,261
506,2024Q1,0.7547892720306514,261
506,2024Q2,0.735632183908046,261
506,2024Q3,0.3831417624521073,261
506,2024Q4,0.4367816091954023,261
507,2023Q4,1.0,262
507,2024Q1,1.0,262
507,2024Q2,1.0,262
507,2024Q3,1.0,262
507,2024Q4,1.0,262
508,2023Q4,0.8469750889679716,281
508,2024Q1,0.8434163701067615,281
508,2024Q2,0.8398576512455516,281
508,2024Q3,0.8362989323843416,281
508,2024Q4,0.8291814946619217,281
509,2023Q4,1.0,268
509,2024Q1,1.0,268
509,2024Q2,1.0,268
509,2024Q3,1.0,268
509,2024Q4,1.0,268
510,2023Q4,1.0,274
510,2024Q1,1.0,274
510,2024Q2,1.0,274
510,2024Q3,1.0,274
510,2024Q4,1.0,274
511,2023Q4,0.9775280898876404,267
511,2024Q1,0.9775280898876404,267
511,2024Q2,0.9775280898876404,267
511,2024Q3,0.9775280898876404,267
511,2024Q4,0.9775280898876404,267
512,2023Q4,0.9381818181818182,275
512,2024Q1,0.9272727272727272,275
512,2024Q2,0.9454545454545454,275
512,2024Q3,0.9672727272727273,275
512,2024Q4,0.9709090909090909,275
514,2024Q1,0.7723880597014925,268
514,2024Q2,0.8059701492537313,268
514,2024Q3,0.835820895522388,268
514,2024Q4,0.8694029850746269,268
515,2023Q4,0.9776119402985075,268
515,2024Q1,0.9776119402985075,268
515,2024Q2,0.9776119402985075,268
515,2024Q3,0.9776119402985075,268
515,2024Q4,0.9776119402985075,268
516,2023Q4,0.996309963099631,271
516,2024Q1,1.0,271
516,2024Q2,0.985239852398524,271
516,2024Q3,0.966789667896679,271
516,2024Q4,0.966789667896679,271
517,2023Q4,0.9431818181818182,264
517,2024Q1,0.9621212121212122,264
517,2024Q2,0.9810606060606061,264
517,2024Q3,0.9848484848484849,264
517,2024Q4,0.9848484848484849,264
518,2023Q4,0.7238805970149254,268
518,2024Q1,0.7798507462686567,268
518,2024Q2,0.7798507462686567,268
518,2024Q3,0.7574626865671642,268
518,2024Q4,0.6977611940298507,268
519,2023Q4,0.8479087452471483,263
519,2024Q1,0.8403041825095057,263
519,2024Q2,0.8593155893536122,263
519,2024Q3,0.8669201520912547,263
519,2024Q4,0.8859315589353612,263
520,2023Q4,0.9481481481481482,270
520,2024Q1,0.9481481481481482,270
520,2024Q2,0.9481481481481482,270
520,2024Q3,0.9481481481481482,270
520,2024Q4,0.9481481481481482,270
521,2023Q4,0.8392857142857143,280
521,2024Q1,0.825,280
521,2024Q2,0.8107142857142857,280
521,2024Q3,0.7785714285714286,280
521,2024Q4,0.7535714285714286,280
522,2023Q4,0.8014705882352942,272
522,2024Q1,0.7242647058823529,272
522,2024Q2,0.6875,272
522,2024Q3,0.7169117647058824,272
522,2024Q4,0.7242647058823529,272
523,2023Q4,0.9816849816849816,273
523,2024Q1,0.967032967032967,273
523,2024Q2,0.9487179487179487,273
523,2024Q3,0.9194139194139194,273
523,2024Q4,0.8681318681318682,273
524,2023Q4,0.6888888888888889,270
524,2024Q1,0.6925925925925925,270
524,2024Q2,0.7,270
524,2024Q3,0.7074074074074074,270
524,2024Q4,0.725925925925926,270
525,2023Q4,0.9418181818181818,275
525,2024Q1,0.9418181818181818,275
525,2024Q2,0.9454545454545454,275
525,2024Q3,0.9490909090909091,275
525,2024Q4,0.9490909090909091,275
527,2023Q4,0.9637681159420289,276
527,2024Q1,0.9528985507246377,276
527,2024Q2,0.9528985507246377,276
527,2024Q3,0.9021739130434783,276
527,2024Q4,0.8442028985507246,276
528,2023Q4,0.8447653429602888,277
528,2024Q1,0.8880866425992779,277
528,2024Q2,0.9133574007220217,277
528,2024Q3,0.927797833935018,277
528,2024Q4,0.924187725631769,277
529,2023Q4,0.4264705882352941,272
529,2024Q1,0.5477941176470589,272
529,2024Q2,0.5514705882352942,272
529,2024Q3,0.5257352941176471,272
529,2024Q4,0.5110294117647058,272
530,2023Q4,0.5364963503649635,274
530,2024Q1,0.551094890510949,274
530,2024Q2,0.5875912408759124,274
530,2024Q3,0.572992700729927,274
530,2024Q4,0.5547445255474452,274
531,2023Q4,0.7832699619771863,263
531,2024Q1,0.7870722433460076,263
531,2024Q2,0.7832699619771863,263
531,2024Q3,0.7946768060836502,263
531,2024Q4,0.8060836501901141,263
532,2023Q4,0.7047970479704797,271
532,2024Q1,0.6937269372693727,271
532,2024Q2,0.7084870848708487,271
532,2024Q3,0.7380073800738007,271
532,2024Q4,0.8044280442804428,271
533,2023Q4,0.9740740740740741,270
533,2024Q1,0.9666666666666667,270
533,2024Q2,0.9592592592592593,270
533,2024Q3,0.9555555555555556,270
533,2024Q4,0.9555555555555556,270
534,2023Q4,0.7279693486590039,261
534,2024Q1,0.7126436781609196,261
534,2024Q2,0.7164750957854407,261
534,2024Q3,0.7126436781609196,261
534,2024Q4,0.7394636015325671,261
535,2023Q4,0.8566037735849057,265
535,2024Q1,0.8566037735849057,265
535,2024Q2,0.8528301886792453,265
535,2024Q3,0.8566037735849057,265
535,2024Q4,0.8754716981132076,265
536,2023Q4,0.959409594095941,271
536,2024Q1,0.959409594095941,271
536,2024Q2,0.959409594095941,271
536,2024Q3,0.9630996309963099,271
536,2024Q4,0.9630996309963099,271
537,2023Q4,0.6923076923076923,273
537,2024Q1,0.6923076923076923,273
537,2024Q2,0.6959706959706959,273
537,2024Q3,0.7032967032967034,273
537,2024Q4,0.7106227106227107,273
538,2023Q4,0.8773234200743495,269
538,2024Q1,0.8736059479553904,269
538,2024Q2,0.8847583643122676,269
538,2024Q3,0.9070631970260223,269
538,2024Q4,0.9368029739776952,269
539,2023Q4,0.7933579335793358,271
539,2024Q1,0.7638376383763837,271
539,2024Q2,0.7822878228782287,271
539,2024Q3,0.8265682656826568,271
539,2024Q4,0.8671586715867159,271
540,2023Q4,0.6886446886446886,273
540,2024Q1,0.6959706959706959,273
540,2024Q2,0.7362637362637363,273
540,2024Q3,0.7509157509157509,273
540,2024Q4,0.7509157509157509,273
541,2023Q4,0.9514925373134329,268
541,2024Q1,0.9514925373134329,268
541,2024Q2,0.9514925373134329,268
541,2024Q3,0.9514925373134329,268
541,2024Q4,0.9514925373134329,268
542,2023Q4,0.7894736842105263,266
542,2024Q1,0.8045112781954887,266
542,2024Q2,0.8007518796992481,266
542,2024Q3,0.6278195488721805,266
542,2024Q4,0.4473684210526316,266
543,2023Q4,0.5543071161048689,267
543,2024Q1,0.5655430711610487,267
543,2024Q2,0.5393258426966292,267
543,2024Q3,0.5318352059925093,267
543,2024Q4,0.5205992509363296,267
544,2023Q4,0.9018867924528302,265
544,2024Q1,0.8867924528301887,265
544,2024Q2,0.8830188679245283,265
544,2024Q3,0.879245283018868,265
544,2024Q4,0.8754716981132076,265
545,2023Q4,0.7132075471698113,265
545,2024Q1,0.7245283018867924,265
545,2024Q2,0.6792452830188679,265
545,2024Q3,0.6566037735849056,265
545,2024Q4,0.6792452830188679,265
546,2023Q4,0.7021276595744681,282
546,2024Q1,0.6950354609929078,282
546,2024Q2,0.6914893617021277,282
546,2024Q3,0.6879432624113475,282
546,2024Q4,0.6843971631205674,282
547,2023Q4,0.8458646616541353,266
547,2024Q1,0.8383458646616542,266
547,2024Q2,0.8345864661654135,266
547,2024Q3,0.8308270676691729,266
547,2024Q4,0.8157894736842105,266
548,2023Q4,0.9197080291970803,274
548,2024Q1,0.9124087591240876,274
548,2024Q2,0.9014598540145985,274
548,2024Q3,0.8759124087591241,274
548,2024Q4,0.8832116788321168,274
549,2023Q4,0.9492753623188406,276
549,2024Q1,0.9492753623188406,276
549,2024Q2,0.9492753623188406,276
549,2024Q3,0.9492753623188406,276
549,2024Q4,0.9492753623188406,276
550,2023Q4,0.924812030075188,266
550,2024Q1,0.9210526315789473,266
550,2024Q2,0.9172932330827067,266
550,2024Q3,0.9097744360902256,266
550,2024Q4,0.924812030075188,266
552,2023Q4,0.6962962962962963,270
552,2024Q1,0.6814814814814815,270
552,2024Q2,0.6851851851851852,270
552,2024Q3,0.6888888888888889,270
552,2024Q4,0.674074074074074,270
553,2023Q4,0.9814126394052045,269
553,2024Q1,0.9851301115241635,269
553,2024Q2,0.9814126394052045,269
553,2024Q3,0.966542750929368,269
553,2024Q4,0.966542750929368,269
554,2023Q4,0.4136690647482014,278
554,2024Q1,0.6834532374100719,278
554,2024Q2,0.8273381294964028,278
554,2024Q3,0.9496402877697842,278
554,2024Q4,0.9892086330935251,278
555,2023Q4,0.9407407407407408,270
555,2024Q1,0.9296296296296296,270
555,2024Q2,0.9185185185185185,270
555,2024Q3,0.8925925925925926,270
555,2024Q4,0.8740740740740741,270
556,2023Q4,0.8257575757575758,264
556,2024Q1,0.8484848484848485,264
556,2024Q2,0.9204545454545454,264
556,2024Q3,0.9431818181818182,264
556,2024Q4,0.9431818181818182,264
557,2023Q4,0.948905109489051,274
557,2024Q1,0.948905109489051,274
557,2024Q2,0.948905109489051,274
557,2024Q3,0.948905109489051,274
557,2024Q4,0.948905109489051,274
558,2023Q4,0.5760869565217391,276
558,2024Q1,0.463768115942029,276
558,2024Q2,0.5108695652173914,276
558,2024Q3,0.6376811594202898,276
558,2024Q4,0.6920289855072463,276
559,2023Q4,0.4065934065934066,273
559,2024Q1,0.3992673992673993,273
559,2024Q2,0.4358974358974359,273
559,2024Q3,0.43223443223443225,273
559,2024Q4,0.46153846153846156,273
560,2023Q4,0.8671586715867159,271
560,2024Q1,0.9077490774907749,271
560,2024Q2,0.922509225092251,271
560,2024Q3,0.940959409594096,271
560,2024Q4,0.9446494464944649,271
561,2023Q4,0.7289377289377289,273
561,2024Q1,0.673992673992674,273
561,2024Q2,0.608058608058608,273
561,2024Q3,0.575091575091575,273
561,2024Q4,0.5457875457875457,273
562,2023Q4,0.9485294117647058,272
562,2024Q1,0.9411764705882353,272
562,2024Q2,0.9117647058823529,272
562,2024Q3,0.8860294117647058,272
562,2024Q4,0.8860294117647058,272
563,2023Q4,0.9628252788104089,269
563,2024Q1,0.9553903345724907,269
563,2024Q2,0.9516728624535316,269
563,2024Q3,0.9479553903345725,269
563,2024Q4,0.9479553903345725,269
564,2023Q4,0.8314606741573034,267
564,2024Q1,0.8239700374531835,267
564,2024Q2,0.8239700374531835,267
564,2024Q3,0.8239700374531835,267
564,2024Q4,0.8164794007490637,267
565,2023Q4,0.9377289377289377,273
565,2024Q1,0.9377289377289377,273
565,2024Q2,0.9377289377289377,273
565,2024Q3,0.9377289377289377,273
565,2024Q4,0.9377289377289377,273
566,2023Q4,0.9553903345724907,269
566,2024Q1,0.9479553903345725,269
566,2024Q2,0.9516728624535316,269
566,2024Q3,0.9479553903345725,269
566,2024Q4,0.9516728624535316,269
567,2023Q4,0.955719557195572,271
567,2024Q1,0.9704797047970479,271
567,2024Q2,0.966789667896679,271
567,2024Q3,0.974169741697417,271
567,2024Q4,0.9704797047970479,271
568,2023Q4,0.46619217081850534,281
568,2024Q1,0.47686832740213525,281
568,2024Q2,0.49110320284697506,281
568,2024Q3,0.49466192170818507,281
568,2024Q4,0.505338078291815,281
569,2023Q4,0.926056338028169,284
569,2024Q1,0.926056338028169,284
569,2024Q2,0.897887323943662,284
569,2024Q3,0.8591549295774648,284
569,2024Q4,0.8169014084507042,284
570,2023Q4,0.9553903345724907,269
570,2024Q1,0.9442379182156134,269
570,2024Q2,0.9330855018587361,269
570,2024Q3,0.9107806691449815,269
570,2024Q4,0.895910780669145,269
571,2023Q4,0.8754578754578755,273
571,2024Q1,0.8278388278388278,273
571,2024Q2,0.7802197802197802,273
571,2024Q3,0.6959706959706959,273
571,2024Q4,0.6666666666666666,273
572,2023Q4,0.6754716981132075,265
572,2024Q1,0.6716981132075471,265
572,2024Q2,0.6679245283018868,265
572,2024Q3,0.6792452830188679,265
572,2024Q4,0.6716981132075471,265
573,2023Q4,1.0,270
574,2023Q4,0.4725274725274725,273
574,2024Q1,0.3772893772893773,273
574,2024Q2,0.6153846153846154,273
574,2024Q3,0.4652014652014652,273
574,2024Q4,0.7106227106227107,273
576,2023Q4,0.8854961832061069,262
577,2023Q4,0.6353383458646616,266
578,2023Q4,0.6629213483146067,267
578,2024Q1,0.7415730337078652,267
578,2024Q2,0.7827715355805244,267
578,2024Q3,0.7790262172284644,267
578,2024Q4,0.850187265917603,267
579,2023Q4,1.0,269
579,2024Q1,1.0,269
579,2024Q2,1.0,269
579,2024Q3,0.9962825278810409,269
579,2024Q4,0.9962825278810409,269
580,2023Q4,1.0,264
580,2024Q1,1.0,264
580,2024Q2,1.0,264
580,2024Q3,1.0,264
580,2024Q4,0.9962121212121212,264
581,2023Q4,1.0,268
581,2024Q1,1.0,268
581,2024Q2,0.996268656716418,268
581,2024Q3,1.0,268
581,2024Q4,1.0,268
582,2023Q4,0.9962406015037594,266
582,2024Q1,0.9962406015037594,266
582,2024Q2,0.9962406015037594,266
582,2024Q3,0.9962406015037594,266
582,2024Q4,0.9962406015037594,266
583,2023Q4,0.5985130111524164,269
583,2024Q1,0.5576208178438662,269
583,2024Q2,0.5427509293680297,269
583,2024Q3,0.7657992565055762,269
583,2024Q4,0.8773234200743495,269
584,2023Q4,0.9927797833935018,277
584,2024Q1,0.9927797833935018,277
584,2024Q2,0.9927797833935018,277
584,2024Q3,0.9927797833935018,277
584,2024Q4,0.9963898916967509,277
585,2023Q4,0.9169811320754717,265
585,2024Q1,0.8981132075471698,265
585,2024Q2,0.7886792452830189,265
585,2024Q3,0.7886792452830189,265
585,2024Q4,0.7811320754716982,265
586,2023Q4,0.985239852398524,271
586,2024Q1,0.985239852398524,271
586,2024Q2,0.985239852398524,271
586,2024Q3,0.985239852398524,271
586,2024Q4,0.985239852398524,271
587,2023Q4,0.5793357933579336,271
587,2024Q1,0.46863468634686345,271
587,2024Q2,0.5867158671586716,271
587,2024Q3,0.6715867158671587,271
587,2024Q4,0.7490774907749077,271
588,2023Q4,0.996309963099631,271
588,2024Q1,0.996309963099631,271
588,2024Q2,0.996309963099631,271
588,2024Q3,0.996309963099631,271
588,2024Q4,0.996309963099631,271
589,2023Q4,0.6455223880597015,268
589,2024Q1,0.503731343283582,268
589,2024Q2,0.5634328358208955,268
589,2024Q3,0.6455223880597015,268
589,2024Q4,0.6455223880597015,268
590,2023Q4,0.9471698113207547,265
591,2023Q4,0.8884758364312267,269
591,2024Q1,0.8810408921933085,269
591,2024Q2,0.8847583643122676,269
591,2024Q3,0.9368029739776952,269
591,2024Q4,0.9591078066914498,269
592,2023Q4,0.9779411764705882,272
592,2024Q1,0.9779411764705882,272
592,2024Q2,0.9779411764705882,272
592,2024Q3,0.9779411764705882,272
592,2024Q4,0.9779411764705882,272
593,2023Q4,0.977859778597786,271
593,2024Q1,0.981549815498155,271
593,2024Q2,0.981549815498155,271
593,2024Q3,0.981549815498155,271
593,2024Q4,0.981549815498155,271
594,2023Q4,0.562962962962963,270
594,2024Q1,0.7037037037037037,270
594,2024Q2,0.8,270
594,2024Q3,0.837037037037037,270
594,2024Q4,0.9037037037037037,270
595,2023Q4,0.599250936329588,267
595,2024Q1,0.8239700374531835,267
595,2024Q2,0.9176029962546817,267
595,2024Q3,0.9625468164794008,267
595,2024Q4,0.9700374531835206,267
597,2023Q4,0.5430711610486891,267
598,2023Q4,0.9514925373134329,268
598,2024Q1,0.9365671641791045,268
598,2024Q2,0.9328358208955224,268
598,2024Q3,0.9514925373134329,268
598,2024Q4,0.9477611940298507,268
599,2023Q4,0.9777777777777777,270
599,2024Q1,0.9777777777777777,270
599,2024Q2,0.9777777777777777,270
599,2024Q3,0.9740740740740741,270
599,2024Q4,0.9629629629629629,270
600,2023Q4,1.0,269
600,2024Q1,1.0,269
600,2024Q2,1.0,269
600,2024Q3,1.0,269
600,2024Q4,1.0,269
601,2023Q4,0.9770992366412213,262
601,2024Q1,0.9770992366412213,262
601,2024Q2,0.9770992366412213,262
601,2024Q3,0.9770992366412213,262
601,2024Q4,0.9770992366412213,262
602,2023Q4,0.6218181818181818,275
602,2024Q1,0.6145454545454545,275
602,2024Q2,0.6145454545454545,275
602,2024Q3,0.610909090909091,275
602,2024Q4,0.6036363636363636,275
603,2023Q4,0.9738805970149254,268
603,2024Q1,0.9664179104477612,268
603,2024Q2,0.9776119402985075,268
603,2024Q3,0.9813432835820896,268
603,2024Q4,0.9888059701492538,268
604,2023Q4,0.974910394265233,279
604,2024Q1,0.974910394265233,279
604,2024Q2,0.974910394265233,279
604,2024Q3,0.974910394265233,279
604,2024Q4,0.946236559139785,279
605,2023Q4,0.9742647058823529,272
605,2024Q1,0.9742647058823529,272
605,2024Q2,0.9742647058823529,272
605,2024Q3,0.9742647058823529,272
605,2024Q4,0.9742647058823529,272
606,2023Q4,0.9781021897810219,274
606,2024Q1,0.9781021897810219,274
606,2024Q2,0.9781021897810219,274
606,2024Q3,0.9781021897810219,274
606,2024Q4,0.9781021897810219,274
607,2023Q4,0.9742647058823529,272
607,2024Q1,0.9742647058823529,272
607,2024Q2,0.9742647058823529,272
607,2024Q3,0.9742647058823529,272
607,2024Q4,0.9742647058823529,272
608,2023Q4,1.0,270
608,2024Q1,1.0,270
608,2024Q2,0.9962962962962963,270
608,2024Q3,1.0,270
608,2024Q4,1.0,270
611,2023Q4,1.0,276
611,2024Q1,1.0,276
611,2024Q2,1.0,276
612,2023Q4,0.9963768115942029,276
612,2024Q1,0.9963768115942029,276
612,2024Q2,0.9963768115942029,276
612,2024Q3,0.9963768115942029,276
612,2024Q4,0.9963768115942029,276
613,2023Q4,0.9925650557620818,269
613,2024Q1,1.0,269
613,2024Q2,1.0,269
613,2024Q3,0.9925650557620818,269
613,2024Q4,0.9739776951672863,269
614,2023Q4,0.9962962962962963,270
614,2024Q1,0.9962962962962963,270
614,2024Q2,0.9962962962962963,270
614,2024Q3,0.9962962962962963,270
614,2024Q4,0.9962962962962963,270
615,2023Q4,1.0,261
615,2024Q1,1.0,261
615,2024Q2,1.0,261
615,2024Q3,1.0,261
615,2024Q4,1.0,261
616,2023Q4,1.0,267
616,2024Q1,1.0,267
616,2024Q2,1.0,267
616,2024Q3,1.0,267
616,2024Q4,1.0,267
618,2023Q4,0.9962546816479401,267
618,2024Q1,0.9962546816479401,267
618,2024Q2,0.9962546816479401,267
618,2024Q3,0.9962546816479401,267
618,2024Q4,0.9962546816479401,267
619,2023Q4,1.0,264
619,2024Q1,1.0,264
619,2024Q2,1.0,264
619,2024Q3,1.0,264
619,2024Q4,1.0,264
621,2023Q4,1.0,273
621,2024Q1,1.0,273
621,2024Q2,1.0,273
621,2024Q3,1.0,273
621,2024Q4,1.0,273
666,2023Q4,1.0,278
666,2024Q1,1.0,278
666,2024Q2,1.0,278
666,2024Q3,1.0,278
666,2024Q4,1.0,278
667,2023Q4,1.0,272
667,2024Q1,1.0,272
667,2024Q2,1.0,272
667,2024Q3,1.0,272
667,2024Q4,1.0,272
668,2023Q4,0.975177304964539,282
668,2024Q1,0.9787234042553191,282
668,2024Q2,0.9822695035460993,282
668,2024Q3,0.975177304964539,282
668,2024Q4,0.9716312056737588,282
669,2023Q4,0.9054545454545454,275
669,2024Q1,0.9345454545454546,275
669,2024Q2,0.9490909090909091,275
669,2024Q3,0.9490909090909091,275
669,2024Q4,0.9490909090909091,275
670,2023Q4,0.8528301886792453,265
670,2024Q1,0.8528301886792453,265
670,2024Q2,0.8528301886792453,265
670,2024Q3,0.8528301886792453,265
670,2024Q4,0.8490566037735849,265
671,2023Q4,0.793233082706767,266
671,2024Q1,0.8045112781954887,266
671,2024Q2,0.793233082706767,266
671,2024Q3,0.7969924812030075,266
671,2024Q4,0.8233082706766918,266
674,2023Q4,1.0,280
674,2024Q1,1.0,280
674,2024Q2,1.0,280
674,2024Q3,1.0,280
674,2024Q4,1.0,280
675,2023Q4,0.48928571428571427,280
675,2024Q1,0.6571428571428571,280
675,2024Q2,0.7857142857142857,280
675,2024Q3,0.8714285714285714,280
675,2024Q4,0.8428571428571429,280
676,2023Q4,1.0,273
676,2024Q1,1.0,273
676,2024Q2,1.0,273
676,2024Q3,1.0,273
676,2024Q4,1.0,273
677,2023Q4,0.8671586715867159,271
677,2024Q1,0.8634686346863468,271
677,2024Q2,0.8560885608856088,271
677,2024Q3,0.8523985239852399,271
677,2024Q4,0.8487084870848709,271
678,2023Q4,0.9323308270676691,266
678,2024Q1,0.9323308270676691,266
678,2024Q2,0.9210526315789473,266
678,2024Q3,0.924812030075188,266
678,2024Q4,0.9172932330827067,266
679,2023Q4,1.0,270
679,2024Q1,1.0,270
679,2024Q2,1.0,270
679,2024Q3,1.0,270
679,2024Q4,1.0,270
680,2023Q4,0.797752808988764,267
680,2024Q1,0.8127340823970037,267
680,2024Q2,0.8426966292134831,267
680,2024Q3,0.850187265917603,267
680,2024Q4,0.846441947565543,267
683,2023Q4,0.8206106870229007,262
683,2024Q1,0.8396946564885496,262
683,2024Q2,0.851145038167939,262
683,2024Q3,0.8587786259541985,262
683,2024Q4,0.8549618320610687,262
685,2023Q4,0.9490909090909091,275
685,2024Q1,0.9854545454545455,275
685,2024Q2,0.9818181818181818,275
685,2024Q3,0.9818181818181818,275
685,2024Q4,0.9818181818181818,275
686,2023Q4,1.0,271
686,2024Q1,1.0,271
686,2024Q2,1.0,271
686,2024Q3,1.0,271
686,2024Q4,1.0,271
687,2023Q4,0.9527272727272728,275
687,2024Q1,0.9527272727272728,275
687,2024Q2,0.9490909090909091,275
687,2024Q3,0.9490909090909091,275
687,2024Q4,0.9490909090909091,275
689,2023Q4,0.9528985507246377,276
689,2024Q1,0.9528985507246377,276
689,2024Q2,0.9492753623188406,276
689,2024Q3,0.9637681159420289,276
689,2024Q4,0.9746376811594203,276
690,2023Q4,0.7191011235955056,267
690,2024Q1,0.7153558052434457,267
690,2024Q2,0.6928838951310862,267
690,2024Q3,0.6891385767790262,267
690,2024Q4,0.6891385767790262,267
691,2023Q4,0.8917910447761194,268
691,2024Q1,0.8619402985074627,268
691,2024Q2,0.6940298507462687,268
691,2024Q3,0.2574626865671642,268
691,2024Q4,0.5,268
692,2023Q4,0.5683453237410072,278
692,2024Q1,0.6762589928057554,278
692,2024Q2,0.6942446043165468,278
692,2024Q3,0.6942446043165468,278
692,2024Q4,0.6906474820143885,278
693,2023Q4,1.0,273
693,2024Q1,1.0,273
693,2024Q2,1.0,273
693,2024Q3,1.0,273
693,2024Q4,1.0,273
694,2023Q4,0.9029850746268657,268
694,2024Q1,0.8619402985074627,268
694,2024Q2,0.832089552238806,268
694,2024Q3,0.8022388059701493,268
694,2024Q4,0.8171641791044776,268
695,2023Q4,0.652014652014652,273
695,2024Q1,0.6666666666666666,273
695,2024Q2,0.6959706959706959,273
695,2024Q3,0.7435897435897436,273
695,2024Q4,0.8351648351648352,273
696,2023Q4,0.5687732342007435,269
696,2024Q1,0.5724907063197026,269
696,2024Q2,0.587360594795539,269
696,2024Q3,0.5836431226765799,269
696,2024Q4,0.620817843866171,269
697,2023Q4,0.8550185873605948,269
697,2024Q1,0.8587360594795539,269
697,2024Q2,0.8550185873605948,269
697,2024Q3,0.8327137546468402,269
697,2024Q4,0.7732342007434945,269
698,2023Q4,0.8014981273408239,267
698,2024Q1,0.7790262172284644,267
698,2024Q2,0.7790262172284644,267
698,2024Q3,0.8052434456928839,267
698,2024Q4,0.8314606741573034,267
699,2023Q4,0.9816849816849816,273
699,2024Q1,0.978021978021978,273
699,2024Q2,0.9743589743589743,273
699,2024Q3,0.967032967032967,273
699,2024Q4,0.967032967032967,273
701,2023Q4,0.8194945848375451,277
701,2024Q1,0.7472924187725631,277
701,2024Q2,0.6353790613718412,277
701,2024Q3,0.5703971119133574,277
701,2024Q4,0.4981949458483754,277
702,2023Q4,0.9928571428571429,280
702,2024Q1,0.9928571428571429,280
702,2024Q2,0.9928571428571429,280
702,2024Q3,0.9928571428571429,280
702,2024Q4,0.9928571428571429,280
703,2023Q4,0.9111111111111111,270
703,2024Q1,0.9333333333333333,270
703,2024Q2,0.9333333333333333,270
703,2024Q3,0.9333333333333333,270
703,2024Q4,0.937037037037037,270
704,2023Q4,0.5437262357414449,263
704,2024Q1,0.5627376425855514,263
704,2024Q2,0.5665399239543726,263
704,2024Q3,0.5855513307984791,263
704,2024Q4,0.5855513307984791,263
705,2023Q4,0.6985815602836879,282
705,2024Q1,0.7304964539007093,282
705,2024Q2,0.6914893617021277,282
705,2024Q3,0.6808510638297872,282
705,2024Q4,0.6631205673758865,282
706,2023Q4,0.9636363636363636,275
706,2024Q1,0.9672727272727273,275
706,2024Q2,0.9636363636363636,275
706,2024Q3,0.96,275
706,2024Q4,0.9527272727272728,275
708,2023Q4,0.9963369963369964,273
708,2024Q1,0.9963369963369964,273
708,2024Q2,0.9963369963369964,273
708,2024Q3,0.9963369963369964,273
708,2024Q4,0.9963369963369964,273
710,2023Q4,0.8941605839416058,274
710,2024Q1,0.8467153284671532,274
710,2024Q2,0.8065693430656934,274
710,2024Q3,0.7737226277372263,274
710,2024Q4,0.7445255474452555,274
711,2023Q4,0.6590909090909091,264
711,2024Q1,0.6515151515151515,264
711,2024Q2,0.6325757575757576,264
711,2024Q3,0.6401515151515151,264
711,2024Q4,0.678030303030303,264
712,2023Q4,0.6937269372693727,271
712,2024Q1,0.6678966789667896,271
712,2024Q2,0.5940959409594095,271
712,2024Q3,0.5719557195571956,271
712,2024Q4,0.5313653136531366,271
713,2023Q4,0.8985507246376812,276
713,2024Q1,0.8840579710144928,276
713,2024Q2,0.8840579710144928,276
713,2024Q3,0.9021739130434783,276
713,2024Q4,0.8768115942028986,276
714,2023Q4,0.9392857142857143,280
714,2024Q1,0.925,280
714,2024Q2,0.9178571428571428,280
714,2024Q3,0.925,280
714,2024Q4,0.9214285714285714,280
715,2023Q4,0.9111111111111111,270
715,2024Q1,0.9111111111111111,270
715,2024Q2,0.9148148148148149,270
715,2024Q3,0.9148148148148149,270
715,2024Q4,0.9148148148148149,270
716,2023Q4,1.0,268
716,2024Q1,1.0,268
716,2024Q2,1.0,268
716,2024Q3,1.0,268
716,2024Q4,1.0,268
717,2023Q4,0.5760869565217391,276
717,2024Q1,0.5905797101449275,276
717,2024Q2,0.6231884057971014,276
717,2024Q3,0.6304347826086957,276
717,2024Q4,0.6485507246376812,276
718,2023Q4,0.9962264150943396,265
718,2024Q1,0.9962264150943396,265
718,2024Q2,0.9962264150943396,265
718,2024Q3,0.9962264150943396,265
718,2024Q4,0.9962264150943396,265
719,2023Q4,0.9637681159420289,276
719,2024Q1,0.9637681159420289,276
719,2024Q2,0.9565217391304348,276
719,2024Q3,0.9565217391304348,276
719,2024Q4,0.9565217391304348,276
720,2023Q4,0.9962962962962963,270
720,2024Q1,0.9962962962962963,270
720,2024Q2,0.9962962962962963,270
720,2024Q3,0.9962962962962963,270
720,2024Q4,0.9962962962962963,270
721,2023Q4,0.8377358490566038,265
721,2024Q1,0.9132075471698113,265
721,2024Q2,0.9320754716981132,265
721,2024Q3,0.9584905660377359,265
721,2024Q4,0.9622641509433962,265
722,2023Q4,0.9814126394052045,269
722,2024Q1,0.9814126394052045,269
722,2024Q2,0.9814126394052045,269
722,2024Q3,0.9814126394052045,269
722,2024Q4,0.9814126394052045,269
723,2023Q4,0.36996336996337,273
723,2024Q1,0.41025641025641024,273
723,2024Q2,0.4468864468864469,273
723,2024Q3,0.47985347985347987,273
723,2024Q4,0.5128205128205128,273
724,2024Q4,0.9242424242424242,264
725,2023Q4,0.9777777777777777,270
725,2024Q1,0.9777777777777777,270
725,2024Q2,0.9777777777777777,270
725,2024Q3,0.9777777777777777,270
725,2024Q4,0.9777777777777777,270
726,2023Q4,0.996268656716418,268
726,2024Q1,0.996268656716418,268
726,2024Q2,0.996268656716418,268
726,2024Q3,0.996268656716418,268
726,2024Q4,0.996268656716418,268
727,2023Q4,1.0,275
727,2024Q1,1.0,275
727,2024Q2,1.0,275
727,2024Q3,1.0,275
727,2024Q4,1.0,275
731,2023Q4,0.8382352941176471,272
731,2024Q1,0.8272058823529411,272
731,2024Q2,0.8198529411764706,272
731,2024Q3,0.8161764705882353,272
731,2024Q4,0.8161764705882353,272
734,2023Q4,0.9705882352941176,272
734,2024Q1,0.9705882352941176,272
734,2024Q2,0.9705882352941176,272
734,2024Q3,0.9705882352941176,272
734,2024Q4,0.9705882352941176,272
735,2023Q4,0.7610294117647058,272
735,2024Q1,0.7610294117647058,272
735,2024Q2,0.7389705882352942,272
735,2024Q3,0.7426470588235294,272
735,2024Q4,0.7463235294117647,272
736,2023Q4,0.4870848708487085,271
736,2024Q1,0.5313653136531366,271
736,2024Q2,0.5608856088560885,271
736,2024Q3,0.5867158671586716,271
736,2024Q4,0.6236162361623616,271
737,2023Q4,0.4423076923076923,260
737,2024Q1,0.5923076923076923,260
737,2024Q2,0.7307692307692307,260
737,2024Q3,0.8538461538461538,260
737,2024Q4,0.8653846153846154,260
738,2023Q4,0.8074074074074075,270
738,2024Q1,0.825925925925926,270
738,2024Q2,0.825925925925926,270
738,2024Q3,0.8592592592592593,270
738,2024Q4,0.8777777777777778,270
739,2023Q4,0.9662921348314607,267
739,2024Q1,0.9700374531835206,267
739,2024Q2,0.9700374531835206,267
739,2024Q3,0.9700374531835206,267
739,2024Q4,0.9700374531835206,267
741,2023Q4,0.8150943396226416,265
741,2024Q1,0.8226415094339623,265
741,2024Q2,0.8264150943396227,265
741,2024Q3,0.8264150943396227,265
741,2024Q4,0.8188679245283019,265
742,2023Q4,0.5932835820895522,268
742,2024Q1,0.5597014925373134,268
742,2024Q2,0.5783582089552238,268
742,2024Q3,0.5746268656716418,268
742,2024Q4,0.6865671641791045,268
743,2023Q4,0.6855123674911661,283
743,2024Q1,0.7031802120141343,283
743,2024Q2,0.7243816254416962,283
743,2024Q3,0.7526501766784452,283
743,2024Q4,0.773851590106007,283
744,2023Q4,0.7413127413127413,259
744,2024Q1,0.7297297297297297,259
744,2024Q2,0.7181467181467182,259
744,2024Q3,0.6718146718146718,259
744,2024Q4,0.637065637065637,259
745,2023Q4,0.9666666666666667,270
745,2024Q1,0.9666666666666667,270
745,2024Q2,0.9666666666666667,270
745,2024Q3,0.9666666666666667,270
745,2024Q4,0.9666666666666667,270
746,2023Q4,0.9448529411764706,272
746,2024Q1,0.9448529411764706,272
746,2024Q2,0.9448529411764706,272
746,2024Q3,0.9448529411764706,272
746,2024Q4,0.9448529411764706,272
747,2023Q4,0.7610294117647058,272
747,2024Q1,0.7683823529411765,272
747,2024Q2,0.8051470588235294,272
747,2024Q3,0.7941176470588235,272
747,2024Q4,0.7647058823529411,272
748,2023Q4,1.0,269
748,2024Q1,1.0,269
748,2024Q2,1.0,269
748,2024Q3,1.0,269
748,2024Q4,1.0,269
749,2023Q4,0.5075187969924813,266
749,2024Q1,0.5075187969924813,266
749,2024Q2,0.49624060150375937,266
749,2024Q3,0.5338345864661654,266
749,2024Q4,0.5601503759398496,266
751,2023Q4,0.9809160305343512,262
751,2024Q1,0.9809160305343512,262
751,2024Q2,0.9732824427480916,262
751,2024Q3,0.9694656488549618,262
751,2024Q4,0.9618320610687023,262
752,2023Q4,0.6996336996336996,273
752,2024Q1,0.7435897435897436,273
752,2024Q2,0.7142857142857143,273
752,2024Q3,0.7216117216117216,273
752,2024Q4,0.7106227106227107,273
753,2023Q4,0.5571955719557196,271
753,2024Q1,0.6125461254612546,271
753,2024Q2,0.6531365313653137,271
753,2024Q3,0.6789667896678967,271
753,2024Q4,0.6937269372693727,271
754,2023Q4,0.5648854961832062,262
754,2024Q1,0.6259541984732825,262
754,2024Q2,0.767175572519084,262
754,2024Q3,0.8053435114503816,262
754,2024Q4,0.8015267175572519,262
755,2023Q4,0.6380597014925373,268
755,2024Q1,0.6343283582089553,268
755,2024Q2,0.6716417910447762,268
755,2024Q3,0.7201492537313433,268
755,2024Q4,0.7611940298507462,268
756,2023Q4,0.6606498194945848,277
756,2024Q1,0.5595667870036101,277
756,2024Q2,0.5667870036101083,277
756,2024Q3,0.5740072202166066,277
756,2024Q4,0.5487364620938628,277
757,2023Q4,1.0,260
757,2024Q1,1.0,260
757,2024Q2,1.0,260
757,2024Q3,1.0,260
757,2024Q4,1.0,260
758,2023Q4,0.5867158671586716,271
758,2024Q1,0.5756457564575646,271
758,2024Q2,0.46494464944649444,271
758,2024Q3,0.6088560885608856,271
758,2024Q4,0.6863468634686347,271
760,2023Q4,0.9522058823529411,272
760,2024Q1,0.9522058823529411,272
760,2024Q2,0.9522058823529411,272
760,2024Q3,0.9522058823529411,272
760,2024Q4,0.9522058823529411,272
761,2023Q4,0.9291044776119403,268
761,2024Q1,0.9440298507462687,268
761,2024Q2,0.9440298507462687,268
761,2024Q3,0.9440298507462687,268
761,2024Q4,0.9477611940298507,268
763,2023Q4,1.0,259
763,2024Q1,1.0,259
763,2024Q2,1.0,259
763,2024Q3,1.0,259
763,2024Q4,1.0,259
764,2023Q4,0.841726618705036,278
764,2024Q1,0.8489208633093526,278
764,2024Q2,0.8129496402877698,278
764,2024Q3,0.697841726618705,278
764,2024Q4,0.5755395683453237,278
765,2023Q4,0.9662921348314607,267
765,2024Q1,0.947565543071161,267
765,2024Q2,0.9438202247191011,267
765,2024Q3,0.9438202247191011,267
765,2024Q4,0.9400749063670412,267
766,2023Q4,0.8407407407407408,270
766,2024Q1,0.9407407407407408,270
766,2024Q2,0.9703703703703703,270
766,2024Q3,0.9851851851851852,270
766,2024Q4,0.9888888888888889,270
767,2023Q4,0.8446969696969697,264
767,2024Q1,0.8068181818181818,264
767,2024Q2,0.75,264
767,2024Q3,0.6515151515151515,264
767,2024Q4,0.6439393939393939,264
769,2023Q4,0.8530465949820788,279
769,2024Q1,0.8673835125448028,279
769,2024Q2,0.8530465949820788,279
769,2024Q3,0.8602150537634409,279
769,2024Q4,0.8566308243727598,279
770,2023Q4,0.6231343283582089,268
770,2024Q1,0.6529850746268657,268
770,2024Q2,0.6902985074626866,268
770,2024Q3,0.7313432835820896,268
770,2024Q4,0.8059701492537313,268
771,2023Q4,0.6554307116104869,267
771,2024Q1,0.6292134831460674,267
771,2024Q2,0.5842696629213483,267
771,2024Q3,0.5767790262172284,267
771,2024Q4,0.5655430711610487,267
773,2023Q4,0.758364312267658,269
773,2024Q1,0.7695167286245354,269
773,2024Q2,0.7657992565055762,269
773,2024Q3,0.7695167286245354,269
773,2024Q4,0.7174721189591078,269
774,2023Q4,0.5330882352941176,272
774,2024Q1,0.6213235294117647,272
774,2024Q2,0.7058823529411765,272
774,2024Q3,0.7536764705882353,272
774,2024Q4,0.8235294117647058,272
775,2023Q4,1.0,263
775,2024Q1,1.0,263
775,2024Q2,1.0,263
775,2024Q3,1.0,263
775,2024Q4,1.0,263
776,2023Q4,0.9888059701492538,268
776,2024Q1,0.9925373134328358,268
776,2024Q2,0.996268656716418,268
776,2024Q3,0.9925373134328358,268
776,2024Q4,0.996268656716418,268
777,2023Q4,1.0,267
777,2024Q1,1.0,267
777,2024Q2,1.0,267
777,2024Q3,1.0,267
777,2024Q4,1.0,267
778,2023Q4,0.7933579335793358,271
778,2024Q1,0.5239852398523985,271
778,2024Q2,0.6236162361623616,271
778,2024Q3,0.6605166051660517,271
778,2024Q4,0.7970479704797048,271
779,2023Q4,0.8050541516245487,277
779,2024Q1,0.7148014440433214,277
779,2024Q2,0.6028880866425993,277
779,2024Q3,0.5342960288808665,277
779,2024Q4,0.776173285198556,277
780,2023Q4,0.7644927536231884,276
780,2024Q1,0.6376811594202898,276
780,2024Q2,0.5797101449275363,276
780,2024Q3,0.5942028985507246,276
780,2024Q4,0.5362318840579711,276
781,2023Q4,0.9814126394052045,269
781,2024Q1,0.9888475836431226,269
781,2024Q2,0.9962825278810409,269
781,2024Q3,0.9962825278810409,269
781,2024Q4,0.9962825278810409,269
782,2023Q4,1.0,266
782,2024Q1,1.0,266
782,2024Q2,1.0,266
782,2024Q3,1.0,266
782,2024Q4,1.0,266
783,2023Q4,0.6928838951310862,267
783,2024Q1,0.5617977528089888,267
783,2024Q2,0.43820224719101125,267
783,2024Q3,0.4232209737827715,267
783,2024Q4,0.6928838951310862,267
784,2023Q4,0.8104089219330854,269
784,2024Q1,0.8104089219330854,269
784,2024Q2,0.828996282527881,269
784,2024Q3,0.8364312267657993,269
784,2024Q4,0.8475836431226765,269
785,2023Q4,1.0,279
785,2024Q1,1.0,279
785,2024Q2,1.0,279
785,2024Q3,1.0,279
785,2024Q4,1.0,279
787,2023Q4,0.5407407407407407,270
787,2024Q1,0.5444444444444444,270
787,2024Q2,0.42962962962962964,270
787,2024Q3,0.43703703703703706,270
787,2024Q4,0.44074074074074077,270
788,2023Q4,0.9772727272727273,264
788,2024Q1,0.9772727272727273,264
788,2024Q2,0.9772727272727273,264
788,2024Q3,0.9621212121212122,264
788,2024Q4,0.9696969696969697,264
789,2023Q4,0.7100371747211895,269
789,2024Q1,0.7620817843866171,269
789,2024Q2,0.7955390334572491,269
789,2024Q3,0.8252788104089219,269
789,2024Q4,0.8773234200743495,269
790,2023Q4,0.6992481203007519,266
790,2024Q1,0.7556390977443609,266
790,2024Q2,0.7894736842105263,266
790,2024Q3,0.8270676691729323,266
790,2024Q4,0.868421052631579,266
791,2023Q4,0.7597173144876325,283
791,2024Q1,0.6360424028268551,283
791,2024Q2,0.6183745583038869,283
791,2024Q3,0.6360424028268551,283
791,2024Q4,0.5795053003533569,283
792,2023Q4,0.9924242424242424,264
792,2024Q1,0.9924242424242424,264
792,2024Q2,0.9924242424242424,264
792,2024Q3,0.9924242424242424,264
792,2024Q4,0.9924242424242424,264
793,2023Q4,0.4612546125461255,271
793,2024Q1,0.4280442804428044,271
793,2024Q2,0.4132841328413284,271
793,2024Q3,0.3874538745387454,271
793,2024Q4,0.28413284132841327,271
794,2023Q4,0.9230769230769231,273
794,2024Q1,0.9963369963369964,273
794,2024Q2,0.9963369963369964,273
794,2024Q3,1.0,273
794,2024Q4,1.0,273
795,2023Q4,0.35185185185185186,270
795,2024Q1,0.34074074074074073,270
795,2024Q2,0.35555555555555557,270
795,2024Q3,0.4,270
795,2024Q4,0.3814814814814815,270
796,2023Q4,0.6051660516605166,271
796,2024Q1,0.6937269372693727,271
796,2024Q2,0.7490774907749077,271
796,2024Q3,0.7749077490774908,271
796,2024Q4,0.7896678966789668,271
797,2023Q4,0.585820895522388,268
797,2024Q1,0.503731343283582,268
797,2024Q2,0.48134328358208955,268
797,2024Q3,0.48880597014925375,268
797,2024Q4,0.6194029850746269,268
798,2023Q4,0.7065217391304348,276
798,2024Q1,0.7862318840579711,276
798,2024Q2,0.8623188405797102,276
798,2024Q3,0.9057971014492754,276
798,2024Q4,0.9057971014492754,276
799,2023Q4,1.0,264
799,2024Q1,1.0,264
799,2024Q2,1.0,264
799,2024Q3,1.0,264
799,2024Q4,1.0,264
800,2023Q4,0.7,270
800,2024Q1,0.7555555555555555,270
800,2024Q2,0.762962962962963,270
800,2024Q3,0.7481481481481481,270
800,2024Q4,0.8037037037037037,270
801,2023Q4,1.0,265
801,2024Q1,1.0,265
801,2024Q2,1.0,265
801,2024Q3,1.0,265
801,2024Q4,0.9962264150943396,265
802,2023Q4,0.5387453874538746,271
802,2024Q1,0.5498154981549815,271
802,2024Q2,0.5645756457564576,271
802,2024Q3,0.5867158671586716,271
802,2024Q4,0.5940959409594095,271
803,2023Q4,0.9963235294117647,272
803,2024Q1,0.9963235294117647,272
803,2024Q2,0.9963235294117647,272
803,2024Q3,0.9963235294117647,272
803,2024Q4,0.9963235294117647,272
804,2023Q4,0.5866141732283464,254
804,2024Q1,0.610236220472441,254
804,2024Q2,0.6417322834645669,254
804,2024Q3,0.6614173228346457,254
804,2024Q4,0.6889763779527559,254
805,2023Q4,0.9388489208633094,278
805,2024Q1,0.9784172661870504,278
805,2024Q2,0.9784172661870504,278
805,2024Q3,0.9748201438848921,278
805,2024Q4,0.9496402877697842,278
806,2023Q4,0.9377289377289377,273
806,2024Q1,0.9706959706959707,273
806,2024Q2,0.9743589743589743,273
806,2024Q3,0.9633699633699634,273
806,2024Q4,0.978021978021978,273
807,2023Q4,0.99609375,256
807,2024Q1,0.99609375,256
807,2024Q2,0.99609375,256
807,2024Q3,0.99609375,256
807,2024Q4,0.99609375,256
808,2023Q4,0.6117216117216118,273
808,2024Q1,0.6373626373626373,273
808,2024Q2,0.6556776556776557,273
808,2024Q3,0.6593406593406593,273
808,2024Q4,0.5824175824175825,273
809,2023Q4,1.0,267
809,2024Q1,1.0,267
809,2024Q2,1.0,267
809,2024Q3,1.0,267
809,2024Q4,1.0,267
810,2023Q4,0.9851851851851852,270
810,2024Q1,0.9851851851851852,270
810,2024Q2,0.9888888888888889,270
810,2024Q3,0.9851851851851852,270
810,2024Q4,0.9851851851851852,270
811,2023Q4,0.9782608695652174,276
811,2024Q1,0.9746376811594203,276
811,2024Q2,0.9782608695652174,276
811,2024Q3,0.9818840579710145,276
811,2024Q4,0.9855072463768116,276
812,2023Q4,1.0,268
812,2024Q1,1.0,268
812,2024Q2,1.0,268
812,2024Q3,1.0,268
812,2024Q4,1.0,268
813,2023Q4,0.8698884758364313,269
813,2024Q1,0.6133828996282528,269
813,2024Q2,0.6356877323420075,269
813,2024Q3,0.8996282527881041,269
813,2024Q4,0.9628252788104089,269
814,2023Q4,0.7426470588235294,272
814,2024Q1,0.8455882352941176,272
814,2024Q2,0.9007352941176471,272
814,2024Q3,0.8455882352941176,272
814,2024Q4,0.33455882352941174,272
815,2023Q4,0.9851851851851852,270
815,2024Q1,0.9888888888888889,270
815,2024Q2,0.9888888888888889,270
815,2024Q3,0.9851851851851852,270
815,2024Q4,0.9814814814814815,270
817,2023Q4,0.6292134831460674,267
817,2024Q1,0.3146067415730337,267
817,2024Q2,0.45692883895131087,267
817,2024Q3,0.5243445692883895,267
817,2024Q4,0.5880149812734082,267
818,2023Q4,1.0,272
818,2024Q1,1.0,272
818,2024Q2,1.0,272
818,2024Q3,1.0,272
818,2024Q4,1.0,272
819,2023Q4,0.7313432835820896,268
819,2024Q1,0.7686567164179104,268
819,2024Q2,0.9589552238805971,268
819,2024Q3,0.996268656716418,268
819,2024Q4,1.0,268
820,2023Q4,1.0,271
820,2024Q1,1.0,271
820,2024Q2,1.0,271
820,2024Q3,1.0,271
820,2024Q4,1.0,271
821,2023Q4,0.992619926199262,271
821,2024Q1,0.988929889298893,271
821,2024Q2,0.988929889298893,271
821,2024Q3,0.988929889298893,271
821,2024Q4,0.988929889298893,271
822,2023Q4,0.9530685920577617,277
822,2024Q1,0.9566787003610109,277
822,2024Q2,0.9566787003610109,277
822,2024Q3,0.9711191335740073,277
822,2024Q4,0.9566787003610109,277
823,2023Q4,0.985239852398524,271
823,2024Q1,0.985239852398524,271
823,2024Q2,0.985239852398524,271
823,2024Q3,0.985239852398524,271
823,2024Q4,0.985239852398524,271
824,2023Q4,1.0,269
824,2024Q1,1.0,269
824,2024Q2,1.0,269
824,2024Q3,1.0,269
824,2024Q4,1.0,269
825,2023Q4,0.9851301115241635,269
825,2024Q1,0.9851301115241635,269
825,2024Q2,0.9851301115241635,269
825,2024Q3,0.9851301115241635,269
825,2024Q4,0.9851301115241635,269
826,2023Q4,0.9705882352941176,272
826,2024Q1,0.9742647058823529,272
826,2024Q2,0.9595588235294118,272
826,2024Q3,0.9448529411764706,272
826,2024Q4,0.8970588235294118,272
827,2023Q4,0.9855072463768116,276
827,2024Q1,0.9855072463768116,276
827,2024Q2,0.9746376811594203,276
827,2024Q3,0.927536231884058,276
827,2024Q4,0.7644927536231884,276
828,2023Q4,0.9040590405904059,271
828,2024Q1,0.9040590405904059,271
828,2024Q2,0.8929889298892989,271
828,2024Q3,0.9188191881918819,271
828,2024Q4,0.9188191881918819,271
829,2023Q4,0.8470149253731343,268
829,2024Q1,0.8992537313432836,268
829,2024Q2,0.9253731343283582,268
829,2024Q3,0.9402985074626866,268
829,2024Q4,0.9402985074626866,268
830,2023Q4,0.9846743295019157,261
830,2024Q1,0.9846743295019157,261
830,2024Q2,0.9808429118773946,261
830,2024Q3,0.9808429118773946,261
830,2024Q4,0.9846743295019157,261
831,2023Q4,0.6842105263157895,266
831,2024Q1,0.6654135338345865,266
831,2024Q2,0.40601503759398494,266
831,2024Q3,0.5864661654135338,266
831,2024Q4,0.6052631578947368,266
832,2023Q4,0.9887640449438202,267
832,2024Q1,0.9887640449438202,267
832,2024Q2,0.9887640449438202,267
832,2024Q3,0.9887640449438202,267
832,2024Q4,0.9887640449438202,267
833,2023Q4,0.77431906614786,257
833,2024Q1,0.7626459143968871,257
833,2024Q2,0.7782101167315175,257
833,2024Q3,0.7821011673151751,257
833,2024Q4,0.8054474708171206,257
834,2023Q4,0.9744525547445255,274
834,2024Q1,0.9671532846715328,274
834,2024Q2,0.9781021897810219,274
834,2024Q3,0.9817518248175182,274
834,2024Q4,0.9854014598540146,274
835,2023Q4,0.9854014598540146,274
835,2024Q1,0.9854014598540146,274
835,2024Q2,0.9854014598540146,274
835,2024Q3,0.9927007299270073,274
835,2024Q4,0.9890510948905109,274
836,2023Q4,0.9781021897810219,274
836,2024Q1,0.9781021897810219,274
836,2024Q2,0.9635036496350365,274
836,2024Q3,0.9343065693430657,274
836,2024Q4,0.8138686131386861,274
838,2023Q4,0.5384615384615384,273
838,2024Q1,0.3882783882783883,273
838,2024Q2,0.6483516483516484,273
838,2024Q3,0.4945054945054945,273
838,2024Q4,0.5054945054945055,273
839,2023Q4,0.6159420289855072,276
839,2024Q1,0.5942028985507246,276
839,2024Q2,0.4855072463768116,276
839,2024Q3,0.532608695652174,276
839,2024Q4,0.605072463768116,276
840,2023Q4,0.9818181818181818,275
840,2024Q1,0.8872727272727273,275
840,2024Q2,0.6145454545454545,275
840,2024Q3,0.509090909090909,275
840,2024Q4,0.5272727272727272,275
841,2023Q4,1.0,262
841,2024Q1,1.0,262
841,2024Q2,1.0,262
841,2024Q3,1.0,262
841,2024Q4,1.0,262
842,2023Q4,1.0,270
842,2024Q1,1.0,270
842,2024Q2,1.0,270
842,2024Q3,1.0,270
842,2024Q4,1.0,270
843,2023Q4,1.0,270
843,2024Q1,1.0,270
843,2024Q2,1.0,270
843,2024Q3,1.0,270
843,2024Q4,1.0,270
844,2023Q4,0.9924528301886792,265
844,2024Q1,0.9924528301886792,265
844,2024Q2,0.9886792452830189,265
844,2024Q3,0.9886792452830189,265
844,2024Q4,0.9886792452830189,265
846,2023Q4,0.9777777777777777,270
846,2024Q1,0.9962962962962963,270
846,2024Q2,1.0,270
846,2024Q3,1.0,270
846,2024Q4,1.0,270
847,2023Q4,0.9964028776978417,278
847,2024Q1,0.9964028776978417,278
847,2024Q2,0.9964028776978417,278
847,2024Q3,0.9964028776978417,278
847,2024Q4,0.9964028776978417,278
848,2023Q4,1.0,269
848,2024Q1,1.0,269
848,2024Q2,1.0,269
848,2024Q3,1.0,269
848,2024Q4,1.0,269
849,2023Q4,0.5274725274725275,273
849,2024Q1,0.5677655677655677,273
849,2024Q2,0.5787545787545788,273
849,2024Q3,0.5567765567765568,273
849,2024Q4,0.5714285714285714,273
851,2023Q4,0.5735849056603773,265
851,2024Q1,0.5811320754716981,265
851,2024Q2,0.6226415094339622,265
851,2024Q3,0.6188679245283019,265
851,2024Q4,0.6641509433962264,265
852,2023Q4,1.0,279
852,2024Q1,1.0,279
852,2024Q2,1.0,279
852,2024Q3,1.0,279
852,2024Q4,1.0,279
853,2023Q4,0.9962546816479401,267
853,2024Q1,0.9962546816479401,267
853,2024Q2,0.9962546816479401,267
853,2024Q3,0.9962546816479401,267
853,2024Q4,0.9962546816479401,267
854,2023Q4,0.9961977186311787,263
854,2024Q1,0.9961977186311787,263
854,2024Q2,0.9961977186311787,263
854,2024Q3,0.9961977186311787,263
854,2024Q4,0.9961977186311787,263
855,2023Q4,1.0,277
855,2024Q1,1.0,277
855,2024Q2,1.0,277
855,2024Q3,1.0,277
855,2024Q4,1.0,277
856,2023Q4,0.9963636363636363,275
856,2024Q1,0.9963636363636363,275
856,2024Q2,0.9963636363636363,275
856,2024Q3,0.9963636363636363,275
856,2024Q4,0.9963636363636363,275
857,2023Q4,0.9962546816479401,267
857,2024Q1,0.9962546816479401,267
857,2024Q2,0.9962546816479401,267
857,2024Q3,0.9962546816479401,267
857,2024Q4,0.9962546816479401,267
858,2024Q4,0.9962825278810409,269
859,2023Q4,0.9239130434782609,276
859,2024Q1,0.9130434782608695,276
859,2024Q2,0.8586956521739131,276
859,2024Q3,0.8115942028985508,276
859,2024Q4,0.6195652173913043,276
860,2023Q4,1.0,272
860,2024Q1,1.0,272
860,2024Q2,1.0,272
860,2024Q3,1.0,272
860,2024Q4,1.0,272
862,2023Q4,0.9261992619926199,271
863,2023Q4,0.9962962962962963,270
864,2023Q4,0.9848484848484849,264
865,2023Q4,0.992619926199262,271
866,2023Q4,0.9926470588235294,272
867,2023Q4,0.9925925925925926,270
868,2023Q4,0.9507575757575758,264
870,2023Q4,0.9924242424242424,264
870,2024Q1,0.9962121212121212,264
870,2024Q2,1.0,264
870,2024Q3,1.0,264
870,2024Q4,1.0,264
871,2023Q4,0.6148148148148148,270
871,2024Q1,0.6962962962962963,270
871,2024Q2,0.6518518518518519,270
871,2024Q3,0.6148148148148148,270
871,2024Q4,0.6518518518518519,270
872,2023Q4,0.9739776951672863,269
872,2024Q1,0.9851301115241635,269
872,2024Q2,0.9962825278810409,269
872,2024Q3,1.0,269
872,2024Q4,1.0,269
873,2023Q4,0.9963369963369964,273
873,2024Q1,0.9963369963369964,273
873,2024Q2,0.9963369963369964,273
873,2024Q3,0.9963369963369964,273
873,2024Q4,0.9963369963369964,273
874,2023Q4,0.9783393501805054,277
874,2024Q1,0.9783393501805054,277
874,2024Q2,0.9855595667870036,277
874,2024Q3,0.9855595667870036,277
874,2024Q4,0.9855595667870036,277
875,2023Q4,0.9962962962962963,270
875,2024Q1,0.9962962962962963,270
875,2024Q2,0.9962962962962963,270
875,2024Q3,0.9962962962962963,270
875,2024Q4,0.9962962962962963,270
876,2023Q4,0.5179856115107914,278
876,2024Q1,0.579136690647482,278
876,2024Q2,0.7050359712230215,278
876,2024Q3,0.7122302158273381,278
876,2024Q4,0.6546762589928058,278
877,2023Q4,0.6098484848484849,264
877,2024Q1,0.5075757575757576,264
877,2024Q2,0.4696969696969697,264
877,2024Q3,0.4318181818181818,264
877,2024Q4,0.3712121212121212,264
878,2023Q4,0.996268656716418,268
878,2024Q1,0.996268656716418,268
878,2024Q2,0.996268656716418,268
878,2024Q3,0.996268656716418,268
878,2024Q4,0.996268656716418,268
879,2023Q4,0.673992673992674,273
879,2024Q1,0.673992673992674,273
879,2024Q2,0.5934065934065934,273
879,2024Q3,0.5421245421245421,273
879,2024Q4,0.4945054945054945,273
880,2023Q4,0.4,270
880,2024Q1,0.3888888888888889,270
880,2024Q2,0.5851851851851851,270
880,2024Q3,0.6518518518518519,270
880,2024Q4,0.6888888888888889,270
881,2023Q4,0.5416666666666666,264
881,2024Q1,0.6060606060606061,264
881,2024Q2,0.6401515151515151,264
881,2024Q3,0.7159090909090909,264
881,2024Q4,0.7916666666666666,264
882,2023Q4,0.5220588235294118,272
882,2024Q1,0.5919117647058824,272
882,2024Q2,0.7205882352941176,272
882,2024Q3,0.6764705882352942,272
882,2024Q4,0.6029411764705882,272
883,2023Q4,0.9963898916967509,277
883,2024Q1,0.9963898916967509,277
883,2024Q2,0.9963898916967509,277
883,2024Q3,0.9963898916967509,277
883,2024Q4,0.9963898916967509,277
884,2023Q4,0.996268656716418,268
884,2024Q1,0.996268656716418,268
884,2024Q2,0.996268656716418,268
884,2024Q3,0.996268656716418,268
884,2024Q4,0.996268656716418,268
885,2023Q4,0.8917910447761194,268
885,2024Q1,0.8917910447761194,268
885,2024Q2,0.8917910447761194,268
885,2024Q3,0.835820895522388,268
885,2024Q4,0.7947761194029851,268
886,2023Q4,0.9962121212121212,264
886,2024Q1,0.9962121212121212,264
886,2024Q2,0.9962121212121212,264
886,2024Q3,0.9962121212121212,264
886,2024Q4,0.9962121212121212,264
887,2023Q4,0.9477611940298507,268
888,2023Q4,0.9964028776978417,278
888,2024Q1,0.9964028776978417,278
888,2024Q2,0.9964028776978417,278
888,2024Q3,0.9964028776978417,278
888,2024Q4,0.9964028776978417,278
889,2023Q4,1.0,267
889,2024Q1,1.0,267
889,2024Q2,1.0,267
889,2024Q3,1.0,267
889,2024Q4,1.0,267
890,2023Q4,1.0,266
890,2024Q1,1.0,266
890,2024Q2,1.0,266
890,2024Q3,1.0,266
890,2024Q4,1.0,266
891,2023Q4,0.8461538461538461,273
891,2024Q1,0.8461538461538461,273
891,2024Q2,0.8461538461538461,273
891,2024Q3,0.8461538461538461,273
891,2024Q4,0.8461538461538461,273
892,2023Q4,1.0,263
892,2024Q1,1.0,263
892,2024Q2,1.0,263
892,2024Q3,1.0,263
892,2024Q4,1.0,263
895,2023Q4,0.9655172413793104,261
895,2024Q1,0.9616858237547893,261
895,2024Q2,0.9616858237547893,261
895,2024Q3,0.9616858237547893,261
895,2024Q4,0.9616858237547893,261
896,2023Q4,1.0,272
896,2024Q1,1.0,272
896,2024Q2,1.0,272
896,2024Q3,1.0,272
896,2024Q4,1.0,272
897,2023Q4,0.9710144927536232,276
897,2024Q1,0.9746376811594203,276
897,2024Q2,0.9782608695652174,276
897,2024Q3,0.9746376811594203,276
897,2024Q4,0.9710144927536232,276
898,2023Q4,0.940959409594096,271
898,2024Q1,0.940959409594096,271
898,2024Q2,0.9446494464944649,271
898,2024Q3,0.9520295202952029,271
898,2024Q4,0.9520295202952029,271
899,2023Q4,0.8830188679245283,265
899,2024Q1,0.9245283018867925,265
899,2024Q2,0.939622641509434,265
899,2024Q3,0.9433962264150944,265
899,2024Q4,0.9433962264150944,265
900,2023Q4,0.9703703703703703,270
900,2024Q1,0.9703703703703703,270
900,2024Q2,0.9666666666666667,270
900,2024Q3,0.9740740740740741,270
900,2024Q4,0.9740740740740741,270
901,2023Q4,0.8764044943820225,267
901,2024Q1,0.8764044943820225,267
901,2024Q2,0.8689138576779026,267
901,2024Q3,0.8576779026217228,267
901,2024Q4,0.797752808988764,267
902,2023Q4,0.9809885931558935,263
902,2024Q1,0.9809885931558935,263
902,2024Q2,0.9809885931558935,263
902,2024Q3,0.9809885931558935,263
902,2024Q4,0.9771863117870723,263
903,2023Q4,0.9706959706959707,273
903,2024Q1,0.9706959706959707,273
903,2024Q2,0.9706959706959707,273
903,2024Q3,0.967032967032967,273
903,2024Q4,0.9706959706959707,273
904,2023Q4,0.9118773946360154,261
904,2024Q1,0.8850574712643678,261
904,2024Q2,0.896551724137931,261
904,2024Q3,0.9233716475095786,261
904,2024Q4,0.9348659003831418,261
905,2023Q4,0.8740740740740741,270
905,2024Q1,0.8407407407407408,270
905,2024Q2,0.9666666666666667,270
905,2024Q3,0.9814814814814815,270
905,2024Q4,0.9777777777777777,270
907,2023Q4,0.8901098901098901,273
907,2024Q1,0.8937728937728938,273
907,2024Q2,0.8461538461538461,273
907,2024Q3,0.8424908424908425,273
907,2024Q4,0.8571428571428571,273
908,2023Q4,0.9705882352941176,272
908,2024Q1,0.9742647058823529,272
908,2024Q2,0.9742647058823529,272
908,2024Q3,0.9742647058823529,272
908,2024Q4,0.9742647058823529,272
909,2023Q4,0.966542750929368,269
909,2024Q1,0.9739776951672863,269
909,2024Q2,0.9739776951672863,269
909,2024Q3,0.9739776951672863,269
909,2024Q4,0.9628252788104089,269
910,2023Q4,0.6970802919708029,274
911,2023Q4,0.9774436090225563,266
911,2024Q1,0.9774436090225563,266
911,2024Q2,0.9736842105263158,266
911,2024Q3,0.9736842105263158,266
911,2024Q4,0.9774436090225563,266
912,2023Q4,0.5660377358490566,265
912,2024Q1,0.7283018867924528,265
912,2024Q2,0.7849056603773585,265
912,2024Q3,0.8415094339622642,265
912,2024Q4,0.8679245283018868,265
913,2023Q4,0.967391304347826,276
913,2024Q1,0.9782608695652174,276
913,2024Q2,0.9782608695652174,276
913,2024Q3,0.967391304347826,276
913,2024Q4,0.967391304347826,276
914,2023Q4,0.8925925925925926,270
914,2024Q1,0.8925925925925926,270
914,2024Q2,0.937037037037037,270
914,2024Q3,0.9518518518518518,270
914,2024Q4,0.9444444444444444,270
915,2023Q4,0.9427480916030534,262
915,2024Q1,0.9427480916030534,262
915,2024Q2,0.916030534351145,262
915,2024Q3,0.8931297709923665,262
915,2024Q4,0.8893129770992366,262
916,2023Q4,0.9672727272727273,275
916,2024Q1,0.9490909090909091,275
916,2024Q2,0.9127272727272727,275
916,2024Q3,0.9163636363636364,275
916,2024Q4,0.9381818181818182,275
917,2023Q4,0.9962825278810409,269
917,2024Q1,0.9962825278810409,269
917,2024Q2,0.9962825278810409,269
917,2024Q3,0.9962825278810409,269
917,2024Q4,0.9962825278810409,269
918,2023Q4,1.0,269
918,2024Q1,1.0,269
918,2024Q2,1.0,269
918,2024Q3,1.0,269
918,2024Q4,1.0,269
920,2023Q4,0.9583333333333334,264
920,2024Q1,0.9545454545454546,264
920,2024Q2,0.9583333333333334,264
920,2024Q3,0.9583333333333334,264
920,2024Q4,0.9583333333333334,264
922,2023Q4,0.9,280
922,2024Q1,0.8964285714285715,280
922,2024Q2,0.8892857142857142,280
922,2024Q3,0.8714285714285714,280
922,2024Q4,0.8785714285714286,280
923,2023Q4,0.8320610687022901,262
923,2024Q1,0.8473282442748091,262
923,2024Q2,0.851145038167939,262
923,2024Q3,0.8549618320610687,262
923,2024Q4,0.8625954198473282,262
924,2023Q4,0.9283018867924528,265
924,2024Q1,0.9283018867924528,265
924,2024Q2,0.9245283018867925,265
924,2024Q3,0.9018867924528302,265
924,2024Q4,0.9018867924528302,265
925,2023Q4,0.8651685393258427,267
925,2024Q1,0.9101123595505618,267
925,2024Q2,0.8277153558052435,267
925,2024Q3,0.7565543071161048,267
925,2024Q4,0.6179775280898876,267
926,2023Q4,0.967391304347826,276
926,2024Q1,0.967391304347826,276
926,2024Q2,0.9601449275362319,276
926,2024Q3,0.9565217391304348,276
926,2024Q4,0.9601449275362319,276
927,2023Q4,1.0,262
927,2024Q1,1.0,262
927,2024Q2,1.0,262
927,2024Q3,1.0,262
927,2024Q4,1.0,262
928,2023Q4,1.0,279
928,2024Q1,1.0,279
928,2024Q2,1.0,279
928,2024Q3,1.0,279
928,2024Q4,1.0,279
929,2023Q4,0.6966292134831461,267
929,2024Q1,0.5580524344569289,267
929,2024Q2,0.38202247191011235,267
929,2024Q3,0.2247191011235955,267
929,2024Q4,0.550561797752809,267
930,2023Q4,0.9511278195488722,266
930,2024Q1,0.9699248120300752,266
930,2024Q2,0.9887218045112782,266
930,2024Q3,0.981203007518797,266
930,2024Q4,0.9624060150375939,266
986,2023Q4,1.0,272
986,2024Q1,1.0,272
986,2024Q2,1.0,272
986,2024Q3,1.0,272
986,2024Q4,1.0,272
987,2023Q4,0.8458646616541353,266
987,2024Q1,0.8458646616541353,266
987,2024Q2,0.8458646616541353,266
987,2024Q3,0.8458646616541353,266
987,2024Q4,0.8458646616541353,266
988,2023Q4,1.0,264
988,2024Q1,1.0,264
988,2024Q2,1.0,264
988,2024Q3,1.0,264
988,2024Q4,1.0,264
989,2023Q4,1.0,260
989,2024Q1,1.0,260
989,2024Q2,1.0,260
989,2024Q3,1.0,260
989,2024Q4,1.0,260
991,2023Q4,1.0,271
991,2024Q1,1.0,271
991,2024Q2,1.0,271
991,2024Q3,1.0,271
991,2024Q4,1.0,271
992,2023Q4,0.9630996309963099,271
992,2024Q1,0.966789667896679,271
992,2024Q2,0.955719557195572,271
992,2024Q3,0.959409594095941,271
992,2024Q4,0.9298892988929889,271
993,2023Q4,0.6816479400749064,267
993,2024Q1,0.4344569288389513,267
993,2024Q2,0.42696629213483145,267
993,2024Q3,0.352059925093633,267
993,2024Q4,0.8389513108614233,267
994,2023Q4,0.9553903345724907,269
994,2024Q1,0.9553903345724907,269
994,2024Q2,0.9553903345724907,269
994,2024Q3,0.9591078066914498,269
994,2024Q4,0.9591078066914498,269
995,2023Q4,0.9635036496350365,274
995,2024Q1,0.9671532846715328,274
995,2024Q2,0.9671532846715328,274
995,2024Q3,0.9671532846715328,274
995,2024Q4,0.9671532846715328,274
996,2023Q4,0.8490566037735849,265
996,2024Q1,0.8339622641509434,265
996,2024Q2,0.8188679245283019,265
996,2024Q3,0.8,265
996,2024Q4,0.7849056603773585,265
998,2023Q4,0.9616858237547893,261
998,2024Q1,0.9501915708812261,261
998,2024Q2,0.9348659003831418,261
998,2024Q3,0.9272030651340997,261
998,2024Q4,0.9233716475095786,261
999,2023Q4,0.46691176470588236,272
999,2024Q1,0.41544117647058826,272
999,2024Q2,0.40441176470588236,272
999,2024Q3,0.4485294117647059,272
999,2024Q4,0.41911764705882354,272
1001,2023Q4,0.6457564575645757,271
1001,2024Q1,0.4870848708487085,271
1001,2024Q2,0.3726937269372694,271
1001,2024Q3,0.22878228782287824,271
1001,2024Q4,0.8523985239852399,271
1002,2023Q4,0.6603053435114504,262
1002,2024Q1,0.6030534351145038,262
1002,2024Q2,0.4961832061068702,262
1002,2024Q3,0.48854961832061067,262
1002,2024Q4,0.44274809160305345,262
1003,2023Q4,0.9691119691119691,259
1003,2024Q1,0.9691119691119691,259
1003,2024Q2,0.9691119691119691,259
1003,2024Q3,0.9691119691119691,259
1003,2024Q4,0.9691119691119691,259
1004,2023Q4,0.7610294117647058,272
1004,2024Q1,0.8272058823529411,272
1004,2024Q2,0.8235294117647058,272
1004,2024Q3,0.8161764705882353,272
1004,2024Q4,0.8014705882352942,272
1005,2023Q4,0.9492753623188406,276
1005,2024Q1,0.9420289855072463,276
1005,2024Q2,0.9166666666666666,276
1005,2024Q3,0.8913043478260869,276
1005,2024Q4,0.8804347826086957,276
1006,2023Q4,0.9548872180451128,266
1006,2024Q1,0.9586466165413534,266
1006,2024Q2,0.9586466165413534,266
1006,2024Q3,0.9586466165413534,266
1006,2024Q4,0.9586466165413534,266
1007,2023Q4,1.0,265
1007,2024Q1,1.0,265
1007,2024Q2,1.0,265
1007,2024Q3,1.0,265
1007,2024Q4,1.0,265
1008,2023Q4,1.0,270
1008,2024Q1,1.0,270
1008,2024Q2,1.0,270
1008,2024Q3,1.0,270
1008,2024Q4,1.0,270
1009,2023Q4,1.0,273
1009,2024Q1,1.0,273
1009,2024Q2,1.0,273
1009,2024Q3,1.0,273
1009,2024Q4,1.0,273
1010,2023Q4,0.9615384615384616,260
1010,2024Q1,0.9615384615384616,260
1010,2024Q2,0.9615384615384616,260
1010,2024Q3,0.9653846153846154,260
1010,2024Q4,0.9692307692307692,260
1011,2023Q4,0.985663082437276,279
1011,2024Q1,0.982078853046595,279
1011,2024Q2,0.982078853046595,279
1011,2024Q3,0.982078853046595,279
1011,2024Q4,0.9713261648745519,279
1012,2023Q4,0.9051094890510949,274
1012,2024Q1,0.8941605839416058,274
1012,2024Q2,0.9051094890510949,274
1012,2024Q3,0.916058394160584,274
1012,2024Q4,0.927007299270073,274
1013,2023Q4,0.9384057971014492,276
1013,2024Q1,0.9420289855072463,276
1013,2024Q2,0.9565217391304348,276
1013,2024Q3,0.967391304347826,276
1013,2024Q4,0.9782608695652174,276
1014,2023Q4,0.9166666666666666,276
1014,2024Q1,0.9021739130434783,276
1014,2024Q2,0.8985507246376812,276
1014,2024Q3,0.9202898550724637,276
1014,2024Q4,0.9456521739130435,276
1015,2023Q4,0.9272727272727272,275
1015,2024Q1,0.9381818181818182,275
1015,2024Q2,0.9381818181818182,275
1015,2024Q3,0.9236363636363636,275
1015,2024Q4,0.9018181818181819,275
1016,2023Q4,0.8708487084870848,271
1016,2024Q1,0.8745387453874539,271
1016,2024Q2,0.8745387453874539,271
1016,2024Q3,0.8745387453874539,271
1016,2024Q4,0.8892988929889298,271
1017,2023Q4,0.6691729323308271,266
1017,2024Q1,0.6879699248120301,266
1017,2024Q2,0.706766917293233,266
1017,2024Q3,0.6804511278195489,266
1017,2024Q4,0.6616541353383458,266
1018,2023Q4,0.6407407407407407,270
1018,2024Q1,0.6666666666666666,270
1018,2024Q2,0.6703703703703704,270
1018,2024Q3,0.6851851851851852,270
1018,2024Q4,0.7296296296296296,270
1019,2023Q4,0.9356060606060606,264
1019,2024Q1,0.9166666666666666,264
1019,2024Q2,0.9090909090909091,264
1019,2024Q3,0.9356060606060606,264
1019,2024Q4,0.9545454545454546,264
1020,2023Q4,0.8827838827838828,273
1020,2024Q1,0.9304029304029304,273
1020,2024Q2,0.9487179487179487,273
1020,2024Q3,0.9560439560439561,273
1020,2024Q4,0.9743589743589743,273
1021,2023Q4,0.7963636363636364,275
1021,2024Q1,0.4618181818181818,275
1021,2024Q2,0.5636363636363636,275
1021,2024Q3,0.6836363636363636,275
1021,2024Q4,0.7672727272727272,275
1023,2023Q4,0.954225352112676,284
1023,2024Q1,0.9647887323943662,284
1023,2024Q2,0.971830985915493,284
1023,2024Q3,0.9753521126760564,284
1023,2024Q4,0.9753521126760564,284
1024,2023Q4,0.9776119402985075,268
1024,2024Q1,0.9738805970149254,268
1024,2024Q2,0.9701492537313433,268
1024,2024Q3,0.9701492537313433,268
1024,2024Q4,0.9701492537313433,268
1025,2023Q4,0.9440298507462687,268
1025,2024Q1,0.9365671641791045,268
1025,2024Q2,0.9328358208955224,268
1025,2024Q3,0.9477611940298507,268
1025,2024Q4,0.9514925373134329,268
1026,2023Q4,0.9591078066914498,269
1026,2024Q1,0.9591078066914498,269
1026,2024Q2,0.9591078066914498,269
1026,2024Q3,0.9591078066914498,269
1026,2024Q4,0.9591078066914498,269
1027,2023Q4,0.9402985074626866,268
1027,2024Q1,0.9365671641791045,268
1027,2024Q2,0.9402985074626866,268
1027,2024Q3,0.9402985074626866,268
1027,2024Q4,0.9402985074626866,268
1028,2023Q4,0.8985507246376812,276
1028,2024Q1,0.8985507246376812,276
1028,2024Q2,0.9130434782608695,276
1028,2024Q3,0.9166666666666666,276
1028,2024Q4,0.9166666666666666,276
1029,2023Q4,0.9625468164794008,267
1029,2024Q1,0.9737827715355806,267
1029,2024Q2,0.9775280898876404,267
1029,2024Q3,0.9737827715355806,267
1029,2024Q4,0.9737827715355806,267
1030,2023Q4,0.7862318840579711,276
1030,2024Q1,0.7717391304347826,276
1030,2024Q2,0.7608695652173914,276
1030,2024Q3,0.7681159420289855,276
1030,2024Q4,0.7681159420289855,276
1031,2023Q4,0.6931407942238267,277
1031,2024Q1,0.7148014440433214,277
1031,2024Q2,0.7328519855595668,277
1031,2024Q3,0.7220216606498195,277
1031,2024Q4,0.7653429602888087,277
1032,2023Q4,0.8602941176470589,272
1032,2024Q1,0.8566176470588235,272
1032,2024Q2,0.8639705882352942,272
1032,2024Q3,0.8602941176470589,272
1032,2024Q4,0.8602941176470589,272
1033,2023Q4,0.9157088122605364,261
1033,2024Q1,0.946360153256705,261
1033,2024Q2,0.9616858237547893,261
1033,2024Q3,0.9655172413793104,261
1033,2024Q4,0.9808429118773946,261
1034,2023Q4,0.8555555555555555,270
1034,2024Q1,0.8592592592592593,270
1034,2024Q2,0.8666666666666667,270
1034,2024Q3,0.8777777777777778,270
1034,2024Q4,0.8851851851851852,270
1035,2023Q4,0.868421052631579,266
1035,2024Q1,0.8533834586466166,266
1035,2024Q2,0.8233082706766918,266
1035,2024Q3,0.8609022556390977,266
1035,2024Q4,0.868421052631579,266
1036,2023Q4,0.8423076923076923,260
1036,2024Q1,0.8461538461538461,260
1036,2024Q2,0.8576923076923076,260
1036,2024Q3,0.8461538461538461,260
1036,2024Q4,0.8423076923076923,260
1037,2023Q4,0.9496402877697842,278
1037,2024Q1,0.9820143884892086,278
1037,2024Q2,0.9820143884892086,278
1037,2024Q3,0.9820143884892086,278
1037,2024Q4,0.9676258992805755,278
1038,2023Q4,0.8782287822878229,271
1038,2024Q1,0.8892988929889298,271
1038,2024Q2,0.8966789667896679,271
1038,2024Q3,0.9040590405904059,271
1038,2024Q4,0.9188191881918819,271
1039,2023Q4,0.21033210332103322,271
1039,2024Q1,0.2915129151291513,271
1039,2024Q2,0.2656826568265683,271
1039,2024Q3,0.2915129151291513,271
1039,2024Q4,0.8302583025830258,271
1040,2023Q4,0.5481481481481482,270
1040,2024Q1,0.5370370370370371,270
1040,2024Q2,0.562962962962963,270
1040,2024Q3,0.6222222222222222,270
1040,2024Q4,0.6259259259259259,270
1041,2023Q4,0.753731343283582,268
1041,2024Q1,0.7611940298507462,268
1041,2024Q2,0.7723880597014925,268
1041,2024Q3,0.7835820895522388,268
1041,2024Q4,0.8097014925373134,268
1044,2023Q4,0.9130434782608695,276
1044,2024Q1,0.9202898550724637,276
1044,2024Q2,0.927536231884058,276
1044,2024Q3,0.9384057971014492,276
1044,2024Q4,0.9420289855072463,276
1047,2023Q4,0.9679715302491103,281
1047,2024Q1,0.9679715302491103,281
1047,2024Q2,0.9750889679715302,281
1047,2024Q3,0.9715302491103203,281
1047,2024Q4,0.9679715302491103,281
1048,2023Q4,0.6148148148148148,270
1048,2024Q1,0.6407407407407407,270
1048,2024Q2,0.7037037037037037,270
1048,2024Q3,0.7888888888888889,270
1048,2024Q4,0.7962962962962963,270
1049,2023Q4,0.9773584905660377,265
1049,2024Q1,0.9773584905660377,265
1049,2024Q2,0.9773584905660377,265
1049,2024Q3,0.9811320754716981,265
1049,2024Q4,0.9773584905660377,265
1051,2023Q4,0.8014981273408239,267
1051,2024Q1,0.6591760299625468,267
1051,2024Q2,0.6142322097378277,267
1051,2024Q3,0.34831460674157305,267
1051,2024Q4,0.850187265917603,267
1052,2023Q4,0.6470588235294118,272
1052,2024Q1,0.6360294117647058,272
1052,2024Q2,0.6139705882352942,272
1052,2024Q3,0.6139705882352942,272
1052,2024Q4,0.6213235294117647,272
1053,2023Q4,0.8805970149253731,268
1053,2024Q1,0.8805970149253731,268
1053,2024Q2,0.8805970149253731,268
1053,2024Q3,0.8805970149253731,268
1053,2024Q4,0.8805970149253731,268
1054,2023Q4,0.7490494296577946,263
1054,2024Q1,0.7604562737642585,263
1054,2024Q2,0.7604562737642585,263
1054,2024Q3,0.752851711026616,263
1054,2024Q4,0.7376425855513308,263
1055,2023Q4,0.7947761194029851,268
1055,2024Q1,0.8134328358208955,268
1055,2024Q2,0.8619402985074627,268
1055,2024Q3,0.9589552238805971,268
1055,2024Q4,0.9701492537313433,268
1056,2023Q4,0.9770992366412213,262
1056,2024Q1,0.9732824427480916,262
1056,2024Q2,0.9656488549618321,262
1056,2024Q3,0.9656488549618321,262
1056,2024Q4,0.9694656488549618,262
1057,2023Q4,0.9695817490494296,263
1057,2024Q1,0.9695817490494296,263
1057,2024Q2,0.9771863117870723,263
1057,2024Q3,0.9695817490494296,263
1057,2024Q4,0.9657794676806084,263
1058,2023Q4,0.625,272
1058,2024Q1,0.6066176470588235,272
1058,2024Q2,0.5625,272
1058,2024Q3,0.4632352941176471,272
1058,2024Q4,0.3161764705882353,272
1059,2023Q4,0.66796875,256
1059,2024Q1,0.79296875,256
1059,2024Q2,0.953125,256
1059,2024Q3,0.984375,256
1059,2024Q4,0.984375,256
1060,2023Q4,0.951310861423221,267
1060,2024Q1,0.9101123595505618,267
1060,2024Q2,0.8876404494382022,267
1060,2024Q3,0.8876404494382022,267
1060,2024Q4,0.8876404494382022,267
1061,2023Q4,0.7463768115942029,276
1061,2024Q1,0.75,276
1061,2024Q2,0.7898550724637681,276
1061,2024Q3,0.855072463768116,276
1061,2024Q4,0.8985507246376812,276
1062,2023Q4,0.8175182481751825,274
1062,2024Q1,0.8540145985401459,274
1062,2024Q2,0.8905109489051095,274
1062,2024Q3,0.9233576642335767,274
1062,2024Q4,0.9343065693430657,274
1063,2023Q4,0.9630996309963099,271
1063,2024Q1,0.9704797047970479,271
1063,2024Q2,0.974169741697417,271
1063,2024Q3,0.974169741697417,271
1063,2024Q4,0.974169741697417,271
1064,2023Q4,0.9507575757575758,264
1064,2024Q1,0.9507575757575758,264
1064,2024Q2,0.9507575757575758,264
1064,2024Q3,0.9507575757575758,264
1064,2024Q4,0.9507575757575758,264
1065,2023Q4,0.8394160583941606,274
1065,2024Q1,0.8029197080291971,274
1065,2024Q2,0.6861313868613139,274
1065,2024Q3,0.6605839416058394,274
1065,2024Q4,0.6642335766423357,274
1066,2023Q4,0.9812734082397003,267
1066,2024Q1,0.9775280898876404,267
1066,2024Q2,0.9775280898876404,267
1066,2024Q3,0.9737827715355806,267
1066,2024Q4,0.9737827715355806,267
1067,2023Q4,0.9773584905660377,265
1067,2024Q1,0.9849056603773585,265
1067,2024Q2,0.9962264150943396,265
1067,2024Q3,0.9886792452830189,265
1067,2024Q4,0.9735849056603774,265
1068,2023Q4,0.7228464419475655,267
1068,2024Q1,0.6891385767790262,267
1068,2024Q2,0.4868913857677903,267
1068,2024Q3,0.33707865168539325,267
1068,2024Q4,0.8314606741573034,267
1069,2023Q4,0.6204379562043796,274
1069,2024Q1,0.635036496350365,274
1069,2024Q2,0.7554744525547445,274
1069,2024Q3,0.8394160583941606,274
1069,2024Q4,0.8722627737226277,274
1070,2023Q4,0.9776119402985075,268
1070,2024Q1,0.9776119402985075,268
1070,2024Q2,0.9776119402985075,268
1070,2024Q3,0.9776119402985075,268
1070,2024Q4,0.9738805970149254,268
1071,2023Q4,0.9194139194139194,273
1071,2024Q1,0.9304029304029304,273
1071,2024Q2,0.9267399267399268,273
1071,2024Q3,0.9194139194139194,273
1071,2024Q4,0.9267399267399268,273
1072,2023Q4,0.9553903345724907,269
1072,2024Q1,0.9591078066914498,269
1072,2024Q2,0.966542750929368,269
1072,2024Q3,0.966542750929368,269
1072,2024Q4,0.966542750929368,269
1107,2023Q4,1.0,271
1107,2024Q1,1.0,271
1107,2024Q2,1.0,271
1107,2024Q3,1.0,271
1107,2024Q4,1.0,271
1108,2023Q4,0.8686131386861314,274
1108,2024Q1,0.8905109489051095,274
1108,2024Q2,0.9051094890510949,274
1108,2024Q3,0.9197080291970803,274
1108,2024Q4,0.948905109489051,274
1109,2023Q4,1.0,272
1109,2024Q1,1.0,272
1109,2024Q2,1.0,272
1109,2024Q3,1.0,272
1109,2024Q4,1.0,272
1110,2023Q4,0.8659420289855072,276
1110,2024Q1,0.8623188405797102,276
1110,2024Q2,0.8586956521739131,276
1110,2024Q3,0.855072463768116,276
1110,2024Q4,0.855072463768116,276
1111,2023Q4,0.9040590405904059,271
1111,2024Q1,0.9261992619926199,271
1111,2024Q2,0.9372693726937269,271
1111,2024Q3,0.9372693726937269,271
1111,2024Q4,0.9446494464944649,271
1112,2023Q4,0.8916967509025271,277
1112,2024Q1,0.8916967509025271,277
1112,2024Q2,0.8916967509025271,277
1112,2024Q3,0.8880866425992779,277
1112,2024Q4,0.8916967509025271,277
1113,2023Q4,0.7591240875912408,274
1113,2024Q1,0.7299270072992701,274
1113,2024Q2,0.7299270072992701,274
1113,2024Q3,0.7299270072992701,274
1113,2024Q4,0.7153284671532847,274
1115,2023Q4,0.8695652173913043,276
1115,2024Q1,0.8731884057971014,276
1115,2024Q2,0.8804347826086957,276
1115,2024Q3,0.8804347826086957,276
1115,2024Q4,0.8840579710144928,276
1116,2023Q4,0.8782287822878229,271
1116,2024Q1,0.8708487084870848,271
1116,2024Q2,0.8597785977859779,271
1116,2024Q3,0.8597785977859779,271
1116,2024Q4,0.8671586715867159,271
1117,2023Q4,1.0,270
1117,2024Q1,1.0,270
1117,2024Q2,1.0,270
1117,2024Q3,1.0,270
1117,2024Q4,1.0,270
1118,2023Q4,0.8241758241758241,273
1118,2024Q1,0.8351648351648352,273
1118,2024Q2,0.8498168498168498,273
1118,2024Q3,0.8644688644688645,273
1118,2024Q4,0.8717948717948718,273
1119,2023Q4,0.9509433962264151,265
1119,2024Q1,0.9547169811320755,265
1119,2024Q2,0.9509433962264151,265
1119,2024Q3,0.939622641509434,265
1119,2024Q4,0.9320754716981132,265
1120,2023Q4,0.9345454545454546,275
1120,2024Q1,0.9490909090909091,275
1120,2024Q2,0.9527272727272728,275
1120,2024Q3,0.9527272727272728,275
1120,2024Q4,0.9490909090909091,275
1121,2023Q4,0.9566787003610109,277
1121,2024Q1,0.9530685920577617,277
1121,2024Q2,0.9530685920577617,277
1121,2024Q3,0.9422382671480144,277
1121,2024Q4,0.8989169675090253,277
1122,2023Q4,0.8935361216730038,263
1122,2024Q1,0.8935361216730038,263
1122,2024Q2,0.8973384030418251,263
1122,2024Q3,0.8935361216730038,263
1122,2024Q4,0.8935361216730038,263
1123,2023Q4,0.8270676691729323,266
1123,2024Q1,0.7857142857142857,266
1123,2024Q2,0.8308270676691729,266
1123,2024Q3,0.8571428571428571,266
1123,2024Q4,0.8609022556390977,266
1124,2023Q4,0.8931297709923665,262
1124,2024Q1,0.8931297709923665,262
1124,2024Q2,0.8931297709923665,262
1124,2024Q3,0.8931297709923665,262
1124,2024Q4,0.8931297709923665,262
1125,2023Q4,0.9626865671641791,268
1125,2024Q1,0.9626865671641791,268
1125,2024Q2,0.9626865671641791,268
1125,2024Q3,0.9626865671641791,268
1125,2024Q4,0.9626865671641791,268
1126,2023Q4,0.875,264
1126,2024Q1,0.875,264
1126,2024Q2,0.875,264
1126,2024Q3,0.8787878787878788,264
1126,2024Q4,0.8787878787878788,264
1127,2023Q4,0.9592592592592593,270
1127,2024Q1,0.9629629629629629,270
1127,2024Q2,0.9629629629629629,270
1127,2024Q3,0.9629629629629629,270
1127,2024Q4,0.9629629629629629,270
1128,2023Q4,0.8692579505300353,283
1128,2024Q1,0.7526501766784452,283
1128,2024Q2,0.45229681978798586,283
1128,2024Q3,0.6501766784452296,283
1128,2024Q4,0.4169611307420495,283
1129,2023Q4,0.5330882352941176,272
1129,2024Q1,0.5294117647058824,272
1129,2024Q2,0.6691176470588235,272
1129,2024Q3,0.7977941176470589,272
1129,2024Q4,0.8161764705882353,272
1130,2023Q4,0.9688715953307393,257
1130,2024Q1,0.9688715953307393,257
1130,2024Q2,0.9688715953307393,257
1130,2024Q3,0.9688715953307393,257
1130,2024Q4,0.9688715953307393,257
1131,2023Q4,0.8438661710037175,269
1131,2024Q1,0.9553903345724907,269
1131,2024Q2,0.9591078066914498,269
1131,2024Q3,0.9516728624535316,269
1131,2024Q4,0.9405204460966543,269
1132,2023Q4,0.7279411764705882,272
1132,2024Q1,0.7352941176470589,272
1132,2024Q2,0.7463235294117647,272
1132,2024Q3,0.7830882352941176,272
1132,2024Q4,0.8088235294117647,272
1133,2023Q4,0.8764478764478765,259
1133,2024Q1,0.8803088803088803,259
1133,2024Q2,0.888030888030888,259
1133,2024Q3,0.8957528957528957,259
1133,2024Q4,0.8957528957528957,259
1134,2023Q4,1.0,263
1134,2024Q1,1.0,263
1134,2024Q2,1.0,263
1134,2024Q3,1.0,263
1134,2024Q4,1.0,263
1135,2023Q4,1.0,267
1135,2024Q1,1.0,267
1135,2024Q2,1.0,267
1135,2024Q3,1.0,267
1135,2024Q4,1.0,267
1136,2023Q4,1.0,273
1136,2024Q1,1.0,273
1136,2024Q2,1.0,273
1136,2024Q3,1.0,273
1136,2024Q4,1.0,273
1137,2023Q4,0.9747292418772563,277
1137,2024Q1,0.9747292418772563,277
1137,2024Q2,0.9747292418772563,277
1137,2024Q3,0.9783393501805054,277
1137,2024Q4,0.9783393501805054,277
1138,2023Q4,0.7686567164179104,268
1138,2024Q1,0.7947761194029851,268
1138,2024Q2,0.8171641791044776,268
1138,2024Q3,0.8507462686567164,268
1138,2024Q4,0.7835820895522388,268
1139,2023Q4,0.9624060150375939,266
1139,2024Q1,0.9135338345864662,266
1139,2024Q2,0.8533834586466166,266
1139,2024Q3,0.8120300751879699,266
1139,2024Q4,0.7894736842105263,266
1140,2023Q4,1.0,253
1140,2024Q1,1.0,253
1140,2024Q2,1.0,253
1140,2024Q3,1.0,253
1140,2024Q4,1.0,253
1141,2023Q4,1.0,261
1141,2024Q1,1.0,261
1141,2024Q2,1.0,261
1141,2024Q3,1.0,261
1141,2024Q4,1.0,261
1142,2023Q4,0.978021978021978,273
1142,2024Q1,0.989010989010989,273
1142,2024Q2,0.9963369963369964,273
1142,2024Q3,1.0,273
1142,2024Q4,1.0,273
1143,2023Q4,0.8786764705882353,272
1143,2024Q1,0.8970588235294118,272
1143,2024Q2,0.8970588235294118,272
1143,2024Q3,0.8970588235294118,272
1143,2024Q4,0.8970588235294118,272
1144,2023Q4,0.9182156133828996,269
1144,2024Q1,0.8810408921933085,269
1144,2024Q2,0.8401486988847584,269
1144,2024Q3,0.8104089219330854,269
1144,2024Q4,0.7955390334572491,269
1146,2023Q4,0.8415094339622642,265
1146,2024Q1,0.8641509433962264,265
1146,2024Q2,0.8830188679245283,265
1146,2024Q3,0.8603773584905661,265
1146,2024Q4,0.8528301886792453,265
1147,2023Q4,0.9927007299270073,274
1147,2024Q1,0.9927007299270073,274
1147,2024Q2,0.9927007299270073,274
1147,2024Q3,0.9927007299270073,274
1147,2024Q4,0.9927007299270073,274
1148,2023Q4,0.9849624060150376,266
1148,2024Q1,0.9849624060150376,266
1148,2024Q2,0.9849624060150376,266
1148,2024Q3,0.9849624060150376,266
1148,2024Q4,0.9849624060150376,266
1149,2023Q4,0.9742647058823529,272
1149,2024Q1,0.9742647058823529,272
1149,2024Q2,0.9779411764705882,272
1149,2024Q3,0.9779411764705882,272
1149,2024Q4,0.9779411764705882,272
1150,2023Q4,1.0,266
1150,2024Q1,1.0,266
1150,2024Q2,1.0,266
1150,2024Q3,1.0,266
1150,2024Q4,1.0,266
1151,2023Q4,0.9925373134328358,268
1151,2024Q1,0.9925373134328358,268
1151,2024Q2,0.9925373134328358,268
1151,2024Q3,0.9925373134328358,268
1151,2024Q4,0.9925373134328358,268
1152,2023Q4,0.9963235294117647,272
1152,2024Q1,0.9963235294117647,272
1152,2024Q2,0.9963235294117647,272
1152,2024Q3,0.9963235294117647,272
1152,2024Q4,0.9963235294117647,272
1153,2023Q4,0.9738805970149254,268
1153,2024Q1,0.9738805970149254,268
1153,2024Q2,0.9738805970149254,268
1153,2024Q3,0.9738805970149254,268
1153,2024Q4,0.9776119402985075,268
1154,2023Q4,0.9926739926739927,273
1154,2024Q1,0.9926739926739927,273
1154,2024Q2,0.9926739926739927,273
1154,2024Q3,0.9926739926739927,273
1154,2024Q4,0.9926739926739927,273
1155,2023Q4,0.9786476868327402,281
1155,2024Q1,0.9786476868327402,281
1155,2024Q2,0.9786476868327402,281
1155,2024Q3,0.9786476868327402,281
1155,2024Q4,0.9786476868327402,281
1157,2023Q4,0.5454545454545454,275
1157,2024Q1,0.6218181818181818,275
1157,2024Q2,0.6145454545454545,275
1157,2024Q3,0.5163636363636364,275
1157,2024Q4,0.41454545454545455,275
1158,2023Q4,0.9740740740740741,270
1158,2024Q1,0.9111111111111111,270
1158,2024Q2,0.8925925925925926,270
1158,2024Q3,0.9185185185185185,270
1158,2024Q4,0.9333333333333333,270
1159,2023Q4,0.9784172661870504,278
1159,2024Q1,0.9784172661870504,278
1159,2024Q2,0.9784172661870504,278
1159,2024Q3,0.9784172661870504,278
1159,2024Q4,0.9784172661870504,278
1160,2023Q4,0.6984126984126984,252
1160,2024Q1,0.6587301587301587,252
1160,2024Q2,0.6507936507936508,252
1160,2024Q3,0.6666666666666666,252
1160,2024Q4,0.7182539682539683,252
1161,2023Q4,0.9887640449438202,267
1161,2024Q1,0.9775280898876404,267
1161,2024Q2,0.9737827715355806,267
1161,2024Q3,0.9775280898876404,267
1161,2024Q4,0.9737827715355806,267
1163,2023Q4,0.3895131086142322,267
1163,2024Q1,0.45318352059925093,267
1163,2024Q2,0.4044943820224719,267
1163,2024Q3,0.299625468164794,267
1163,2024Q4,0.19850187265917604,267
1164,2023Q4,0.9964028776978417,278
1164,2024Q1,0.9964028776978417,278
1164,2024Q2,0.9964028776978417,278
1164,2024Q3,0.9964028776978417,278
1164,2024Q4,0.9964028776978417,278
1165,2023Q4,0.9888475836431226,269
1165,2024Q1,0.9925650557620818,269
1165,2024Q2,0.9925650557620818,269
1165,2024Q3,0.9925650557620818,269
1165,2024Q4,0.9925650557620818,269
1166,2023Q4,0.9775280898876404,267
1166,2024Q1,0.9775280898876404,267
1166,2024Q2,0.9775280898876404,267
1166,2024Q3,0.9775280898876404,267
1166,2024Q4,0.9775280898876404,267
1167,2023Q4,0.9814126394052045,269
1167,2024Q1,0.9814126394052045,269
1167,2024Q2,0.9814126394052045,269
1167,2024Q3,0.9814126394052045,269
1167,2024Q4,0.9814126394052045,269
1168,2023Q4,0.9783393501805054,277
1168,2024Q1,0.9783393501805054,277
1168,2024Q2,0.9783393501805054,277
1168,2024Q3,0.9783393501805054,277
1168,2024Q4,0.9783393501805054,277
1169,2023Q4,1.0,270
1169,2024Q1,1.0,270
1169,2024Q2,1.0,270
1169,2024Q3,1.0,270
1169,2024Q4,1.0,270
1170,2023Q4,0.9773584905660377,265
1170,2024Q1,0.9773584905660377,265
1170,2024Q2,0.9773584905660377,265
1170,2024Q3,0.9773584905660377,265
1170,2024Q4,0.9773584905660377,265
1171,2023Q4,0.9814126394052045,269
1171,2024Q1,0.9814126394052045,269
1171,2024Q2,0.9814126394052045,269
1171,2024Q3,0.9814126394052045,269
1171,2024Q4,0.9814126394052045,269
1172,2023Q4,0.9813432835820896,268
1172,2024Q1,0.9813432835820896,268
1172,2024Q2,0.9813432835820896,268
1172,2024Q3,0.9813432835820896,268
1172,2024Q4,0.9813432835820896,268
1173,2023Q4,0.978021978021978,273
1173,2024Q1,0.978021978021978,273
1173,2024Q2,0.978021978021978,273
1173,2024Q3,0.978021978021978,273
1173,2024Q4,0.978021978021978,273
1174,2023Q4,0.9848484848484849,264
1174,2024Q1,0.9848484848484849,264
1174,2024Q2,0.9848484848484849,264
1174,2024Q3,0.9848484848484849,264
1174,2024Q4,0.9848484848484849,264
1175,2023Q4,0.9777777777777777,270
1175,2024Q1,0.9777777777777777,270
1175,2024Q2,0.9777777777777777,270
1175,2024Q3,0.9777777777777777,270
1175,2024Q4,0.9777777777777777,270
1176,2023Q4,1.0,273
1176,2024Q1,1.0,273
1176,2024Q2,1.0,273
1176,2024Q3,1.0,273
1176,2024Q4,1.0,273
1178,2023Q4,0.7232472324723247,271
1178,2024Q1,0.8634686346863468,271
1178,2024Q2,0.9372693726937269,271
1178,2024Q3,0.966789667896679,271
1178,2024Q4,0.966789667896679,271
1179,2023Q4,0.8888888888888888,270
1179,2024Q1,0.9148148148148149,270
1179,2024Q2,0.9333333333333333,270
1179,2024Q3,0.9407407407407408,270
1179,2024Q4,0.9481481481481482,270
1180,2023Q4,0.8566176470588235,272
1180,2024Q1,0.8566176470588235,272
1180,2024Q2,0.8970588235294118,272
1180,2024Q3,0.9080882352941176,272
1180,2024Q4,0.9191176470588235,272
1181,2023Q4,0.8358778625954199,262
1181,2024Q1,0.8320610687022901,262
1181,2024Q2,0.8320610687022901,262
1181,2024Q3,0.8320610687022901,262
1181,2024Q4,0.8435114503816794,262
1182,2024Q4,0.9014598540145985,274
1184,2023Q4,0.8446969696969697,264
1184,2024Q1,0.8446969696969697,264
1184,2024Q2,0.8446969696969697,264
1184,2024Q3,0.8446969696969697,264
1184,2024Q4,0.8446969696969697,264
1185,2023Q4,0.955719557195572,271
1185,2024Q1,0.9704797047970479,271
1185,2024Q2,0.974169741697417,271
1185,2024Q3,0.981549815498155,271
1185,2024Q4,0.981549815498155,271
1186,2023Q4,1.0,279
1186,2024Q1,1.0,279
1186,2024Q2,1.0,279
1186,2024Q3,1.0,279
1186,2024Q4,1.0,279
1187,2023Q4,0.8592057761732852,277
1187,2024Q1,0.8736462093862816,277
1187,2024Q2,0.8916967509025271,277
1187,2024Q3,0.9205776173285198,277
1187,2024Q4,0.9350180505415162,277
1188,2023Q4,1.0,267
1188,2024Q1,1.0,267
1188,2024Q2,1.0,267
1188,2024Q3,1.0,267
1188,2024Q4,1.0,267
1189,2023Q4,0.7252747252747253,273
1189,2024Q1,0.8058608058608059,273
1189,2024Q2,0.8424908424908425,273
1189,2024Q3,0.8534798534798534,273
1189,2024Q4,0.8351648351648352,273
1190,2023Q4,1.0,259
1190,2024Q1,1.0,259
1190,2024Q2,1.0,259
1190,2024Q3,1.0,259
1190,2024Q4,1.0,259
1191,2023Q4,0.8384615384615385,260
1191,2024Q1,0.9423076923076923,260
1191,2024Q2,0.9576923076923077,260
1191,2024Q3,0.9384615384615385,260
1191,2024Q4,0.9192307692307692,260
1192,2023Q4,0.8571428571428571,273
1192,2024Q1,0.8681318681318682,273
1192,2024Q2,0.9120879120879121,273
1192,2024Q3,0.967032967032967,273
1192,2024Q4,0.9816849816849816,273
1193,2023Q4,0.730909090909091,275
1193,2024Q1,0.76,275
1193,2024Q2,0.7963636363636364,275
1193,2024Q3,0.84,275
1193,2024Q4,0.8727272727272727,275
1194,2023Q4,0.9550561797752809,267
1194,2024Q1,0.9363295880149812,267
1194,2024Q2,0.9363295880149812,267
1194,2024Q3,0.9550561797752809,267
1194,2024Q4,0.9737827715355806,267
1195,2023Q4,0.6678966789667896,271
1195,2024Q1,0.6346863468634686,271
1195,2024Q2,0.6752767527675276,271
1195,2024Q3,0.6974169741697417,271
1195,2024Q4,0.7416974169741697,271
1196,2023Q4,0.696969696969697,264
1196,2024Q1,0.678030303030303,264
1196,2024Q2,0.6136363636363636,264
1196,2024Q3,0.5643939393939394,264
1196,2024Q4,0.45075757575757575,264
1197,2023Q4,0.8097014925373134,268
1197,2024Q1,0.7985074626865671,268
1197,2024Q2,0.8059701492537313,268
1197,2024Q3,0.8171641791044776,268
1197,2024Q4,0.8283582089552238,268
1198,2023Q4,1.0,274
1198,2024Q1,1.0,274
1198,2024Q2,1.0,274
1198,2024Q3,1.0,274
1198,2024Q4,1.0,274
1200,2023Q4,0.9592592592592593,270
1200,2024Q1,0.9592592592592593,270
1200,2024Q2,0.9592592592592593,270
1200,2024Q3,0.9592592592592593,270
1200,2024Q4,0.9592592592592593,270
1201,2023Q4,0.8717948717948718,273
1201,2024Q1,0.8717948717948718,273
1201,2024Q2,0.8754578754578755,273
1201,2024Q3,0.9304029304029304,273
1201,2024Q4,0.9340659340659341,273
1203,2023Q4,0.9671532846715328,274
1203,2024Q1,0.9671532846715328,274
1203,2024Q2,0.9671532846715328,274
1203,2024Q3,0.9671532846715328,274
1203,2024Q4,0.9671532846715328,274
1204,2023Q4,0.8726591760299626,267
1204,2024Q1,0.8764044943820225,267
1204,2024Q2,0.8764044943820225,267
1204,2024Q3,0.8801498127340824,267
1204,2024Q4,0.8951310861423221,267
1205,2023Q4,0.8726591760299626,267
1205,2024Q1,0.8726591760299626,267
1205,2024Q2,0.8726591760299626,267
1205,2024Q3,0.8689138576779026,267
1205,2024Q4,0.8764044943820225,267
1206,2023Q4,0.9591078066914498,269
1206,2024Q1,0.9591078066914498,269
1206,2024Q2,0.9591078066914498,269
1206,2024Q3,0.9591078066914498,269
1206,2024Q4,0.9591078066914498,269
1207,2023Q4,0.9632352941176471,272
1207,2024Q1,0.9632352941176471,272
1207,2024Q2,0.9632352941176471,272
1207,2024Q3,0.9632352941176471,272
1207,2024Q4,0.9632352941176471,272
1208,2023Q4,0.9136690647482014,278
1208,2024Q1,0.9136690647482014,278
1208,2024Q2,0.9316546762589928,278
1208,2024Q3,0.9460431654676259,278
1208,2024Q4,0.960431654676259,278
1209,2023Q4,0.9522058823529411,272
1209,2024Q1,0.9558823529411765,272
1209,2024Q2,0.9558823529411765,272
1209,2024Q3,0.9522058823529411,272
1209,2024Q4,0.9522058823529411,272
1210,2023Q4,0.8498168498168498,273
1210,2024Q1,0.8534798534798534,273
1210,2024Q2,0.8498168498168498,273
1210,2024Q3,0.8498168498168498,273
1210,2024Q4,0.8498168498168498,273
1211,2023Q4,0.9633699633699634,273
1211,2024Q1,0.9633699633699634,273
1211,2024Q2,0.9633699633699634,273
1211,2024Q3,0.9633699633699634,273
1211,2024Q4,0.9633699633699634,273
1212,2023Q4,1.0,271
1212,2024Q1,1.0,271
1212,2024Q2,1.0,271
1212,2024Q3,1.0,271
1212,2024Q4,1.0,271
1213,2023Q4,0.8295454545454546,264
1213,2024Q1,0.8068181818181818,264
1213,2024Q2,0.803030303030303,264
1213,2024Q3,0.8371212121212122,264
1213,2024Q4,0.8598484848484849,264
1214,2023Q4,0.8960573476702509,279
1214,2024Q1,0.8960573476702509,279
1214,2024Q2,0.9032258064516129,279
1214,2024Q3,0.9032258064516129,279
1214,2024Q4,0.9032258064516129,279
1215,2023Q4,0.835820895522388,268
1215,2024Q1,0.835820895522388,268
1215,2024Q2,0.8507462686567164,268
1215,2024Q3,0.8619402985074627,268
1215,2024Q4,0.8694029850746269,268
1216,2024Q4,0.8333333333333334,264
1217,2023Q4,0.8257575757575758,264
1217,2024Q1,0.8295454545454546,264
1217,2024Q2,0.8295454545454546,264
1217,2024Q3,0.8333333333333334,264
1217,2024Q4,0.8409090909090909,264
1218,2023Q4,0.7706766917293233,266
1218,2024Q1,0.7518796992481203,266
1218,2024Q2,0.7330827067669173,266
1218,2024Q3,0.6842105263157895,266
1218,2024Q4,0.6578947368421053,266
1219,2023Q4,0.943609022556391,266
1219,2024Q1,0.9511278195488722,266
1219,2024Q2,0.943609022556391,266
1219,2024Q3,0.9097744360902256,266
1219,2024Q4,0.8947368421052632,266
1220,2023Q4,0.8636363636363636,264
1220,2024Q1,0.8636363636363636,264
1220,2024Q2,0.8712121212121212,264
1220,2024Q3,0.875,264
1220,2024Q4,0.8787878787878788,264
1221,2023Q4,0.9706959706959707,273
1221,2024Q1,0.9743589743589743,273
1221,2024Q2,0.9743589743589743,273
1221,2024Q3,0.9743589743589743,273
1221,2024Q4,0.9633699633699634,273
1222,2023Q4,0.855072463768116,276
1222,2024Q1,0.8695652173913043,276
1222,2024Q2,0.8804347826086957,276
1222,2024Q3,0.9166666666666666,276
1222,2024Q4,0.9384057971014492,276
1223,2023Q4,0.8345864661654135,266
1223,2024Q1,0.8345864661654135,266
1223,2024Q2,0.8383458646616542,266
1223,2024Q3,0.8458646616541353,266
1223,2024Q4,0.849624060150376,266
1224,2023Q4,1.0,282
1224,2024Q1,1.0,282
1224,2024Q2,1.0,282
1224,2024Q3,1.0,282
1224,2024Q4,1.0,282
1225,2023Q4,1.0,275
1225,2024Q1,1.0,275
1225,2024Q2,1.0,275
1225,2024Q3,1.0,275
1225,2024Q4,1.0,275
1226,2023Q4,1.0,275
1226,2024Q1,1.0,275
1226,2024Q2,1.0,275
1226,2024Q3,1.0,275
1226,2024Q4,1.0,275
1227,2023Q4,0.7546468401486989,269
1227,2024Q1,0.7769516728624535,269
1227,2024Q2,0.79182156133829,269
1227,2024Q3,0.7657992565055762,269
1227,2024Q4,0.6505576208178439,269
1228,2023Q4,0.7781954887218046,266
1228,2024Q1,0.8308270676691729,266
1228,2024Q2,0.8383458646616542,266
1228,2024Q3,0.8345864661654135,266
1228,2024Q4,0.8120300751879699,266
1229,2023Q4,1.0,273
1229,2024Q1,1.0,273
1229,2024Q2,1.0,273
1229,2024Q3,1.0,273
1229,2024Q4,1.0,273
1230,2023Q4,1.0,263
1230,2024Q1,1.0,263
1230,2024Q2,1.0,263
1230,2024Q3,1.0,263
1230,2024Q4,1.0,263
1231,2023Q4,0.9889705882352942,272
1231,2024Q1,0.9889705882352942,272
1231,2024Q2,0.9889705882352942,272
1231,2024Q3,0.9889705882352942,272
1231,2024Q4,0.9963235294117647,272
1232,2023Q4,0.5855513307984791,263
1232,2024Q1,0.5779467680608364,263
1232,2024Q2,0.4828897338403042,263
1232,2024Q3,0.5285171102661597,263
1232,2024Q4,0.4752851711026616,263
1233,2023Q4,1.0,271
1233,2024Q1,1.0,271
1233,2024Q2,1.0,271
1233,2024Q3,1.0,271
1233,2024Q4,1.0,271
1234,2023Q4,0.9739776951672863,269
1234,2024Q1,0.9776951672862454,269
1234,2024Q2,0.9702602230483272,269
1234,2024Q3,0.9888475836431226,269
1234,2024Q4,0.9962825278810409,269
1235,2023Q4,0.9345454545454546,275
1235,2024Q1,0.9418181818181818,275
1235,2024Q2,0.9345454545454546,275
1235,2024Q3,0.9490909090909091,275
1235,2024Q4,0.9781818181818182,275
1236,2023Q4,1.0,268
1236,2024Q1,1.0,268
1236,2024Q2,1.0,268
1236,2024Q3,1.0,268
1236,2024Q4,1.0,268
1237,2023Q4,0.8992248062015504,258
1237,2024Q1,0.9186046511627907,258
1237,2024Q2,0.9341085271317829,258
1237,2024Q3,0.937984496124031,258
1237,2024Q4,0.9341085271317829,258
1238,2023Q4,1.0,275
1238,2024Q1,1.0,275
1238,2024Q2,1.0,275
1238,2024Q3,1.0,275
1238,2024Q4,1.0,275
1240,2023Q4,0.6555555555555556,270
1240,2024Q1,0.7148148148148148,270
1240,2024Q2,0.6814814814814815,270
1240,2024Q3,0.4777777777777778,270
1240,2024Q4,0.5925925925925926,270
1241,2023Q4,0.9037037037037037,270
1241,2024Q1,0.9333333333333333,270
1241,2024Q2,0.9407407407407408,270
1241,2024Q3,0.937037037037037,270
1241,2024Q4,0.9185185185185185,270
1242,2023Q4,0.9851301115241635,269
1242,2024Q1,0.9962825278810409,269
1242,2024Q2,0.9962825278810409,269
1242,2024Q3,0.9925650557620818,269
1242,2024Q4,0.9925650557620818,269
1243,2023Q4,1.0,267
1243,2024Q1,1.0,267
1243,2024Q2,1.0,267
1243,2024Q3,1.0,267
1243,2024Q4,1.0,267
1244,2023Q4,0.6457564575645757,271
1244,2024Q1,0.6014760147601476,271
1244,2024Q2,0.4907749077490775,271
1244,2024Q3,0.5424354243542435,271
1244,2024Q4,0.6863468634686347,271
1246,2023Q4,0.9746376811594203,276
1246,2024Q1,0.9818840579710145,276
1246,2024Q2,0.9818840579710145,276
1246,2024Q3,0.9818840579710145,276
1246,2024Q4,0.9818840579710145,276
1247,2023Q4,0.9738805970149254,268
1249,2023Q4,0.981549815498155,271
1249,2024Q1,0.981549815498155,271
1249,2024Q2,0.981549815498155,271
1249,2024Q3,0.977859778597786,271
1249,2024Q4,0.977859778597786,271
1250,2023Q4,0.45126353790613716,277
1250,2024Q1,0.4368231046931408,277
1250,2024Q2,0.3898916967509025,277
1250,2024Q3,0.7184115523465704,277
1250,2024Q4,0.8664259927797834,277
1251,2023Q4,0.746268656716418,268
1251,2024Q1,0.8171641791044776,268
1251,2024Q2,0.8694029850746269,268
1251,2024Q3,0.8992537313432836,268
1251,2024Q4,0.8917910447761194,268
1252,2023Q4,0.6788321167883211,274
1252,2024Q1,0.6423357664233577,274
1252,2024Q2,0.6715328467153284,274
1252,2024Q3,0.635036496350365,274
1252,2024Q4,0.5255474452554745,274
1253,2023Q4,0.948339483394834,271
1253,2024Q1,0.9446494464944649,271
1253,2024Q2,0.9520295202952029,271
1253,2024Q3,0.948339483394834,271
1253,2024Q4,0.955719557195572,271
1254,2023Q4,0.9813432835820896,268
1254,2024Q1,0.9813432835820896,268
1254,2024Q2,0.9813432835820896,268
1254,2024Q3,0.9813432835820896,268
1254,2024Q4,0.9776119402985075,268
1256,2023Q4,0.6431226765799256,269
1256,2024Q1,0.6431226765799256,269
1256,2024Q2,0.5947955390334573,269
1256,2024Q3,0.4721189591078067,269
1256,2024Q4,0.7137546468401487,269
1257,2023Q4,0.96415770609319,279
1257,2024Q1,0.96415770609319,279
1257,2024Q2,0.967741935483871,279
1257,2024Q3,0.967741935483871,279
1257,2024Q4,0.967741935483871,279
1258,2023Q4,1.0,271
1258,2024Q1,1.0,271
1258,2024Q2,1.0,271
1258,2024Q3,1.0,271
1258,2024Q4,1.0,271
1259,2023Q4,0.9233576642335767,274
1259,2024Q1,0.9562043795620438,274
1259,2024Q2,0.9598540145985401,274
1259,2024Q3,0.9635036496350365,274
1259,2024Q4,0.9598540145985401,274
1260,2023Q4,0.3054545454545455,275
1260,2024Q1,0.6836363636363636,275
1260,2024Q2,0.8981818181818182,275
1260,2024Q3,0.9563636363636364,275
1260,2024Q4,0.9818181818181818,275
1261,2023Q4,0.9702602230483272,269
1261,2024Q1,0.966542750929368,269
1261,2024Q2,0.9628252788104089,269
1261,2024Q3,0.9628252788104089,269
1261,2024Q4,0.966542750929368,269
1262,2023Q4,0.8644688644688645,273
1262,2024Q1,0.9010989010989011,273
1262,2024Q2,0.9157509157509157,273
1262,2024Q3,0.9230769230769231,273
1262,2024Q4,0.9267399267399268,273
1264,2023Q4,0.9671532846715328,274
1264,2024Q1,0.9635036496350365,274
1264,2024Q2,0.9671532846715328,274
1264,2024Q3,0.9708029197080292,274
1264,2024Q4,0.9708029197080292,274
1265,2023Q4,0.6566037735849056,265
1265,2024Q1,0.6264150943396226,265
1265,2024Q2,0.5735849056603773,265
1265,2024Q3,0.41509433962264153,265
1265,2024Q4,0.4377358490566038,265
1266,2023Q4,0.8941605839416058,274
1266,2024Q1,0.8978102189781022,274
1266,2024Q2,0.9343065693430657,274
1266,2024Q3,0.9562043795620438,274
1266,2024Q4,0.9562043795620438,274
1267,2023Q4,0.9550561797752809,267
1267,2024Q1,0.9550561797752809,267
1267,2024Q2,0.9812734082397003,267
1267,2024Q3,0.9625468164794008,267
1267,2024Q4,0.9588014981273408,267
1268,2023Q4,0.7272727272727273,264
1268,2024Q1,0.8181818181818182,264
1268,2024Q2,0.8636363636363636,264
1268,2024Q3,0.8636363636363636,264
1268,2024Q4,0.8674242424242424,264
1269,2023Q4,0.9964285714285714,280
1269,2024Q1,0.9892857142857143,280
1269,2024Q2,0.9892857142857143,280
1269,2024Q3,0.9892857142857143,280
1269,2024Q4,0.9892857142857143,280
1270,2023Q4,0.9548872180451128,266
1270,2024Q1,0.9548872180451128,266
1270,2024Q2,0.9548872180451128,266
1270,2024Q3,0.9586466165413534,266
1270,2024Q4,0.9586466165413534,266
1271,2023Q4,0.9700374531835206,267
1271,2024Q1,0.9700374531835206,267
1271,2024Q2,0.9662921348314607,267
1271,2024Q3,0.9662921348314607,267
1271,2024Q4,0.9662921348314607,267
1272,2023Q4,0.875,272
1272,2024Q1,0.8823529411764706,272
1272,2024Q2,0.8823529411764706,272
1272,2024Q3,0.8823529411764706,272
1272,2024Q4,0.8823529411764706,272
1273,2023Q4,0.9591078066914498,269
1273,2024Q1,0.9553903345724907,269
1273,2024Q2,0.9553903345724907,269
1273,2024Q3,0.9516728624535316,269
1273,2024Q4,0.9516728624535316,269
1274,2023Q4,0.9320754716981132,265
1274,2024Q1,0.9207547169811321,265
1274,2024Q2,0.9207547169811321,265
1274,2024Q3,0.9320754716981132,265
1274,2024Q4,0.939622641509434,265
1275,2023Q4,0.8215613382899628,269
1275,2024Q1,0.8587360594795539,269
1275,2024Q2,0.9144981412639405,269
1275,2024Q3,0.929368029739777,269
1275,2024Q4,0.8921933085501859,269
1276,2023Q4,0.9320754716981132,265
1276,2024Q1,0.9358490566037736,265
1276,2024Q2,0.9471698113207547,265
1276,2024Q3,0.9471698113207547,265
1276,2024Q4,0.9509433962264151,265
1277,2023Q4,0.8458646616541353,266
1277,2024Q1,0.793233082706767,266
1277,2024Q2,0.6654135338345865,266
1277,2024Q3,0.34962406015037595,266
1277,2024Q4,0.8270676691729323,266
1278,2023Q4,0.9477611940298507,268
1278,2024Q1,0.9477611940298507,268
1278,2024Q2,0.9477611940298507,268
1278,2024Q3,0.9477611940298507,268
1278,2024Q4,0.9589552238805971,268
1279,2023Q4,0.8955223880597015,268
1279,2024Q1,0.9029850746268657,268
1279,2024Q2,0.914179104477612,268
1279,2024Q3,0.9067164179104478,268
1279,2024Q4,0.9216417910447762,268
1280,2023Q4,0.9629629629629629,270
1280,2024Q1,0.9666666666666667,270
1280,2024Q2,0.9703703703703703,270
1280,2024Q3,0.9666666666666667,270
1280,2024Q4,0.9703703703703703,270
1281,2023Q4,0.43014705882352944,272
1281,2024Q1,0.7463235294117647,272
1281,2024Q2,0.8382352941176471,272
1281,2024Q3,0.8713235294117647,272
1281,2024Q4,0.8529411764705882,272
1282,2023Q4,0.8142292490118577,253
1282,2024Q1,0.8735177865612648,253
1282,2024Q2,0.9367588932806324,253
1282,2024Q3,0.9486166007905138,253
1282,2024Q4,0.9486166007905138,253
1284,2023Q4,0.8634686346863468,271
1284,2024Q1,0.8560885608856088,271
1284,2024Q2,0.8376383763837638,271
1284,2024Q3,0.8191881918819188,271
1284,2024Q4,0.8191881918819188,271
1285,2023Q4,0.9676258992805755,278
1285,2024Q1,0.9676258992805755,278
1285,2024Q2,0.9676258992805755,278
1285,2024Q3,0.9676258992805755,278
1285,2024Q4,0.9676258992805755,278
1286,2023Q4,0.9442379182156134,269
1286,2024Q1,0.9516728624535316,269
1286,2024Q2,0.9516728624535316,269
1286,2024Q3,0.9553903345724907,269
1286,2024Q4,0.9553903345724907,269
1287,2023Q4,0.9010989010989011,273
1287,2024Q1,0.9267399267399268,273
1287,2024Q2,0.9194139194139194,273
1287,2024Q3,0.9230769230769231,273
1287,2024Q4,0.9010989010989011,273
1288,2023Q4,0.9101123595505618,267
1288,2024Q1,0.9176029962546817,267
1288,2024Q2,0.9176029962546817,267
1288,2024Q3,0.9213483146067416,267
1288,2024Q4,0.9138576779026217,267
1289,2023Q4,0.8517110266159695,263
1289,2024Q1,0.8783269961977186,263
1289,2024Q2,0.9163498098859315,263
1289,2024Q3,0.9543726235741445,263
1289,2024Q4,0.9581749049429658,263
1290,2023Q4,0.8302583025830258,271
1290,2024Q1,0.8597785977859779,271
1290,2024Q2,0.8708487084870848,271
1290,2024Q3,0.8560885608856088,271
1290,2024Q4,0.8523985239852399,271
1291,2023Q4,0.996268656716418,268
1291,2024Q1,0.9925373134328358,268
1291,2024Q2,0.9888059701492538,268
1291,2024Q3,0.9776119402985075,268
1291,2024Q4,0.9925373134328358,268
1292,2023Q4,0.9490909090909091,275
1292,2024Q1,0.9236363636363636,275
1292,2024Q2,0.8909090909090909,275
1292,2024Q3,0.8872727272727273,275
1292,2024Q4,0.8836363636363637,275
1293,2023Q4,0.9637681159420289,276
1293,2024Q1,0.9637681159420289,276
1293,2024Q2,0.9710144927536232,276
1293,2024Q3,0.967391304347826,276
1293,2024Q4,0.9637681159420289,276
1294,2023Q4,0.9548872180451128,266
1294,2024Q1,0.9586466165413534,266
1294,2024Q2,0.9548872180451128,266
1294,2024Q3,0.9548872180451128,266
1294,2024Q4,0.9511278195488722,266
1295,2023Q4,0.8880866425992779,277
1295,2024Q1,0.8772563176895307,277
1295,2024Q2,0.8736462093862816,277
1295,2024Q3,0.8772563176895307,277
1295,2024Q4,0.8808664259927798,277
1296,2023Q4,0.9477611940298507,268
1296,2024Q1,0.9477611940298507,268
1296,2024Q2,0.9477611940298507,268
1296,2024Q3,0.9477611940298507,268
1296,2024Q4,0.9552238805970149,268
1297,2023Q4,0.8659420289855072,276
1297,2024Q1,0.9492753623188406,276
1297,2024Q2,0.9492753623188406,276
1297,2024Q3,0.9637681159420289,276
1297,2024Q4,0.9891304347826086,276
1298,2023Q4,0.9492753623188406,276
1298,2024Q1,0.9492753623188406,276
1298,2024Q2,0.9492753623188406,276
1298,2024Q3,0.9492753623188406,276
1298,2024Q4,0.9528985507246377,276
1299,2023Q4,0.9708029197080292,274
1299,2024Q1,0.9671532846715328,274
1299,2024Q2,0.9708029197080292,274
1299,2024Q3,0.9744525547445255,274
1299,2024Q4,0.9708029197080292,274
1300,2023Q4,0.9147286821705426,258
1300,2024Q1,0.8992248062015504,258
1300,2024Q2,0.9457364341085271,258
1300,2024Q3,0.9573643410852714,258
1300,2024Q4,0.9573643410852714,258
1301,2023Q4,0.7883211678832117,274
1301,2024Q1,0.8613138686131386,274
1301,2024Q2,0.9087591240875912,274
1301,2024Q3,0.9197080291970803,274
1301,2024Q4,0.9124087591240876,274
1302,2023Q4,0.9138576779026217,267
1302,2024Q1,0.8764044943820225,267
1302,2024Q2,0.9400749063670412,267
1302,2024Q3,0.9438202247191011,267
1302,2024Q4,0.9288389513108615,267
1303,2023Q4,1.0,276
1303,2024Q1,1.0,276
1303,2024Q2,1.0,276
1303,2024Q3,1.0,276
1303,2024Q4,1.0,276
1304,2023Q4,0.9708029197080292,274
1304,2024Q1,0.9708029197080292,274
1304,2024Q2,0.9708029197080292,274
1304,2024Q3,0.9708029197080292,274
1304,2024Q4,0.9708029197080292,274
1305,2023Q4,0.9427480916030534,262
1305,2024Q1,0.950381679389313,262
1305,2024Q2,0.9541984732824428,262
1305,2024Q3,0.9656488549618321,262
1305,2024Q4,0.9656488549618321,262
1306,2023Q4,0.9628252788104089,269
1306,2024Q1,0.966542750929368,269
1306,2024Q2,0.966542750929368,269
1306,2024Q3,0.966542750929368,269
1306,2024Q4,0.966542750929368,269
1308,2023Q4,0.9607142857142857,280
1308,2024Q1,0.9607142857142857,280
1308,2024Q2,0.9678571428571429,280
1308,2024Q3,0.9642857142857143,280
1308,2024Q4,0.9642857142857143,280
1309,2023Q4,0.9328358208955224,268
1309,2024Q1,0.9589552238805971,268
1309,2024Q2,0.9701492537313433,268
1309,2024Q3,0.9701492537313433,268
1309,2024Q4,0.9738805970149254,268
1310,2023Q4,0.8876811594202898,276
1310,2024Q1,0.8876811594202898,276
1310,2024Q2,0.8876811594202898,276
1310,2024Q3,0.8840579710144928,276
1310,2024Q4,0.8840579710144928,276
1311,2023Q4,0.9926470588235294,272
1311,2024Q1,0.9926470588235294,272
1311,2024Q2,0.9926470588235294,272
1311,2024Q3,0.9926470588235294,272
1311,2024Q4,0.9889705882352942,272
1312,2023Q4,0.9433962264150944,265
1312,2024Q1,0.9471698113207547,265
1312,2024Q2,0.9509433962264151,265
1312,2024Q3,0.9584905660377359,265
1312,2024Q4,0.9471698113207547,265
1313,2023Q4,0.9731800766283525,261
1313,2024Q1,0.9770114942528736,261
1313,2024Q2,0.9808429118773946,261
1313,2024Q3,0.9808429118773946,261
1313,2024Q4,0.9808429118773946,261
1314,2023Q4,0.9699248120300752,266
1314,2024Q1,0.9699248120300752,266
1314,2024Q2,0.9699248120300752,266
1314,2024Q3,0.9699248120300752,266
1314,2024Q4,0.9736842105263158,266
1315,2023Q4,0.38223938223938225,259
1315,2024Q1,0.3359073359073359,259
1315,2024Q2,0.6023166023166023,259
1315,2024Q3,0.6911196911196911,259
1315,2024Q4,0.7181467181467182,259
1316,2023Q4,0.9660377358490566,265
1316,2024Q1,0.9660377358490566,265
1316,2024Q2,0.969811320754717,265
1316,2024Q3,0.9735849056603774,265
1316,2024Q4,0.9735849056603774,265
1317,2023Q4,0.939622641509434,265
1317,2024Q1,0.9509433962264151,265
1317,2024Q2,0.9584905660377359,265
1317,2024Q3,0.9660377358490566,265
1317,2024Q4,0.9660377358490566,265
1319,2023Q4,0.9630996309963099,271
1319,2024Q1,0.966789667896679,271
1319,2024Q2,0.9704797047970479,271
1319,2024Q3,0.974169741697417,271
1319,2024Q4,0.966789667896679,271
1320,2023Q4,0.9127272727272727,275
1320,2024Q1,0.9381818181818182,275
1320,2024Q2,0.9490909090909091,275
1320,2024Q3,0.9636363636363636,275
1320,2024Q4,0.9636363636363636,275
1321,2023Q4,0.9548872180451128,266
1321,2024Q1,0.9586466165413534,266
1321,2024Q2,0.9586466165413534,266
1321,2024Q3,0.9624060150375939,266
1321,2024Q4,0.9624060150375939,266
1322,2023Q4,0.9747292418772563,277
1322,2024Q1,0.9819494584837545,277
1322,2024Q2,0.9855595667870036,277
1322,2024Q3,0.9819494584837545,277
1322,2024Q4,0.9855595667870036,277
1323,2023Q4,0.9649805447470817,257
1323,2024Q1,0.9649805447470817,257
1323,2024Q2,0.9649805447470817,257
1323,2024Q3,0.9610894941634242,257
1323,2024Q4,0.9610894941634242,257
1324,2023Q4,0.9523809523809523,273
1324,2024Q1,0.9523809523809523,273
1324,2024Q2,0.9597069597069597,273
1324,2024Q3,0.9706959706959707,273
1324,2024Q4,0.9706959706959707,273
1325,2023Q4,0.974169741697417,271
1325,2024Q1,0.974169741697417,271
1325,2024Q2,0.981549815498155,271
1325,2024Q3,0.985239852398524,271
1325,2024Q4,0.985239852398524,271
1326,2023Q4,0.6777777777777778,270
1326,2024Q1,0.6962962962962963,270
1326,2024Q2,0.7333333333333333,270
1326,2024Q3,0.8629629629629629,270
1326,2024Q4,0.8666666666666667,270
1327,2023Q4,0.9887218045112782,266
1327,2024Q1,0.9774436090225563,266
1327,2024Q2,0.9774436090225563,266
1327,2024Q3,0.9736842105263158,266
1327,2024Q4,0.9736842105263158,266
1328,2023Q4,0.870722433460076,263
1328,2024Q1,0.8783269961977186,263
1328,2024Q2,0.8859315589353612,263
1328,2024Q3,0.8897338403041825,263
1328,2024Q4,0.8935361216730038,263
1329,2023Q4,0.7620817843866171,269
1329,2024Q1,0.5687732342007435,269
1329,2024Q2,0.5278810408921933,269
1329,2024Q3,0.654275092936803,269
1329,2024Q4,0.7323420074349443,269
1330,2023Q4,0.8786764705882353,272
1330,2024Q1,0.8786764705882353,272
1330,2024Q2,0.8823529411764706,272
1330,2024Q3,0.8860294117647058,272
1330,2024Q4,0.8860294117647058,272
1331,2023Q4,0.9671532846715328,274
1331,2024Q1,0.9708029197080292,274
1331,2024Q2,0.9708029197080292,274
1331,2024Q3,0.9817518248175182,274
1331,2024Q4,0.9817518248175182,274
1332,2024Q1,0.927007299270073,274
1332,2024Q2,0.9379562043795621,274
1332,2024Q3,0.9562043795620438,274
1332,2024Q4,0.9562043795620438,274
1333,2023Q4,1.0,274
1333,2024Q1,1.0,274
1333,2024Q2,1.0,274
1333,2024Q3,1.0,274
1333,2024Q4,1.0,274
1334,2023Q4,0.8345323741007195,278
1334,2024Q1,0.8309352517985612,278
1334,2024Q2,0.8201438848920863,278
1334,2024Q3,0.8129496402877698,278
1334,2024Q4,0.8057553956834532,278
1335,2023Q4,0.9552238805970149,268
1335,2024Q1,0.9477611940298507,268
1335,2024Q2,0.9552238805970149,268
1335,2024Q3,0.9589552238805971,268
1335,2024Q4,0.9589552238805971,268
1336,2023Q4,0.9433962264150944,265
1336,2024Q1,0.9433962264150944,265
1336,2024Q2,0.9433962264150944,265
1336,2024Q3,0.9433962264150944,265
1336,2024Q4,0.9433962264150944,265
1337,2023Q4,0.7323420074349443,269
1337,2024Q1,0.7360594795539034,269
1337,2024Q2,0.7620817843866171,269
1337,2024Q3,0.8252788104089219,269
1337,2024Q4,0.8773234200743495,269
1338,2023Q4,0.6956521739130435,276
1338,2024Q1,0.7753623188405797,276
1338,2024Q2,0.7608695652173914,276
1338,2024Q3,0.6231884057971014,276
1338,2024Q4,0.5036231884057971,276
1339,2023Q4,0.8795620437956204,274
1339,2024Q1,0.8503649635036497,274
1339,2024Q2,0.7627737226277372,274
1339,2024Q3,0.7226277372262774,274
1339,2024Q4,0.7007299270072993,274
1340,2023Q4,0.9770114942528736,261
1340,2024Q1,0.9846743295019157,261
1340,2024Q2,0.9770114942528736,261
1340,2024Q3,0.9386973180076629,261
1340,2024Q4,0.9042145593869731,261
1341,2023Q4,0.7343173431734318,271
1341,2024Q1,0.7158671586715867,271
1341,2024Q2,0.6125461254612546,271
1341,2024Q3,0.5092250922509225,271
1341,2024Q4,0.4575645756457565,271
1342,2024Q4,0.9820143884892086,278
1343,2023Q4,0.8208955223880597,268
1343,2024Q1,0.835820895522388,268
1343,2024Q2,0.8843283582089553,268
1343,2024Q3,0.9328358208955224,268
1343,2024Q4,0.9440298507462687,268
1344,2023Q4,0.9774436090225563,266
1344,2024Q1,0.9774436090225563,266
1344,2024Q2,0.9774436090225563,266
1344,2024Q3,0.9774436090225563,266
1344,2024Q4,0.9774436090225563,266
1345,2023Q4,0.9411764705882353,272
1345,2024Q1,0.9411764705882353,272
1345,2024Q2,0.9485294117647058,272
1345,2024Q3,0.9485294117647058,272
1345,2024Q4,0.9485294117647058,272
1346,2023Q4,0.966542750929368,269
1346,2024Q1,0.9702602230483272,269
1346,2024Q2,0.966542750929368,269
1346,2024Q3,0.966542750929368,269
1346,2024Q4,0.966542750929368,269
1347,2023Q4,0.9552238805970149,268
1347,2024Q1,0.9552238805970149,268
1347,2024Q2,0.9552238805970149,268
1347,2024Q3,0.9552238805970149,268
1347,2024Q4,0.9552238805970149,268
1348,2023Q4,0.9607142857142857,280
1348,2024Q1,0.975,280
1348,2024Q2,0.9892857142857143,280
1348,2024Q3,0.9928571428571429,280
1348,2024Q4,0.9785714285714285,280
1349,2023Q4,0.9547169811320755,265
1349,2024Q1,0.9547169811320755,265
1349,2024Q2,0.9547169811320755,265
1349,2024Q3,0.9471698113207547,265
1349,2024Q4,0.9471698113207547,265
1350,2023Q4,0.9477611940298507,268
1350,2024Q1,0.9477611940298507,268
1350,2024Q2,0.9477611940298507,268
1350,2024Q3,0.9477611940298507,268
1350,2024Q4,0.9477611940298507,268
1351,2023Q4,0.9372693726937269,271
1351,2024Q1,0.9372693726937269,271
1351,2024Q2,0.933579335793358,271
1351,2024Q3,0.922509225092251,271
1351,2024Q4,0.940959409594096,271
1352,2023Q4,0.8661710037174721,269
1352,2024Q1,0.8587360594795539,269
1352,2024Q2,0.8661710037174721,269
1352,2024Q3,0.895910780669145,269
1352,2024Q4,0.9182156133828996,269
1353,2023Q4,0.8639705882352942,272
1353,2024Q1,0.9301470588235294,272
1353,2024Q2,0.9485294117647058,272
1353,2024Q3,0.9522058823529411,272
1353,2024Q4,0.9522058823529411,272
1354,2024Q4,0.7434944237918215,269
1355,2023Q4,0.9505703422053232,263
1355,2024Q1,0.9505703422053232,263
1355,2024Q2,0.9505703422053232,263
1355,2024Q3,0.9505703422053232,263
1355,2024Q4,0.9505703422053232,263
1356,2023Q4,0.6150943396226415,265
1356,2024Q1,0.5433962264150943,265
1356,2024Q2,0.5547169811320755,265
1356,2024Q3,0.6226415094339622,265
1356,2024Q4,0.6150943396226415,265
1357,2023Q4,0.6739130434782609,276
1357,2024Q1,0.6413043478260869,276
1357,2024Q2,0.6304347826086957,276
1357,2024Q3,0.6557971014492754,276
1357,2024Q4,0.6811594202898551,276
1358,2023Q4,0.8422939068100358,279
1358,2024Q1,0.8243727598566308,279
1358,2024Q2,0.8422939068100358,279
1358,2024Q3,0.9247311827956989,279
1358,2024Q4,0.946236559139785,279
1392,2023Q4,0.9505703422053232,263
1392,2024Q1,0.9505703422053232,263
1392,2024Q2,0.9505703422053232,263
1392,2024Q3,0.9505703422053232,263
1392,2024Q4,0.9505703422053232,263
1393,2023Q4,0.9442379182156134,269
1393,2024Q1,0.9516728624535316,269
1393,2024Q2,0.9516728624535316,269
1393,2024Q3,0.9442379182156134,269
1393,2024Q4,0.9256505576208178,269
1394,2023Q4,0.8436363636363636,275
1394,2024Q1,0.84,275
1394,2024Q2,0.84,275
1394,2024Q3,0.8181818181818182,275
1394,2024Q4,0.8109090909090909,275
1395,2023Q4,1.0,266
1395,2024Q1,1.0,266
1395,2024Q2,1.0,266
1395,2024Q3,1.0,266
1395,2024Q4,1.0,266
1396,2023Q4,1.0,275
1396,2024Q1,1.0,275
1396,2024Q2,1.0,275
1396,2024Q3,1.0,275
1396,2024Q4,1.0,275
1397,2023Q4,1.0,274
1397,2024Q1,1.0,274
1397,2024Q2,1.0,274
1397,2024Q3,1.0,274
1397,2024Q4,1.0,274
1398,2023Q4,0.9961977186311787,263
1398,2024Q1,1.0,263
1398,2024Q2,0.9961977186311787,263
1398,2024Q3,0.9961977186311787,263
1398,2024Q4,0.9961977186311787,263
1399,2023Q4,0.7396226415094339,265
1399,2024Q1,0.6943396226415094,265
1399,2024Q2,0.6037735849056604,265
1399,2024Q3,0.5735849056603773,265
1399,2024Q4,0.5622641509433962,265
1400,2023Q4,1.0,273
1400,2024Q1,1.0,273
1400,2024Q2,1.0,273
1400,2024Q3,1.0,273
1400,2024Q4,1.0,273
1401,2023Q4,0.9636363636363636,275
1401,2024Q1,0.9563636363636364,275
1401,2024Q2,0.9490909090909091,275
1401,2024Q3,0.9418181818181818,275
1401,2024Q4,0.9381818181818182,275
1402,2023Q4,1.0,259
1402,2024Q1,1.0,259
1402,2024Q2,1.0,259
1402,2024Q3,1.0,259
1402,2024Q4,1.0,259
1403,2023Q4,1.0,266
1403,2024Q1,1.0,266
1403,2024Q2,1.0,266
1403,2024Q3,1.0,266
1403,2024Q4,1.0,266
1404,2023Q4,0.9550561797752809,267
1404,2024Q1,0.9550561797752809,267
1404,2024Q2,0.9550561797752809,267
1404,2024Q3,0.9550561797752809,267
1404,2024Q4,0.9550561797752809,267
1405,2023Q4,0.9029850746268657,268
1405,2024Q1,0.8992537313432836,268
1405,2024Q2,0.8843283582089553,268
1405,2024Q3,0.8544776119402985,268
1405,2024Q4,0.8470149253731343,268
1406,2023Q4,0.9247311827956989,279
1406,2024Q1,0.9247311827956989,279
1406,2024Q2,0.9247311827956989,279
1406,2024Q3,0.9247311827956989,279
1406,2024Q4,0.9247311827956989,279
1407,2023Q4,0.8164794007490637,267
1407,2024Q1,0.8014981273408239,267
1407,2024Q2,0.7902621722846442,267
1407,2024Q3,0.704119850187266,267
1407,2024Q4,0.6966292134831461,267
1408,2023Q4,1.0,271
1408,2024Q1,1.0,271
1408,2024Q2,1.0,271
1408,2024Q3,1.0,271
1408,2024Q4,1.0,271
1409,2023Q4,1.0,274
1409,2024Q1,1.0,274
1409,2024Q2,1.0,274
1409,2024Q3,1.0,274
1409,2024Q4,1.0,274
1410,2023Q4,1.0,273
1410,2024Q1,1.0,273
1410,2024Q2,1.0,273
1410,2024Q3,1.0,273
1410,2024Q4,1.0,273
1411,2023Q4,1.0,255
1411,2024Q1,1.0,255
1411,2024Q2,1.0,255
1411,2024Q3,1.0,255
1411,2024Q4,1.0,255
1412,2023Q4,0.8659420289855072,276
1412,2024Q1,0.8876811594202898,276
1412,2024Q2,0.8876811594202898,276
1412,2024Q3,0.8768115942028986,276
1412,2024Q4,0.8913043478260869,276
1413,2023Q4,0.7191011235955056,267
1413,2024Q1,0.8014981273408239,267
1413,2024Q2,0.8314606741573034,267
1413,2024Q3,0.8352059925093633,267
1413,2024Q4,0.8389513108614233,267
1414,2023Q4,0.9642857142857143,280
1414,2024Q1,0.9642857142857143,280
1414,2024Q2,0.9642857142857143,280
1414,2024Q3,0.9607142857142857,280
1414,2024Q4,0.9571428571428572,280
1415,2023Q4,0.8246268656716418,268
1415,2024Q1,0.8208955223880597,268
1415,2024Q2,0.8246268656716418,268
1415,2024Q3,0.832089552238806,268
1415,2024Q4,0.835820895522388,268
1416,2023Q4,0.8555555555555555,270
1416,2024Q1,0.8555555555555555,270
1416,2024Q2,0.8629629629629629,270
1416,2024Q3,0.8666666666666667,270
1416,2024Q4,0.8666666666666667,270
1417,2023Q4,0.8487084870848709,271
1417,2024Q1,0.8487084870848709,271
1417,2024Q2,0.8487084870848709,271
1417,2024Q3,0.8487084870848709,271
1417,2024Q4,0.8523985239852399,271
1419,2023Q4,0.825925925925926,270
1419,2024Q1,0.8296296296296296,270
1419,2024Q2,0.837037037037037,270
1419,2024Q3,0.8333333333333334,270
1419,2024Q4,0.8333333333333334,270
1420,2023Q4,0.8523985239852399,271
1420,2024Q1,0.8523985239852399,271
1420,2024Q2,0.8560885608856088,271
1420,2024Q3,0.8634686346863468,271
1420,2024Q4,0.8745387453874539,271
1421,2023Q4,0.9481481481481482,270
1421,2024Q1,0.9666666666666667,270
1421,2024Q2,0.9629629629629629,270
1421,2024Q3,0.9703703703703703,270
1421,2024Q4,0.9629629629629629,270
1422,2023Q4,0.947565543071161,267
1422,2024Q1,0.951310861423221,267
1422,2024Q2,0.9588014981273408,267
1422,2024Q3,0.9625468164794008,267
1422,2024Q4,0.9588014981273408,267
1423,2023Q4,0.8243727598566308,279
1423,2024Q1,0.8243727598566308,279
1423,2024Q2,0.8279569892473119,279
1423,2024Q3,0.8387096774193549,279
1423,2024Q4,0.8422939068100358,279
1425,2023Q4,0.5661764705882353,272
1425,2024Q1,0.6470588235294118,272
1425,2024Q2,0.7389705882352942,272
1425,2024Q3,0.7977941176470589,272
1425,2024Q4,0.8235294117647058,272
1426,2023Q4,0.8059701492537313,268
1426,2024Q1,0.8059701492537313,268
1426,2024Q2,0.7947761194029851,268
1426,2024Q3,0.7798507462686567,268
1426,2024Q4,0.7835820895522388,268
1427,2023Q4,0.7833935018050542,277
1427,2024Q1,0.776173285198556,277
1427,2024Q2,0.8086642599277978,277
1427,2024Q3,0.8303249097472925,277
1427,2024Q4,0.8158844765342961,277
1428,2023Q4,0.8185185185185185,270
1428,2024Q1,0.8185185185185185,270
1428,2024Q2,0.8222222222222222,270
1428,2024Q3,0.8296296296296296,270
1428,2024Q4,0.8333333333333334,270
1429,2023Q4,0.6446886446886447,273
1429,2024Q1,0.6813186813186813,273
1429,2024Q2,0.6959706959706959,273
1429,2024Q3,0.6886446886446886,273
1429,2024Q4,0.7289377289377289,273
1430,2023Q4,0.9709090909090909,275
1430,2024Q1,0.9381818181818182,275
1430,2024Q2,0.8981818181818182,275
1430,2024Q3,0.8945454545454545,275
1430,2024Q4,0.8290909090909091,275
1431,2023Q4,0.9962825278810409,269
1431,2024Q1,0.9962825278810409,269
1431,2024Q2,0.9962825278810409,269
1431,2024Q3,0.9962825278810409,269
1431,2024Q4,0.9962825278810409,269
1434,2023Q4,0.9963235294117647,272
1434,2024Q1,0.9963235294117647,272
1434,2024Q2,0.9963235294117647,272
1435,2023Q4,0.9962962962962963,270
1435,2024Q1,0.9962962962962963,270
1435,2024Q2,0.9962962962962963,270
1435,2024Q3,0.9962962962962963,270
1437,2023Q4,0.9924528301886792,265
1437,2024Q1,0.9924528301886792,265
1437,2024Q2,0.9962264150943396,265
1437,2024Q3,0.9962264150943396,265
1438,2023Q4,0.9927536231884058,276
1438,2024Q1,0.9927536231884058,276
1438,2024Q2,0.9963768115942029,276
1438,2024Q3,0.9963768115942029,276
1438,2024Q4,0.9963768115942029,276
1439,2023Q4,1.0,276
1439,2024Q1,1.0,276
1439,2024Q2,1.0,276
1439,2024Q3,1.0,276
1439,2024Q4,1.0,276
1440,2023Q4,1.0,263
1440,2024Q1,1.0,263
1440,2024Q2,1.0,263
1440,2024Q3,1.0,263
1440,2024Q4,1.0,263
1443,2023Q4,1.0,267
1443,2024Q1,1.0,267
1443,2024Q2,1.0,267
1443,2024Q3,1.0,267
1443,2024Q4,1.0,267
1444,2023Q4,1.0,273
1444,2024Q1,1.0,273
1444,2024Q2,1.0,273
1444,2024Q3,1.0,273
1444,2024Q4,1.0,273
1445,2023Q4,1.0,271
1445,2024Q1,1.0,271
1445,2024Q2,1.0,271
1445,2024Q3,1.0,271
1445,2024Q4,1.0,271
1446,2023Q4,1.0,276
1446,2024Q1,1.0,276
1446,2024Q2,1.0,276
1446,2024Q3,1.0,276
1446,2024Q4,1.0,276
1447,2023Q4,1.0,266
1447,2024Q1,1.0,266
1447,2024Q2,1.0,266
1447,2024Q3,1.0,266
1447,2024Q4,1.0,266
1448,2023Q4,1.0,271
1448,2024Q1,1.0,271
1448,2024Q2,1.0,271
1448,2024Q3,1.0,271
1448,2024Q4,1.0,271
1449,2023Q4,0.9635036496350365,274
1449,2024Q1,0.9598540145985401,274
1449,2024Q2,0.9598540145985401,274
1449,2024Q3,0.9598540145985401,274
1449,2024Q4,0.9598540145985401,274
1453,2023Q4,1.0,266
1453,2024Q1,1.0,266
1453,2024Q2,1.0,266
1453,2024Q3,1.0,266
1453,2024Q4,1.0,266
1454,2023Q4,1.0,268
1454,2024Q1,1.0,268
1454,2024Q2,1.0,268
1454,2024Q3,1.0,268
1454,2024Q4,1.0,268
1456,2023Q4,1.0,269
1456,2024Q1,1.0,269
1456,2024Q2,1.0,269
1456,2024Q3,1.0,269
1456,2024Q4,1.0,269
1457,2023Q4,1.0,268
1457,2024Q1,1.0,268
1457,2024Q2,1.0,268
1457,2024Q3,1.0,268
1457,2024Q4,1.0,268
1459,2023Q4,1.0,263
1459,2024Q1,1.0,263
1459,2024Q2,1.0,263
1459,2024Q3,1.0,263
1459,2024Q4,1.0,263
1461,2023Q4,1.0,278
1461,2024Q1,1.0,278
1461,2024Q2,1.0,278
1461,2024Q3,1.0,278
1461,2024Q4,1.0,278
1463,2023Q4,1.0,276
1463,2024Q1,1.0,276
1463,2024Q2,1.0,276
1463,2024Q3,1.0,276
1463,2024Q4,1.0,276
1464,2023Q4,1.0,271
1464,2024Q1,1.0,271
1464,2024Q2,1.0,271
1464,2024Q3,1.0,271
1464,2024Q4,1.0,271
1465,2023Q4,1.0,270
1465,2024Q1,1.0,270
1465,2024Q2,1.0,270
1465,2024Q3,1.0,270
1465,2024Q4,1.0,270
1467,2023Q4,1.0,268
1467,2024Q1,1.0,268
1467,2024Q2,1.0,268
1467,2024Q3,1.0,268
1467,2024Q4,1.0,268
1468,2023Q4,1.0,270
1468,2024Q1,1.0,270
1468,2024Q2,1.0,270
1468,2024Q3,1.0,270
1468,2024Q4,1.0,270
1471,2023Q4,1.0,279
1472,2023Q4,1.0,259
1472,2024Q1,1.0,259
1472,2024Q2,1.0,259
1472,2024Q3,1.0,259
1472,2024Q4,1.0,259
1473,2023Q4,0.6974169741697417,271
1473,2024Q1,0.7564575645756457,271
1473,2024Q2,0.7343173431734318,271
1473,2024Q3,0.6678966789667896,271
1473,2024Q4,0.5940959409594095,271
1474,2023Q4,0.84,275
1474,2024Q1,0.8836363636363637,275
1474,2024Q2,0.9018181818181819,275
1474,2024Q3,0.9163636363636364,275
1474,2024Q4,0.9163636363636364,275
1475,2023Q4,1.0,274
1475,2024Q1,1.0,274
1475,2024Q2,1.0,274
1475,2024Q3,1.0,274
1475,2024Q4,1.0,274
1477,2023Q4,1.0,270
1477,2024Q1,1.0,270
1477,2024Q2,1.0,270
1477,2024Q3,1.0,270
1477,2024Q4,1.0,270
1478,2023Q4,0.9660377358490566,265
1478,2024Q1,0.9660377358490566,265
1478,2024Q2,0.9660377358490566,265
1478,2024Q3,0.9660377358490566,265
1478,2024Q4,0.9660377358490566,265
1480,2023Q4,1.0,267
1480,2024Q1,1.0,267
1480,2024Q2,1.0,267
1480,2024Q3,1.0,267
1480,2024Q4,1.0,267
1481,2023Q4,1.0,269
1481,2024Q1,1.0,269
1481,2024Q2,1.0,269
1481,2024Q3,1.0,269
1481,2024Q4,1.0,269
1483,2023Q4,0.7683823529411765,272
1483,2024Q1,0.7977941176470589,272
1483,2024Q2,0.8125,272
1483,2024Q3,0.7977941176470589,272
1483,2024Q4,0.7463235294117647,272
1484,2023Q4,1.0,269
1484,2024Q1,1.0,269
1484,2024Q2,1.0,269
1484,2024Q3,1.0,269
1484,2024Q4,1.0,269
1486,2023Q4,0.7885304659498208,279
1486,2024Q1,0.7992831541218638,279
1486,2024Q2,0.8028673835125448,279
1486,2024Q3,0.7634408602150538,279
1486,2024Q4,0.7168458781362007,279
1487,2023Q4,0.849624060150376,266
1488,2023Q4,1.0,274
1488,2024Q1,1.0,274
1488,2024Q2,1.0,274
1488,2024Q3,1.0,274
1488,2024Q4,1.0,274
1489,2023Q4,0.9782608695652174,276
1489,2024Q1,0.9963768115942029,276
1489,2024Q2,0.9927536231884058,276
1489,2024Q3,0.9927536231884058,276
1489,2024Q4,0.9963768115942029,276
1490,2023Q4,1.0,259
1490,2024Q1,1.0,259
1490,2024Q2,1.0,259
1490,2024Q3,1.0,259
1490,2024Q4,1.0,259
1491,2023Q4,1.0,268
1491,2024Q1,1.0,268
1491,2024Q2,1.0,268
1491,2024Q3,1.0,268
1491,2024Q4,1.0,268
1492,2023Q4,1.0,272
1492,2024Q1,1.0,272
1492,2024Q2,1.0,272
1492,2024Q3,1.0,272
1492,2024Q4,1.0,272
1493,2023Q4,1.0,273
1493,2024Q1,1.0,273
1493,2024Q2,1.0,273
1493,2024Q3,1.0,273
1493,2024Q4,1.0,273
1494,2023Q4,0.6383763837638377,271
1494,2024Q1,0.5498154981549815,271
1494,2024Q2,0.5350553505535055,271
1494,2024Q3,0.6605166051660517,271
1494,2024Q4,0.7380073800738007,271
1495,2023Q4,1.0,267
1495,2024Q1,1.0,267
1495,2024Q2,1.0,267
1495,2024Q3,1.0,267
1495,2024Q4,1.0,267
1496,2023Q4,1.0,275
1496,2024Q1,1.0,275
1496,2024Q2,1.0,275
1496,2024Q3,1.0,275
1496,2024Q4,1.0,275
1500,2023Q4,1.0,270
1500,2024Q1,1.0,270
1500,2024Q2,1.0,270
1500,2024Q3,1.0,270
1500,2024Q4,1.0,270
1501,2023Q4,1.0,269
1501,2024Q1,1.0,269
1501,2024Q2,1.0,269
1501,2024Q3,1.0,269
1501,2024Q4,1.0,269
1504,2023Q4,0.7881040892193308,269
1504,2024Q1,0.8178438661710037,269
1504,2024Q2,0.8438661710037175,269
1504,2024Q3,0.862453531598513,269
1504,2024Q4,0.8587360594795539,269
1506,2023Q4,1.0,265
1506,2024Q1,1.0,265
1506,2024Q2,1.0,265
1506,2024Q3,1.0,265
1506,2024Q4,1.0,265
1507,2023Q4,0.8265682656826568,271
1507,2024Q1,0.940959409594096,271
1507,2024Q2,0.9630996309963099,271
1507,2024Q3,0.981549815498155,271
1507,2024Q4,0.981549815498155,271
1508,2023Q4,0.6088560885608856,271
1508,2024Q1,0.7416974169741697,271
1508,2024Q2,0.8597785977859779,271
1508,2024Q3,0.8856088560885609,271
1508,2024Q4,0.9003690036900369,271
1509,2023Q4,0.7748091603053435,262
1509,2024Q1,0.732824427480916,262
1509,2024Q2,0.6603053435114504,262
1509,2024Q3,0.5801526717557252,262
1509,2024Q4,0.5343511450381679,262
1510,2023Q4,0.8470149253731343,268
1510,2024Q1,0.8470149253731343,268
1510,2024Q2,0.8470149253731343,268
1510,2024Q3,0.8246268656716418,268
1510,2024Q4,0.7985074626865671,268
1511,2023Q4,0.7554744525547445,274
1511,2024Q1,0.6934306569343066,274
1511,2024Q2,0.6788321167883211,274
1511,2024Q3,0.6642335766423357,274
1511,2024Q4,0.6277372262773723,274
1512,2023Q4,0.8426966292134831,267
1512,2024Q1,0.8426966292134831,267
1512,2024Q2,0.8314606741573034,267
1512,2024Q3,0.7902621722846442,267
1512,2024Q4,0.7528089887640449,267
1518,2023Q4,0.8455882352941176,272
1518,2024Q1,0.8382352941176471,272
1518,2024Q2,0.8382352941176471,272
1518,2024Q3,0.8235294117647058,272
1518,2024Q4,0.8161764705882353,272
1519,2023Q4,0.6836363636363636,275
1519,2024Q1,0.7527272727272727,275
1519,2024Q2,0.7963636363636364,275
1519,2024Q3,0.8327272727272728,275
1519,2024Q4,0.8581818181818182,275
1520,2023Q4,0.9169811320754717,265
1520,2024Q1,0.9169811320754717,265
1520,2024Q2,0.9169811320754717,265
1520,2024Q3,0.9056603773584906,265
1520,2024Q4,0.9018867924528302,265
1521,2023Q4,0.4681647940074906,267
1521,2024Q1,0.3782771535580524,267
1521,2024Q2,0.7490636704119851,267
1521,2024Q3,0.8314606741573034,267
1521,2024Q4,0.9250936329588015,267
1522,2023Q4,0.9535714285714286,280
1522,2024Q1,0.9571428571428572,280
1522,2024Q2,0.9571428571428572,280
1522,2024Q3,0.9535714285714286,280
1522,2024Q4,0.9535714285714286,280
1523,2023Q4,1.0,270
1523,2024Q1,1.0,270
1523,2024Q2,1.0,270
1523,2024Q3,1.0,270
1523,2024Q4,1.0,270
1525,2023Q4,1.0,268
1525,2024Q1,1.0,268
1525,2024Q2,1.0,268
1525,2024Q3,1.0,268
1525,2024Q4,1.0,268
1526,2023Q4,1.0,270
1526,2024Q1,1.0,270
1526,2024Q2,1.0,270
1526,2024Q3,1.0,270
1526,2024Q4,1.0,270
1527,2023Q4,1.0,260
1527,2024Q1,1.0,260
1527,2024Q2,1.0,260
1527,2024Q3,1.0,260
1527,2024Q4,1.0,260
1528,2023Q4,0.9622641509433962,265
1528,2024Q1,0.9622641509433962,265
1528,2024Q2,0.9584905660377359,265
1528,2024Q3,0.9622641509433962,265
1528,2024Q4,0.9622641509433962,265
1529,2023Q4,0.9637681159420289,276
1529,2024Q1,0.9601449275362319,276
1529,2024Q2,0.9601449275362319,276
1529,2024Q3,0.9601449275362319,276
1529,2024Q4,0.9601449275362319,276
1530,2023Q4,0.7727272727272727,264
1530,2024Q1,0.7348484848484849,264
1530,2024Q2,0.7083333333333334,264
1530,2024Q3,0.7007575757575758,264
1530,2024Q4,0.6931818181818182,264
1532,2023Q4,0.5892857142857143,280
1532,2024Q1,0.425,280
1532,2024Q2,0.4,280
1532,2024Q3,0.44642857142857145,280
1532,2024Q4,0.6928571428571428,280
1533,2023Q4,0.8984962406015038,266
1533,2024Q1,0.9097744360902256,266
1533,2024Q2,0.9210526315789473,266
1533,2024Q3,0.9210526315789473,266
1533,2024Q4,0.9097744360902256,266
1534,2023Q4,0.5257352941176471,272
1534,2024Q1,0.5404411764705882,272
1534,2024Q2,0.5845588235294118,272
1534,2024Q3,0.5772058823529411,272
1534,2024Q4,0.5772058823529411,272
1535,2023Q4,0.725,280
1535,2024Q1,0.5071428571428571,280
1535,2024Q2,0.3892857142857143,280
1535,2024Q3,0.7571428571428571,280
1535,2024Q4,0.8107142857142857,280
1536,2023Q4,0.47876447876447875,259
1536,2024Q1,0.4980694980694981,259
1536,2024Q2,0.5135135135135135,259
1536,2024Q3,0.5752895752895753,259
1536,2024Q4,0.694980694980695,259
1537,2023Q4,0.8796992481203008,266
1537,2024Q1,0.8796992481203008,266
1537,2024Q2,0.8796992481203008,266
1537,2024Q3,0.8834586466165414,266
1537,2024Q4,0.8834586466165414,266
1539,2023Q4,0.4606741573033708,267
1539,2024Q1,0.24719101123595505,267
1539,2024Q2,0.7940074906367042,267
1539,2024Q3,0.846441947565543,267
1539,2024Q4,0.8614232209737828,267
1540,2023Q4,0.9711191335740073,277
1540,2024Q1,0.9927797833935018,277
1540,2024Q2,0.9855595667870036,277
1540,2024Q3,0.9891696750902527,277
1540,2024Q4,0.9927797833935018,277
1541,2023Q4,0.8872727272727273,275
1541,2024Q1,0.9090909090909091,275
1541,2024Q2,0.9163636363636364,275
1541,2024Q3,0.9309090909090909,275
1541,2024Q4,0.9381818181818182,275
1542,2023Q4,0.7835820895522388,268
1542,2024Q1,0.7574626865671642,268
1542,2024Q2,0.7835820895522388,268
1542,2024Q3,0.832089552238806,268
1542,2024Q4,0.8507462686567164,268
1543,2023Q4,0.922509225092251,271
1543,2024Q1,0.9188191881918819,271
1543,2024Q2,0.9261992619926199,271
1543,2024Q3,0.9114391143911439,271
1543,2024Q4,0.9003690036900369,271
1544,2023Q4,0.9418181818181818,275
1544,2024Q1,0.9454545454545454,275
1544,2024Q2,0.9636363636363636,275
1544,2024Q3,0.9672727272727273,275
1544,2024Q4,0.9672727272727273,275
1545,2023Q4,0.959409594095941,271
1545,2024Q1,0.966789667896679,271
1545,2024Q2,0.977859778597786,271
1545,2024Q3,0.985239852398524,271
1545,2024Q4,0.988929889298893,271
1546,2023Q4,0.8823529411764706,272
1546,2024Q1,0.8823529411764706,272
1546,2024Q2,0.8823529411764706,272
1546,2024Q3,0.8860294117647058,272
1546,2024Q4,0.8860294117647058,272
1547,2023Q4,0.929368029739777,269
1547,2024Q1,0.9256505576208178,269
1547,2024Q2,0.9219330855018587,269
1547,2024Q3,0.9330855018587361,269
1547,2024Q4,0.9368029739776952,269
1548,2023Q4,0.9306569343065694,274
1548,2024Q1,0.9379562043795621,274
1548,2024Q2,0.9452554744525548,274
1548,2024Q3,0.9525547445255474,274
1548,2024Q4,0.948905109489051,274
1549,2023Q4,0.9642857142857143,280
1549,2024Q1,0.9642857142857143,280
1549,2024Q2,0.9607142857142857,280
1549,2024Q3,0.9607142857142857,280
1549,2024Q4,0.9607142857142857,280
1550,2023Q4,0.8825757575757576,264
1550,2024Q1,0.875,264
1550,2024Q2,0.875,264
1550,2024Q3,0.875,264
1550,2024Q4,0.875,264
1551,2023Q4,0.9157509157509157,273
1551,2024Q1,0.9340659340659341,273
1551,2024Q2,0.9487179487179487,273
1551,2024Q3,0.9597069597069597,273
1551,2024Q4,0.967032967032967,273
1552,2023Q4,0.9191176470588235,272
1552,2024Q1,0.9301470588235294,272
1552,2024Q2,0.9448529411764706,272
1552,2024Q3,0.9595588235294118,272
1552,2024Q4,0.9632352941176471,272
1553,2023Q4,0.6715867158671587,271
1553,2024Q1,0.5350553505535055,271
1553,2024Q2,0.36531365313653136,271
1553,2024Q3,0.2878228782287823,271
1553,2024Q4,0.23247232472324722,271
1554,2023Q4,0.8351648351648352,273
1554,2024Q1,0.8168498168498168,273
1554,2024Q2,0.8058608058608059,273
1554,2024Q3,0.7948717948717948,273
1554,2024Q4,0.7765567765567766,273
1555,2023Q4,0.8731884057971014,276
1555,2024Q1,0.8731884057971014,276
1555,2024Q2,0.8731884057971014,276
1555,2024Q3,0.8768115942028986,276
1555,2024Q4,0.8768115942028986,276
1556,2023Q4,0.9194139194139194,273
1556,2024Q1,0.9084249084249084,273
1556,2024Q2,0.8791208791208791,273
1556,2024Q3,0.8571428571428571,273
1556,2024Q4,0.8315018315018315,273
1557,2023Q4,0.7335766423357665,274
1557,2024Q1,0.6970802919708029,274
1557,2024Q2,0.6897810218978102,274
1557,2024Q3,0.6678832116788321,274
1557,2024Q4,0.635036496350365,274
1558,2023Q4,0.5833333333333334,276
1558,2024Q1,0.48188405797101447,276
1558,2024Q2,0.5507246376811594,276
1558,2024Q3,0.4673913043478261,276
1558,2024Q4,0.5688405797101449,276
1559,2023Q4,0.8723404255319149,282
1559,2024Q1,0.8829787234042553,282
1559,2024Q2,0.9042553191489362,282
1559,2024Q3,0.9184397163120568,282
1559,2024Q4,0.9290780141843972,282
1560,2023Q4,1.0,284
1560,2024Q1,1.0,284
1560,2024Q2,1.0,284
1560,2024Q3,1.0,284
1560,2024Q4,1.0,284
1561,2023Q4,0.9026217228464419,267
1561,2024Q1,0.8913857677902621,267
1561,2024Q2,0.9026217228464419,267
1561,2024Q3,0.9176029962546817,267
1561,2024Q4,0.9325842696629213,267
1562,2023Q4,0.9592592592592593,270
1562,2024Q1,0.9629629629629629,270
1562,2024Q2,0.9629629629629629,270
1562,2024Q3,0.9629629629629629,270
1562,2024Q4,0.9629629629629629,270
1563,2023Q4,1.0,276
1563,2024Q1,0.9891304347826086,276
1563,2024Q2,0.9818840579710145,276
1563,2024Q3,0.9782608695652174,276
1563,2024Q4,0.9891304347826086,276
1564,2023Q4,0.8656716417910447,268
1564,2024Q1,0.8656716417910447,268
1564,2024Q2,0.8694029850746269,268
1564,2024Q3,0.8731343283582089,268
1564,2024Q4,0.8805970149253731,268
1565,2023Q4,0.8613138686131386,274
1565,2024Q1,0.8467153284671532,274
1565,2024Q2,0.8576642335766423,274
1565,2024Q3,0.8686131386861314,274
1565,2024Q4,0.8722627737226277,274
1566,2023Q4,0.933852140077821,257
1566,2024Q1,0.8988326848249028,257
1566,2024Q2,0.8638132295719845,257
1566,2024Q3,0.642023346303502,257
1566,2024Q4,0.5836575875486382,257
1567,2023Q4,0.9222222222222223,270
1567,2024Q1,0.9444444444444444,270
1567,2024Q2,0.9555555555555556,270
1567,2024Q3,0.9703703703703703,270
1567,2024Q4,0.9740740740740741,270
1568,2023Q4,0.6431226765799256,269
1568,2024Q1,0.7806691449814126,269
1568,2024Q2,0.8661710037174721,269
1568,2024Q3,0.8773234200743495,269
1568,2024Q4,0.862453531598513,269
1569,2023Q4,0.8836363636363637,275
1569,2024Q1,0.88,275
1569,2024Q2,0.8909090909090909,275
1569,2024Q3,0.8981818181818182,275
1569,2024Q4,0.92,275
1570,2023Q4,0.9706959706959707,273
1570,2024Q1,0.978021978021978,273
1570,2024Q2,0.9816849816849816,273
1570,2024Q3,0.978021978021978,273
1570,2024Q4,0.9816849816849816,273
1571,2023Q4,0.948905109489051,274
1571,2024Q1,0.948905109489051,274
1571,2024Q2,0.948905109489051,274
1571,2024Q3,0.9452554744525548,274
1571,2024Q4,0.9635036496350365,274
1572,2023Q4,0.9781021897810219,274
1572,2024Q1,0.9854014598540146,274
1572,2024Q2,0.9854014598540146,274
1572,2024Q3,0.9854014598540146,274
1572,2024Q4,0.9854014598540146,274
1573,2023Q4,0.981203007518797,266
1573,2024Q1,0.9774436090225563,266
1573,2024Q2,0.981203007518797,266
1573,2024Q3,0.981203007518797,266
1573,2024Q4,0.9736842105263158,266
1574,2023Q4,0.6925925925925925,270
1574,2024Q1,0.7296296296296296,270
1574,2024Q2,0.7703703703703704,270
1574,2024Q3,0.7888888888888889,270
1574,2024Q4,0.762962962962963,270
1575,2023Q4,1.0,270
1575,2024Q1,1.0,270
1575,2024Q2,1.0,270
1575,2024Q3,1.0,270
1575,2024Q4,1.0,270
1577,2023Q4,0.868421052631579,266
1577,2024Q1,0.8759398496240601,266
1577,2024Q2,0.8007518796992481,266
1577,2024Q3,0.7631578947368421,266
1577,2024Q4,0.2819548872180451,266
1578,2023Q4,0.9660377358490566,265
1578,2024Q1,0.9660377358490566,265
1578,2024Q2,0.969811320754717,265
1578,2024Q3,0.969811320754717,265
1578,2024Q4,0.9660377358490566,265
1579,2023Q4,0.8892988929889298,271
1579,2024Q1,0.922509225092251,271
1579,2024Q2,0.955719557195572,271
1579,2024Q3,0.977859778597786,271
1579,2024Q4,0.981549815498155,271
1580,2023Q4,0.9063670411985019,267
1580,2024Q1,0.9176029962546817,267
1580,2024Q2,0.9250936329588015,267
1580,2024Q3,0.9101123595505618,267
1580,2024Q4,0.9213483146067416,267
1581,2023Q4,0.6653992395437263,263
1581,2024Q1,0.623574144486692,263
1581,2024Q2,0.5741444866920152,263
1581,2024Q3,0.4866920152091255,263
1581,2024Q4,0.5209125475285171,263
1582,2023Q4,0.8646616541353384,266
1582,2024Q1,0.868421052631579,266
1582,2024Q2,0.868421052631579,266
1582,2024Q3,0.868421052631579,266
1582,2024Q4,0.868421052631579,266
1583,2023Q4,0.9566929133858267,254
1583,2024Q1,0.9566929133858267,254
1583,2024Q2,0.9606299212598425,254
1583,2024Q3,0.9566929133858267,254
1583,2024Q4,0.9566929133858267,254
1584,2023Q4,0.9420289855072463,276
1584,2024Q1,0.9601449275362319,276
1584,2024Q2,0.9710144927536232,276
1584,2024Q3,0.9818840579710145,276
1584,2024Q4,0.9855072463768116,276
1585,2023Q4,0.9393939393939394,264
1585,2024Q1,0.9507575757575758,264
1585,2024Q2,0.9621212121212122,264
1585,2024Q3,0.9621212121212122,264
1585,2024Q4,0.9583333333333334,264
1586,2023Q4,1.0,272
1586,2024Q1,1.0,272
1586,2024Q2,1.0,272
1586,2024Q3,1.0,272
1586,2024Q4,1.0,272
1587,2023Q4,0.948905109489051,274
1587,2024Q1,0.9306569343065694,274
1587,2024Q2,0.9306569343065694,274
1587,2024Q3,0.9379562043795621,274
1587,2024Q4,0.9416058394160584,274
1588,2023Q4,0.9586466165413534,266
1588,2024Q1,0.9398496240601504,266
1588,2024Q2,0.943609022556391,266
1588,2024Q3,0.9398496240601504,266
1588,2024Q4,0.943609022556391,266
1589,2023Q4,0.9626865671641791,268
1589,2024Q1,0.9664179104477612,268
1589,2024Q2,0.9664179104477612,268
1589,2024Q3,0.9664179104477612,268
1589,2024Q4,0.9664179104477612,268
1590,2023Q4,0.940959409594096,271
1590,2024Q1,0.9630996309963099,271
1590,2024Q2,0.977859778597786,271
1590,2024Q3,0.985239852398524,271
1590,2024Q4,0.988929889298893,271
1591,2023Q4,0.8453237410071942,278
1591,2024Q1,0.8453237410071942,278
1591,2024Q2,0.8561151079136691,278
1591,2024Q3,0.8597122302158273,278
1591,2024Q4,0.8669064748201439,278
1592,2023Q4,0.9553903345724907,269
1592,2024Q1,0.9628252788104089,269
1592,2024Q2,0.9628252788104089,269
1592,2024Q3,0.966542750929368,269
1592,2024Q4,0.9628252788104089,269
1593,2023Q4,0.7443609022556391,266
1593,2024Q1,0.7406015037593985,266
1593,2024Q2,0.7293233082706767,266
1593,2024Q3,0.6917293233082706,266
1593,2024Q4,0.6466165413533834,266
1594,2023Q4,0.8777777777777778,270
1594,2024Q1,0.8777777777777778,270
1594,2024Q2,0.8777777777777778,270
1594,2024Q3,0.8851851851851852,270
1594,2024Q4,0.8851851851851852,270
1595,2023Q4,0.9671532846715328,274
1595,2024Q1,0.9671532846715328,274
1595,2024Q2,0.9671532846715328,274
1595,2024Q3,0.9671532846715328,274
1595,2024Q4,0.9671532846715328,274
1596,2023Q4,0.8582089552238806,268
1596,2024Q1,0.8470149253731343,268
1596,2024Q2,0.8059701492537313,268
1596,2024Q3,0.7686567164179104,268
1596,2024Q4,0.6940298507462687,268
1597,2023Q4,1.0,273
1597,2024Q1,1.0,273
1597,2024Q2,1.0,273
1597,2024Q3,1.0,273
1597,2024Q4,1.0,273
1598,2023Q4,1.0,270
1598,2024Q1,1.0,270
1598,2024Q2,1.0,270
1598,2024Q3,1.0,270
1598,2024Q4,1.0,270
1599,2023Q4,1.0,273
1599,2024Q1,1.0,273
1599,2024Q2,1.0,273
1599,2024Q3,1.0,273
1599,2024Q4,1.0,273
1600,2023Q4,1.0,273
1600,2024Q1,1.0,273
1600,2024Q2,1.0,273
1600,2024Q3,1.0,273
1600,2024Q4,1.0,273
1601,2023Q4,1.0,268
1601,2024Q1,1.0,268
1601,2024Q2,1.0,268
1601,2024Q3,1.0,268
1601,2024Q4,1.0,268
1602,2023Q4,0.5613382899628253,269
1602,2024Q1,0.6022304832713755,269
1602,2024Q2,0.6691449814126395,269
1602,2024Q3,0.724907063197026,269
1602,2024Q4,0.7695167286245354,269
1603,2023Q4,0.8339483394833949,271
1603,2024Q1,0.8376383763837638,271
1603,2024Q2,0.8339483394833949,271
1603,2024Q3,0.8597785977859779,271
1603,2024Q4,0.8856088560885609,271
1604,2023Q4,0.9781021897810219,274
1604,2024Q1,0.9781021897810219,274
1604,2024Q2,0.9781021897810219,274
1604,2024Q3,0.9781021897810219,274
1604,2024Q4,0.9781021897810219,274
1605,2023Q4,0.9558823529411765,272
1605,2024Q1,0.9522058823529411,272
1605,2024Q2,0.9448529411764706,272
1605,2024Q3,0.9411764705882353,272
1605,2024Q4,0.9338235294117647,272
1606,2023Q4,0.9438202247191011,267
1606,2024Q1,0.947565543071161,267
1606,2024Q2,0.951310861423221,267
1606,2024Q3,0.951310861423221,267
1606,2024Q4,0.951310861423221,267
1607,2023Q4,0.9507575757575758,264
1607,2024Q1,0.9507575757575758,264
1607,2024Q2,0.946969696969697,264
1607,2024Q3,0.946969696969697,264
1607,2024Q4,0.946969696969697,264
1608,2023Q4,0.9771863117870723,263
1608,2024Q1,0.9771863117870723,263
1608,2024Q2,0.9771863117870723,263
1608,2024Q3,0.9771863117870723,263
1608,2024Q4,0.9771863117870723,263
1609,2023Q4,0.9850187265917603,267
1609,2024Q1,0.9850187265917603,267
1609,2024Q2,0.9850187265917603,267
1609,2024Q3,0.9850187265917603,267
1609,2024Q4,0.9850187265917603,267
1610,2023Q4,0.8262548262548263,259
1610,2024Q1,0.7683397683397684,259
1610,2024Q2,0.7027027027027027,259
1610,2024Q3,0.6988416988416989,259
1610,2024Q4,0.7142857142857143,259
1611,2023Q4,0.6628352490421456,261
1611,2024Q1,0.7049808429118773,261
1611,2024Q2,0.6628352490421456,261
1611,2024Q3,0.6934865900383141,261
1611,2024Q4,0.7049808429118773,261
1612,2023Q4,0.6518518518518519,270
1612,2024Q1,0.7222222222222222,270
1612,2024Q2,0.7148148148148148,270
1612,2024Q3,0.42592592592592593,270
1612,2024Q4,0.6481481481481481,270
1613,2023Q4,0.9927007299270073,274
1613,2024Q1,0.9927007299270073,274
1613,2024Q2,0.9817518248175182,274
1613,2024Q3,0.9671532846715328,274
1613,2024Q4,0.9671532846715328,274
1614,2023Q4,0.9700374531835206,267
1614,2024Q1,0.9625468164794008,267
1614,2024Q2,0.9625468164794008,267
1614,2024Q3,0.9625468164794008,267
1614,2024Q4,0.9550561797752809,267
1615,2023Q4,0.8540145985401459,274
1615,2024Q1,0.8503649635036497,274
1615,2024Q2,0.8211678832116789,274
1615,2024Q3,0.6204379562043796,274
1615,2024Q4,0.4051094890510949,274
1616,2023Q4,0.9253731343283582,268
1616,2024Q1,0.8283582089552238,268
1616,2024Q2,0.7014925373134329,268
1616,2024Q3,0.5932835820895522,268
1616,2024Q4,0.41044776119402987,268
1617,2023Q4,0.9925093632958801,267
1617,2024Q1,0.9737827715355806,267
1617,2024Q2,0.9737827715355806,267
1617,2024Q3,0.9700374531835206,267
1617,2024Q4,0.9700374531835206,267
1618,2023Q4,0.579136690647482,278
1618,2024Q1,0.6546762589928058,278
1618,2024Q2,0.6258992805755396,278
1618,2024Q3,0.6115107913669064,278
1618,2024Q4,0.60431654676259,278
1619,2023Q4,0.9855072463768116,276
1619,2024Q1,0.9855072463768116,276
1619,2024Q2,0.9818840579710145,276
1619,2024Q3,0.9818840579710145,276
1619,2024Q4,0.9818840579710145,276
1620,2023Q4,1.0,269
1620,2024Q1,1.0,269
1620,2024Q2,1.0,269
1620,2024Q3,1.0,269
1620,2024Q4,1.0,269
1621,2023Q4,0.5057034220532319,263
1621,2024Q1,0.532319391634981,263
1621,2024Q2,0.5931558935361216,263
1621,2024Q3,0.6844106463878327,263
1621,2024Q4,0.7224334600760456,263
1622,2023Q4,0.9710144927536232,276
1622,2024Q1,0.967391304347826,276
1622,2024Q2,0.9637681159420289,276
1622,2024Q3,0.9528985507246377,276
1622,2024Q4,0.927536231884058,276
1623,2023Q4,0.9883720930232558,258
1623,2024Q1,0.9883720930232558,258
1623,2024Q2,0.9883720930232558,258
1623,2024Q3,0.9883720930232558,258
1623,2024Q4,0.9883720930232558,258
1624,2023Q4,0.9365671641791045,268
1624,2024Q1,0.9626865671641791,268
1624,2024Q2,0.9589552238805971,268
1624,2024Q3,0.9626865671641791,268
1624,2024Q4,0.9776119402985075,268
1625,2023Q4,0.7581227436823105,277
1625,2024Q1,0.776173285198556,277
1625,2024Q2,0.8086642599277978,277
1625,2024Q3,0.8447653429602888,277
1625,2024Q4,0.8628158844765343,277
1626,2023Q4,0.9923954372623575,263
1626,2024Q1,0.9885931558935361,263
1626,2024Q2,0.9657794676806084,263
1626,2024Q3,0.9619771863117871,263
1626,2024Q4,0.9505703422053232,263
1627,2023Q4,0.9124087591240876,274
1627,2024Q1,0.8905109489051095,274
1627,2024Q2,0.843065693430657,274
1627,2024Q3,0.8284671532846716,274
1627,2024Q4,0.8540145985401459,274
1628,2023Q4,0.5985401459854015,274
1628,2024Q1,0.5109489051094891,274
1628,2024Q2,0.5693430656934306,274
1628,2024Q3,0.6459854014598541,274
1628,2024Q4,0.7153284671532847,274
1629,2023Q4,0.3333333333333333,273
1629,2024Q1,0.42124542124542125,273
1629,2024Q2,0.5201465201465202,273
1629,2024Q3,0.5787545787545788,273
1629,2024Q4,0.5641025641025641,273
1630,2023Q4,0.5058365758754864,257
1630,2024Q1,0.6070038910505836,257
1630,2024Q2,0.6809338521400778,257
1630,2024Q3,0.708171206225681,257
1630,2024Q4,0.6070038910505836,257
1631,2023Q4,0.7686567164179104,268
1631,2024Q1,0.5373134328358209,268
1631,2024Q2,0.6119402985074627,268
1631,2024Q3,0.6865671641791045,268
1631,2024Q4,0.6828358208955224,268
1632,2023Q4,1.0,274
1632,2024Q1,1.0,274
1632,2024Q2,1.0,274
1632,2024Q3,1.0,274
1632,2024Q4,1.0,274
1633,2023Q4,0.8581818181818182,275
1633,2024Q1,0.8436363636363636,275
1633,2024Q2,0.8327272727272728,275
1633,2024Q3,0.8181818181818182,275
1633,2024Q4,0.8254545454545454,275
1634,2023Q4,0.8830188679245283,265
1634,2024Q1,0.8037735849056604,265
1634,2024Q2,0.3660377358490566,265
1634,2024Q3,0.6452830188679245,265
1634,2024Q4,0.7169811320754716,265
1635,2023Q4,0.8636363636363636,264
1635,2024Q1,0.8901515151515151,264
1635,2024Q2,0.9242424242424242,264
1635,2024Q3,0.9242424242424242,264
1635,2024Q4,0.9393939393939394,264
1636,2023Q4,0.5375939849624061,266
1636,2024Q1,0.5488721804511278,266
1636,2024Q2,0.5939849624060151,266
1636,2024Q3,0.5977443609022557,266
1636,2024Q4,0.6240601503759399,266
1637,2023Q4,0.6591760299625468,267
1637,2024Q1,0.6853932584269663,267
1637,2024Q2,0.6966292134831461,267
1637,2024Q3,0.7153558052434457,267
1637,2024Q4,0.7228464419475655,267
1638,2023Q4,0.8905109489051095,274
1638,2024Q1,0.8394160583941606,274
1638,2024Q2,0.7846715328467153,274
1638,2024Q3,0.7153284671532847,274
1638,2024Q4,0.6058394160583942,274
1639,2023Q4,0.9523809523809523,273
1639,2024Q1,0.9597069597069597,273
1639,2024Q2,0.9633699633699634,273
1639,2024Q3,0.9633699633699634,273
1639,2024Q4,0.978021978021978,273
1640,2023Q4,0.9049429657794676,263
1640,2024Q1,0.9315589353612167,263
1640,2024Q2,0.9315589353612167,263
1640,2024Q3,0.935361216730038,263
1640,2024Q4,0.9429657794676806,263
1641,2023Q4,0.5487364620938628,277
1641,2024Q1,0.4404332129963899,277
1641,2024Q2,0.36101083032490977,277
1641,2024Q3,0.4223826714801444,277
1641,2024Q4,0.4151624548736462,277
1642,2023Q4,0.9563636363636364,275
1642,2024Q1,0.9563636363636364,275
1642,2024Q2,0.9490909090909091,275
1642,2024Q3,0.9454545454545454,275
1642,2024Q4,0.9454545454545454,275
1643,2023Q4,0.9621212121212122,264
1643,2024Q1,0.9621212121212122,264
1643,2024Q2,0.9659090909090909,264
1643,2024Q3,0.9696969696969697,264
1643,2024Q4,0.9772727272727273,264
1644,2023Q4,0.532608695652174,276
1644,2024Q1,0.48188405797101447,276
1644,2024Q2,0.37318840579710144,276
1644,2024Q3,0.4528985507246377,276
1644,2024Q4,0.4746376811594203,276
1645,2023Q4,0.6925925925925925,270
1645,2024Q1,0.6407407407407407,270
1645,2024Q2,0.6333333333333333,270
1645,2024Q3,0.6,270
1645,2024Q4,0.6037037037037037,270
1646,2023Q4,0.8409090909090909,264
1646,2024Q1,0.7689393939393939,264
1646,2024Q2,0.696969696969697,264
1646,2024Q3,0.6893939393939394,264
1646,2024Q4,0.6856060606060606,264
1647,2023Q4,0.6666666666666666,276
1647,2024Q1,0.5905797101449275,276
1647,2024Q2,0.5543478260869565,276
1647,2024Q3,0.5978260869565217,276
1647,2024Q4,0.6231884057971014,276
1648,2023Q4,0.9368029739776952,269
1648,2024Q1,0.9442379182156134,269
1648,2024Q2,0.9368029739776952,269
1648,2024Q3,0.9368029739776952,269
1648,2024Q4,0.9368029739776952,269
1649,2023Q4,0.4703703703703704,270
1649,2024Q1,0.4703703703703704,270
1649,2024Q2,0.4925925925925926,270
1649,2024Q3,0.5037037037037037,270
1649,2024Q4,0.46296296296296297,270
1650,2023Q4,0.7992565055762082,269
1650,2024Q1,0.7509293680297398,269
1650,2024Q2,0.7063197026022305,269
1650,2024Q3,0.6877323420074349,269
1650,2024Q4,0.6988847583643123,269
1651,2023Q4,0.5038167938931297,262
1651,2024Q1,0.4847328244274809,262
1651,2024Q2,0.4618320610687023,262
1651,2024Q3,0.5076335877862596,262
1651,2024Q4,0.5458015267175572,262
1652,2023Q4,1.0,268
1652,2024Q1,1.0,268
1652,2024Q2,1.0,268
1652,2024Q3,1.0,268
1652,2024Q4,1.0,268
1653,2023Q4,0.4576923076923077,260
1653,2024Q1,0.46923076923076923,260
1653,2024Q2,0.5115384615384615,260
1653,2024Q3,0.5538461538461539,260
1653,2024Q4,0.5923076923076923,260
1654,2023Q4,0.7657992565055762,269
1654,2024Q1,0.7360594795539034,269
1654,2024Q2,0.6505576208178439,269
1654,2024Q3,0.6022304832713755,269
1654,2024Q4,0.587360594795539,269
1655,2023Q4,0.6774193548387096,279
1655,2024Q1,0.6451612903225806,279
1655,2024Q2,0.5949820788530465,279
1655,2024Q3,0.5698924731182796,279
1655,2024Q4,0.5591397849462365,279
1656,2023Q4,0.6884057971014492,276
1656,2024Q1,0.7028985507246377,276
1656,2024Q2,0.7427536231884058,276
1656,2024Q3,0.8514492753623188,276
1656,2024Q4,0.8985507246376812,276
1657,2023Q4,0.8426966292134831,267
1657,2024Q1,0.8726591760299626,267
1657,2024Q2,0.8951310861423221,267
1657,2024Q3,0.9026217228464419,267
1657,2024Q4,0.9213483146067416,267
1658,2023Q4,0.6231343283582089,268
1658,2024Q1,0.5111940298507462,268
1658,2024Q2,0.3283582089552239,268
1658,2024Q3,0.6791044776119403,268
1658,2024Q4,0.6828358208955224,268
1659,2023Q4,0.9666666666666667,270
1659,2024Q1,0.9629629629629629,270
1659,2024Q2,0.9777777777777777,270
1659,2024Q3,0.9777777777777777,270
1659,2024Q4,0.9777777777777777,270
1660,2023Q4,0.9706959706959707,273
1660,2024Q1,0.9706959706959707,273
1660,2024Q2,0.9706959706959707,273
1660,2024Q3,0.9706959706959707,273
1660,2024Q4,0.9560439560439561,273
1661,2023Q4,0.6029411764705882,272
1661,2024Q1,0.6323529411764706,272
1661,2024Q2,0.6176470588235294,272
1661,2024Q3,0.6102941176470589,272
1661,2024Q4,0.5919117647058824,272
1662,2023Q4,0.9597069597069597,273
1662,2024Q1,0.8498168498168498,273
1662,2024Q2,0.7142857142857143,273
1662,2024Q3,0.5970695970695971,273
1662,2024Q4,0.5677655677655677,273
1663,2023Q4,0.7174721189591078,269
1663,2024Q1,0.6765799256505576,269
1663,2024Q2,0.654275092936803,269
1663,2024Q3,0.654275092936803,269
1663,2024Q4,0.6654275092936803,269
1664,2023Q4,0.7137546468401487,269
1664,2024Q1,0.7026022304832714,269
1664,2024Q2,0.6914498141263941,269
1664,2024Q3,0.6877323420074349,269
1664,2024Q4,0.6579925650557621,269
1665,2023Q4,1.0,275
1665,2024Q1,1.0,275
1665,2024Q2,1.0,275
1665,2024Q3,1.0,275
1665,2024Q4,1.0,275
1666,2023Q4,0.4856115107913669,278
1666,2024Q1,0.5863309352517986,278
1666,2024Q2,0.579136690647482,278
1666,2024Q3,0.5143884892086331,278
1666,2024Q4,0.4856115107913669,278
1667,2023Q4,1.0,271
1667,2024Q1,1.0,271
1667,2024Q2,1.0,271
1667,2024Q3,1.0,271
1667,2024Q4,1.0,271
1668,2023Q4,1.0,279
1668,2024Q1,1.0,279
1668,2024Q2,1.0,279
1668,2024Q3,1.0,279
1668,2024Q4,1.0,279
1669,2023Q4,0.9261992619926199,271
1669,2024Q1,0.9261992619926199,271
1669,2024Q2,0.9261992619926199,271
1669,2024Q3,0.9261992619926199,271
1669,2024Q4,0.9298892988929889,271
1670,2023Q4,0.9672727272727273,275
1670,2024Q1,0.9672727272727273,275
1670,2024Q2,0.9672727272727273,275
1670,2024Q3,0.9672727272727273,275
1670,2024Q4,0.9672727272727273,275
1671,2023Q4,0.9473684210526315,266
1671,2024Q1,0.9473684210526315,266
1671,2024Q2,0.9548872180451128,266
1671,2024Q3,0.9586466165413534,266
1671,2024Q4,0.9586466165413534,266
1672,2023Q4,0.8051470588235294,272
1672,2024Q1,0.7757352941176471,272
1672,2024Q2,0.7389705882352942,272
1672,2024Q3,0.6838235294117647,272
1672,2024Q4,0.6838235294117647,272
1673,2023Q4,0.8603773584905661,265
1673,2024Q1,0.8905660377358491,265
1673,2024Q2,0.9283018867924528,265
1673,2024Q3,0.9509433962264151,265
1673,2024Q4,0.9622641509433962,265
1674,2023Q4,0.8931297709923665,262
1674,2024Q1,0.8244274809160306,262
1674,2024Q2,0.683206106870229,262
1674,2024Q3,0.5801526717557252,262
1674,2024Q4,0.5190839694656488,262
1675,2023Q4,0.6283524904214559,261
1675,2024Q1,0.5478927203065134,261
1675,2024Q2,0.6551724137931034,261
1675,2024Q3,0.7203065134099617,261
1675,2024Q4,0.7279693486590039,261
1676,2023Q4,0.9264705882352942,272
1676,2024Q1,0.9338235294117647,272
1676,2024Q2,0.9301470588235294,272
1676,2024Q3,0.9301470588235294,272
1676,2024Q4,0.9227941176470589,272
1678,2023Q4,0.931899641577061,279
1678,2024Q1,0.921146953405018,279
1678,2024Q2,0.910394265232975,279
1678,2024Q3,0.8709677419354839,279
1678,2024Q4,0.8494623655913979,279
1679,2023Q4,0.4485294117647059,272
1679,2024Q1,0.5477941176470589,272
1679,2024Q2,0.5772058823529411,272
1679,2024Q3,0.5955882352941176,272
1679,2024Q4,0.5882352941176471,272
1680,2023Q4,0.9239130434782609,276
1680,2024Q1,0.9239130434782609,276
1680,2024Q2,0.927536231884058,276
1680,2024Q3,0.9347826086956522,276
1680,2024Q4,0.9456521739130435,276
1681,2023Q4,0.9625468164794008,267
1681,2024Q1,0.9662921348314607,267
1681,2024Q2,0.9812734082397003,267
1681,2024Q3,0.9775280898876404,267
1681,2024Q4,0.9850187265917603,267
1682,2023Q4,0.46494464944649444,271
1682,2024Q1,0.5018450184501845,271
1682,2024Q2,0.5719557195571956,271
1682,2024Q3,0.6531365313653137,271
1682,2024Q4,0.6863468634686347,271
1683,2023Q4,0.8131868131868132,273
1683,2024Q1,0.684981684981685,273
1683,2024Q2,0.7106227106227107,273
1683,2024Q3,0.9084249084249084,273
1683,2024Q4,0.9743589743589743,273
1685,2023Q4,0.966542750929368,269
1685,2024Q1,0.966542750929368,269
1685,2024Q2,0.9479553903345725,269
1685,2024Q3,0.9442379182156134,269
1685,2024Q4,0.9479553903345725,269
1686,2023Q4,0.49056603773584906,265
1686,2024Q1,0.33962264150943394,265
1686,2024Q2,0.4377358490566038,265
1686,2024Q3,0.3886792452830189,265
1686,2024Q4,0.49056603773584906,265
1687,2023Q4,0.6468401486988847,269
1687,2024Q1,0.6691449814126395,269
1687,2024Q2,0.6394052044609665,269
1687,2024Q3,0.6394052044609665,269
1687,2024Q4,0.6245353159851301,269
1688,2023Q4,0.6728624535315985,269
1688,2024Q1,0.6319702602230484,269
1688,2024Q2,0.6171003717472119,269
1688,2024Q3,0.6319702602230484,269
1688,2024Q4,0.6356877323420075,269
1689,2023Q4,0.9592592592592593,270
1689,2024Q1,0.9629629629629629,270
1689,2024Q2,0.9592592592592593,270
1689,2024Q3,0.9592592592592593,270
1689,2024Q4,0.9592592592592593,270
1690,2023Q4,0.966542750929368,269
1690,2024Q1,0.9591078066914498,269
1690,2024Q2,0.9591078066914498,269
1690,2024Q3,0.9591078066914498,269
1690,2024Q4,0.9628252788104089,269
1691,2023Q4,0.9481481481481482,270
1691,2024Q1,0.9481481481481482,270
1691,2024Q2,0.9481481481481482,270
1691,2024Q3,0.9481481481481482,270
1691,2024Q4,0.9481481481481482,270
1692,2023Q4,0.9656488549618321,262
1692,2024Q1,0.9694656488549618,262
1692,2024Q2,0.9694656488549618,262
1692,2024Q3,0.9732824427480916,262
1692,2024Q4,0.9694656488549618,262
1693,2023Q4,0.48120300751879697,266
1693,2024Q1,0.48120300751879697,266
1693,2024Q2,0.4924812030075188,266
1693,2024Q3,0.5375939849624061,266
1693,2024Q4,0.5714285714285714,266
1694,2023Q4,0.6433823529411765,272
1694,2024Q1,0.6544117647058824,272
1694,2024Q2,0.7022058823529411,272
1694,2024Q3,0.7205882352941176,272
1694,2024Q4,0.7205882352941176,272
1696,2023Q4,0.5708955223880597,268
1696,2024Q1,0.5559701492537313,268
1696,2024Q2,0.44776119402985076,268
1696,2024Q3,0.4962686567164179,268
1696,2024Q4,0.48880597014925375,268
1697,2023Q4,0.5592592592592592,270
1697,2024Q1,0.4703703703703704,270
1697,2024Q2,0.5333333333333333,270
1697,2024Q3,0.6592592592592592,270
1697,2024Q4,0.7148148148148148,270
1698,2023Q4,0.9552238805970149,268
1698,2024Q1,0.9626865671641791,268
1698,2024Q2,0.9514925373134329,268
1698,2024Q3,0.9552238805970149,268
1698,2024Q4,0.9514925373134329,268
1699,2023Q4,0.5150375939849624,266
1699,2024Q1,0.518796992481203,266
1699,2024Q2,0.49624060150375937,266
1699,2024Q3,0.42105263157894735,266
1699,2024Q4,0.42857142857142855,266
1700,2023Q4,0.6336996336996337,273
1700,2024Q1,0.5824175824175825,273
1700,2024Q2,0.5531135531135531,273
1700,2024Q3,0.5457875457875457,273
1700,2024Q4,0.5641025641025641,273
1701,2023Q4,0.26217228464419473,267
1701,2024Q1,0.7790262172284644,267
1701,2024Q2,0.7940074906367042,267
1701,2024Q3,0.7565543071161048,267
1701,2024Q4,0.2958801498127341,267
1702,2023Q4,0.8641509433962264,265
1702,2024Q1,0.8641509433962264,265
1702,2024Q2,0.8641509433962264,265
1702,2024Q3,0.8754716981132076,265
1702,2024Q4,0.8830188679245283,265
1703,2023Q4,0.6888888888888889,270
1703,2024Q1,0.6962962962962963,270
1703,2024Q2,0.6888888888888889,270
1703,2024Q3,0.674074074074074,270
1703,2024Q4,0.6777777777777778,270
1704,2023Q4,0.6870229007633588,262
1704,2024Q1,0.7137404580152672,262
1704,2024Q2,0.5801526717557252,262
1704,2024Q3,0.5381679389312977,262
1704,2024Q4,0.42366412213740456,262
1705,2023Q4,0.7735849056603774,265
1705,2024Q1,0.7811320754716982,265
1705,2024Q2,0.8490566037735849,265
1705,2024Q3,0.9320754716981132,265
1705,2024Q4,0.9547169811320755,265
1706,2023Q4,0.9239130434782609,276
1706,2024Q1,0.9456521739130435,276
1706,2024Q2,0.9601449275362319,276
1706,2024Q3,0.967391304347826,276
1706,2024Q4,0.9565217391304348,276
1707,2023Q4,1.0,276
1707,2024Q1,1.0,276
1707,2024Q2,1.0,276
1707,2024Q3,1.0,276
1707,2024Q4,1.0,276
1708,2023Q4,0.8363636363636363,275
1708,2024Q1,0.84,275
1708,2024Q2,0.8472727272727273,275
1708,2024Q3,0.850909090909091,275
1708,2024Q4,0.8545454545454545,275
1709,2023Q4,0.8937728937728938,273
1709,2024Q1,0.8754578754578755,273
1709,2024Q2,0.8681318681318682,273
1709,2024Q3,0.8644688644688645,273
1709,2024Q4,0.8644688644688645,273
1710,2023Q4,0.6014492753623188,276
1710,2024Q1,0.6340579710144928,276
1710,2024Q2,0.6630434782608695,276
1710,2024Q3,0.6811594202898551,276
1710,2024Q4,0.7391304347826086,276
1711,2023Q4,0.7269503546099291,282
1711,2024Q1,0.648936170212766,282
1711,2024Q2,0.5921985815602837,282
1711,2024Q3,0.5035460992907801,282
1711,2024Q4,0.6737588652482269,282
1712,2023Q4,0.8424908424908425,273
1712,2024Q1,0.8351648351648352,273
1712,2024Q2,0.8388278388278388,273
1712,2024Q3,0.8644688644688645,273
1712,2024Q4,0.8644688644688645,273
1713,2023Q4,0.8478260869565217,276
1713,2024Q1,0.8442028985507246,276
1714,2023Q4,0.8523985239852399,271
1714,2024Q1,0.8560885608856088,271
1714,2024Q2,0.8560885608856088,271
1714,2024Q3,0.8634686346863468,271
1714,2024Q4,0.8966789667896679,271
1715,2023Q4,0.8634686346863468,271
1715,2024Q1,0.7527675276752768,271
1715,2024Q2,0.7749077490774908,271
1715,2024Q3,0.8413284132841329,271
1715,2024Q4,0.8671586715867159,271
1717,2023Q4,0.8327137546468402,269
1717,2024Q1,0.8252788104089219,269
1717,2024Q2,0.79182156133829,269
1717,2024Q3,0.7881040892193308,269
1717,2024Q4,0.8066914498141264,269
1718,2023Q4,0.8759398496240601,266
1718,2024Q1,0.8796992481203008,266
1718,2024Q2,0.8796992481203008,266
1718,2024Q3,0.8796992481203008,266
1718,2024Q4,0.8796992481203008,266
1719,2023Q4,0.9117647058823529,272
1719,2024Q1,0.8897058823529411,272
1719,2024Q2,0.8566176470588235,272
1719,2024Q3,0.8786764705882353,272
1719,2024Q4,0.9154411764705882,272
1722,2023Q4,0.8603773584905661,265
1722,2024Q1,0.8641509433962264,265
1722,2024Q2,0.8716981132075472,265
1722,2024Q3,0.879245283018868,265
1722,2024Q4,0.9056603773584906,265
1724,2023Q4,0.8823529411764706,272
1724,2024Q1,0.8970588235294118,272
1724,2024Q2,0.9264705882352942,272
1724,2024Q3,0.9375,272
1724,2024Q4,0.9485294117647058,272
1725,2023Q4,0.8488372093023255,258
1725,2024Q1,0.8527131782945736,258
1725,2024Q2,0.8527131782945736,258
1725,2024Q3,0.8565891472868217,258
1725,2024Q4,0.8604651162790697,258
1726,2023Q4,1.0,275
1726,2024Q1,1.0,275
1726,2024Q2,1.0,275
1726,2024Q3,1.0,275
1726,2024Q4,1.0,275
1727,2023Q4,0.849624060150376,266
1727,2024Q1,0.849624060150376,266
1727,2024Q2,0.8609022556390977,266
1727,2024Q3,0.868421052631579,266
1727,2024Q4,0.8759398496240601,266
1728,2023Q4,0.7043795620437956,274
1728,2024Q1,0.7116788321167883,274
1728,2024Q2,0.6897810218978102,274
1728,2024Q3,0.6678832116788321,274
1728,2024Q4,0.5985401459854015,274
1730,2023Q4,0.9227941176470589,272
1730,2024Q1,0.9301470588235294,272
1730,2024Q2,0.9485294117647058,272
1730,2024Q3,0.9522058823529411,272
1730,2024Q4,0.9522058823529411,272
1731,2023Q4,0.9702602230483272,269
1731,2024Q1,0.966542750929368,269
1731,2024Q2,0.9591078066914498,269
1731,2024Q3,0.9591078066914498,269
1731,2024Q4,0.9591078066914498,269
1732,2023Q4,0.8769230769230769,260
1732,2024Q1,0.8730769230769231,260
1732,2024Q2,0.8807692307692307,260
1732,2024Q3,0.8692307692307693,260
1732,2024Q4,0.8730769230769231,260
1733,2023Q4,0.8754578754578755,273
1733,2024Q1,0.8827838827838828,273
1733,2024Q2,0.8864468864468864,273
1733,2024Q3,0.8864468864468864,273
1733,2024Q4,0.8901098901098901,273
1737,2023Q4,0.850187265917603,267
1737,2024Q1,0.846441947565543,267
1737,2024Q2,0.850187265917603,267
1737,2024Q3,0.846441947565543,267
1737,2024Q4,0.846441947565543,267
1738,2023Q4,0.7432950191570882,261
1738,2024Q1,0.6934865900383141,261
1738,2024Q2,0.6666666666666666,261
1738,2024Q3,0.6206896551724138,261
1738,2024Q4,0.5862068965517241,261
1739,2023Q4,0.8566176470588235,272
1739,2024Q1,0.8566176470588235,272
1739,2024Q2,0.8602941176470589,272
1739,2024Q3,0.8676470588235294,272
1739,2024Q4,0.8713235294117647,272
1740,2023Q4,0.9851301115241635,269
1740,2024Q1,0.9851301115241635,269
1740,2024Q2,0.9851301115241635,269
1740,2024Q3,0.9851301115241635,269
1740,2024Q4,0.9851301115241635,269
1741,2023Q4,0.8880866425992779,277
1741,2024Q1,0.9061371841155235,277
1741,2024Q2,0.927797833935018,277
1741,2024Q3,0.9314079422382672,277
1741,2024Q4,0.9350180505415162,277
1742,2023Q4,0.9635036496350365,274
1742,2024Q1,0.9671532846715328,274
1742,2024Q2,0.9708029197080292,274
1742,2024Q3,0.9817518248175182,274
1742,2024Q4,0.9854014598540146,274
1743,2023Q4,0.8607142857142858,280
1743,2024Q1,0.8714285714285714,280
1743,2024Q2,0.8892857142857142,280
1743,2024Q3,0.9214285714285714,280
1743,2024Q4,0.9285714285714286,280
1744,2023Q4,0.8365019011406845,263
1744,2024Q1,0.8403041825095057,263
1744,2024Q2,0.844106463878327,263
1744,2024Q3,0.8517110266159695,263
1744,2024Q4,0.870722433460076,263
1745,2023Q4,0.6992481203007519,266
1745,2024Q1,0.7030075187969925,266
1745,2024Q2,0.7105263157894737,266
1745,2024Q3,0.6616541353383458,266
1745,2024Q4,0.6353383458646616,266
1746,2023Q4,0.9578544061302682,261
1746,2024Q1,0.9578544061302682,261
1746,2024Q2,0.9578544061302682,261
1746,2024Q3,0.9616858237547893,261
1746,2024Q4,0.9731800766283525,261
1747,2023Q4,0.8581818181818182,275
1747,2024Q1,0.8581818181818182,275
1747,2024Q2,0.8581818181818182,275
1747,2024Q3,0.8618181818181818,275
1747,2024Q4,0.8690909090909091,275
1749,2023Q4,0.8812949640287769,278
1749,2024Q1,0.8776978417266187,278
1749,2024Q2,0.8848920863309353,278
1749,2024Q3,0.9064748201438849,278
1749,2024Q4,0.935251798561151,278
1750,2023Q4,0.8695652173913043,276
1750,2024Q1,0.8731884057971014,276
1750,2024Q2,0.8876811594202898,276
1750,2024Q3,0.8985507246376812,276
1750,2024Q4,0.894927536231884,276
1751,2023Q4,0.9379562043795621,274
1751,2024Q1,0.9379562043795621,274
1751,2024Q2,0.9379562043795621,274
1751,2024Q3,0.9343065693430657,274
1751,2024Q4,0.9343065693430657,274
1752,2023Q4,0.6282527881040892,269
1752,2024Q1,0.6840148698884758,269
1752,2024Q2,0.6691449814126395,269
1752,2024Q3,0.6691449814126395,269
1752,2024Q4,0.6022304832713755,269
1753,2023Q4,0.8634686346863468,271
1753,2024Q1,0.8671586715867159,271
1753,2024Q2,0.8782287822878229,271
1753,2024Q3,0.8819188191881919,271
1753,2024Q4,0.9003690036900369,271
1754,2023Q4,0.9889705882352942,272
1754,2024Q1,0.9816176470588235,272
1754,2024Q2,0.9816176470588235,272
1754,2024Q3,0.9852941176470589,272
1754,2024Q4,0.9779411764705882,272
1755,2023Q4,0.6402877697841727,278
1755,2024Q1,0.6330935251798561,278
1755,2024Q2,0.5683453237410072,278
1755,2024Q3,0.6007194244604317,278
1755,2024Q4,0.7841726618705036,278
1756,2023Q4,0.7240143369175627,279
1756,2024Q1,0.7132616487455197,279
1756,2024Q2,0.7240143369175627,279
1756,2024Q3,0.7383512544802867,279
1756,2024Q4,0.7562724014336918,279
1757,2023Q4,0.8475836431226765,269
1757,2024Q1,0.8475836431226765,269
1757,2024Q2,0.8475836431226765,269
1757,2024Q3,0.8587360594795539,269
1757,2024Q4,0.8661710037174721,269
1758,2023Q4,1.0,279
1758,2024Q1,1.0,279
1758,2024Q2,1.0,279
1758,2024Q3,1.0,279
1758,2024Q4,1.0,279
1759,2023Q4,0.4740740740740741,270
1759,2024Q1,0.7,270
1759,2024Q2,0.8407407407407408,270
1759,2024Q3,0.9333333333333333,270
1759,2024Q4,0.9444444444444444,270
1760,2023Q4,0.562962962962963,270
1760,2024Q1,0.5666666666666667,270
1760,2024Q2,0.6518518518518519,270
1760,2024Q3,0.6111111111111112,270
1760,2024Q4,0.5703703703703704,270
1761,2023Q4,0.8444444444444444,270
1761,2024Q1,0.8407407407407408,270
1761,2024Q2,0.8407407407407408,270
1761,2024Q3,0.8407407407407408,270
1761,2024Q4,0.8444444444444444,270
1762,2023Q4,0.8571428571428571,266
1762,2024Q1,0.849624060150376,266
1762,2024Q2,0.849624060150376,266
1762,2024Q3,0.8458646616541353,266
1762,2024Q4,0.849624060150376,266
1763,2023Q4,0.8838951310861424,267
1763,2024Q1,0.8913857677902621,267
1764,2023Q4,1.0,268
1764,2024Q1,1.0,268
1764,2024Q2,1.0,268
1764,2024Q3,1.0,268
1764,2024Q4,1.0,268
1765,2023Q4,1.0,267
1765,2024Q1,1.0,267
1765,2024Q2,1.0,267
1765,2024Q3,1.0,267
1765,2024Q4,1.0,267
1766,2023Q4,0.8698884758364313,269
1766,2024Q1,0.8661710037174721,269
1766,2024Q2,0.8401486988847584,269
1766,2024Q3,0.7026022304832714,269
1766,2024Q4,0.5315985130111525,269
1767,2024Q1,0.5387453874538746,271
1768,2023Q4,0.6086956521739131,276
1768,2024Q1,0.5398550724637681,276
1768,2024Q2,0.427536231884058,276
1768,2024Q3,0.41304347826086957,276
1768,2024Q4,0.6594202898550725,276
1769,2023Q4,0.7814814814814814,270
1769,2024Q1,0.7407407407407407,270
1769,2024Q2,0.7185185185185186,270
1769,2024Q3,0.7555555555555555,270
1769,2024Q4,0.762962962962963,270
1770,2023Q4,0.973384030418251,263
1770,2024Q1,0.973384030418251,263
1770,2024Q2,0.973384030418251,263
1770,2024Q3,0.973384030418251,263
1770,2024Q4,0.973384030418251,263
1771,2023Q4,0.8768115942028986,276
1771,2024Q1,0.8768115942028986,276
1771,2024Q2,0.8840579710144928,276
1771,2024Q3,0.8840579710144928,276
1771,2024Q4,0.8840579710144928,276
1773,2023Q4,0.8917910447761194,268
1773,2024Q1,0.8917910447761194,268
1773,2024Q2,0.8955223880597015,268
1773,2024Q3,0.8955223880597015,268
1773,2024Q4,0.8955223880597015,268
1774,2023Q4,0.8726591760299626,267
1774,2024Q1,0.8576779026217228,267
1774,2024Q2,0.846441947565543,267
1774,2024Q3,0.797752808988764,267
1774,2024Q4,0.7902621722846442,267
1775,2023Q4,0.8576779026217228,267
1775,2024Q1,0.8614232209737828,267
1775,2024Q2,0.8726591760299626,267
1775,2024Q3,0.8801498127340824,267
1775,2024Q4,0.8801498127340824,267
1776,2023Q4,0.38545454545454544,275
1776,2024Q1,0.4254545454545455,275
1776,2024Q2,0.3890909090909091,275
1776,2024Q3,0.730909090909091,275
1776,2024Q4,0.8654545454545455,275
1777,2023Q4,0.8851851851851852,270
1777,2024Q1,0.8851851851851852,270
1777,2024Q2,0.8851851851851852,270
1777,2024Q3,0.8851851851851852,270
1777,2024Q4,0.8888888888888888,270
1778,2023Q4,0.96,275
1778,2024Q1,0.9636363636363636,275
1778,2024Q2,0.9636363636363636,275
1778,2024Q3,0.9636363636363636,275
1778,2024Q4,0.9636363636363636,275
1780,2023Q4,0.40823970037453183,267
1780,2024Q1,0.5131086142322098,267
1780,2024Q2,0.5730337078651685,267
1780,2024Q3,0.48314606741573035,267
1780,2024Q4,0.6629213483146067,267
1781,2023Q4,0.8786764705882353,272
1781,2024Q1,0.8786764705882353,272
1781,2024Q2,0.8823529411764706,272
1781,2024Q3,0.8860294117647058,272
1781,2024Q4,0.8860294117647058,272
1782,2023Q4,0.7777777777777778,270
1782,2024Q1,0.6111111111111112,270
1782,2024Q2,0.5666666666666667,270
1782,2024Q3,0.5222222222222223,270
1782,2024Q4,0.7296296296296296,270
1783,2023Q4,1.0,270
1783,2024Q1,1.0,270
1783,2024Q2,1.0,270
1783,2024Q3,1.0,270
1783,2024Q4,1.0,270
1784,2023Q4,0.9197080291970803,274
1784,2024Q1,0.9343065693430657,274
1784,2024Q2,0.948905109489051,274
1784,2024Q3,0.9525547445255474,274
1784,2024Q4,0.9525547445255474,274
1785,2023Q4,0.6356589147286822,258
1785,2024Q1,0.6744186046511628,258
1785,2024Q2,0.6666666666666666,258
1785,2024Q3,0.5775193798449613,258
1785,2024Q4,0.5930232558139535,258
1786,2023Q4,0.9692307692307692,260
1786,2024Q1,0.9692307692307692,260
1786,2024Q2,0.9692307692307692,260
1786,2024Q3,0.9692307692307692,260
1786,2024Q4,0.9692307692307692,260
1787,2023Q4,0.8357664233576643,274
1787,2024Q1,0.8357664233576643,274
1787,2024Q2,0.8467153284671532,274
1787,2024Q3,0.8613138686131386,274
1787,2024Q4,0.8613138686131386,274
1788,2023Q4,0.6327272727272727,275
1788,2024Q1,0.76,275
1788,2024Q2,0.8,275
1788,2024Q3,0.7090909090909091,275
1788,2024Q4,0.7890909090909091,275
1789,2024Q4,0.9429657794676806,263
1845,2023Q4,1.0,263
1845,2024Q1,1.0,263
1845,2024Q2,1.0,263
1845,2024Q3,1.0,263
1845,2024Q4,1.0,263
1846,2023Q4,0.948339483394834,271
1846,2024Q1,0.940959409594096,271
1846,2024Q2,0.9372693726937269,271
1846,2024Q3,0.9372693726937269,271
1846,2024Q4,0.9372693726937269,271
1847,2023Q4,0.9637681159420289,276
1848,2023Q4,0.7205882352941176,272
1848,2024Q1,0.7242647058823529,272
1848,2024Q2,0.7352941176470589,272
1848,2024Q3,0.7389705882352942,272
1848,2024Q4,0.7426470588235294,272
1849,2023Q4,0.8754863813229572,257
1849,2024Q1,0.8715953307392996,257
1849,2024Q2,0.8715953307392996,257
1849,2024Q3,0.8793774319066148,257
1849,2024Q4,0.8793774319066148,257
1850,2023Q4,0.8867924528301887,265
1850,2024Q1,0.8943396226415095,265
1850,2024Q2,0.8943396226415095,265
1850,2024Q3,0.8943396226415095,265
1850,2024Q4,0.8943396226415095,265
1851,2023Q4,0.8810408921933085,269
1851,2024Q1,0.8810408921933085,269
1851,2024Q2,0.8847583643122676,269
1851,2024Q3,0.8921933085501859,269
1851,2024Q4,0.8996282527881041,269
1852,2023Q4,0.7781954887218046,266
1852,2024Q1,0.7857142857142857,266
1852,2024Q2,0.793233082706767,266
1852,2024Q3,0.793233082706767,266
1852,2024Q4,0.7819548872180451,266
1853,2023Q4,0.8419117647058824,272
1853,2024Q1,0.8419117647058824,272
1853,2024Q2,0.8492647058823529,272
1853,2024Q3,0.8566176470588235,272
1853,2024Q4,0.8639705882352942,272
1854,2023Q4,0.8703703703703703,270
1854,2024Q1,0.8740740740740741,270
1854,2024Q2,0.8814814814814815,270
1854,2024Q3,0.8888888888888888,270
1854,2024Q4,0.9111111111111111,270
1855,2023Q4,0.8857142857142857,280
1855,2024Q1,0.8857142857142857,280
1855,2024Q2,0.8892857142857142,280
1855,2024Q3,0.9178571428571428,280
1855,2024Q4,0.9357142857142857,280
1856,2023Q4,0.7453874538745388,271
1856,2024Q1,0.7712177121771218,271
1856,2024Q2,0.7896678966789668,271
1856,2024Q3,0.8081180811808119,271
1856,2024Q4,0.8228782287822878,271
1857,2023Q4,0.8712121212121212,264
1857,2024Q1,0.8712121212121212,264
1857,2024Q2,0.8712121212121212,264
1857,2024Q3,0.8712121212121212,264
1857,2024Q4,0.875,264
1858,2023Q4,0.8153846153846154,260
1858,2024Q1,0.8384615384615385,260
1858,2024Q2,0.8653846153846154,260
1858,2024Q3,0.8769230769230769,260
1858,2024Q4,0.8923076923076924,260
1859,2023Q4,0.9597069597069597,273
1859,2024Q1,0.9597069597069597,273
1859,2024Q2,0.9597069597069597,273
1859,2024Q3,0.9597069597069597,273
1859,2024Q4,0.9597069597069597,273
1860,2023Q4,0.8773234200743495,269
1860,2024Q1,0.8773234200743495,269
1860,2024Q2,0.8921933085501859,269
1860,2024Q3,0.9144981412639405,269
1860,2024Q4,0.9144981412639405,269
1861,2023Q4,0.9330855018587361,269
1861,2024Q1,0.9330855018587361,269
1861,2024Q2,0.9330855018587361,269
1861,2024Q3,0.9256505576208178,269
1861,2024Q4,0.9256505576208178,269
1862,2023Q4,0.6513409961685823,261
1862,2024Q1,0.6475095785440613,261
1862,2024Q2,0.6475095785440613,261
1862,2024Q3,0.6398467432950191,261
1862,2024Q4,0.6475095785440613,261
1863,2023Q4,1.0,269
1863,2024Q1,1.0,269
1863,2024Q2,1.0,269
1863,2024Q3,1.0,269
1863,2024Q4,1.0,269
1864,2023Q4,0.8768115942028986,276
1864,2024Q1,0.8768115942028986,276
1864,2024Q2,0.8804347826086957,276
1864,2024Q3,0.8804347826086957,276
1864,2024Q4,0.8913043478260869,276
1865,2023Q4,0.8723404255319149,282
1865,2024Q1,0.8829787234042553,282
1865,2024Q2,0.9184397163120568,282
1865,2024Q3,0.9397163120567376,282
1865,2024Q4,0.9432624113475178,282
1868,2023Q4,0.8282442748091603,262
1868,2024Q1,0.8358778625954199,262
1868,2024Q2,0.8396946564885496,262
1868,2024Q3,0.851145038167939,262
1868,2024Q4,0.8587786259541985,262
1869,2023Q4,0.8528301886792453,265
1869,2024Q1,0.8566037735849057,265
1869,2024Q2,0.8377358490566038,265
1869,2024Q3,0.8264150943396227,265
1869,2024Q4,0.8415094339622642,265
1870,2023Q4,0.8475836431226765,269
1870,2024Q1,0.8587360594795539,269
1870,2024Q2,0.8736059479553904,269
1870,2024Q3,0.8996282527881041,269
1870,2024Q4,0.9182156133828996,269
1871,2023Q4,0.8395522388059702,268
1871,2024Q1,0.8582089552238806,268
1871,2024Q2,0.8656716417910447,268
1871,2024Q3,0.8731343283582089,268
1871,2024Q4,0.8768656716417911,268
1872,2023Q4,0.8382352941176471,272
1872,2024Q1,0.8345588235294118,272
1872,2024Q2,0.8308823529411765,272
1872,2024Q3,0.8382352941176471,272
1872,2024Q4,0.8602941176470589,272
1873,2023Q4,0.6810035842293907,279
1873,2024Q1,0.6810035842293907,279
1873,2024Q2,0.6810035842293907,279
1873,2024Q3,0.6845878136200717,279
1873,2024Q4,0.6810035842293907,279
1874,2023Q4,1.0,273
1874,2024Q1,1.0,273
1874,2024Q2,1.0,273
1874,2024Q3,1.0,273
1874,2024Q4,1.0,273
1875,2023Q4,0.8656716417910447,268
1875,2024Q1,0.9813432835820896,268
1875,2024Q2,0.9888059701492538,268
1875,2024Q3,0.996268656716418,268
1875,2024Q4,1.0,268
1876,2023Q4,1.0,271
1876,2024Q1,1.0,271
1876,2024Q2,1.0,271
1876,2024Q3,1.0,271
1876,2024Q4,1.0,271
1877,2023Q4,1.0,263
1877,2024Q1,1.0,263
1877,2024Q2,1.0,263
1877,2024Q3,1.0,263
1877,2024Q4,1.0,263
1878,2023Q4,0.9601449275362319,276
1878,2024Q1,0.9601449275362319,276
1878,2024Q2,0.9637681159420289,276
1878,2024Q3,0.9601449275362319,276
1878,2024Q4,0.9601449275362319,276
1879,2023Q4,0.27611940298507465,268
1879,2024Q1,0.8805970149253731,268
1879,2024Q2,0.9440298507462687,268
1879,2024Q3,0.9589552238805971,268
1879,2024Q4,0.9477611940298507,268
1880,2023Q4,0.7675276752767528,271
1880,2024Q1,0.7158671586715867,271
1880,2024Q2,0.7749077490774908,271
1880,2024Q3,0.8154981549815498,271
1880,2024Q4,0.8450184501845018,271
1881,2023Q4,1.0,261
1881,2024Q1,1.0,261
1881,2024Q2,1.0,261
1881,2024Q3,1.0,261
1881,2024Q4,1.0,261
1882,2023Q4,1.0,270
1883,2023Q4,0.7471264367816092,261
1883,2024Q1,0.6130268199233716,261
1883,2024Q2,0.4482758620689655,261
1883,2024Q3,0.2720306513409962,261
1883,2024Q4,0.8812260536398467,261
1884,2023Q4,0.8872727272727273,275
1884,2024Q1,0.9054545454545454,275
1884,2024Q2,0.9272727272727272,275
1884,2024Q3,0.9309090909090909,275
1884,2024Q4,0.9345454545454546,275
1885,2023Q4,0.9659090909090909,264
1885,2024Q1,0.9659090909090909,264
1885,2024Q2,0.9659090909090909,264
1885,2024Q3,0.9659090909090909,264
1885,2024Q4,0.9659090909090909,264
1886,2023Q4,0.6501901140684411,263
1886,2024Q1,0.6577946768060836,263
1886,2024Q2,0.6692015209125475,263
1886,2024Q3,0.6920152091254753,263
1886,2024Q4,0.6958174904942965,263
1887,2023Q4,0.9074074074074074,270
1887,2024Q1,0.9296296296296296,270
1887,2024Q2,0.9555555555555556,270
1887,2024Q3,0.9740740740740741,270
1887,2024Q4,0.9777777777777777,270
1888,2023Q4,0.8659420289855072,276
1888,2024Q1,0.8695652173913043,276
1888,2024Q2,0.8623188405797102,276
1888,2024Q3,0.8478260869565217,276
1888,2024Q4,0.7789855072463768,276
1889,2023Q4,0.870722433460076,263
1889,2024Q1,0.870722433460076,263
1889,2024Q2,0.8745247148288974,263
1889,2024Q3,0.8783269961977186,263
1889,2024Q4,0.8821292775665399,263
1890,2023Q4,1.0,271
1890,2024Q1,1.0,271
1890,2024Q2,1.0,271
1890,2024Q3,1.0,271
1890,2024Q4,1.0,271
1891,2023Q4,0.9781021897810219,274
1891,2024Q1,0.9781021897810219,274
1891,2024Q2,0.9781021897810219,274
1891,2024Q3,0.9817518248175182,274
1891,2024Q4,0.9854014598540146,274
1892,2023Q4,0.9889705882352942,272
1892,2024Q1,0.9926470588235294,272
1892,2024Q2,0.9963235294117647,272
1892,2024Q3,0.9889705882352942,272
1892,2024Q4,0.9889705882352942,272
1893,2023Q4,0.960431654676259,278
1893,2024Q1,0.9676258992805755,278
1893,2024Q2,0.9496402877697842,278
1893,2024Q3,0.920863309352518,278
1893,2024Q4,0.9136690647482014,278
1894,2023Q4,0.9553903345724907,269
1894,2024Q1,0.9516728624535316,269
1894,2024Q2,0.9516728624535316,269
1894,2024Q3,0.9516728624535316,269
1894,2024Q4,0.9479553903345725,269
1895,2023Q4,0.6190476190476191,273
1895,2024Q1,0.5787545787545788,273
1895,2024Q2,0.6117216117216118,273
1895,2024Q3,0.5934065934065934,273
1895,2024Q4,0.4981684981684982,273
1896,2023Q4,0.9304029304029304,273
1896,2024Q1,0.945054945054945,273
1896,2024Q2,0.9523809523809523,273
1896,2024Q3,0.9633699633699634,273
1896,2024Q4,0.9597069597069597,273
1897,2023Q4,0.9776119402985075,268
1897,2024Q1,0.9813432835820896,268
1897,2024Q2,0.9738805970149254,268
1897,2024Q3,0.9738805970149254,268
1897,2024Q4,0.9701492537313433,268
1898,2023Q4,0.846441947565543,267
1898,2024Q1,0.8651685393258427,267
1898,2024Q2,0.8726591760299626,267
1898,2024Q3,0.8838951310861424,267
1898,2024Q4,0.8838951310861424,267
1899,2023Q4,0.8514492753623188,276
1899,2024Q1,0.8695652173913043,276
1899,2024Q2,0.8804347826086957,276
1899,2024Q3,0.8804347826086957,276
1899,2024Q4,0.8840579710144928,276
1900,2023Q4,0.9628252788104089,269
1900,2024Q1,0.9591078066914498,269
1900,2024Q2,0.9591078066914498,269
1900,2024Q3,0.9591078066914498,269
1900,2024Q4,0.9628252788104089,269
1901,2023Q4,0.8996282527881041,269
1901,2024Q1,0.8921933085501859,269
1901,2024Q2,0.8884758364312267,269
1901,2024Q3,0.8884758364312267,269
1901,2024Q4,0.8847583643122676,269
1902,2023Q4,0.9296296296296296,270
1902,2024Q1,0.9333333333333333,270
1902,2024Q2,0.9296296296296296,270
1902,2024Q3,0.9259259259259259,270
1902,2024Q4,0.9,270
1903,2023Q4,0.8754578754578755,273
1903,2024Q1,0.8754578754578755,273
1903,2024Q2,0.8791208791208791,273
1903,2024Q3,0.8864468864468864,273
1903,2024Q4,0.8974358974358975,273
1904,2023Q4,0.9776119402985075,268
1904,2024Q1,0.9776119402985075,268
1904,2024Q2,0.9776119402985075,268
1904,2024Q3,0.9813432835820896,268
1904,2024Q4,0.9738805970149254,268
1905,2023Q4,1.0,271
1905,2024Q1,1.0,271
1905,2024Q2,1.0,271
1905,2024Q3,1.0,271
1905,2024Q4,1.0,271
1906,2023Q4,0.7074074074074074,270
1906,2024Q1,0.7888888888888889,270
1906,2024Q2,0.8222222222222222,270
1906,2024Q3,0.7925925925925926,270
1906,2024Q4,0.7037037037037037,270
1907,2023Q4,0.8935361216730038,263
1907,2024Q1,0.9049429657794676,263
1907,2024Q2,0.9049429657794676,263
1907,2024Q3,0.9011406844106464,263
1907,2024Q4,0.8897338403041825,263
1908,2023Q4,0.8814814814814815,270
1908,2024Q1,0.8814814814814815,270
1908,2024Q2,0.8888888888888888,270
1908,2024Q3,0.8925925925925926,270
1908,2024Q4,0.8925925925925926,270
1909,2023Q4,0.8791208791208791,273
1909,2024Q1,0.9120879120879121,273
1909,2024Q2,0.9340659340659341,273
1909,2024Q3,0.945054945054945,273
1909,2024Q4,0.9487179487179487,273
1910,2023Q4,0.8597785977859779,271
1910,2024Q1,0.8487084870848709,271
1910,2024Q2,0.8376383763837638,271
1910,2024Q3,0.8302583025830258,271
1910,2024Q4,0.8413284132841329,271
1912,2023Q4,0.8619402985074627,268
1912,2024Q1,0.8582089552238806,268
1912,2024Q2,0.8544776119402985,268
1912,2024Q3,0.8544776119402985,268
1912,2024Q4,0.8246268656716418,268
1915,2023Q4,0.9442379182156134,269
1915,2024Q1,0.9479553903345725,269
1915,2024Q2,0.9702602230483272,269
1915,2024Q3,0.9776951672862454,269
1915,2024Q4,0.9702602230483272,269
1916,2023Q4,0.8345588235294118,272
1916,2024Q1,0.8308823529411765,272
1916,2024Q2,0.8345588235294118,272
1916,2024Q3,0.8382352941176471,272
1916,2024Q4,0.8455882352941176,272
1917,2023Q4,0.7164179104477612,268
1917,2024Q1,0.75,268
1917,2024Q2,0.7873134328358209,268
1917,2024Q3,0.8022388059701493,268
1917,2024Q4,0.7798507462686567,268
1918,2023Q4,0.9213483146067416,267
1918,2024Q1,0.9438202247191011,267
1918,2024Q2,0.951310861423221,267
1918,2024Q3,0.9662921348314607,267
1918,2024Q4,0.9662921348314607,267
1919,2023Q4,1.0,272
1919,2024Q1,1.0,272
1919,2024Q2,1.0,272
1919,2024Q3,1.0,272
1919,2024Q4,1.0,272
1920,2023Q4,0.9849056603773585,265
1920,2024Q1,0.9811320754716981,265
1920,2024Q2,0.9773584905660377,265
1920,2024Q3,0.9811320754716981,265
1920,2024Q4,0.9849056603773585,265
1921,2023Q4,0.9272727272727272,275
1921,2024Q1,0.9527272727272728,275
1921,2024Q2,0.9527272727272728,275
1921,2024Q3,0.96,275
1921,2024Q4,0.9636363636363636,275
1922,2023Q4,0.9070631970260223,269
1922,2024Q1,0.9144981412639405,269
1922,2024Q2,0.9144981412639405,269
1922,2024Q3,0.9107806691449815,269
1922,2024Q4,0.9144981412639405,269
1923,2023Q4,0.8586956521739131,276
1923,2024Q1,0.8659420289855072,276
1923,2024Q2,0.8768115942028986,276
1923,2024Q3,0.8768115942028986,276
1923,2024Q4,0.8768115942028986,276
1924,2023Q4,0.9384615384615385,260
1924,2024Q1,0.9423076923076923,260
1924,2024Q2,0.9230769230769231,260
1924,2024Q3,0.9307692307692308,260
1924,2024Q4,0.95,260
1925,2023Q4,0.9054545454545454,275
1925,2024Q1,0.8836363636363637,275
1925,2024Q2,0.88,275
1925,2024Q3,0.88,275
1925,2024Q4,0.88,275
1926,2023Q4,0.8955223880597015,268
1926,2024Q1,0.9067164179104478,268
1926,2024Q2,0.9365671641791045,268
1926,2024Q3,0.9589552238805971,268
1926,2024Q4,0.9626865671641791,268
1927,2023Q4,0.7490636704119851,267
1927,2024Q1,0.7265917602996255,267
1927,2024Q2,0.7228464419475655,267
1927,2024Q3,0.7677902621722846,267
1927,2024Q4,0.8127340823970037,267
1928,2023Q4,0.8945454545454545,275
1928,2024Q1,0.92,275
1928,2024Q2,0.9345454545454546,275
1928,2024Q3,0.9454545454545454,275
1928,2024Q4,0.9527272727272728,275
1929,2023Q4,0.8618181818181818,275
1929,2024Q1,0.8654545454545455,275
1929,2024Q2,0.8690909090909091,275
1929,2024Q3,0.8690909090909091,275
1929,2024Q4,0.88,275
1930,2023Q4,0.7790262172284644,267
1930,2024Q1,0.7902621722846442,267
1930,2024Q2,0.797752808988764,267
1930,2024Q3,0.7827715355805244,267
1930,2024Q4,0.7827715355805244,267
1931,2023Q4,0.6431226765799256,269
1931,2024Q1,0.6654275092936803,269
1931,2024Q2,0.6356877323420075,269
1931,2024Q3,0.5241635687732342,269
1931,2024Q4,0.39776951672862454,269
1932,2023Q4,0.8669064748201439,278
1932,2024Q1,0.8633093525179856,278
1932,2024Q2,0.8669064748201439,278
1932,2024Q3,0.8705035971223022,278
1932,2024Q4,0.8920863309352518,278
1933,2023Q4,0.8772563176895307,277
1933,2024Q1,0.8844765342960289,277
1933,2024Q2,0.8989169675090253,277
1933,2024Q3,0.9169675090252708,277
1933,2024Q4,0.924187725631769,277
1934,2023Q4,0.3592592592592593,270
1934,2024Q1,0.48148148148148145,270
1934,2024Q2,0.6185185185185185,270
1934,2024Q3,0.7222222222222222,270
1934,2024Q4,0.7888888888888889,270
1935,2023Q4,0.8525179856115108,278
1935,2024Q1,0.8597122302158273,278
1935,2024Q2,0.8776978417266187,278
1935,2024Q3,0.89568345323741,278
1935,2024Q4,0.9280575539568345,278
1936,2023Q4,0.9890909090909091,275
1936,2024Q1,0.9927272727272727,275
1936,2024Q2,0.9927272727272727,275
1936,2024Q3,0.9927272727272727,275
1936,2024Q4,0.9927272727272727,275
1937,2023Q4,0.8823529411764706,272
1937,2024Q1,0.9485294117647058,272
1937,2024Q2,0.9705882352941176,272
1937,2024Q3,0.9595588235294118,272
1937,2024Q4,0.9448529411764706,272
1938,2023Q4,0.9440298507462687,268
1938,2024Q1,0.9514925373134329,268
1938,2024Q2,0.9514925373134329,268
1938,2024Q3,0.9514925373134329,268
1938,2024Q4,0.9514925373134329,268
1939,2023Q4,0.7681159420289855,276
1939,2024Q1,0.7608695652173914,276
1939,2024Q2,0.7391304347826086,276
1939,2024Q3,0.7101449275362319,276
1939,2024Q4,0.6920289855072463,276
1940,2023Q4,0.8528301886792453,265
1940,2024Q1,0.8716981132075472,265
1940,2024Q2,0.8905660377358491,265
1940,2024Q3,0.9056603773584906,265
1940,2024Q4,0.9132075471698113,265
1941,2023Q4,0.6642599277978339,277
1941,2024Q1,0.6353790613718412,277
1941,2024Q2,0.6498194945848376,277
1941,2024Q3,0.6787003610108303,277
1941,2024Q4,0.6787003610108303,277
1942,2023Q4,0.9547169811320755,265
1942,2024Q1,0.939622641509434,265
1942,2024Q2,0.7849056603773585,265
1942,2024Q3,0.6452830188679245,265
1942,2024Q4,0.6264150943396226,265
1943,2023Q4,0.8592057761732852,277
1943,2024Q1,0.8628158844765343,277
1943,2024Q2,0.8664259927797834,277
1943,2024Q3,0.8736462093862816,277
1943,2024Q4,0.8736462093862816,277
1944,2023Q4,0.45038167938931295,262
1944,2024Q1,0.46946564885496184,262
1944,2024Q2,0.49236641221374045,262
1944,2024Q3,0.5534351145038168,262
1944,2024Q4,0.5572519083969466,262
1945,2023Q4,0.8426966292134831,267
1945,2024Q1,0.850187265917603,267
1945,2024Q2,0.8614232209737828,267
1945,2024Q3,0.9063670411985019,267
1945,2024Q4,0.9176029962546817,267
1947,2023Q4,0.8786764705882353,272
1947,2024Q1,0.9448529411764706,272
1947,2024Q2,0.9522058823529411,272
1947,2024Q3,0.9522058823529411,272
1947,2024Q4,0.9522058823529411,272
1948,2023Q4,0.8082706766917294,266
1948,2024Q1,0.8157894736842105,266
1948,2024Q2,0.6954887218045113,266
1948,2024Q3,0.6842105263157895,266
1948,2024Q4,0.6917293233082706,266
1949,2023Q4,0.8628158844765343,277
1949,2024Q1,0.855595667870036,277
1949,2024Q2,0.8592057761732852,277
1949,2024Q3,0.8628158844765343,277
1949,2024Q4,0.8628158844765343,277
1950,2023Q4,0.7672727272727272,275
1950,2024Q1,0.6472727272727272,275
1950,2024Q2,0.5272727272727272,275
1950,2024Q3,0.4909090909090909,275
1950,2024Q4,0.52,275
1951,2023Q4,0.6853932584269663,267
1951,2024Q1,0.6853932584269663,267
1951,2024Q2,0.700374531835206,267
1951,2024Q3,0.7265917602996255,267
1951,2024Q4,0.7752808988764045,267
1952,2023Q4,1.0,273
1952,2024Q1,1.0,273
1952,2024Q2,1.0,273
1952,2024Q3,1.0,273
1952,2024Q4,1.0,273
1954,2023Q4,0.9851301115241635,269
1954,2024Q1,0.9888475836431226,269
1954,2024Q2,0.9553903345724907,269
1954,2024Q3,0.9368029739776952,269
1954,2024Q4,0.9219330855018587,269
1955,2023Q4,0.9566787003610109,277
1955,2024Q1,0.9314079422382672,277
1955,2024Q2,0.8989169675090253,277
1955,2024Q3,0.8700361010830325,277
1955,2024Q4,0.8628158844765343,277
1956,2023Q4,1.0,277
1956,2024Q1,1.0,277
1956,2024Q2,1.0,277
1956,2024Q3,0.9963898916967509,277
1956,2024Q4,0.9963898916967509,277
1957,2023Q4,0.9963235294117647,272
1957,2024Q1,0.9963235294117647,272
1957,2024Q2,0.9963235294117647,272
1957,2024Q3,0.9963235294117647,272
1957,2024Q4,0.9963235294117647,272
1958,2023Q4,1.0,275
1958,2024Q1,1.0,275
1958,2024Q2,1.0,275
1958,2024Q3,1.0,275
1958,2024Q4,1.0,275
1959,2023Q4,0.9963768115942029,276
1959,2024Q1,0.9963768115942029,276
1959,2024Q2,0.9963768115942029,276
1959,2024Q3,0.9927536231884058,276
1959,2024Q4,0.9891304347826086,276
1960,2023Q4,1.0,271
1960,2024Q1,1.0,271
1960,2024Q2,1.0,271
1960,2024Q3,0.996309963099631,271
1960,2024Q4,0.996309963099631,271
1961,2023Q4,0.9963369963369964,273
1961,2024Q1,0.9963369963369964,273
1961,2024Q2,0.9963369963369964,273
1961,2024Q3,0.9963369963369964,273
1961,2024Q4,0.9963369963369964,273
1962,2023Q4,0.9962546816479401,267
1962,2024Q1,0.9962546816479401,267
1962,2024Q2,0.9962546816479401,267
1962,2024Q3,0.9962546816479401,267
1962,2024Q4,0.9962546816479401,267
1963,2023Q4,1.0,275
1963,2024Q1,1.0,275
1963,2024Q2,1.0,275
1963,2024Q3,1.0,275
1963,2024Q4,1.0,275
1964,2023Q4,0.9962264150943396,265
1964,2024Q1,0.9962264150943396,265
1965,2023Q4,0.9927007299270073,274
1965,2024Q1,0.9963503649635036,274
1965,2024Q2,0.9963503649635036,274
1965,2024Q3,0.9963503649635036,274
1965,2024Q4,0.9963503649635036,274
1966,2023Q4,1.0,269
1966,2024Q1,0.9888475836431226,269
1966,2024Q2,0.9814126394052045,269
1966,2024Q3,0.9628252788104089,269
1966,2024Q4,0.9256505576208178,269
1967,2023Q4,0.9782608695652174,276
1967,2024Q1,0.9637681159420289,276
1967,2024Q2,0.9565217391304348,276
1967,2024Q3,0.9601449275362319,276
1967,2024Q4,0.9528985507246377,276
1968,2023Q4,0.9963503649635036,274
1968,2024Q1,0.9963503649635036,274
1968,2024Q2,0.9963503649635036,274
1968,2024Q3,0.9963503649635036,274
1968,2024Q4,0.9963503649635036,274
1969,2023Q4,1.0,263
1969,2024Q1,1.0,263
1969,2024Q2,1.0,263
1969,2024Q3,1.0,263
1969,2024Q4,1.0,263
1970,2023Q4,0.9963369963369964,273
1970,2024Q1,0.9963369963369964,273
1970,2024Q2,0.9963369963369964,273
1970,2024Q3,0.9963369963369964,273
1970,2024Q4,0.9963369963369964,273
1971,2023Q4,1.0,259
1971,2024Q1,1.0,259
1971,2024Q2,1.0,259
1971,2024Q3,1.0,259
1971,2024Q4,1.0,259
1972,2023Q4,0.9111111111111111,270
1972,2024Q1,0.9148148148148149,270
1972,2024Q2,0.9259259259259259,270
1972,2024Q3,0.9296296296296296,270
1972,2024Q4,0.9222222222222223,270
1973,2023Q4,0.9553903345724907,269
1973,2024Q1,0.9702602230483272,269
1973,2024Q2,0.9776951672862454,269
1973,2024Q3,0.9814126394052045,269
1973,2024Q4,0.9814126394052045,269
1974,2023Q4,0.966542750929368,269
1974,2024Q1,0.9851301115241635,269
1974,2024Q2,0.9888475836431226,269
1974,2024Q3,0.9814126394052045,269
1974,2024Q4,0.9851301115241635,269
1975,2023Q4,0.967032967032967,273
1975,2024Q1,0.967032967032967,273
1975,2024Q2,0.9633699633699634,273
1975,2024Q3,0.9633699633699634,273
1975,2024Q4,0.9633699633699634,273
1976,2023Q4,0.9558823529411765,272
1976,2024Q1,0.9595588235294118,272
1976,2024Q2,0.9595588235294118,272
1976,2024Q3,0.9595588235294118,272
1976,2024Q4,0.9595588235294118,272
1977,2023Q4,1.0,268
1977,2024Q1,1.0,268
1977,2024Q2,1.0,268
1977,2024Q3,1.0,268
1977,2024Q4,1.0,268
1978,2023Q4,0.8314606741573034,267
1978,2024Q1,0.8314606741573034,267
1978,2024Q2,0.8389513108614233,267
1978,2024Q3,0.8426966292134831,267
1978,2024Q4,0.850187265917603,267
1979,2023Q4,1.0,278
1979,2024Q1,1.0,278
1979,2024Q2,1.0,278
1979,2024Q3,1.0,278
1979,2024Q4,1.0,278
1980,2023Q4,1.0,267
1980,2024Q1,1.0,267
1980,2024Q2,1.0,267
1980,2024Q3,1.0,267
1980,2024Q4,1.0,267
1981,2023Q4,0.6654135338345865,266
1981,2024Q1,0.7481203007518797,266
1981,2024Q2,0.8120300751879699,266
1981,2024Q3,0.8383458646616542,266
1981,2024Q4,0.8458646616541353,266
1982,2023Q4,0.3927272727272727,275
1982,2024Q1,0.48363636363636364,275
1982,2024Q2,0.49454545454545457,275
1982,2024Q3,0.5272727272727272,275
1982,2024Q4,0.5454545454545454,275
1983,2023Q4,0.9256505576208178,269
1983,2024Q1,0.9219330855018587,269
1983,2024Q2,0.9070631970260223,269
1983,2024Q3,0.862453531598513,269
1983,2024Q4,0.8513011152416357,269
1984,2023Q4,0.9511278195488722,266
1984,2024Q1,0.9511278195488722,266
1984,2024Q2,0.9473684210526315,266
1984,2024Q3,0.9398496240601504,266
1984,2024Q4,0.9398496240601504,266
1985,2023Q4,1.0,270
1985,2024Q1,1.0,270
1985,2024Q2,1.0,270
1985,2024Q3,1.0,270
1985,2024Q4,1.0,270
1986,2023Q4,1.0,271
1986,2024Q1,1.0,271
1986,2024Q2,1.0,271
1986,2024Q3,1.0,271
1986,2024Q4,1.0,271
1987,2023Q4,0.8507462686567164,268
1987,2024Q1,0.7985074626865671,268
1987,2024Q2,0.7238805970149254,268
1987,2024Q3,0.6007462686567164,268
1987,2024Q4,0.5,268
1988,2023Q4,0.9595588235294118,272
1988,2024Q1,0.9742647058823529,272
1988,2024Q2,0.9705882352941176,272
1988,2024Q3,0.9742647058823529,272
1988,2024Q4,0.9742647058823529,272
1989,2023Q4,0.967391304347826,276
1989,2024Q1,0.967391304347826,276
1989,2024Q2,0.967391304347826,276
1989,2024Q3,0.967391304347826,276
1989,2024Q4,0.967391304347826,276
1990,2023Q4,0.6642599277978339,277
1990,2024Q1,0.6750902527075813,277
1990,2024Q2,0.6895306859205776,277
1990,2024Q3,0.7220216606498195,277
1990,2024Q4,0.7545126353790613,277
1991,2023Q4,0.9309090909090909,275
1991,2024Q1,0.9418181818181818,275
1991,2024Q2,0.9490909090909091,275
1991,2024Q3,0.9490909090909091,275
1991,2024Q4,0.9563636363636364,275
1992,2023Q4,0.967032967032967,273
1992,2024Q1,0.967032967032967,273
1992,2024Q2,0.967032967032967,273
1992,2024Q3,0.9633699633699634,273
1992,2024Q4,0.9633699633699634,273
1993,2023Q4,0.996309963099631,271
1993,2024Q1,0.996309963099631,271
1993,2024Q2,1.0,271
1993,2024Q3,1.0,271
1993,2024Q4,1.0,271
1994,2023Q4,0.9635036496350365,274
1994,2024Q1,0.9635036496350365,274
1994,2024Q2,0.9635036496350365,274
1994,2024Q3,0.9635036496350365,274
1994,2024Q4,0.9635036496350365,274
1995,2023Q4,1.0,274
1995,2024Q1,1.0,274
1995,2024Q2,1.0,274
1995,2024Q3,1.0,274
1995,2024Q4,1.0,274
1996,2023Q4,0.9552238805970149,268
1996,2024Q1,0.9664179104477612,268
1996,2024Q2,0.9664179104477612,268
1996,2024Q3,0.9701492537313433,268
1996,2024Q4,0.9701492537313433,268
1997,2023Q4,0.9702602230483272,269
1997,2024Q1,0.9702602230483272,269
1997,2024Q2,0.9702602230483272,269
1997,2024Q3,0.9702602230483272,269
1997,2024Q4,0.9702602230483272,269
1999,2023Q4,0.6059479553903345,269
1999,2024Q1,0.7323420074349443,269
1999,2024Q2,0.7806691449814126,269
1999,2024Q3,0.7806691449814126,269
1999,2024Q4,0.7881040892193308,269
2000,2023Q4,1.0,270
2000,2024Q1,1.0,270
2000,2024Q2,1.0,270
2000,2024Q3,1.0,270
2000,2024Q4,1.0,270
2001,2023Q4,0.946360153256705,261
2001,2024Q1,0.9693486590038314,261
2001,2024Q2,0.9731800766283525,261
2001,2024Q3,0.9731800766283525,261
2001,2024Q4,0.9693486590038314,261
2002,2023Q4,0.8937728937728938,273
2002,2024Q1,0.9084249084249084,273
2002,2024Q2,0.9194139194139194,273
2002,2024Q3,0.9267399267399268,273
2002,2024Q4,0.9377289377289377,273
2004,2023Q4,1.0,267
2004,2024Q1,1.0,267
2004,2024Q2,1.0,267
2004,2024Q3,1.0,267
2004,2024Q4,1.0,267
2005,2023Q4,0.38235294117647056,272
2005,2024Q1,0.7904411764705882,272
2005,2024Q2,0.875,272
2005,2024Q3,0.9411764705882353,272
2005,2024Q4,0.9632352941176471,272
2006,2023Q4,1.0,264
2006,2024Q1,1.0,264
2006,2024Q2,1.0,264
2006,2024Q3,1.0,264
2006,2024Q4,1.0,264
2007,2023Q4,0.9676258992805755,278
2007,2024Q1,0.9676258992805755,278
2007,2024Q2,0.9676258992805755,278
2007,2024Q3,0.9676258992805755,278
2007,2024Q4,0.9676258992805755,278
2008,2023Q4,0.8467153284671532,274
2008,2024Q1,0.8467153284671532,274
2008,2024Q2,0.8576642335766423,274
2008,2024Q3,0.8978102189781022,274
2008,2024Q4,0.9124087591240876,274
2009,2023Q4,0.9413919413919414,273
2009,2024Q1,0.945054945054945,273
2009,2024Q2,0.9523809523809523,273
2009,2024Q3,0.9597069597069597,273
2009,2024Q4,0.9413919413919414,273
2010,2023Q4,0.8808664259927798,277
2010,2024Q1,0.927797833935018,277
2010,2024Q2,0.9350180505415162,277
2010,2024Q3,0.9494584837545126,277
2010,2024Q4,0.9494584837545126,277
2011,2023Q4,0.75,276
2011,2024Q1,0.8007246376811594,276
2011,2024Q2,0.822463768115942,276
2011,2024Q3,0.8405797101449275,276
2011,2024Q4,0.8405797101449275,276
2012,2023Q4,0.9669117647058824,272
2012,2024Q1,0.9669117647058824,272
2012,2024Q2,0.9742647058823529,272
2012,2024Q3,0.9742647058823529,272
2012,2024Q4,0.9705882352941176,272
2015,2023Q4,0.9675090252707581,277
2015,2024Q1,0.9783393501805054,277
2015,2024Q2,0.9783393501805054,277
2015,2024Q3,0.9783393501805054,277
2015,2024Q4,0.9675090252707581,277
2016,2023Q4,0.9291044776119403,268
2016,2024Q1,0.917910447761194,268
2017,2023Q4,0.4942084942084942,259
2017,2024Q1,0.5135135135135135,259
2017,2024Q2,0.6486486486486487,259
2017,2024Q3,0.7142857142857143,259
2017,2024Q4,0.7992277992277992,259
2018,2023Q4,0.4594594594594595,259
2018,2024Q1,0.44015444015444016,259
2018,2024Q2,0.4942084942084942,259
2018,2024Q3,0.4864864864864865,259
2018,2024Q4,0.5135135135135135,259
2019,2023Q4,0.664179104477612,268
2019,2024Q1,0.7425373134328358,268
2019,2024Q2,0.7798507462686567,268
2019,2024Q3,0.8582089552238806,268
2019,2024Q4,0.8544776119402985,268
2020,2023Q4,0.9743589743589743,273
2020,2024Q1,0.9743589743589743,273
2021,2023Q4,0.9857142857142858,280
2021,2024Q1,0.9857142857142858,280
2021,2024Q2,0.9821428571428571,280
2021,2024Q3,0.975,280
2021,2024Q4,0.9785714285714285,280
2022,2023Q4,0.978021978021978,273
2022,2024Q1,0.989010989010989,273
2022,2024Q2,0.978021978021978,273
2022,2024Q3,0.967032967032967,273
2022,2024Q4,0.9560439560439561,273
2023,2023Q4,0.6410256410256411,273
2023,2024Q1,0.6007326007326007,273
2023,2024Q2,0.5824175824175825,273
2023,2024Q3,0.5604395604395604,273
2023,2024Q4,0.5714285714285714,273
2024,2023Q4,0.5787545787545788,273
2024,2024Q1,0.5238095238095238,273
2024,2024Q2,0.6007326007326007,273
2024,2024Q3,0.7802197802197802,273
2024,2024Q4,0.8644688644688645,273
2025,2023Q4,0.989247311827957,279
2025,2024Q1,0.985663082437276,279
2025,2024Q2,0.985663082437276,279
2025,2024Q3,0.985663082437276,279
2025,2024Q4,0.985663082437276,279
2027,2023Q4,0.9782608695652174,276
2027,2024Q1,0.9710144927536232,276
2027,2024Q2,0.9746376811594203,276
2027,2024Q3,0.9710144927536232,276
2027,2024Q4,0.967391304347826,276
2028,2023Q4,0.7404580152671756,262
2028,2024Q1,0.42366412213740456,262
2028,2024Q2,0.7251908396946565,262
2028,2024Q3,0.816793893129771,262
2028,2024Q4,0.7824427480916031,262
2030,2023Q4,0.6832740213523132,281
2030,2024Q1,0.6334519572953736,281
2030,2024Q2,0.594306049822064,281
2030,2024Q3,0.5836298932384342,281
2030,2024Q4,0.5587188612099644,281
2031,2023Q4,0.9522058823529411,272
2031,2024Q1,0.9522058823529411,272
2031,2024Q2,0.9595588235294118,272
2031,2024Q3,0.9669117647058824,272
2031,2024Q4,0.9669117647058824,272
2032,2023Q4,1.0,272
2032,2024Q1,1.0,272
2032,2024Q2,1.0,272
2032,2024Q3,1.0,272
2032,2024Q4,1.0,272
2033,2023Q4,1.0,269
2033,2024Q1,1.0,269
2033,2024Q2,1.0,269
2033,2024Q3,1.0,269
2033,2024Q4,1.0,269
2034,2023Q4,0.8075471698113208,265
2034,2024Q1,0.6716981132075471,265
2034,2024Q2,0.6490566037735849,265
2034,2024Q3,0.6641509433962264,265
2034,2024Q4,0.8339622641509434,265
2035,2023Q4,0.5413533834586466,266
2035,2024Q1,0.2857142857142857,266
2035,2024Q2,0.793233082706767,266
2035,2024Q3,0.2593984962406015,266
2035,2024Q4,0.7330827067669173,266
2036,2023Q4,0.5204460966542751,269
2036,2024Q1,0.516728624535316,269
2036,2024Q2,0.8736059479553904,269
2036,2024Q3,0.9628252788104089,269
2036,2024Q4,0.9219330855018587,269
2037,2023Q4,0.9664179104477612,268
2037,2024Q1,0.9738805970149254,268
2037,2024Q2,0.9738805970149254,268
2037,2024Q3,0.9589552238805971,268
2037,2024Q4,0.917910447761194,268
2039,2023Q4,0.551094890510949,274
2039,2024Q1,0.5802919708029197,274
2039,2024Q2,0.44525547445255476,274
2039,2024Q3,0.48175182481751827,274
2039,2024Q4,0.5802919708029197,274
2040,2023Q4,0.8921933085501859,269
2040,2024Q1,0.966542750929368,269
2040,2024Q2,0.9776951672862454,269
2040,2024Q3,0.9776951672862454,269
2040,2024Q4,0.9776951672862454,269
2041,2023Q4,0.5992063492063492,252
2041,2024Q1,0.6507936507936508,252
2041,2024Q2,0.7142857142857143,252
2041,2024Q3,0.8293650793650794,252
2041,2024Q4,0.8492063492063492,252
2042,2023Q4,0.9629629629629629,270
2042,2024Q1,0.9629629629629629,270
2042,2024Q2,0.9629629629629629,270
2042,2024Q3,0.9629629629629629,270
2042,2024Q4,0.9592592592592593,270
2043,2023Q4,0.9528985507246377,276
2043,2024Q1,0.967391304347826,276
2043,2024Q2,0.9746376811594203,276
2043,2024Q3,0.9891304347826086,276
2043,2024Q4,0.9891304347826086,276
2044,2023Q4,1.0,264
2044,2024Q1,1.0,264
2044,2024Q2,1.0,264
2044,2024Q3,1.0,264
2044,2024Q4,1.0,264
2045,2023Q4,0.8656716417910447,268
2045,2024Q1,0.8582089552238806,268
2045,2024Q2,0.8544776119402985,268
2045,2024Q3,0.8507462686567164,268
2045,2024Q4,0.8507462686567164,268
2046,2023Q4,0.8851851851851852,270
2046,2024Q1,0.8888888888888888,270
2046,2024Q2,0.8888888888888888,270
2046,2024Q3,0.8888888888888888,270
2046,2024Q4,0.8888888888888888,270
2047,2023Q4,0.8351648351648352,273
2047,2024Q1,0.8241758241758241,273
2047,2024Q2,0.7802197802197802,273
2047,2024Q3,0.7289377289377289,273
2047,2024Q4,0.6007326007326007,273
2048,2023Q4,0.8690909090909091,275
2048,2024Q1,0.8690909090909091,275
2048,2024Q2,0.8618181818181818,275
2048,2024Q3,0.8581818181818182,275
2048,2024Q4,0.8472727272727273,275
2049,2023Q4,0.9219330855018587,269
2049,2024Q1,0.9368029739776952,269
2049,2024Q2,0.9405204460966543,269
2049,2024Q3,0.9553903345724907,269
2049,2024Q4,0.966542750929368,269
2050,2023Q4,0.8769230769230769,260
2050,2024Q1,0.8807692307692307,260
2050,2024Q2,0.8807692307692307,260
2050,2024Q3,0.8807692307692307,260
2050,2024Q4,0.8807692307692307,260
2051,2023Q4,0.9730769230769231,260
2051,2024Q1,0.9730769230769231,260
2051,2024Q2,0.9730769230769231,260
2051,2024Q3,0.9730769230769231,260
2051,2024Q4,0.9730769230769231,260
2052,2023Q4,0.7977099236641222,262
2052,2024Q1,0.816793893129771,262
2052,2024Q2,0.851145038167939,262
2052,2024Q3,0.8664122137404581,262
2052,2024Q4,0.8702290076335878,262
2053,2023Q4,0.8814814814814815,270
2053,2024Q1,0.8814814814814815,270
2053,2024Q2,0.8851851851851852,270
2053,2024Q3,0.8851851851851852,270
2053,2024Q4,0.8851851851851852,270
2054,2023Q4,0.9586466165413534,266
2054,2024Q1,0.9586466165413534,266
2054,2024Q2,0.9586466165413534,266
2054,2024Q3,0.9586466165413534,266
2054,2024Q4,0.9624060150375939,266
2055,2023Q4,0.9487179487179487,273
2055,2024Q1,0.9523809523809523,273
2055,2024Q2,0.9523809523809523,273
2055,2024Q3,0.9523809523809523,273
2055,2024Q4,0.9523809523809523,273
2056,2023Q4,0.9176029962546817,267
2056,2024Q1,0.9288389513108615,267
2056,2024Q2,0.9325842696629213,267
2056,2024Q3,0.9325842696629213,267
2056,2024Q4,0.9363295880149812,267
2057,2023Q4,0.8745387453874539,271
2057,2024Q1,0.8745387453874539,271
2057,2024Q2,0.8745387453874539,271
2057,2024Q3,0.8782287822878229,271
2057,2024Q4,0.8819188191881919,271
2058,2023Q4,0.9026217228464419,267
2058,2024Q1,0.9176029962546817,267
2058,2024Q2,0.9288389513108615,267
2058,2024Q3,0.9588014981273408,267
2058,2024Q4,0.9662921348314607,267
2059,2023Q4,0.7765567765567766,273
2059,2024Q1,0.73992673992674,273
2059,2024Q2,0.7032967032967034,273
2059,2024Q3,0.6813186813186813,273
2059,2024Q4,0.673992673992674,273
2060,2023Q4,0.9101123595505618,267
2060,2024Q1,0.9138576779026217,267
2060,2024Q2,0.9250936329588015,267
2060,2024Q3,0.9438202247191011,267
2060,2024Q4,0.9438202247191011,267
2061,2023Q4,0.8028673835125448,279
2061,2024Q1,0.8351254480286738,279
2061,2024Q2,0.8602150537634409,279
2061,2024Q3,0.8781362007168458,279
2061,2024Q4,0.8817204301075269,279
2062,2023Q4,0.9405204460966543,269
2062,2024Q1,0.9405204460966543,269
2062,2024Q2,0.9442379182156134,269
2062,2024Q3,0.9516728624535316,269
2062,2024Q4,0.9553903345724907,269
2063,2023Q4,1.0,265
2063,2024Q1,1.0,265
2063,2024Q2,1.0,265
2063,2024Q3,1.0,265
2063,2024Q4,1.0,265
2064,2023Q4,0.7509433962264151,265
2064,2024Q1,0.7094339622641509,265
2064,2024Q2,0.690566037735849,265
2064,2024Q3,0.6981132075471698,265
2064,2024Q4,0.7547169811320755,265
2065,2023Q4,0.868421052631579,266
2065,2024Q1,0.868421052631579,266
2065,2024Q2,0.868421052631579,266
2065,2024Q3,0.8796992481203008,266
2065,2024Q4,0.8872180451127819,266
2066,2023Q4,0.8807692307692307,260
2066,2024Q1,0.8846153846153846,260
2066,2024Q2,0.8923076923076924,260
2066,2024Q3,0.9038461538461539,260
2066,2024Q4,0.9115384615384615,260
2067,2023Q4,0.8933823529411765,272
2067,2024Q1,0.9044117647058824,272
2067,2024Q2,0.9301470588235294,272
2067,2024Q3,0.9375,272
2067,2024Q4,0.9485294117647058,272
2068,2023Q4,0.8731884057971014,276
2068,2024Q1,0.8768115942028986,276
2068,2024Q2,0.8768115942028986,276
2068,2024Q3,0.8840579710144928,276
2068,2024Q4,0.8840579710144928,276
2069,2023Q4,0.8782287822878229,271
2069,2024Q1,0.8782287822878229,271
2069,2024Q2,0.8745387453874539,271
2069,2024Q3,0.8745387453874539,271
2069,2024Q4,0.8782287822878229,271
2070,2023Q4,0.9635036496350365,274
2070,2024Q1,0.9671532846715328,274
2070,2024Q2,0.9671532846715328,274
2070,2024Q3,0.9671532846715328,274
2070,2024Q4,0.9671532846715328,274
2072,2023Q4,0.6131386861313869,274
2072,2024Q1,0.6204379562043796,274
2072,2024Q2,0.6204379562043796,274
2072,2024Q3,0.6058394160583942,274
2072,2024Q4,0.5693430656934306,274
2073,2023Q4,0.9566787003610109,277
2073,2024Q1,0.9566787003610109,277
2073,2024Q2,0.9566787003610109,277
2073,2024Q3,0.9566787003610109,277
2073,2024Q4,0.9566787003610109,277
2074,2023Q4,0.4377358490566038,265
2074,2024Q1,0.7773584905660378,265
2074,2024Q2,0.9245283018867925,265
2074,2024Q3,1.0,265
2074,2024Q4,1.0,265
2075,2023Q4,0.34558823529411764,272
2075,2024Q1,0.3272058823529412,272
2075,2024Q2,0.4485294117647059,272
2075,2024Q3,0.5772058823529411,272
2075,2024Q4,0.6764705882352942,272
2076,2023Q4,0.9348659003831418,261
2076,2024Q1,0.789272030651341,261
2076,2024Q2,0.8773946360153256,261
2076,2024Q3,0.9808429118773946,261
2076,2024Q4,0.9655172413793104,261
2077,2023Q4,0.6966292134831461,267
2077,2024Q1,0.704119850187266,267
2077,2024Q2,0.704119850187266,267
2077,2024Q3,0.700374531835206,267
2077,2024Q4,0.6966292134831461,267
2078,2023Q4,0.9456521739130435,276
2078,2024Q1,0.9492753623188406,276
2078,2024Q2,0.9492753623188406,276
2078,2024Q3,0.9565217391304348,276
2078,2024Q4,0.9637681159420289,276
2079,2023Q4,0.9259259259259259,270
2079,2024Q1,0.9407407407407408,270
2079,2024Q2,0.9444444444444444,270
2079,2024Q3,0.9703703703703703,270
2079,2024Q4,0.9703703703703703,270
2080,2023Q4,0.8403041825095057,263
2080,2024Q1,0.8403041825095057,263
2080,2024Q2,0.844106463878327,263
2080,2024Q3,0.8365019011406845,263
2080,2024Q4,0.8365019011406845,263
2081,2023Q4,0.8592057761732852,277
2081,2024Q1,0.8664259927797834,277
2081,2024Q2,0.8664259927797834,277
2081,2024Q3,0.8736462093862816,277
2081,2024Q4,0.8772563176895307,277
2082,2023Q4,0.8483754512635379,277
2082,2024Q1,0.8483754512635379,277
2082,2024Q2,0.851985559566787,277
2082,2024Q3,0.855595667870036,277
2082,2024Q4,0.8664259927797834,277
2085,2023Q4,0.8623188405797102,276
2085,2024Q1,0.8623188405797102,276
2085,2024Q2,0.8659420289855072,276
2085,2024Q3,0.8695652173913043,276
2085,2024Q4,0.8731884057971014,276
2087,2023Q4,0.8656716417910447,268
2087,2024Q1,0.8619402985074627,268
2087,2024Q2,0.8656716417910447,268
2087,2024Q3,0.8656716417910447,268
2087,2024Q4,0.8768656716417911,268
2088,2023Q4,0.8233082706766918,266
2088,2024Q1,0.8195488721804511,266
2088,2024Q2,0.8233082706766918,266
2088,2024Q3,0.8383458646616542,266
2088,2024Q4,0.849624060150376,266
2089,2023Q4,0.8222222222222222,270
2089,2024Q1,0.8185185185185185,270
2089,2024Q2,0.8185185185185185,270
2089,2024Q3,0.825925925925926,270
2089,2024Q4,0.837037037037037,270
2090,2023Q4,0.8713235294117647,272
2090,2024Q1,0.875,272
2090,2024Q2,0.875,272
2090,2024Q3,0.8786764705882353,272
2090,2024Q4,0.8786764705882353,272
2091,2023Q4,0.9522058823529411,272
2091,2024Q1,0.9558823529411765,272
2091,2024Q2,0.9632352941176471,272
2091,2024Q3,0.9632352941176471,272
2091,2024Q4,0.9632352941176471,272
2093,2023Q4,0.8424908424908425,273
2093,2024Q1,0.8388278388278388,273
2093,2024Q2,0.8351648351648352,273
2093,2024Q3,0.8278388278388278,273
2093,2024Q4,0.8351648351648352,273
2094,2023Q4,0.9040590405904059,271
2094,2024Q1,0.9003690036900369,271
2094,2024Q2,0.915129151291513,271
2094,2024Q3,0.9372693726937269,271
2094,2024Q4,0.9446494464944649,271
2095,2023Q4,0.8609022556390977,266
2095,2024Q1,0.8609022556390977,266
2095,2024Q2,0.8609022556390977,266
2095,2024Q3,0.8609022556390977,266
2095,2024Q4,0.8759398496240601,266
2096,2023Q4,0.8740740740740741,270
2096,2024Q1,0.8851851851851852,270
2096,2024Q2,0.9,270
2096,2024Q3,0.9074074074074074,270
2096,2024Q4,0.9111111111111111,270
2098,2023Q4,0.8507462686567164,268
2098,2024Q1,0.8507462686567164,268
2098,2024Q2,0.8544776119402985,268
2098,2024Q3,0.8544776119402985,268
2098,2024Q4,0.8544776119402985,268
2099,2024Q2,0.9704797047970479,271
2099,2024Q3,0.985239852398524,271
2099,2024Q4,0.981549815498155,271
2100,2023Q4,0.8188679245283019,265
2100,2024Q1,0.8188679245283019,265
2100,2024Q2,0.8150943396226416,265
2100,2024Q3,0.8264150943396227,265
2100,2024Q4,0.8603773584905661,265
2101,2023Q4,1.0,276
2101,2024Q1,1.0,276
2101,2024Q2,1.0,276
2101,2024Q3,1.0,276
2101,2024Q4,1.0,276
2105,2023Q4,0.9656488549618321,262
2105,2024Q1,0.9694656488549618,262
2105,2024Q2,0.9694656488549618,262
2105,2024Q3,0.9694656488549618,262
2105,2024Q4,0.9694656488549618,262
2108,2023Q4,0.8065693430656934,274
2108,2024Q1,0.8029197080291971,274
2108,2024Q2,0.7956204379562044,274
2108,2024Q3,0.791970802919708,274
2108,2024Q4,0.7883211678832117,274
2109,2023Q4,0.9125475285171103,263
2109,2024Q1,0.9125475285171103,263
2109,2024Q2,0.9201520912547528,263
2109,2024Q3,0.9277566539923955,263
2109,2024Q4,0.9315589353612167,263
2110,2023Q4,0.7833935018050542,277
2110,2024Q1,0.779783393501805,277
2110,2024Q2,0.7978339350180506,277
2110,2024Q3,0.8194945848375451,277
2110,2024Q4,0.8411552346570397,277
2111,2023Q4,0.955719557195572,271
2111,2024Q1,0.955719557195572,271
2111,2024Q2,0.955719557195572,271
2111,2024Q3,0.955719557195572,271
2111,2024Q4,0.955719557195572,271
2112,2023Q4,0.8582089552238806,268
2112,2024Q1,0.8694029850746269,268
2112,2024Q2,0.8694029850746269,268
2112,2024Q3,0.8768656716417911,268
2112,2024Q4,0.8768656716417911,268
2113,2023Q4,0.9581749049429658,263
2113,2024Q1,0.9581749049429658,263
2113,2024Q2,0.9581749049429658,263
2113,2024Q3,0.9581749049429658,263
2113,2024Q4,0.9581749049429658,263
2114,2023Q4,0.7381818181818182,275
2114,2024Q1,0.7527272727272727,275
2114,2024Q2,0.7563636363636363,275
2114,2024Q3,0.7854545454545454,275
2114,2024Q4,0.8181818181818182,275
2116,2023Q4,0.8690909090909091,275
2116,2024Q1,0.8727272727272727,275
2116,2024Q2,0.8836363636363637,275
2116,2024Q3,0.8872727272727273,275
2116,2024Q4,0.9054545454545454,275
2117,2023Q4,0.8619402985074627,268
2117,2024Q1,0.8768656716417911,268
2117,2024Q2,0.8843283582089553,268
2117,2024Q3,0.8880597014925373,268
2117,2024Q4,0.8880597014925373,268
2118,2023Q4,0.7357142857142858,280
2118,2024Q1,0.7392857142857143,280
2118,2024Q2,0.7428571428571429,280
2118,2024Q3,0.7571428571428571,280
2118,2024Q4,0.7857142857142857,280
2119,2023Q4,1.0,266
2119,2024Q1,1.0,266
2119,2024Q2,1.0,266
2119,2024Q3,1.0,266
2119,2024Q4,1.0,266
2120,2023Q4,0.9558823529411765,272
2120,2024Q1,0.9558823529411765,272
2120,2024Q2,0.9411764705882353,272
2120,2024Q3,0.9264705882352942,272
2120,2024Q4,0.9044117647058824,272
2121,2023Q4,0.5106382978723404,282
2121,2024Q1,0.48936170212765956,282
2121,2024Q2,0.5106382978723404,282
2121,2024Q3,0.5283687943262412,282
2121,2024Q4,0.5106382978723404,282
2122,2023Q4,0.9632352941176471,272
2122,2024Q1,0.9632352941176471,272
2122,2024Q2,0.9632352941176471,272
2122,2024Q3,0.9632352941176471,272
2122,2024Q4,0.9632352941176471,272
2124,2023Q4,0.8518518518518519,270
2124,2024Q1,0.8481481481481481,270
2124,2024Q2,0.8481481481481481,270
2124,2024Q3,0.8444444444444444,270
2124,2024Q4,0.8444444444444444,270
2125,2023Q4,0.8571428571428571,273
2125,2024Q1,0.8644688644688645,273
2125,2024Q2,0.8754578754578755,273
2125,2024Q3,0.8791208791208791,273
2125,2024Q4,0.8901098901098901,273
2126,2023Q4,0.9485294117647058,272
2126,2024Q1,0.9411764705882353,272
2126,2024Q2,0.9338235294117647,272
2126,2024Q3,0.9338235294117647,272
2126,2024Q4,0.9264705882352942,272
2127,2023Q4,0.9963898916967509,277
2127,2024Q1,0.9927797833935018,277
2127,2024Q2,0.9927797833935018,277
2127,2024Q3,0.9891696750902527,277
2127,2024Q4,0.9891696750902527,277
2128,2023Q4,0.6666666666666666,267
2128,2024Q1,0.6891385767790262,267
2128,2024Q2,0.6891385767790262,267
2128,2024Q3,0.7116104868913857,267
2128,2024Q4,0.7340823970037453,267
2129,2023Q4,0.8487084870848709,271
2129,2024Q1,0.8487084870848709,271
2129,2024Q2,0.8523985239852399,271
2129,2024Q3,0.8634686346863468,271
2129,2024Q4,0.8708487084870848,271
2130,2023Q4,0.9389312977099237,262
2130,2024Q1,0.9694656488549618,262
2130,2024Q2,0.9770992366412213,262
2130,2024Q3,0.9847328244274809,262
2130,2024Q4,0.9885496183206107,262
2131,2023Q4,0.9591078066914498,269
2131,2024Q1,0.9591078066914498,269
2131,2024Q2,0.9591078066914498,269
2131,2024Q3,0.9591078066914498,269
2131,2024Q4,0.9591078066914498,269
2132,2023Q4,0.9,270
2132,2024Q1,0.9037037037037037,270
2132,2024Q2,0.9222222222222223,270
2132,2024Q3,0.9333333333333333,270
2132,2024Q4,0.9481481481481482,270
2133,2023Q4,0.8703703703703703,270
2133,2024Q1,0.8703703703703703,270
2133,2024Q2,0.8703703703703703,270
2133,2024Q3,0.8703703703703703,270
2133,2024Q4,0.8740740740740741,270
2134,2023Q4,0.8631178707224335,263
2134,2024Q1,0.8631178707224335,263
2134,2024Q2,0.8783269961977186,263
2134,2024Q3,0.8859315589353612,263
2134,2024Q4,0.8897338403041825,263
2136,2023Q4,0.8925925925925926,270
2136,2024Q1,0.9407407407407408,270
2136,2024Q2,0.9592592592592593,270
2136,2024Q3,0.9629629629629629,270
2136,2024Q4,0.9703703703703703,270
2137,2023Q4,0.8492647058823529,272
2137,2024Q1,0.8566176470588235,272
2137,2024Q2,0.8602941176470589,272
2137,2024Q3,0.8602941176470589,272
2137,2024Q4,0.8639705882352942,272
2138,2023Q4,0.9007352941176471,272
2138,2024Q1,0.9044117647058824,272
2138,2024Q2,0.9154411764705882,272
2138,2024Q3,0.9301470588235294,272
2138,2024Q4,0.9411764705882353,272
2139,2023Q4,0.8810408921933085,269
2139,2024Q1,0.8810408921933085,269
2139,2024Q2,0.8847583643122676,269
2139,2024Q3,0.8847583643122676,269
2139,2024Q4,0.8847583643122676,269
2140,2023Q4,0.8369565217391305,276
2140,2024Q1,0.8369565217391305,276
2140,2024Q2,0.8514492753623188,276
2140,2024Q3,0.8623188405797102,276
2140,2024Q4,0.8695652173913043,276
2142,2023Q4,0.8339483394833949,271
2142,2024Q1,0.8376383763837638,271
2142,2024Q2,0.8487084870848709,271
2142,2024Q3,0.8523985239852399,271
2142,2024Q4,0.8523985239852399,271
2143,2023Q4,0.8644688644688645,273
2143,2024Q1,0.8644688644688645,273
2143,2024Q2,0.8644688644688645,273
2143,2024Q3,0.8644688644688645,273
2143,2024Q4,0.8717948717948718,273
2144,2023Q4,1.0,274
2144,2024Q1,1.0,274
2144,2024Q2,1.0,274
2144,2024Q3,1.0,274
2144,2024Q4,1.0,274
2145,2023Q4,0.9664179104477612,268
2145,2024Q1,0.9664179104477612,268
2145,2024Q2,0.9664179104477612,268
2145,2024Q3,0.9365671641791045,268
2145,2024Q4,0.9253731343283582,268
2146,2023Q4,0.47619047619047616,273
2146,2024Q1,0.4652014652014652,273
2146,2024Q2,0.47619047619047616,273
2146,2024Q3,0.4432234432234432,273
2146,2024Q4,0.4139194139194139,273
2148,2023Q4,0.9962406015037594,266
2148,2024Q1,0.9962406015037594,266
2148,2024Q2,0.9962406015037594,266
2148,2024Q3,0.9962406015037594,266
2148,2024Q4,0.9924812030075187,266
2149,2023Q4,0.7822878228782287,271
2149,2024Q1,0.915129151291513,271
2149,2024Q2,0.959409594095941,271
2149,2024Q3,0.9630996309963099,271
2149,2024Q4,0.9630996309963099,271
2150,2023Q4,0.5572519083969466,262
2150,2024Q1,0.5763358778625954,262
2150,2024Q2,0.6030534351145038,262
2150,2024Q3,0.6335877862595419,262
2150,2024Q4,0.6412213740458015,262
2151,2023Q4,0.5330882352941176,272
2151,2024Q1,0.7058823529411765,272
2151,2024Q2,0.6617647058823529,272
2151,2024Q3,0.7463235294117647,272
2151,2024Q4,0.9191176470588235,272
2152,2023Q4,0.9481481481481482,270
2152,2024Q1,0.9518518518518518,270
2152,2024Q2,0.9592592592592593,270
2152,2024Q3,0.9629629629629629,270
2152,2024Q4,0.9629629629629629,270
2153,2023Q4,0.992619926199262,271
2153,2024Q1,0.992619926199262,271
2153,2024Q2,0.992619926199262,271
2153,2024Q3,0.992619926199262,271
2153,2024Q4,0.992619926199262,271
2154,2023Q4,0.762962962962963,270
2154,2024Q1,0.8629629629629629,270
2154,2024Q2,0.8925925925925926,270
2154,2024Q3,0.9222222222222223,270
2154,2024Q4,0.937037037037037,270
2155,2023Q4,0.4522058823529412,272
2155,2024Q1,0.7977941176470589,272
2155,2024Q2,0.9154411764705882,272
2155,2024Q3,0.9301470588235294,272
2155,2024Q4,0.9301470588235294,272
2156,2023Q4,0.9854014598540146,274
2156,2024Q1,0.9781021897810219,274
2156,2024Q2,0.9744525547445255,274
2156,2024Q3,0.9708029197080292,274
2156,2024Q4,0.9708029197080292,274
2157,2023Q4,0.75,272
2157,2024Q1,0.7977941176470589,272
2157,2024Q2,0.8198529411764706,272
2157,2024Q3,0.8860294117647058,272
2157,2024Q4,0.9448529411764706,272
2158,2023Q4,0.9847908745247148,263
2158,2024Q1,0.9847908745247148,263
2158,2024Q2,0.9847908745247148,263
2158,2024Q3,0.9923954372623575,263
2158,2024Q4,0.9923954372623575,263
2159,2023Q4,0.8007518796992481,266
2159,2024Q1,0.8233082706766918,266
2159,2024Q2,0.8345864661654135,266
2159,2024Q3,0.8796992481203008,266
2159,2024Q4,0.9022556390977443,266
2160,2023Q4,0.9746376811594203,276
2160,2024Q1,0.9710144927536232,276
2160,2024Q2,0.967391304347826,276
2160,2024Q3,0.9565217391304348,276
2160,2024Q4,0.9565217391304348,276
2161,2023Q4,1.0,273
2161,2024Q1,1.0,273
2161,2024Q2,1.0,273
2161,2024Q3,1.0,273
2161,2024Q4,1.0,273
2162,2023Q4,0.9740740740740741,270
2162,2024Q1,0.9814814814814815,270
2162,2024Q2,0.9888888888888889,270
2162,2024Q3,0.9888888888888889,270
2162,2024Q4,0.9888888888888889,270
2163,2023Q4,0.7255639097744361,266
2163,2024Q1,0.8007518796992481,266
2163,2024Q2,0.868421052631579,266
2163,2024Q3,0.9060150375939849,266
2163,2024Q4,0.9323308270676691,266
2164,2023Q4,1.0,270
2164,2024Q1,1.0,270
2164,2024Q2,1.0,270
2164,2024Q3,1.0,270
2164,2024Q4,1.0,270
2165,2023Q4,0.8365019011406845,263
2165,2024Q1,0.8365019011406845,263
2165,2024Q2,0.8250950570342205,263
2165,2024Q3,0.8174904942965779,263
2165,2024Q4,0.7984790874524715,263
2167,2023Q4,0.7408759124087592,274
2167,2024Q1,0.583941605839416,274
2167,2024Q2,0.572992700729927,274
2167,2024Q3,0.5912408759124088,274
2167,2024Q4,0.5985401459854015,274
2168,2023Q4,0.862453531598513,269
2168,2024Q1,0.8438661710037175,269
2168,2024Q2,0.8438661710037175,269
2168,2024Q3,0.8327137546468402,269
2168,2024Q4,0.8252788104089219,269
2169,2023Q4,1.0,265
2169,2024Q1,1.0,265
2169,2024Q2,1.0,265
2169,2024Q3,1.0,265
2169,2024Q4,1.0,265
2170,2024Q3,0.9481481481481482,270
2170,2024Q4,0.9518518518518518,270
2171,2023Q4,0.8438661710037175,269
2171,2024Q1,0.8327137546468402,269
2171,2024Q2,0.8438661710037175,269
2171,2024Q3,0.8513011152416357,269
2171,2024Q4,0.8587360594795539,269
2172,2023Q4,0.8222222222222222,270
2172,2024Q1,0.8222222222222222,270
2172,2024Q2,0.8222222222222222,270
2172,2024Q3,0.8148148148148148,270
2172,2024Q4,0.8148148148148148,270
2173,2023Q4,0.9700374531835206,267
2173,2024Q1,0.9700374531835206,267
2173,2024Q2,0.9700374531835206,267
2173,2024Q3,0.9700374531835206,267
2173,2024Q4,0.9700374531835206,267
2174,2023Q4,0.8586956521739131,276
2174,2024Q1,0.9239130434782609,276
2174,2024Q2,0.9384057971014492,276
2174,2024Q3,0.9528985507246377,276
2174,2024Q4,0.9528985507246377,276
2175,2023Q4,0.8487084870848709,271
2175,2024Q1,0.8487084870848709,271
2175,2024Q2,0.8487084870848709,271
2175,2024Q3,0.8560885608856088,271
2175,2024Q4,0.8634686346863468,271
2176,2023Q4,0.5978260869565217,276
2176,2024Q1,0.5615942028985508,276
2176,2024Q2,0.5217391304347826,276
2176,2024Q3,0.5833333333333334,276
2176,2024Q4,0.605072463768116,276
2177,2023Q4,0.6727941176470589,272
2177,2024Q1,0.7867647058823529,272
2177,2024Q2,0.8198529411764706,272
2177,2024Q3,0.8419117647058824,272
2177,2024Q4,0.8455882352941176,272
2178,2023Q4,0.8810408921933085,269
2178,2024Q1,0.8847583643122676,269
2178,2024Q2,0.8847583643122676,269
2178,2024Q3,0.8884758364312267,269
2178,2024Q4,0.8884758364312267,269
2179,2023Q4,0.8872180451127819,266
2179,2024Q1,0.9097744360902256,266
2179,2024Q2,0.8984962406015038,266
2179,2024Q3,0.9285714285714286,266
2179,2024Q4,0.9285714285714286,266
2180,2023Q4,0.9566787003610109,277
2180,2024Q1,0.9566787003610109,277
2180,2024Q2,0.9566787003610109,277
2180,2024Q3,0.9530685920577617,277
2180,2024Q4,0.9530685920577617,277
2181,2023Q4,0.8634686346863468,271
2181,2024Q1,0.8634686346863468,271
2181,2024Q2,0.8708487084870848,271
2181,2024Q3,0.8782287822878229,271
2181,2024Q4,0.8819188191881919,271
2182,2023Q4,0.8134328358208955,268
2182,2024Q1,0.8097014925373134,268
2182,2024Q2,0.7985074626865671,268
2182,2024Q3,0.7723880597014925,268
2182,2024Q4,0.7238805970149254,268
2183,2023Q4,0.9547169811320755,265
2183,2024Q1,0.9584905660377359,265
2183,2024Q2,0.9584905660377359,265
2183,2024Q3,0.9584905660377359,265
2183,2024Q4,0.9584905660377359,265
2184,2023Q4,0.8382352941176471,272
2184,2024Q1,0.8345588235294118,272
2184,2024Q2,0.8125,272
2184,2024Q3,0.8198529411764706,272
2184,2024Q4,0.8235294117647058,272
2185,2023Q4,0.8388278388278388,273
2185,2024Q1,0.8388278388278388,273
2185,2024Q2,0.8424908424908425,273
2185,2024Q3,0.8498168498168498,273
2185,2024Q4,0.8498168498168498,273
2186,2023Q4,0.8880866425992779,277
2186,2024Q1,0.8736462093862816,277
2186,2024Q2,0.8592057761732852,277
2186,2024Q3,0.851985559566787,277
2186,2024Q4,0.851985559566787,277
2187,2023Q4,0.7471698113207547,265
2187,2024Q1,0.7320754716981132,265
2187,2024Q2,0.8188679245283019,265
2187,2024Q3,0.8075471698113208,265
2187,2024Q4,0.8150943396226416,265
2188,2023Q4,0.7732342007434945,269
2188,2024Q1,0.7063197026022305,269
2188,2024Q2,0.5650557620817844,269
2188,2024Q3,0.40892193308550184,269
2188,2024Q4,0.3754646840148699,269
2189,2023Q4,0.9625468164794008,267
2189,2024Q1,0.9625468164794008,267
2189,2024Q2,0.9625468164794008,267
2189,2024Q3,0.9625468164794008,267
2189,2024Q4,0.9625468164794008,267
2190,2023Q4,1.0,268
2190,2024Q1,1.0,268
2190,2024Q2,1.0,268
2190,2024Q3,1.0,268
2190,2024Q4,1.0,268
2191,2023Q4,0.45018450184501846,271
2191,2024Q1,0.5498154981549815,271
2191,2024Q2,0.5055350553505535,271
2191,2024Q3,0.3284132841328413,271
2191,2024Q4,0.6309963099630996,271
2192,2023Q4,1.0,271
2192,2024Q1,1.0,271
2192,2024Q2,1.0,271
2192,2024Q3,1.0,271
2192,2024Q4,1.0,271
2193,2023Q4,1.0,269
2193,2024Q1,1.0,269
2193,2024Q2,1.0,269
2193,2024Q3,1.0,269
2193,2024Q4,1.0,269
2194,2023Q4,1.0,268
2194,2024Q1,1.0,268
2194,2024Q2,1.0,268
2194,2024Q3,1.0,268
2194,2024Q4,1.0,268
2195,2023Q4,0.7615384615384615,260
2195,2024Q1,0.7653846153846153,260
2195,2024Q2,0.7615384615384615,260
2195,2024Q3,0.7692307692307693,260
2195,2024Q4,0.6692307692307692,260
2196,2023Q4,0.9389312977099237,262
2196,2024Q1,0.9389312977099237,262
2196,2024Q2,0.9427480916030534,262
2196,2024Q3,0.9465648854961832,262
2196,2024Q4,0.9389312977099237,262
2197,2023Q4,0.9563636363636364,275
2197,2024Q1,0.96,275
2197,2024Q2,0.9527272727272728,275
2197,2024Q3,0.9563636363636364,275
2197,2024Q4,0.96,275
2198,2023Q4,0.8634686346863468,271
2198,2024Q1,0.8892988929889298,271
2198,2024Q2,0.8856088560885609,271
2198,2024Q3,0.8450184501845018,271
2198,2024Q4,0.8118081180811808,271
2199,2023Q4,0.9771863117870723,263
2199,2024Q1,0.9771863117870723,263
2199,2024Q2,0.9771863117870723,263
2199,2024Q3,0.9771863117870723,263
2199,2024Q4,0.9771863117870723,263
2200,2023Q4,0.5597014925373134,268
2200,2024Q1,0.5298507462686567,268
2200,2024Q2,0.582089552238806,268
2200,2024Q3,0.6977611940298507,268
2200,2024Q4,0.8507462686567164,268
2201,2023Q4,0.8072727272727273,275
2201,2024Q1,0.8072727272727273,275
2201,2024Q2,0.76,275
2201,2024Q3,0.7345454545454545,275
2201,2024Q4,0.6981818181818182,275
2202,2023Q4,0.9766536964980544,257
2202,2024Q1,0.9766536964980544,257
2202,2024Q2,0.9766536964980544,257
2202,2024Q3,0.980544747081712,257
2202,2024Q4,0.980544747081712,257
2203,2023Q4,0.9814126394052045,269
2203,2024Q1,0.9814126394052045,269
2203,2024Q2,0.9814126394052045,269
2203,2024Q3,0.9814126394052045,269
2203,2024Q4,0.9851301115241635,269
2204,2023Q4,0.6551724137931034,261
2204,2024Q1,0.6360153256704981,261
2204,2024Q2,0.6053639846743295,261
2204,2024Q3,0.5977011494252874,261
2204,2024Q4,0.5747126436781609,261
2205,2023Q4,0.9213483146067416,267
2205,2024Q1,0.8726591760299626,267
2205,2024Q2,0.7303370786516854,267
2205,2024Q3,0.6067415730337079,267
2205,2024Q4,0.5767790262172284,267
2206,2023Q4,0.6992481203007519,266
2206,2024Q1,0.6691729323308271,266
2206,2024Q2,0.6090225563909775,266
2206,2024Q3,0.5939849624060151,266
2206,2024Q4,0.575187969924812,266
2207,2023Q4,0.9772727272727273,264
2207,2024Q1,0.9659090909090909,264
2207,2024Q2,0.9659090909090909,264
2207,2024Q3,0.9659090909090909,264
2207,2024Q4,0.9583333333333334,264
2208,2023Q4,0.9855072463768116,276
2208,2024Q1,0.9855072463768116,276
2208,2024Q2,0.9818840579710145,276
2208,2024Q3,0.9818840579710145,276
2208,2024Q4,0.9818840579710145,276
2210,2023Q4,1.0,267
2210,2024Q1,1.0,267
2210,2024Q2,1.0,267
2210,2024Q3,1.0,267
2210,2024Q4,1.0,267
2211,2023Q4,0.9245283018867925,265
2211,2024Q1,0.9358490566037736,265
2211,2024Q2,0.9547169811320755,265
2211,2024Q3,0.9773584905660377,265
2211,2024Q4,0.9924528301886792,265
2212,2023Q4,0.7056603773584905,265
2212,2024Q1,0.6981132075471698,265
2212,2024Q2,0.6679245283018868,265
2212,2024Q3,0.660377358490566,265
2212,2024Q4,0.6566037735849056,265
2213,2023Q4,0.9481481481481482,270
2213,2024Q1,0.9481481481481482,270
2213,2024Q2,0.9481481481481482,270
2213,2024Q3,0.9592592592592593,270
2213,2024Q4,0.9592592592592593,270
2215,2023Q4,0.9885057471264368,261
2215,2024Q1,0.9885057471264368,261
2215,2024Q2,0.9885057471264368,261
2215,2024Q3,0.9885057471264368,261
2215,2024Q4,0.9885057471264368,261
2216,2023Q4,1.0,277
2216,2024Q1,1.0,277
2216,2024Q2,1.0,277
2216,2024Q3,1.0,277
2216,2024Q4,1.0,277
2217,2023Q4,0.9622641509433962,265
2217,2024Q1,0.9735849056603774,265
2217,2024Q2,0.9735849056603774,265
2217,2024Q3,0.9622641509433962,265
2217,2024Q4,0.9584905660377359,265
2218,2023Q4,0.6958174904942965,263
2218,2024Q1,0.6920152091254753,263
2218,2024Q2,0.6083650190114068,263
2218,2024Q3,0.5285171102661597,263
2218,2024Q4,0.45627376425855515,263
2219,2023Q4,0.9157509157509157,273
2219,2024Q1,0.9377289377289377,273
2219,2024Q2,0.9523809523809523,273
2219,2024Q3,0.9010989010989011,273
2219,2024Q4,0.8534798534798534,273
2220,2023Q4,1.0,263
2220,2024Q1,1.0,263
2220,2024Q2,1.0,263
2220,2024Q3,1.0,263
2220,2024Q4,1.0,263
2221,2023Q4,1.0,261
2221,2024Q1,1.0,261
2221,2024Q2,1.0,261
2221,2024Q3,1.0,261
2221,2024Q4,1.0,261
2222,2023Q4,0.8966789667896679,271
2222,2024Q1,0.9261992619926199,271
2222,2024Q2,0.922509225092251,271
2222,2024Q3,0.8966789667896679,271
2222,2024Q4,0.8966789667896679,271
2223,2023Q4,0.375,272
2223,2024Q1,0.6727941176470589,272
2223,2024Q2,0.7573529411764706,272
2223,2024Q3,0.8161764705882353,272
2223,2024Q4,0.8602941176470589,272
2224,2023Q4,0.7258687258687259,259
2224,2024Q1,0.7915057915057915,259
2224,2024Q2,0.7876447876447876,259
2224,2024Q3,0.7335907335907336,259
2224,2024Q4,0.6988416988416989,259
2225,2023Q4,0.38461538461538464,273
2225,2024Q1,0.31135531135531136,273
2225,2024Q2,0.326007326007326,273
2225,2024Q3,0.2673992673992674,273
2225,2024Q4,0.23443223443223443,273
2226,2023Q4,1.0,265
2226,2024Q1,1.0,265
2226,2024Q2,1.0,265
2226,2024Q3,1.0,265
2226,2024Q4,1.0,265
2227,2023Q4,0.9963235294117647,272
2227,2024Q1,1.0,272
2227,2024Q2,1.0,272
2227,2024Q3,0.9963235294117647,272
2227,2024Q4,0.9926470588235294,272
2228,2023Q4,1.0,265
2228,2024Q1,1.0,265
2228,2024Q2,1.0,265
2228,2024Q3,1.0,265
2228,2024Q4,1.0,265
2229,2023Q4,0.9925373134328358,268
2229,2024Q1,0.9925373134328358,268
2229,2024Q2,0.9925373134328358,268
2229,2024Q3,0.9925373134328358,268
2229,2024Q4,0.9925373134328358,268
2230,2023Q4,0.9962406015037594,266
2230,2024Q1,0.9962406015037594,266
2230,2024Q2,0.9962406015037594,266
2230,2024Q3,0.9962406015037594,266
2230,2024Q4,0.9962406015037594,266
2231,2023Q4,0.9598540145985401,274
2231,2024Q1,0.9671532846715328,274
2231,2024Q2,0.9854014598540146,274
2231,2024Q3,0.9927007299270073,274
2231,2024Q4,0.9963503649635036,274
2232,2023Q4,0.9553903345724907,269
2232,2024Q1,0.9516728624535316,269
2232,2024Q2,0.9739776951672863,269
2232,2024Q3,0.9814126394052045,269
2232,2024Q4,0.9851301115241635,269
2233,2023Q4,0.8945454545454545,275
2233,2024Q1,0.9236363636363636,275
2233,2024Q2,0.9381818181818182,275
2233,2024Q3,0.9490909090909091,275
2233,2024Q4,0.96,275
2234,2023Q4,0.8091872791519434,283
2234,2024Q1,0.8303886925795053,283
2234,2024Q2,0.8939929328621908,283
2234,2024Q3,0.9293286219081273,283
2234,2024Q4,0.9469964664310954,283
2235,2023Q4,0.31716417910447764,268
2235,2024Q1,0.3208955223880597,268
2235,2024Q2,0.5708955223880597,268
2235,2024Q3,0.7350746268656716,268
2235,2024Q4,0.8097014925373134,268
2236,2023Q4,0.8111111111111111,270
2236,2024Q1,0.8333333333333334,270
2236,2024Q2,0.8851851851851852,270
2236,2024Q3,0.9296296296296296,270
2236,2024Q4,0.9444444444444444,270
2237,2023Q4,0.9962546816479401,267
2237,2024Q1,0.9962546816479401,267
2237,2024Q2,1.0,267
2237,2024Q3,1.0,267
2237,2024Q4,1.0,267
2238,2023Q4,0.9080882352941176,272
2238,2024Q1,0.9044117647058824,272
2238,2024Q2,0.9080882352941176,272
2238,2024Q3,0.9154411764705882,272
2238,2024Q4,0.9264705882352942,272
2241,2023Q4,0.376865671641791,268
2241,2024Q1,0.3694029850746269,268
2241,2024Q2,0.31716417910447764,268
2241,2024Q3,0.6791044776119403,268
2241,2024Q4,0.746268656716418,268
2242,2023Q4,0.8461538461538461,273
2242,2024Q1,0.8461538461538461,273
2242,2024Q2,0.8534798534798534,273
2242,2024Q3,0.8095238095238095,273
2242,2024Q4,0.7948717948717948,273
2243,2023Q4,0.9925093632958801,267
2243,2024Q1,0.9962546816479401,267
2243,2024Q2,0.9962546816479401,267
2243,2024Q3,1.0,267
2243,2024Q4,1.0,267
2244,2023Q4,0.9963369963369964,273
2244,2024Q1,0.9963369963369964,273
2244,2024Q2,0.9963369963369964,273
2244,2024Q3,0.9963369963369964,273
2244,2024Q4,0.9963369963369964,273
2245,2023Q4,0.9927007299270073,274
2245,2024Q1,0.9927007299270073,274
2245,2024Q2,0.9927007299270073,274
2245,2024Q3,0.9927007299270073,274
2245,2024Q4,0.9927007299270073,274
2248,2023Q4,0.9926739926739927,273
2248,2024Q1,0.9926739926739927,273
2248,2024Q2,0.9963369963369964,273
2248,2024Q3,0.9963369963369964,273
2248,2024Q4,0.9963369963369964,273
2249,2023Q4,1.0,271
2249,2024Q1,0.996309963099631,271
2249,2024Q2,0.996309963099631,271
2249,2024Q3,0.996309963099631,271
2249,2024Q4,0.992619926199262,271
2250,2023Q4,0.9962121212121212,264
2250,2024Q1,0.9962121212121212,264
2250,2024Q2,0.9962121212121212,264
2250,2024Q3,0.9962121212121212,264
2250,2024Q4,0.9962121212121212,264
2251,2023Q4,1.0,266
2251,2024Q1,1.0,266
2251,2024Q2,1.0,266
2251,2024Q3,1.0,266
2251,2024Q4,1.0,266
2252,2023Q4,1.0,272
2252,2024Q1,1.0,272
2252,2024Q2,1.0,272
2252,2024Q3,1.0,272
2252,2024Q4,1.0,272
2253,2023Q4,0.9666666666666667,270
2253,2024Q1,0.9666666666666667,270
2253,2024Q2,0.9666666666666667,270
2253,2024Q3,0.9666666666666667,270
2253,2024Q4,0.9666666666666667,270
2254,2023Q4,0.9340659340659341,273
2254,2024Q1,0.9413919413919414,273
2254,2024Q2,0.945054945054945,273
2254,2024Q3,0.9560439560439561,273
2254,2024Q4,0.945054945054945,273
2255,2023Q4,0.8836363636363637,275
2255,2024Q1,0.8836363636363637,275
2255,2024Q2,0.8836363636363637,275
2255,2024Q3,0.8836363636363637,275
2255,2024Q4,0.8909090909090909,275
2256,2023Q4,0.9356060606060606,264
2256,2024Q1,0.9431818181818182,264
2256,2024Q2,0.946969696969697,264
2256,2024Q3,0.9507575757575758,264
2256,2024Q4,0.9545454545454546,264
2257,2023Q4,0.8653846153846154,260
2257,2024Q1,0.8653846153846154,260
2257,2024Q2,0.8576923076923076,260
2257,2024Q3,0.8576923076923076,260
2257,2024Q4,0.8615384615384616,260
2258,2023Q4,0.948,250
2258,2024Q1,0.956,250
2258,2024Q2,0.96,250
2258,2024Q3,0.968,250
2258,2024Q4,0.984,250
2259,2023Q4,0.8830188679245283,265
2259,2024Q1,0.8830188679245283,265
2259,2024Q2,0.8905660377358491,265
2259,2024Q3,0.8943396226415095,265
2259,2024Q4,0.9132075471698113,265
2260,2023Q4,0.9640287769784173,278
2260,2024Q1,0.9640287769784173,278
2260,2024Q2,0.9640287769784173,278
2260,2024Q3,0.9640287769784173,278
2260,2024Q4,0.960431654676259,278
2262,2023Q4,0.9811320754716981,265
2262,2024Q1,0.9773584905660377,265
2262,2024Q2,0.9735849056603774,265
2262,2024Q3,0.9735849056603774,265
2262,2024Q4,0.9660377358490566,265
2264,2023Q4,0.9589552238805971,268
2264,2024Q1,0.9365671641791045,268
2264,2024Q2,0.5111940298507462,268
2264,2024Q3,0.6604477611940298,268
2264,2024Q4,0.585820895522388,268
2265,2023Q4,0.8609022556390977,266
2265,2024Q1,0.8609022556390977,266
2265,2024Q2,0.8609022556390977,266
2265,2024Q3,0.868421052631579,266
2265,2024Q4,0.8834586466165414,266
2266,2023Q4,0.8913857677902621,267
2266,2024Q1,0.9063670411985019,267
2266,2024Q2,0.9250936329588015,267
2266,2024Q3,0.9363295880149812,267
2266,2024Q4,0.947565543071161,267
2267,2023Q4,0.8581818181818182,275
2267,2024Q1,0.8618181818181818,275
2267,2024Q2,0.8472727272727273,275
2267,2024Q3,0.8327272727272728,275
2267,2024Q4,0.7963636363636364,275
2268,2023Q4,0.8843283582089553,268
2268,2024Q1,0.9104477611940298,268
2268,2024Q2,0.9253731343283582,268
2268,2024Q3,0.9365671641791045,268
2268,2024Q4,0.9402985074626866,268
2269,2023Q4,0.9636363636363636,275
2269,2024Q1,0.9636363636363636,275
2269,2024Q2,0.9563636363636364,275
2269,2024Q3,0.9563636363636364,275
2269,2024Q4,0.9563636363636364,275
2270,2023Q4,0.8725868725868726,259
2270,2024Q1,0.8725868725868726,259
2270,2024Q2,0.8841698841698842,259
2270,2024Q3,0.915057915057915,259
2270,2024Q4,0.9343629343629344,259
2271,2023Q4,0.9420289855072463,276
2271,2024Q1,0.9565217391304348,276
2271,2024Q2,0.9601449275362319,276
2271,2024Q3,0.967391304347826,276
2271,2024Q4,0.967391304347826,276
2272,2023Q4,0.5518518518518518,270
2272,2024Q1,0.5037037037037037,270
2272,2024Q2,0.4148148148148148,270
2272,2024Q3,0.45925925925925926,270
2272,2024Q4,0.5518518518518518,270
2273,2024Q4,0.868421052631579,266
2274,2023Q4,0.18382352941176472,272
2274,2024Q1,0.7830882352941176,272
2274,2024Q2,0.8455882352941176,272
2274,2024Q3,0.8897058823529411,272
2274,2024Q4,0.9411764705882353,272
2275,2023Q4,1.0,266
2275,2024Q1,1.0,266
2275,2024Q2,1.0,266
2275,2024Q3,1.0,266
2275,2024Q4,1.0,266
2276,2023Q4,0.966542750929368,269
2276,2024Q1,0.966542750929368,269
2276,2024Q2,0.966542750929368,269
2276,2024Q3,0.966542750929368,269
2276,2024Q4,0.966542750929368,269
2278,2023Q4,0.9633699633699634,273
2278,2024Q1,0.967032967032967,273
2278,2024Q2,0.9706959706959707,273
2278,2024Q3,0.967032967032967,273
2278,2024Q4,0.9706959706959707,273
2279,2023Q4,1.0,267
2279,2024Q1,1.0,267
2279,2024Q2,1.0,267
2279,2024Q3,1.0,267
2279,2024Q4,1.0,267
2280,2023Q4,0.7777777777777778,270
2280,2024Q1,0.9,270
2280,2024Q2,0.9407407407407408,270
2280,2024Q3,0.937037037037037,270
2280,2024Q4,0.9259259259259259,270
2281,2023Q4,1.0,270
2281,2024Q1,1.0,270
2281,2024Q2,1.0,270
2281,2024Q3,1.0,270
2281,2024Q4,1.0,270
2282,2023Q4,1.0,268
2282,2024Q1,1.0,268
2282,2024Q2,1.0,268
2282,2024Q3,1.0,268
2282,2024Q4,1.0,268
2286,2023Q4,1.0,265
2286,2024Q1,1.0,265
2286,2024Q2,1.0,265
2286,2024Q3,1.0,265
2286,2024Q4,1.0,265
2287,2023Q4,0.9659090909090909,264
2287,2024Q1,0.9696969696969697,264
2287,2024Q2,0.9772727272727273,264
2287,2024Q3,0.9772727272727273,264
2287,2024Q4,0.9696969696969697,264
2288,2023Q4,0.972972972972973,259
2288,2024Q1,0.9922779922779923,259
2288,2024Q2,1.0,259
2288,2024Q3,1.0,259
2288,2024Q4,1.0,259
2289,2023Q4,1.0,272
2289,2024Q1,1.0,272
2289,2024Q2,1.0,272
2289,2024Q3,1.0,272
2289,2024Q4,1.0,272
2292,2023Q4,0.7728937728937729,273
2292,2024Q1,0.7509157509157509,273
2292,2024Q2,0.7289377289377289,273
2292,2024Q3,0.7216117216117216,273
2292,2024Q4,0.7619047619047619,273
2293,2023Q4,0.9591078066914498,269
2293,2024Q1,0.9702602230483272,269
2293,2024Q2,0.9702602230483272,269
2293,2024Q3,0.9702602230483272,269
2293,2024Q4,0.9702602230483272,269
2294,2023Q4,0.7870722433460076,263
2294,2024Q1,0.7604562737642585,263
2294,2024Q2,0.752851711026616,263
2294,2024Q3,0.7490494296577946,263
2294,2024Q4,0.7642585551330798,263
2295,2023Q4,0.9033457249070632,269
2295,2024Q1,0.8587360594795539,269
2295,2024Q2,0.8401486988847584,269
2295,2024Q3,0.8029739776951673,269
2295,2024Q4,0.7992565055762082,269
2296,2023Q4,0.9522058823529411,272
2296,2024Q1,0.9742647058823529,272
2296,2024Q2,0.9779411764705882,272
2296,2024Q3,0.9669117647058824,272
2296,2024Q4,0.9632352941176471,272
2297,2023Q4,0.9734848484848485,264
2297,2024Q1,0.9734848484848485,264
2297,2024Q2,0.9734848484848485,264
2297,2024Q3,0.9734848484848485,264
2297,2024Q4,0.9734848484848485,264
2298,2023Q4,0.26996197718631176,263
2298,2024Q1,0.311787072243346,263
2298,2024Q2,0.2509505703422053,263
2298,2024Q3,0.8783269961977186,263
2298,2024Q4,0.9163498098859315,263
2299,2023Q4,0.9812734082397003,267
2299,2024Q1,0.9737827715355806,267
2299,2024Q2,0.9662921348314607,267
2299,2024Q3,0.9662921348314607,267
2299,2024Q4,0.9625468164794008,267
2300,2023Q4,0.8603773584905661,265
2300,2024Q1,0.8566037735849057,265
2300,2024Q2,0.7735849056603774,265
2300,2024Q3,0.7849056603773585,265
2300,2024Q4,0.7886792452830189,265
2301,2023Q4,0.9662921348314607,267
2301,2024Q1,0.9662921348314607,267
2301,2024Q2,0.9625468164794008,267
2301,2024Q3,0.9550561797752809,267
2301,2024Q4,0.9588014981273408,267
2302,2023Q4,0.6347517730496454,282
2302,2024Q1,0.6453900709219859,282
2302,2024Q2,0.6524822695035462,282
2302,2024Q3,0.6702127659574468,282
2302,2024Q4,0.6950354609929078,282
2303,2023Q4,0.9296296296296296,270
2303,2024Q1,0.9444444444444444,270
2303,2024Q2,0.9444444444444444,270
2303,2024Q3,0.9259259259259259,270
2303,2024Q4,0.9148148148148149,270
2304,2023Q4,0.8478260869565217,276
2304,2024Q1,0.894927536231884,276
2304,2024Q2,0.9384057971014492,276
2304,2024Q3,0.9601449275362319,276
2304,2024Q4,0.9601449275362319,276
2305,2023Q4,0.5789473684210527,266
2305,2024Q1,0.5639097744360902,266
2305,2024Q2,0.518796992481203,266
2305,2024Q3,0.6390977443609023,266
2305,2024Q4,0.5902255639097744,266
2307,2023Q4,0.9318181818181818,264
2307,2024Q1,0.9393939393939394,264
2307,2024Q2,0.9431818181818182,264
2307,2024Q3,0.9431818181818182,264
2307,2024Q4,0.9166666666666666,264
2308,2023Q4,0.8856088560885609,271
2308,2024Q1,0.8856088560885609,271
2308,2024Q2,0.8856088560885609,271
2308,2024Q3,0.8892988929889298,271
2308,2024Q4,0.8856088560885609,271
2309,2023Q4,0.9520295202952029,271
2309,2024Q1,0.9520295202952029,271
2309,2024Q2,0.9520295202952029,271
2309,2024Q3,0.9630996309963099,271
2309,2024Q4,0.959409594095941,271
2310,2023Q4,0.9640287769784173,278
2310,2024Q1,0.9784172661870504,278
2310,2024Q2,0.9784172661870504,278
2310,2024Q3,0.9784172661870504,278
2310,2024Q4,0.9676258992805755,278
2311,2023Q4,0.5172413793103449,261
2311,2024Q1,0.6551724137931034,261
2311,2024Q2,0.7279693486590039,261
2311,2024Q3,0.3448275862068966,261
2311,2024Q4,0.4674329501915709,261
2312,2023Q4,1.0,268
2312,2024Q1,1.0,268
2312,2024Q2,1.0,268
2312,2024Q3,1.0,268
2312,2024Q4,1.0,268
2314,2023Q4,0.5661764705882353,272
2314,2024Q1,0.5588235294117647,272
2314,2024Q2,0.7205882352941176,272
2314,2024Q3,0.9485294117647058,272
2314,2024Q4,0.9705882352941176,272
2315,2023Q4,0.9601449275362319,276
2315,2024Q1,0.9637681159420289,276
2315,2024Q2,0.9601449275362319,276
2315,2024Q3,0.9528985507246377,276
2315,2024Q4,0.9528985507246377,276
2316,2023Q4,0.4317343173431734,271
2316,2024Q1,0.28044280442804426,271
2316,2024Q2,0.6199261992619927,271
2316,2024Q3,0.9114391143911439,271
2316,2024Q4,0.966789667896679,271
2317,2023Q4,0.631578947368421,266
2317,2024Q1,0.6616541353383458,266
2317,2024Q2,0.6804511278195489,266
2317,2024Q3,0.6954887218045113,266
2317,2024Q4,0.7142857142857143,266
2318,2023Q4,1.0,277
2318,2024Q1,1.0,277
2318,2024Q2,1.0,277
2318,2024Q3,1.0,277
2318,2024Q4,1.0,277
2320,2023Q4,1.0,271
2320,2024Q1,1.0,271
2320,2024Q2,1.0,271
2320,2024Q3,1.0,271
2320,2024Q4,1.0,271
2321,2023Q4,0.8694029850746269,268
2321,2024Q1,0.8694029850746269,268
2321,2024Q2,0.8731343283582089,268
2321,2024Q3,0.8694029850746269,268
2321,2024Q4,0.8731343283582089,268
2322,2023Q4,0.8736059479553904,269
2322,2024Q1,0.8736059479553904,269
2322,2024Q2,0.8736059479553904,269
2322,2024Q3,0.8736059479553904,269
2322,2024Q4,0.8736059479553904,269
2323,2023Q4,0.8698884758364313,269
2323,2024Q1,0.8884758364312267,269
2323,2024Q2,0.9405204460966543,269
2323,2024Q3,0.9553903345724907,269
2323,2024Q4,0.9591078066914498,269
2324,2023Q4,0.9581749049429658,263
2324,2024Q1,0.9581749049429658,263
2324,2024Q2,0.9581749049429658,263
2324,2024Q3,0.9581749049429658,263
2324,2024Q4,0.9581749049429658,263
2325,2023Q4,0.960431654676259,278
2325,2024Q1,0.960431654676259,278
2325,2024Q2,0.960431654676259,278
2325,2024Q3,0.960431654676259,278
2325,2024Q4,0.9568345323741008,278
2326,2023Q4,0.6891385767790262,267
2326,2024Q1,0.6217228464419475,267
2326,2024Q2,0.47191011235955055,267
2326,2024Q3,0.4681647940074906,267
2326,2024Q4,0.3445692883895131,267
2327,2023Q4,0.9702602230483272,269
2327,2024Q1,0.9702602230483272,269
2327,2024Q2,0.966542750929368,269
2327,2024Q3,0.966542750929368,269
2327,2024Q4,0.966542750929368,269
2328,2023Q4,0.3383458646616541,266
2328,2024Q1,0.2593984962406015,266
2328,2024Q2,0.24436090225563908,266
2328,2024Q3,0.8345864661654135,266
2328,2024Q4,0.8458646616541353,266
2329,2023Q4,0.9076923076923077,260
2329,2024Q1,0.9115384615384615,260
2329,2024Q2,0.9115384615384615,260
2329,2024Q3,0.8961538461538462,260
2329,2024Q4,0.8423076923076923,260
2330,2023Q4,0.40225563909774437,266
2330,2024Q1,0.46616541353383456,266
2330,2024Q2,0.6090225563909775,266
2330,2024Q3,0.7180451127819549,266
2330,2024Q4,0.7857142857142857,266
2332,2023Q4,0.9320754716981132,265
2332,2024Q1,0.9245283018867925,265
2332,2024Q2,0.9207547169811321,265
2332,2024Q3,0.9018867924528302,265
2332,2024Q4,0.8830188679245283,265
2333,2023Q4,0.8358778625954199,262
2333,2024Q1,0.8358778625954199,262
2333,2024Q2,0.8396946564885496,262
2333,2024Q3,0.8396946564885496,262
2333,2024Q4,0.8473282442748091,262
2334,2023Q4,0.9676258992805755,278
2334,2024Q1,0.9676258992805755,278
2334,2024Q2,0.9712230215827338,278
2334,2024Q3,0.9712230215827338,278
2334,2024Q4,0.9712230215827338,278
2335,2023Q4,0.8923076923076924,260
2335,2024Q1,0.8884615384615384,260
2335,2024Q2,0.8692307692307693,260
2335,2024Q3,0.8461538461538461,260
2335,2024Q4,0.8461538461538461,260
2336,2023Q4,0.943609022556391,266
2336,2024Q1,0.9285714285714286,266
2336,2024Q2,0.9285714285714286,266
2336,2024Q3,0.924812030075188,266
2336,2024Q4,0.9285714285714286,266
2337,2023Q4,1.0,268
2337,2024Q1,1.0,268
2337,2024Q2,1.0,268
2337,2024Q3,1.0,268
2337,2024Q4,1.0,268
2338,2023Q4,0.6548042704626335,281
2338,2024Q1,0.8896797153024911,281
2338,2024Q2,0.9822064056939501,281
2338,2024Q3,0.9928825622775801,281
2338,2024Q4,0.99644128113879,281
2339,2023Q4,0.6370370370370371,270
2339,2024Q1,0.4222222222222222,270
2339,2024Q2,0.6222222222222222,270
2339,2024Q3,0.6666666666666666,270
2339,2024Q4,0.7296296296296296,270
2340,2023Q4,0.9735849056603774,265
2340,2024Q1,0.9735849056603774,265
2340,2024Q2,0.9660377358490566,265
2340,2024Q3,0.9735849056603774,265
2340,2024Q4,0.9735849056603774,265
2341,2023Q4,1.0,264
2341,2024Q1,1.0,264
2341,2024Q2,1.0,264
2341,2024Q3,1.0,264
2341,2024Q4,1.0,264
2342,2023Q4,0.5622641509433962,265
2342,2024Q1,0.6981132075471698,265
2342,2024Q2,0.7886792452830189,265
2342,2024Q3,0.8188679245283019,265
2342,2024Q4,0.8339622641509434,265
2343,2023Q4,0.996415770609319,279
2343,2024Q1,0.996415770609319,279
2343,2024Q2,0.996415770609319,279
2343,2024Q3,0.996415770609319,279
2343,2024Q4,0.996415770609319,279
2344,2023Q4,0.9926739926739927,273
2344,2024Q1,0.9926739926739927,273
2344,2024Q2,0.9926739926739927,273
2344,2024Q3,0.9926739926739927,273
2344,2024Q4,0.9963369963369964,273
2345,2023Q4,0.9961977186311787,263
2345,2024Q1,0.9961977186311787,263
2345,2024Q2,0.9961977186311787,263
2345,2024Q3,0.9961977186311787,263
2345,2024Q4,0.9961977186311787,263
2347,2023Q4,0.996309963099631,271
2348,2023Q4,1.0,261
2348,2024Q1,1.0,261
2348,2024Q2,1.0,261
2348,2024Q3,1.0,261
2348,2024Q4,1.0,261
2349,2023Q4,0.996309963099631,271
2349,2024Q1,0.996309963099631,271
2349,2024Q2,0.996309963099631,271
2349,2024Q3,0.996309963099631,271
2349,2024Q4,0.996309963099631,271
2618,2023Q4,0.6554307116104869,267
2618,2024Q1,0.6591760299625468,267
2618,2024Q2,0.704119850187266,267
2618,2024Q3,0.7265917602996255,267
2618,2024Q4,0.7191011235955056,267
2619,2023Q4,0.8530465949820788,279
2619,2024Q1,0.8494623655913979,279
2619,2024Q2,0.8387096774193549,279
2619,2024Q3,0.8100358422939068,279
2619,2024Q4,0.7634408602150538,279
2620,2023Q4,1.0,267
2620,2024Q1,1.0,267
2620,2024Q2,1.0,267
2620,2024Q3,1.0,267
2620,2024Q4,1.0,267
2621,2023Q4,1.0,277
2621,2024Q1,1.0,277
2621,2024Q2,1.0,277
2621,2024Q3,1.0,277
2621,2024Q4,1.0,277
2644,2023Q4,1.0,266
2644,2024Q1,1.0,266
2644,2024Q2,1.0,266
2644,2024Q3,1.0,266
2644,2024Q4,1.0,266
2646,2023Q4,1.0,277
2646,2024Q1,1.0,277
2646,2024Q2,1.0,277
2646,2024Q3,1.0,277
2646,2024Q4,1.0,277
2647,2023Q4,1.0,268
2647,2024Q1,1.0,268
2647,2024Q2,1.0,268
2647,2024Q3,1.0,268
2647,2024Q4,1.0,268
2648,2023Q4,1.0,263
2648,2024Q1,1.0,263
2648,2024Q2,1.0,263
2648,2024Q3,1.0,263
2648,2024Q4,1.0,263
2649,2023Q4,1.0,277
2649,2024Q1,1.0,277
2649,2024Q2,1.0,277
2649,2024Q3,1.0,277
2649,2024Q4,1.0,277
2651,2023Q4,1.0,268
2651,2024Q1,1.0,268
2651,2024Q2,1.0,268
2651,2024Q3,1.0,268
2651,2024Q4,1.0,268
2652,2023Q4,1.0,276
2652,2024Q1,1.0,276
2652,2024Q2,1.0,276
2652,2024Q3,1.0,276
2652,2024Q4,1.0,276
2710,2023Q4,0.9266409266409267,259
2710,2024Q1,0.915057915057915,259
2710,2024Q2,0.915057915057915,259
2710,2024Q3,0.9073359073359073,259
2710,2024Q4,0.9073359073359073,259
2808,2023Q4,1.0,265
2808,2024Q1,1.0,265
2808,2024Q2,1.0,265
2808,2024Q3,1.0,265
2808,2024Q4,1.0,265
2809,2023Q4,1.0,278
2809,2024Q1,1.0,278
2809,2024Q2,1.0,278
2809,2024Q3,1.0,278
2809,2024Q4,1.0,278
2813,2023Q4,0.8278388278388278,273
2813,2024Q1,0.8058608058608059,273
2813,2024Q2,0.7765567765567766,273
2813,2024Q3,0.7142857142857143,273
2813,2024Q4,0.6117216117216118,273
2814,2023Q4,1.0,271
2814,2024Q1,1.0,271
2814,2024Q2,1.0,271
2814,2024Q3,1.0,271
2814,2024Q4,1.0,271
2872,2023Q4,0.9961832061068703,262
2872,2024Q1,0.9961832061068703,262
2872,2024Q2,0.9961832061068703,262
2872,2024Q3,0.9961832061068703,262
2872,2024Q4,0.9961832061068703,262
2876,2023Q4,0.7282608695652174,276
2876,2024Q1,0.7644927536231884,276
2876,2024Q2,0.9094202898550725,276
2876,2024Q3,0.9891304347826086,276
2876,2024Q4,0.9927536231884058,276
2879,2023Q4,0.8333333333333334,270
2879,2024Q1,0.825925925925926,270
2879,2024Q2,0.8111111111111111,270
2879,2024Q3,0.8,270
2879,2024Q4,0.7666666666666667,270
2880,2023Q4,0.3917910447761194,268
2880,2024Q1,0.3805970149253731,268
2880,2024Q2,0.6194029850746269,268
2880,2024Q3,0.6865671641791045,268
2880,2024Q4,0.6902985074626866,268
2881,2023Q4,0.9887640449438202,267
2881,2024Q1,0.9887640449438202,267
2881,2024Q2,0.9887640449438202,267
2881,2024Q3,0.9887640449438202,267
2881,2024Q4,0.9887640449438202,267
2882,2023Q4,0.9928571428571429,280
2882,2024Q1,0.9928571428571429,280
2882,2024Q2,0.9928571428571429,280
2882,2024Q3,0.9928571428571429,280
2882,2024Q4,0.9928571428571429,280
2883,2023Q4,0.8705035971223022,278
2883,2024Q1,0.8633093525179856,278
2883,2024Q2,0.8633093525179856,278
2883,2024Q3,0.8669064748201439,278
2883,2024Q4,0.8669064748201439,278
2884,2023Q4,0.8713235294117647,272
2884,2024Q1,0.9264705882352942,272
2884,2024Q2,0.9191176470588235,272
2884,2024Q3,0.8272058823529411,272
2884,2024Q4,0.375,272
2885,2023Q4,0.9810606060606061,264
2885,2024Q1,0.9810606060606061,264
2885,2024Q2,0.9810606060606061,264
2885,2024Q3,0.9772727272727273,264
2885,2024Q4,0.9772727272727273,264
2886,2023Q4,0.9037037037037037,270
2886,2024Q1,0.9185185185185185,270
2886,2024Q2,0.9296296296296296,270
2886,2024Q3,0.937037037037037,270
2886,2024Q4,0.9407407407407408,270
2887,2023Q4,1.0,268
2887,2024Q1,1.0,268
2887,2024Q2,1.0,268
2887,2024Q3,1.0,268
2887,2024Q4,1.0,268
3005,2023Q4,1.0,266
3005,2024Q1,1.0,266
3005,2024Q2,1.0,266
3005,2024Q3,1.0,266
3005,2024Q4,1.0,266
3007,2023Q4,0.48717948717948717,273
3007,2024Q1,0.45787545787545786,273
3007,2024Q2,0.46153846153846156,273
3007,2024Q3,0.45054945054945056,273
3007,2024Q4,0.4468864468864469,273
3008,2024Q4,1.0,269
3009,2023Q4,1.0,272
3009,2024Q1,1.0,272
3009,2024Q2,1.0,272
3009,2024Q3,1.0,272
3009,2024Q4,1.0,272
3010,2023Q4,1.0,273
3011,2023Q4,1.0,268
3011,2024Q1,1.0,268
3011,2024Q2,1.0,268
3011,2024Q3,1.0,268
3011,2024Q4,1.0,268
3012,2023Q4,0.7672727272727272,275
3012,2024Q1,0.6945454545454546,275
3012,2024Q2,0.49818181818181817,275
3012,2024Q3,0.4509090909090909,275
3012,2024Q4,0.6727272727272727,275
3013,2023Q4,1.0,274
3013,2024Q1,1.0,274
3013,2024Q2,1.0,274
3013,2024Q3,1.0,274
3013,2024Q4,1.0,274
9001,2023Q4,1.0,258
9001,2024Q1,1.0,258
9001,2024Q2,1.0,258
9001,2024Q3,1.0,258
9001,2024Q4,1.0,258
9002,2023Q4,1.0,271
9002,2024Q1,1.0,271
9002,2024Q2,1.0,271
9002,2024Q3,1.0,271
9002,2024Q4,1.0,271
