method,source,alpha,stability,k,min_share,max_share,SW,CH,DB,S_Dbw,AVI,AVU,ANUI,MQ,DM,within,AVI_lift,AVU_gain,MQ_lift
kmeans,attributes,,0.9890205966283278,3,0.13495575221238937,0.5724557522123894,0.22733328075069553,414.3145835843302,1.6908336264836414,0.8436979238754209,0.7916361013889214,0.3333333333333334,0.6263544920085572,0.42262866163928425,8.52078699462477,0.850814813025828,0.45836068349318704,-5.551115123125783e-17,0.4222751525739528
kmeans,attributes,,0.9577385090057111,4,0.12831858407079647,0.38716814159292035,0.12646587487557898,339.937947610967,2.044131475098154,0.772131445942536,0.7197100617167472,0.18964867107859348,0.6332732881252625,0.44751368588140056,11.842073721187868,0.7353741356232243,0.4694132154515381,0.003559665665468642,0.4479265118909535
kmeans,attributes,,0.9297777094716173,5,0.07411504424778761,0.2831858407079646,0.12753326710389445,303.5213883905931,1.908784616401419,0.7216383410321527,0.652097582078904,0.13651844184678913,0.5987911871415703,0.4342546953359672,14.297614438473197,0.6596931481458712,0.45148538419692463,-0.0011082833607163056,0.4339835581302488
kmeans,attributes,,0.901049616239594,6,0.06692477876106195,0.2334070796460177,0.11533827611198212,269.0623480668076,2.1299511191926035,0.702909488323105,0.6142347586872657,0.10445280978641125,0.577202298245389,0.4273355271113967,16.7868520918888,0.6244879047319856,0.44981205063292645,-0.0017728049035675292,0.4300073449522799
kmeans,attributes,,0.8369735562962635,7,0.06028761061946902,0.22234513274336284,0.09769378560726681,239.83291829437013,2.213546975067081,0.6840251450779148,0.5787607147286876,0.09088817651652367,0.549837865128632,0.4106121385799822,19.254936799091773,0.5756895557432575,0.4383832142991604,-0.006382806458719914,0.4135025292007839
kmeans,attributes,,0.7763570944693339,8,0.05752212389380531,0.1875,0.09566377527113115,218.08913192978594,2.162693164573063,0.6637208648912694,0.547848913479666,0.07837101784097603,0.5252951170766675,0.41073363826095716,21.119496153114305,0.5535372831947334,0.4236166965507799,-0.005975154138116015,0.41143975363559904
kmeans,attributes,,0.7479838481558356,9,0.03373893805309734,0.18528761061946902,0.09884527265026576,201.56221777766902,2.1369130939710166,0.6438678438221164,0.5200387069034065,0.06630256696677156,0.5027054719045768,0.40376001345868556,22.949554450646705,0.5418937972969499,0.41028780551180094,-0.006959120675727758,0.4052222433720207
kmeans,attributes,,0.7083939658263602,10,0.03871681415929203,0.16537610619469026,0.09744559425964243,189.0524369412738,2.108121929911817,0.6204184286592339,0.4828701359558158,0.05954540881493657,0.46937435607225203,0.38157641037668977,24.040218531424507,0.5013176026537632,0.3833644331498831,-0.006043286163451567,0.3820052785748656
kmeans,attributes,,0.6022412840874016,11,0.03152654867256637,0.1338495575221239,0.09699902582717668,177.1273912443135,2.1581642562958248,0.6031666291569302,0.46486363612300907,0.052517658144074775,0.4537851303688058,0.3676898165469368,26.094033039051435,0.4733416603129705,0.3727574060915231,-0.004299438563065687,0.36577639606876744
kmeans,attributes,,0.6764256893731948,12,0.023230088495575223,0.14601769911504425,0.10127000462700558,168.7271695937075,2.0567554356097206,0.608033624978237,0.45524130546795655,0.04494447190185829,0.4461135631914579,0.3534768121600539,28.0955643471723,0.4599449466744294,0.37239808056636814,-0.003600558274028262,0.35377382352536213
ward,attributes,,0.5971954775552081,3,0.15210176991150443,0.6216814159292036,0.20582107627192606,360.4903495257715,1.7853632913410624,0.856053652878261,0.776195363819315,0.3333333333333333,0.6166487342706679,0.37888237899619465,8.346129289254336,0.832019862337453,0.4433496078444204,5.551115123125783e-17,0.37898375042612237
ward,attributes,,0.44623688061717265,4,0.07079646017699115,0.6216814159292036,0.18260546122067722,289.9738639270678,1.7498517525256014,0.8304608724958443,0.6960080780759392,0.19700613976033868,0.6120808578249417,0.37607816673973304,11.034273998363851,0.8187532912624239,0.4476482168237634,-0.016810792406758368,0.37758488167065046
ward,attributes,,0.5008296042276659,5,0.07079646017699115,0.39048672566371684,0.09562513689554784,253.6701710711305,2.27088725786117,0.7757518643429594,0.618885269029481,0.13932364162412875,0.5697577112842879,0.38988772081102147,12.912408246691022,0.6604250735560192,0.42095602980378716,-0.011117588045107568,0.3919296263687708
ward,attributes,,0.43280425163927916,6,0.07079646017699115,0.24944690265486727,0.09179221831709279,228.37702582922853,2.2898776950389768,0.7322987541376235,0.5688830606751276,0.10514166698968445,0.5367766695553038,0.3862527944208725,14.948032560815086,0.5852817661822586,0.40240906381726493,-0.0023522271039763537,0.386481504411085
ward,attributes,,0.456002292677789,7,0.07079646017699115,0.24944690265486727,0.0680456361423121,205.88644615180644,2.373477303409657,0.7108550172039478,0.5380418530737684,0.0885032213064778,0.513585704461743,0.3576628537708354,17.59930216760271,0.5281259244187637,0.3963745494532585,-0.004864056936468131,0.35942500213779577
ward,attributes,,0.46284354330328376,8,0.03484513274336283,0.23119469026548672,0.0701212425092822,188.5411648956565,2.283596586292753,0.697953795623368,0.5066016712057946,0.074165716683133,0.4882566595734165,0.36085918674339823,19.315602492605876,0.5174271607865459,0.3827672473127026,-0.0057249811896241815,0.36205847862215457
ward,attributes,,0.4621917583701219,9,0.02765486725663717,0.23119469026548672,0.06716728758387762,173.0075653045747,2.1490604224503085,0.6526336594002002,0.46548765817425763,0.06358596903779958,0.4521060058743935,0.34423391983572577,20.344522779963143,0.4965193283819647,0.3561877393983113,-0.0077290872790204135,0.34664005068032067
ward,attributes,,0.47293042220361386,10,0.02765486725663717,0.23119469026548672,0.06781767526685456,160.72409615482852,2.1387961870237593,0.6358725609484415,0.45180076996107105,0.05427938948510643,0.4409862567400798,0.338981532189032,22.405206442110654,0.48925368354619314,0.3537911238868745,-0.007374356424139986,0.3412385204781442
ward,attributes,,0.46343008076852177,11,0.02765486725663717,0.21460176991150443,0.06298811084770677,150.86237022066805,2.3195228890277835,0.6223478492152478,0.4200447079256509,0.049543892087372296,0.4114815103631349,0.32098383274457465,23.015275100185008,0.44676486657490305,0.32990464551123255,-0.0054085286023698095,0.3213754953046061
ward,attributes,,0.46425582830614187,12,0.02765486725663717,0.21460176991150443,0.06352796877471022,142.98362370854448,2.4091259365873428,0.6534018847706189,0.403246584524658,0.04443115179957097,0.39614889949256854,0.30809807801437045,24.39865224996852,0.43062289925435365,0.32098619668077777,-0.005530158075524032,0.30853360021942755
gmm,attributes,,0.9918323185521007,3,0.18030973451327434,0.6017699115044248,0.1497848711415076,275.1918310852363,2.4964457933401465,0.8431877820378624,0.6579888906715916,0.3333333333333332,0.5396316749481332,0.2742231314661055,6.4373119612047995,0.704221807850555,0.3256910812985001,1.6653345369377348e-16,0.27518962117425444
gmm,attributes,,0.9927354912795119,4,0.09126106194690266,0.6012168141592921,0.06974760986430283,249.02614328368725,3.054321182790704,0.8297527158620627,0.5889764834630623,0.19827727604054154,0.5273877927505923,0.2845599301198677,8.883165582481807,0.6905277611907948,0.34005536204368875,-0.013091668093639097,0.2853736094172817
gmm,attributes,,0.8458517595291685,5,0.07798672566371681,0.5342920353982301,0.04699519976312132,216.52238344372242,2.836159332570347,0.7728469823509811,0.5226742500719518,0.1384260611357557,0.4874093375328994,0.3058416350129011,10.548064828919435,0.6457688254865908,0.32336350081153964,-0.013890230301818476,0.30676193718806494
gmm,attributes,,0.5231130995074,6,0.053650442477876106,0.3899336283185841,0.03312569308342117,177.43573271396568,2.740191889123693,0.7471336063251673,0.4597012889743413,0.10646395018518161,0.4382525036130054,0.2540938378211389,11.6605009098863,0.5158926658727694,0.2937341363638306,-0.013571891376082348,0.2560819914099846
gmm,attributes,,0.7222068238807682,7,0.04480088495575221,0.35011061946902655,0.04233335455816963,173.60601108491684,2.993195100439895,0.7818488789256429,0.43827886679321965,0.08295178310640547,0.42290377156567394,0.2538577689459726,13.405673477689529,0.46899719244183646,0.29524034596538046,-0.005714829085040396,0.25319390820001875
gmm,attributes,,0.6150843764894266,8,0.042588495575221236,0.37776548672566373,-0.012099115907818828,132.89503418574722,3.209952339191221,0.7247481469272219,0.3669791128121297,0.06729749732658188,0.35813434906430897,0.22735026090306037,12.833461299533258,0.4460641663002747,0.24190135095418341,-0.006193298123942564,0.22798900236717135
gmm,attributes,,0.5806896623445688,9,0.03484513274336283,0.32964601769911506,0.04068008857514252,131.1206570354506,2.826613066916483,0.7543586001447189,0.35836260830261557,0.061937162257448795,0.350581122669236,0.23247637516094016,14.722434300439943,0.41586280552461163,0.24614001825818457,-0.008265162567430172,0.2312948304905545
gmm,attributes,,0.8001777776801522,10,0.0293141592920354,0.3268805309734513,0.02541907227054057,125.18578813831425,2.7324299149063664,0.6866317203542827,0.3434410518031387,0.05383002582174416,0.33720695816488583,0.2288088667457678,16.28711047581111,0.4084652792697559,0.24483137836246785,-0.008231321397362518,0.23124129400109678
gmm,attributes,,0.6252599165323115,11,0.0293141592920354,0.3241150442477876,0.015452939362231823,119.83891195547167,2.9112381166289123,0.6727241198588271,0.31606761166494607,0.04989382513994608,0.31116066334430037,0.22974219959874706,16.427363645472916,0.3896796324284801,0.22637166772849618,-0.007950633101450062,0.2312778896941464
gmm,attributes,,0.5607019010970566,12,0.02267699115044248,0.21073008849557523,0.00509357962258077,105.49783467424409,3.067412240705085,0.6848302701624286,0.28883988592471715,0.040812366537423844,0.28547464252597005,0.17876736671879911,16.66708471970951,0.31155939853062403,0.20598484637292416,-0.003753937902142533,0.17973769017183813
spectral,graph,,0.9245359242517379,3,0.21847345132743362,0.4684734513274336,0.14013598118730272,305.3852494074826,2.3225027451262865,0.8016995742197321,0.9301042125088207,0.3333333333333335,0.7099843888733012,0.572334652804439,11.307106061313556,0.9319009518715562,0.5977836493771973,-1.1102230246251565e-16,0.5733242387801688
spectral,graph,,0.8760645648113913,4,0.1515486725663717,0.3633849557522124,0.10412287481243603,245.57264504203204,2.3963296561911474,0.7907819640074303,0.9007034794195365,0.19907917224010938,0.7637537917589701,0.6302333211361691,16.107276322712817,0.9068850560246489,0.6534433427594628,-0.003448016958374961,0.6333726135008849
spectral,graph,,0.8335892934413334,5,0.08351769911504425,0.3219026548672566,0.09883064807700508,213.8850671641136,2.3220045997495466,0.7877167633240306,0.8640307557462996,0.14002612044596308,0.7707768710478698,0.642342447120472,20.536690159726167,0.8826555740872603,0.6631359924780168,-0.005985571849180943,0.6417195468827788
spectral,graph,,0.8382334815855191,6,0.0752212389380531,0.2588495575221239,0.06298869959834959,189.27523069163448,2.592034085467954,0.7599807776947555,0.8569570355148729,0.11299035101174683,0.7813049376979916,0.6829678635493359,25.621423447026455,0.8706904971339728,0.6900208019536593,-0.006852597056248605,0.6827694887669828
spectral,graph,,0.6868879333369063,7,0.06747787610619468,0.21349557522123894,0.048737770280976554,158.40975970809987,2.7990574782854236,0.7579535315946658,0.835800430596464,0.09527504884074256,0.7741538425895198,0.6868817067624852,30.039974287948183,0.8442956396965069,0.692757429708196,-0.007918841511713015,0.6865501551909473
spectral,graph,,0.6877441271411939,8,0.06084070796460177,0.18418141592920353,0.03858981585534244,145.5530878145349,2.898126526037839,0.7324170140412437,0.8330265557882599,0.07612186617458423,0.7833529424760557,0.6940927993734486,35.05723695615858,0.8331349998618583,0.7095636546945004,-0.002784906564425371,0.6958450608170881
spectral,graph,,0.7622931103856736,9,0.046460176991150445,0.1847345132743363,0.03506606839319348,139.2481294814948,3.012337085071763,0.7112468445423676,0.8299588590038834,0.06752361749247958,0.7859147618261835,0.7040645154168523,39.87024225881691,0.8335295583836015,0.7192586219790896,-0.00534568564600911,0.7042504907789523
spectral,graph,,0.7908223963835399,10,0.03484513274336283,0.15652654867256638,0.026986736277720132,126.7110289950875,2.9600037332162064,0.6906073581429547,0.8164817733135186,0.05818360710538581,0.7794531836213517,0.7046176915004065,43.95882509980148,0.8201657190211293,0.7179634711524336,-0.0031450131819063393,0.7062415390905088
spectral,graph,,0.5357371458646777,11,0.03484513274336283,0.13274336283185842,0.022076578818793085,110.49558564469903,3.0777523435064094,0.7103689844910217,0.7953495754552958,0.052428974272555766,0.7635116273859931,0.6945230127272022,48.09944794520619,0.7978986355565194,0.7042489425833703,-0.0034753676122561625,0.6944534471407489
spectral,graph,,0.6268010602578149,12,0.033185840707964605,0.13716814159292035,0.02445579369188298,107.69649925199484,2.886211821734699,0.6957570835925748,0.7919675850936866,0.047286768583704064,0.7633793432603285,0.6991282118055068,52.44555412697986,0.7960093269489189,0.7091597833171459,-0.0028881809695481403,0.6997097013561296
louvain,graph,,0.7858359005950069,3,0.10730088495575221,0.5896017699115044,0.2039412230682618,337.4149549930184,1.9294021264268129,0.8943006744761752,0.9291766874130923,0.3333333333333339,0.7094438056626416,0.5073407295107403,10.964677029596345,0.9544900002450095,0.5969363269155691,-5.551115123125783e-16,0.5086377221029675
louvain,graph,,0.5854341907887745,4,0.06084070796460177,0.37168141592920356,0.09140707024422379,255.99115829265932,2.594530605902095,0.8253710112885985,0.9073706124258486,0.20010875436191877,0.7679345784908345,0.615683220939055,16.061545624149243,0.9213262790639585,0.6584270182806664,-0.015117061673862342,0.6164166252988895
louvain,graph,,0.6773435719089875,5,0.06084070796460177,0.288716814159292,0.09066277889553828,221.63226660066337,2.459309295819731,0.7902098381532596,0.8909491874667838,0.14255378701643548,0.7905436736967051,0.6556595401802593,20.869804991059517,0.9072509811633283,0.692207943960681,-0.01210805467778256,0.6570116633228393
louvain,graph,,0.6864023275289307,6,0.030420353982300884,0.28263274336283184,0.07044591679672565,172.00017899049217,2.636253628888889,0.7642486341994398,0.8763047342696956,0.10915465523160323,0.7998015259399607,0.6738087009828602,25.70336249950718,0.899245984396556,0.7118176967377279,-0.013052686194524057,0.6763819583072757
louvain,graph,,0.6269488158442769,7,0.030973451327433628,0.28042035398230086,0.06141007974492714,163.92813898117984,2.7879723018409357,0.7591197911049892,0.8668712464455487,0.08817241563048374,0.8053175023017861,0.6820809851959371,30.661708502366768,0.8908920190490669,0.7247928741475993,-0.011940949056598052,0.682837124256235
louvain,graph,,0.5534049326663123,8,0.05254424778761062,0.2549778761061947,0.05561812893187552,145.06850393886415,2.7827616049071695,0.7349027304023764,0.8433365881775331,0.07609411178172966,0.7924807610255095,0.7023388279207603,34.6471036897771,0.8725716422981012,0.716912752984121,-0.0077947127726256255,0.7011636131869582
louvain,graph,,0.46125486478706945,9,0.023230088495575223,0.2013274336283186,0.02382009643048264,121.69843594216972,2.9585792352998617,0.6726264843519324,0.8227390224224327,0.06273953309931748,0.782355206305097,0.7044185943562195,38.67140127421423,0.8588540189692306,0.7110318664359103,-0.006715095885790182,0.7041800336934627
louvain,graph,,0.47575510934966897,10,0.023230088495575223,0.20630530973451328,0.014807318198561601,113.66423182885954,3.295891762817478,0.6979393895169956,0.8176383938223518,0.0574395121619431,0.7809607663088945,0.7110209954282286,43.66687377280989,0.8406429143514994,0.7184714370204088,-0.00543309639243969,0.7126379183623075
louvain,graph,,0.4965503498647303,11,0.02820796460176991,0.1863938053097345,0.028615637359181052,113.77100105228074,3.173916695046098,0.7019861015809004,0.8185409973807122,0.05196624307402719,0.7851437307359832,0.7156736561215247,49.0927239549881,0.8323394795822654,0.7290816750114527,-0.004585714657653291,0.716666614030921
leiden,graph,,0.47953874295571397,3,0.27267699115044247,0.3644911504424779,0.06963198538896097,271.7521542343885,3.036682025707042,0.802822738063118,0.9245041096616231,0.3333333333333332,0.70671663259489,0.5879914254695084,10.950932588028877,0.9292392604719272,0.5942910129070194,1.6653345369377348e-16,0.5910060894963468
leiden,graph,,0.4634504877441164,4,0.1172566371681416,0.47400442477876104,0.11483211754484107,247.95237351790223,2.4392944334896596,0.8049764988487629,0.9019268454664626,0.2119747355360604,0.7571672846882301,0.5979051127945938,15.917034333211324,0.9240177506895804,0.6531079832589898,-0.020983841780249674,0.5994598650491451
leiden,graph,,0.6171155372068522,5,0.11172566371681415,0.29867256637168144,0.06588833843188188,203.9478405255924,2.932390113002259,0.7703628739921485,0.8883984686996085,0.15224505759024637,0.7825546112947911,0.674071944273991,21.06383241918788,0.8969179109538244,0.6887161097204066,-0.013662931016566848,0.6744835121005973
leiden,graph,,0.665073329790018,6,0.05918141592920354,0.2555309734513274,0.061348115230451465,183.15963697140768,2.7002132622384125,0.779339719051202,0.8751963885247461,0.10945567127735889,0.7986860883960164,0.6860975346638679,25.816381348812286,0.8891183731644032,0.7091903863255391,-0.006988427890645868,0.686949641013393
leiden,graph,,0.6396436345206157,7,0.02820796460176991,0.2461283185840708,0.06310845764322948,159.7938060128239,2.6563116770151445,0.7525597276187155,0.8672601707452078,0.08496141086300428,0.8077427393158472,0.6945721950661319,30.699923383491367,0.8833776921111801,0.7254416957007219,-0.005850547836973877,0.6957526519690271
leiden,graph,,0.5946588401583834,9,0.02765486725663717,0.22123893805309736,0.04636211645017159,133.89552338930758,3.0357207032616293,0.7211814286136211,0.8371833012282622,0.0650423061093667,0.793950826781487,0.706253984936857,39.32584636924831,0.8631810905863071,0.7267631790140731,-0.00692522425502641,0.705939597998515
leiden,graph,,0.5101820955129176,10,0.03263274336283186,0.14878318584070796,0.031190220714613623,123.733160673776,3.195111646923004,0.7006532248821449,0.8277785957038297,0.058157560467849964,0.789758376683385,0.7153762402686182,44.60788254661051,0.8321802882777778,0.7281101930456713,-0.0035070456226628244,0.7154320336187171
leiden,graph,,0.4565814862523129,12,0.03263274336283186,0.13550884955752213,0.022157965035331236,107.83405744662136,3.2299121156240047,0.6771575247914426,0.8075709101904364,0.04737500211324032,0.7778128232806437,0.7158324907693495,52.98996423580163,0.8146334098348684,0.7227186447097307,-0.0029521035078354727,0.7143418837433531
kefrin_euclidean,joint,0.0,0.9768858358932185,3,0.14103982300884957,0.5685840707964602,0.22646470547868244,414.2631290067838,1.7120756450144803,0.8365756860114457,0.7932244349931836,0.3333333333333333,0.627348406550014,0.4252611739034482,8.545088306207152,0.8500030433159285,0.45928816686334256,5.551115123125783e-17,0.424959512225983
kefrin_euclidean,joint,0.1,,3,0.13495575221238937,0.5724557522123894,0.22733328075069553,414.3145835843302,1.6908336264836414,0.8436979238754209,0.7916361013889214,0.3333333333333334,0.6263544920085572,0.42262866163928425,8.52078699462477,0.850814813025828,0.4585176015365235,-5.551115123125783e-17,0.42256735485326397
kefrin_euclidean,joint,0.2,,3,0.1404867256637168,0.5691371681415929,0.2265559363590216,414.2671525401256,1.7098386187560732,0.837432361240591,0.7934280844757872,0.3333333333333333,0.6274757819104122,0.42496629267264063,8.549844617984894,0.8500807227975146,0.4608256233070789,5.551115123125783e-17,0.42630963118544335
kefrin_euclidean,joint,0.3,0.9823093317199145,3,0.13606194690265486,0.5707964601769911,0.2268760184926121,414.2804021001737,1.6931733113759992,0.8426851082475049,0.7939687576373949,0.33333333333333326,0.6278138870061389,0.42520389962821226,8.564775062004626,0.8521384608873845,0.4587698421765085,1.1102230246251565e-16,0.4235344569046816
kefrin_euclidean,joint,0.4,,3,0.1415929203539823,0.5713495575221239,0.22673854175750133,414.1764228051084,1.7114802932334363,0.8362713205354999,0.7984266083063916,0.3333333333333334,0.6305978953709891,0.4276462255295904,8.641657163802453,0.853648926885077,0.46429197016610985,-1.1102230246251565e-16,0.4265756240660248
kefrin_euclidean,joint,0.5,0.9840321011446143,3,0.13993362831858408,0.5696902654867256,0.22647870070500534,414.1289070563859,1.705961920672338,0.8364694199035331,0.8010389631808227,0.3333333333333335,0.6322263235974482,0.4305742292746283,8.686704205590603,0.8562195321738783,0.4700549333387606,-1.6653345369377348e-16,0.4319490617853607
kefrin_euclidean,joint,0.6,,3,0.1404867256637168,0.5702433628318584,0.22652136341061152,414.1368832148742,1.7068339716658159,0.8358706790832648,0.8009784837258183,0.3333333333333333,0.6321886486508166,0.4300994782358108,8.685085946778061,0.8558890104016883,0.4653772503602521,5.551115123125783e-17,0.42840634619078366
kefrin_euclidean,joint,0.7,,3,0.14325221238938052,0.5713495575221239,0.22640169222533027,413.4863170799141,1.7166867351860864,0.8336280608348541,0.808136016248936,0.3333333333333333,0.636639037681979,0.43451514425595206,8.824230364332909,0.8596820292839003,0.4744251380936119,0.0,0.4338905309261488
kefrin_euclidean,joint,0.8,,3,0.14325221238938052,0.5724557522123894,0.22646601190526586,413.01104320989424,1.7207923477869198,0.8340307414109533,0.8104385829796973,0.3333333333333332,0.6380671662834794,0.4375385896694507,8.872466079795101,0.8631364664375963,0.47992433300716925,1.6653345369377348e-16,0.4401228717510998
kefrin_euclidean,joint,0.9,,3,0.15099557522123894,0.5813053097345132,0.21767619274239158,398.7136037169548,1.7780582832670009,0.8390950641285982,0.8500572862552008,0.3333333333333334,0.6623724451762779,0.46645265127811625,9.673209034485865,0.8927482615178017,0.5182472066247077,-5.551115123125783e-17,0.46766230203700127
kefrin_euclidean,joint,1.0,0.3356812739111964,3,0.054756637168141595,0.8882743362831859,-0.049325444126553764,98.36085953984623,1.8327848384447123,0.6667922052324476,0.8387267209834731,0.3333333333333318,0.65547259438822,0.17582894093449686,10.8216028579042,0.9416961102721241,0.5059147501001211,1.4988010832439613e-15,0.17612617417465837
kefrin_euclidean,joint,0.0,0.8192703143663017,4,0.1288716814159292,0.3821902654867257,0.1262620260586766,339.9672708311937,2.05135651308271,0.7718380684646421,0.7176711705105155,0.1902472083320489,0.6314554417487779,0.44525059432509956,11.793932089695009,0.731890029003047,0.46803485618791385,0.003236859052912766,0.44530134797787935
kefrin_euclidean,joint,0.1,,4,0.12831858407079647,0.3821902654867257,0.12624783666972247,339.9655025025397,2.051265955745176,0.7722315124942893,0.718582071035516,0.18969237509808679,0.6323823270803368,0.4459083790663819,11.81413425639998,0.7326748623195856,0.46828585720390664,0.003717526022730261,0.4460718980887132
kefrin_euclidean,joint,0.2,,4,0.1277654867256637,0.3821902654867257,0.12637138256290664,339.9602112828829,2.050877241540222,0.7729300388518928,0.7201781410443857,0.18996089406213082,0.6335103276323527,0.4469558520804352,11.849510826510986,0.7339244541902429,0.46776404656363096,0.003211475649137596,0.4454413674021159
kefrin_euclidean,joint,0.3,0.9263134444552884,4,0.12555309734513273,0.40486725663716816,0.128235921446295,339.8225051506923,2.0257357595533763,0.7740507992204121,0.7261049612249982,0.18924656408618212,0.6383829310932094,0.4514501124127946,12.00837617495576,0.7444986395834932,0.47368849765565774,0.003667636723987594,0.44845350425239144
kefrin_euclidean,joint,0.4,,4,0.12831858407079647,0.39048672566371684,0.12767248299599265,339.8911240078445,2.035518887375985,0.7726229807881109,0.7271056598144096,0.18901039948569023,0.6392528069632865,0.45412457639003334,12.030740050237563,0.7433391168179577,0.4776336865341318,0.004130825821544337,0.45477622800079
kefrin_euclidean,joint,0.5,0.8837751612239325,4,0.12665929203539822,0.3606194690265487,0.12559900587007167,339.4277780026756,2.081022563843347,0.7735139983516983,0.7299144396315574,0.19050231592807712,0.6408096123613485,0.45875750795027653,12.079946092409184,0.7416641407008795,0.48049681300399194,0.0030160433450218127,0.4595622920847701
kefrin_euclidean,joint,0.6,,4,0.12665929203539822,0.3600663716814159,0.12582568816934012,339.0676316836703,2.0814619256593336,0.7736000710550047,0.7376068140017628,0.18994944830290286,0.646962225705399,0.4673649093776123,12.278298813599342,0.7503449369689211,0.4879397779307641,0.003518257440221384,0.46792079724689944
kefrin_euclidean,joint,0.7,,4,0.12997787610619468,0.3805309734513274,0.12762385639747675,338.3719837694485,2.0466710138409585,0.7725998675228405,0.7446368747230916,0.18763321130427615,0.6533515110283898,0.4706875288474396,12.502670510494465,0.7580509588310613,0.4955635476002437,0.005462339242869013,0.4717292337015519
kefrin_euclidean,joint,0.8,,4,0.1277654867256637,0.41482300884955753,0.1315664113205115,335.40261476825157,2.026544870324387,0.7743880492439662,0.7719030550901799,0.1881277237858323,0.6740237730248886,0.4958651003341329,13.188517381035318,0.7927643898535072,0.5221859692310065,0.004252534741197106,0.49635231559500304
kefrin_euclidean,joint,0.9,,4,0.14103982300884957,0.38329646017699115,0.11703270256943608,315.61372517139364,2.098032941672345,0.7726510820867476,0.8244487056656267,0.18747565917435693,0.7140779199523104,0.5414815618121441,14.685811598401848,0.8308334741334747,0.5736606444191915,0.0051154942062248965,0.5406368301608468
kefrin_euclidean,joint,1.0,0.25753850975155823,4,0.014380530973451327,0.9126106194690266,-0.13041337470240613,51.11950715999052,3.4605950862356916,0.7064695177322224,0.7848930336241243,0.16974389769179088,0.6926153363338212,0.14094033084901197,15.052795977340327,0.9503617732386389,0.5327477474346425,-0.0001681962983799412,0.14072490597609455
kefrin_euclidean,joint,0.0,0.9675979789336576,5,0.07411504424778761,0.30586283185840707,0.1291270378082055,303.51694837996456,1.9067391902321025,0.7248744301575618,0.6561847024859117,0.13617578336591485,0.6023599464731254,0.4405113938013661,14.396189689716264,0.6708760700686464,0.4560581354680295,-0.001110613277883088,0.4402491068188239
kefrin_euclidean,joint,0.1,,5,0.07356194690265487,0.2870575221238938,0.12744912973489522,303.50436317666924,1.9137390875683238,0.7217314954890415,0.6564371270666298,0.13655369585411967,0.6024354651344331,0.4379003908766797,14.44716517132388,0.6641917621799172,0.45723010934904806,-0.0012443483803039335,0.4381609337603858
kefrin_euclidean,joint,0.2,,5,0.07466814159292036,0.3064159292035398,0.12913341300251044,303.4498125730994,1.9039929566915514,0.7247981428096695,0.663354979777565,0.13603660895433164,0.6084482662905843,0.4473627611806319,14.604200430436707,0.6779649328767829,0.4638614292684937,-0.001005189409551771,0.44754530509336643
kefrin_euclidean,joint,0.3,0.8419065535992715,5,0.07411504424778761,0.28373893805309736,0.12660940271888713,303.2756010898522,1.9214941261180818,0.7202071170676926,0.6637576470123057,0.1369186588170532,0.6084602853672108,0.4450891238555554,14.674220715878096,0.6705059052913857,0.4639240717095494,-0.0015080617992974665,0.4458042209175036
kefrin_euclidean,joint,0.4,,5,0.07466814159292036,0.2831858407079646,0.1265678104950018,303.10933368496393,1.9197727970253364,0.7204228700140323,0.6685253919479666,0.13698820582644541,0.6124382403336841,0.44934675282411635,14.826096813341847,0.6747981874206215,0.4684493578147919,-0.001555829026767569,0.4491116093394077
kefrin_euclidean,joint,0.5,0.8662235826820396,5,0.07356194690265487,0.3180309734513274,0.13102944206973646,302.81202720492934,1.8932280190558273,0.7281203076159194,0.684428067949209,0.13659044984532162,0.6259136894168743,0.4671443062480538,15.221687409096702,0.7030086349580289,0.48590247142967313,-0.0022360118578936827,0.46775203525362735
kefrin_euclidean,joint,0.6,,5,0.07577433628318585,0.2782079646017699,0.12642785049295766,302.0489369847139,1.920163078405372,0.7192600953723578,0.6851273974998362,0.1362318567486014,0.6266392822423292,0.46531278068218934,15.38262240867153,0.6897421957074709,0.4888099784039251,-0.0008444305383619732,0.46917326710019536
kefrin_euclidean,joint,0.7,,5,0.0752212389380531,0.3047566371681416,0.12923759748241506,300.8341459854892,1.8947523434416709,0.7256748418012691,0.7047383050406538,0.13672381297173725,0.6428014841565501,0.48904671142756145,15.89711293033458,0.7197862423600435,0.5051311510412595,-0.0017658190489101278,0.48973259999216906
kefrin_euclidean,joint,0.8,,5,0.08738938053097345,0.2571902654867257,0.11998612300652063,296.32038868615757,1.9783119760663417,0.7185479771962566,0.7227605591507943,0.13702391696970218,0.6576316874493797,0.505558598903346,16.558709162518884,0.7237375316961833,0.5237632695454405,-0.00013066733057578994,0.5069387941745029
kefrin_euclidean,joint,0.9,,5,0.017146017699115043,0.3346238938053097,0.08913074139596623,248.6304830789138,2.303150992463975,0.7683857613903544,0.7785807481287191,0.13467817297244003,0.7046886260900725,0.5470095732741758,19.25836288383264,0.8171425496154607,0.5789165716051378,-0.01332666865776802,0.5473396101249413
kefrin_euclidean,joint,1.0,0.1402375975720011,5,0.014380530973451327,0.8501106194690266,-0.09894065006532587,58.47048351750032,3.2574323138095975,0.6539468125090612,0.7627043066756505,0.11055876625474056,0.7033917490142413,0.22167467823665538,20.469212202989006,0.9131499911467674,0.56333777927107,-0.0031215843749638067,0.22081669875391505
kefrin_euclidean,joint,0.0,0.9107621375661161,6,0.06581858407079647,0.23949115044247787,0.11595665507606445,269.08110523608286,2.12366190133476,0.705491607249225,0.6151288415127365,0.1050750678998479,0.5777839466867538,0.42634886821353446,16.811781927724105,0.6231762293182816,0.45060968819451025,-0.0024839856396517423,0.42801983410685124
kefrin_euclidean,joint,0.1,,6,0.06581858407079647,0.23174778761061948,0.11605274503912462,269.0616070910816,2.1208041507268325,0.704858153551033,0.6183696077926729,0.10479526557950943,0.5807365946162157,0.43290674423315195,16.945409488336576,0.6297157217591549,0.45058112254581795,-0.0022212776486556507,0.43255801551996875
kefrin_euclidean,joint,0.2,,6,0.06581858407079647,0.23949115044247787,0.11619933918000423,269.0219067298034,2.117430411846944,0.7062173478604147,0.6207502399147257,0.10433627233705219,0.5829917496365133,0.4338747335491288,17.00560029165901,0.6317928442858719,0.4546638358214624,-0.0020358380121918984,0.4345752146206229
kefrin_euclidean,joint,0.3,0.8664105767628438,6,0.06526548672566372,0.23119469026548672,0.11555678410673985,269.00896892987555,2.127186645468827,0.7046355820810456,0.625216902504465,0.10467781729064475,0.5868121918754716,0.43894466236961865,17.193521355360943,0.6353384474846008,0.4603335047970703,-0.001983691830181447,0.4414828574228283
kefrin_euclidean,joint,0.4,,6,0.06526548672566372,0.22898230088495575,0.11545411041378015,268.79741285961984,2.134151799040809,0.7040465768122646,0.6317544701846182,0.10473536154496528,0.5925473689618234,0.4472524596232821,17.42780926246775,0.64367722676576,0.4661656137976845,-0.0017890667505077035,0.4488228184041416
kefrin_euclidean,joint,0.5,0.8144906095080756,6,0.061946902654867256,0.2361725663716814,0.11403483708446592,268.2933952849254,2.1364919317322664,0.7097644955186674,0.6471978993638624,0.10454808792388183,0.6061816469798205,0.4562349829680492,18.03362388425608,0.6549487592728378,0.47972481457220345,-0.0025916081771383825,0.4568815527404241
kefrin_euclidean,joint,0.6,,6,0.06803097345132743,0.23285398230088494,0.11336952626185802,267.4051007300471,2.1415266358613816,0.7048612048050159,0.6630342865227713,0.10463189363436909,0.6200206439345517,0.4729141512235546,18.62322774748691,0.6693596888563296,0.4938320407013545,-0.0017807705128305429,0.4699315872996104
kefrin_euclidean,joint,0.7,,6,0.07466814159292036,0.2488938053097345,0.11218854189269692,263.67808359597785,2.14380887562825,0.7047059746784595,0.678086319565408,0.10750796002554629,0.6320127912619155,0.49015330115217953,19.270592744142924,0.681014687208677,0.5120069753419603,-0.003177469406120806,0.49059922759975855
kefrin_euclidean,joint,0.8,,6,0.06139380530973451,0.2605088495575221,0.09565382760884127,248.54611899917865,2.3036101362221455,0.7215168671677722,0.7361598336042112,0.10053698564159941,0.6854302557457908,0.5415226216711164,21.515048646391673,0.7459238823474623,0.5703187641868107,-0.00013071023608665633,0.5427122115338301
kefrin_euclidean,joint,0.9,,6,0.0586283185840708,0.24225663716814158,0.07271279418531126,232.4783244995842,2.3627688282109522,0.7101590882006432,0.7997880685569738,0.10848344853061623,0.7359355292066775,0.625776635081825,23.98344593366747,0.8090951602578267,0.6334301697143012,-0.003255507654179951,0.6260273021570922
kefrin_euclidean,joint,1.0,0.15151141727200668,6,0.02157079646017699,0.8335176991150443,-0.09456577289937786,61.63003123333919,2.529942299811397,0.6480944443531504,0.772415538678882,0.07815396485105695,0.7284414672428099,0.2453017239567504,25.532014858625214,0.9079017153683215,0.6069288597886504,-0.003156186123126556,0.24699738323583154
kefrin_euclidean,joint,0.0,0.849213871475138,7,0.05807522123893805,0.21073008849557523,0.09715795194615043,239.63914574518068,2.2175176010335247,0.6839270892722039,0.5787618316352408,0.08959309818862306,0.5502306838834587,0.412886502731051,19.239816323048636,0.5769191321352303,0.43625932893337027,-0.004823333295428417,0.41339356524829407
kefrin_euclidean,joint,0.1,,7,0.059734513274336286,0.2129424778761062,0.09788168508693372,239.4494028931038,2.222887487651312,0.6805621031966843,0.5903362851855359,0.08928216976422322,0.5607795550803648,0.43060065426835004,19.720690350144416,0.5944186322122773,0.447698333319481,-0.004186750105243317,0.4304426165853921
kefrin_euclidean,joint,0.2,,7,0.04701327433628318,0.23506637168141592,0.10969761350104176,239.19267557025995,2.15042296865133,0.6897101600946379,0.5676062923440359,0.0919132384597735,0.5394622590272111,0.40412856807018616,18.81668953520317,0.5838922240218323,0.42584372768884604,-0.011650291250659,0.405048942204032
kefrin_euclidean,joint,0.3,0.5541825453167251,7,0.05807522123893805,0.21626106194690264,0.11433166193259063,238.6451458167493,2.166909436704272,0.6879413677537056,0.5820148017732416,0.09068234381301006,0.5528369171401346,0.4306429850303704,19.059204662216587,0.6066630892546413,0.438922874984219,-0.008068016983366608,0.43088223847482315
kefrin_euclidean,joint,0.4,,7,0.06028761061946902,0.2179203539823009,0.09633807092286376,239.06652843786634,2.2450336524739805,0.683659035298528,0.6105272785968011,0.0931544054336684,0.5776730998308537,0.4449323023410558,20.63797385940901,0.6090514810295212,0.46813878419037835,-0.008303779686510568,0.444954751041062
kefrin_euclidean,joint,0.5,0.6242328498127637,7,0.05918141592920354,0.2040929203539823,0.09703317966689626,237.73583009625708,2.2500241206981433,0.6808803433918759,0.6184039259574313,0.08773831382833937,0.5865775659579157,0.46610803354335234,20.956916177945367,0.6271226133037509,0.47492376443432766,-0.0022459939525835,0.4656512459083843
kefrin_euclidean,joint,0.6,,7,0.06526548672566372,0.21183628318584072,0.09176896635309319,235.53448732106867,2.258494739746688,0.6865106935162203,0.633868144589225,0.09312994434868649,0.5985353433371777,0.4692759577179351,21.671240317951312,0.6306895886553759,0.491569966957749,-0.007626213820833977,0.46978953526250683
kefrin_euclidean,joint,0.7,,7,0.06028761061946902,0.22732300884955753,0.10552290743312089,233.35538983407204,2.2112836873561705,0.6779193628945747,0.6758030767613202,0.08723178022305271,0.6381813267868767,0.5183807952405508,23.074570914069064,0.6879379113484386,0.5344810282709702,-0.002644414061614586,0.5196898198500514
kefrin_euclidean,joint,0.8,,7,0.07300884955752213,0.22400442477876106,0.08612064577185559,216.82444728888612,2.4944443079820737,0.6738303719450727,0.7367326065545647,0.08649454066744348,0.6925979463209544,0.5819541094282188,26.139880680759255,0.7439152458935913,0.593927171938517,-0.0005222883456006827,0.5822079354106113
kefrin_euclidean,joint,0.9,,7,0.04701327433628318,0.2610619469026549,0.060276812803475785,192.94585126235694,2.727281795406824,0.6624082047669076,0.7690207888057576,0.08372522466086703,0.722501491117832,0.6096580374718056,28.05901463615019,0.7804649811428642,0.6256630290997633,-0.0010989293164754138,0.6089769586759124
kefrin_euclidean,joint,1.0,0.19614316376437935,7,0.01991150442477876,0.7721238938053098,-0.12405469475039572,55.42920754177097,3.243104241636927,0.6685440897582893,0.7412369644091659,0.061924973987202515,0.7087065677318752,0.30995096731321115,29.20124022582582,0.875435436579858,0.5982849631170496,-0.002756581224700197,0.30963728589781114
kefrin_euclidean,joint,0.0,0.6169907975130665,8,0.06028761061946902,0.1698008849557522,0.09470237031554837,217.88701542166785,2.1907885908083027,0.6561265741091026,0.5463680761790675,0.07693980024617579,0.5243267176648927,0.41313227268079433,21.124444274779474,0.5514895602627491,0.42155449137232864,-0.0036132977474990086,0.4133803810629485
kefrin_euclidean,joint,0.1,,8,0.05918141592920354,0.17146017699115043,0.09420852586305983,217.96575038484858,2.2005825736239037,0.6564527752690911,0.5542871986228831,0.07712287554445914,0.5315637913264085,0.41943894434316786,21.530149915014004,0.5566760479616909,0.4283975855653299,-0.0035658437154728606,0.41833189035102225
kefrin_euclidean,joint,0.2,,8,0.056969026548672565,0.1747787610619469,0.09438936524473726,217.87987588094458,2.193892557086951,0.6574337975811818,0.5571529523961067,0.07691595164369748,0.5342578916629555,0.42103951397851647,21.666245121086863,0.5586149090229192,0.43373843326604566,-0.0034556026671442447,0.4227476202506565
kefrin_euclidean,joint,0.3,0.636952068291633,8,0.05807522123893805,0.19469026548672566,0.0968255619432476,217.8766297281836,2.154985764372816,0.6659390840336776,0.5609538979359917,0.0783944427043894,0.5373246858300554,0.42241513384411655,21.851529266715122,0.5668824885320478,0.4358673973261232,-0.0065650879145038865,0.42239730429933764
kefrin_euclidean,joint,0.4,,8,0.05752212389380531,0.17311946902654868,0.09436773368362898,217.78573405250106,2.1949960197480145,0.6580475423589496,0.5714675462719596,0.0776288237897879,0.5471927864725562,0.4389311430330944,22.36821098130937,0.5773630142041952,0.4476128643575287,-0.0044011659271028375,0.440514890672917
kefrin_euclidean,joint,0.5,0.5492912172010476,8,0.040376106194690266,0.2157079646017699,0.09806125576238578,216.09334591445318,2.14762542741554,0.6572117659664538,0.5852494313914446,0.07722928780935223,0.5599409960788576,0.43577067615869086,23.56521020618215,0.5911446923509014,0.4616056975803278,-0.008881651306329702,0.4370569184429852
kefrin_euclidean,joint,0.6,,8,0.05752212389380531,0.19800884955752213,0.09316885834688311,211.7681861173521,2.379128900537086,0.6659358319018319,0.6281321843479237,0.07872979124652002,0.5985330972245498,0.4948688108596457,25.370391364698897,0.6364964825561311,0.5054905255976966,-0.006625916984660779,0.4970397606500484
kefrin_euclidean,joint,0.7,,8,0.056969026548672565,0.18418141592920353,0.07826665391841024,205.53499839151797,2.443015320735318,0.6647629795874173,0.6734534705763526,0.08074282828788142,0.6387219805701989,0.538022260216138,27.688921585328014,0.6763949532954066,0.548938412446106,-0.007856831178832846,0.5384131233873161
kefrin_euclidean,joint,0.8,,8,0.023783185840707963,0.19800884955752213,0.09126260821036437,200.8812432440723,2.2641931471323735,0.6611057207401266,0.743745396112981,0.06782828279227304,0.7080275494072501,0.5981551933693178,30.725475048907448,0.7517362442683625,0.618612625198979,0.0005267114842140985,0.5979625236966043
kefrin_euclidean,joint,0.9,,8,0.017699115044247787,0.3086283185840708,0.02738658466820544,168.0972468073167,3.2974316789691205,0.6679346436344594,0.7800826731917796,0.07066857909200856,0.7393256225946261,0.6163114202592914,33.957164930981705,0.7866191621529587,0.6550639886385587,-0.005035800870907894,0.6162509208395716
kefrin_euclidean,joint,1.0,0.24503559895573995,8,0.014380530973451327,0.7665929203539823,-0.13920755654328518,41.354851453777556,3.383377057746353,0.6070460230421211,0.7242194696127808,0.047949312955311914,0.699914365155727,0.3084011461709685,33.768887413385116,0.8645937182715222,0.5976069203492466,-0.002039735917806401,0.3067485062232029
kefrin_euclidean,joint,0.0,0.4787854583629372,9,0.03761061946902655,0.21183628318584072,0.0978514054150447,200.06795914715963,2.1448639170128354,0.6539094508630144,0.4866527451823889,0.06651179819927922,0.47139457524779727,0.3720707264648621,21.376356127829848,0.5180663577302528,0.3748721839046346,-0.008530904247402313,0.37152778251820434
kefrin_euclidean,joint,0.1,,9,0.03926991150442478,0.21017699115044247,0.10442347897864726,202.02913617674722,2.154656790002191,0.6410110592408269,0.5051065510404238,0.06681707891246826,0.48861588971148107,0.3891142424433616,22.367823267793376,0.5324646579092269,0.39461578020170274,-0.008215791904331984,0.3907140560628215
kefrin_euclidean,joint,0.2,,9,0.03982300884955752,0.20077433628318583,0.09831451610756967,201.10668639892384,2.0927589012356225,0.6401359677111208,0.5050615884538352,0.06640042588131215,0.4886732920950921,0.3851306255704068,22.455700961845178,0.5227946167570665,0.39385456660648793,-0.006894115459505884,0.3854003404373906
kefrin_euclidean,joint,0.3,0.5625714739347192,9,0.042588495575221236,0.1836283185840708,0.09470152623489318,201.05702002852536,2.1450800489076247,0.6391212265854255,0.5432284214958707,0.06877990171791848,0.523662708332042,0.41538871858824833,24.679420867381214,0.545662715785493,0.43275060241767005,-0.0075287687323633765,0.4162987927055257
kefrin_euclidean,joint,0.4,,9,0.043694690265486724,0.19911504424778761,0.09697364656959571,200.7483585822216,2.122547990161342,0.6560818890040889,0.5549490675662194,0.06656185169843962,0.5351803419353953,0.4168444828892649,25.259436693646187,0.5595623933061993,0.4445456665450652,-0.00830842844561648,0.41737933242206715
kefrin_euclidean,joint,0.5,0.6125177144645587,9,0.03982300884955752,0.1847345132743363,0.0928226212361096,199.84138892892426,2.141410828308226,0.6363519403849035,0.5732553869598808,0.06891175795900738,0.5514700923181415,0.4467292531517249,26.470447749403732,0.580346056048905,0.4632496952354066,-0.008376078962360277,0.4472352195839527
kefrin_euclidean,joint,0.6,,9,0.02157079646017699,0.22511061946902655,0.104848663088883,196.22549800267217,2.0808991120750164,0.6608779807096934,0.6049523385917384,0.061414705158245556,0.5832816916851664,0.44736757519698794,28.132528533158553,0.6107681072984819,0.4945451649193787,-0.007271962025592299,0.4482894442130858
kefrin_euclidean,joint,0.7,,9,0.0459070796460177,0.16758849557522124,0.08097309165732894,190.13686384888658,2.325587752373155,0.6429519475446362,0.662282885600974,0.06613697013894189,0.6344912893539244,0.53828635251101,31.69032317718708,0.6629266727908197,0.5514390778319155,-0.003895269636554767,0.538672223588871
kefrin_euclidean,joint,0.8,,9,0.033185840707964605,0.2206858407079646,0.0677411091921065,174.0479384676178,2.6629727195057034,0.6668090591859981,0.7067939689722088,0.0627451940866562,0.6767801727886664,0.5739901489761391,34.128806778911965,0.7120840573628725,0.5968826422811255,-0.0034071875707250843,0.5749186607314777
kefrin_euclidean,joint,0.9,,9,0.012721238938053098,0.40542035398230086,-0.02254862102821266,130.9704589936887,3.301295765201579,0.6553988984780547,0.7688492697973643,0.053826170574168164,0.73829549265361,0.603905292606381,39.12323924345306,0.81579056454741,0.6580530111583746,-0.006030799375328175,0.6045943271357456
kefrin_euclidean,joint,1.0,0.11605710370187956,9,0.016592920353982302,0.599004424778761,-0.1040131384254769,44.43356188291921,3.4026997593042108,0.638485047268008,0.761533967679441,0.03896975986291679,0.7395854415193752,0.46392131089222827,39.06426931654438,0.8152808753435453,0.6494410958846432,0.006218507902916885,0.4633390347228601
kefrin_euclidean,joint,0.0,0.6999550173181596,10,0.03595132743362832,0.16150442477876106,0.09642021582063963,189.0154031150732,2.1047326943204046,0.619327980893324,0.4804359634748252,0.059602518927309625,0.46706156513119984,0.3775048440695996,23.970043471764377,0.49803643046509355,0.3794892685830972,-0.00641425555651054,0.37602988805215065
kefrin_euclidean,joint,0.1,,10,0.016592920353982302,0.19966814159292035,0.10300191137497294,186.87588005201323,2.1095171036930607,0.6259391361284588,0.5020081125020972,0.05463342677134381,0.488607360140626,0.376369346942813,25.363301619980707,0.5121492694120366,0.40262620195079135,-0.004876085373934982,0.377342766968505
kefrin_euclidean,joint,0.2,,10,0.03595132743362832,0.1581858407079646,0.0989565726461915,188.60400062891273,2.114542890868848,0.6237518364329903,0.49616672025843533,0.05860273263311026,0.48214745110053975,0.39146394245381244,24.96559351256008,0.5136466997474048,0.3960997817939075,-0.006270833911240226,0.3910195105523087
kefrin_euclidean,joint,0.3,0.6016670857542494,10,0.035398230088495575,0.14823008849557523,0.095016614055507,185.83088069518604,2.191398447617055,0.6375167987541052,0.497526608505351,0.057920102624313845,0.4835910652569628,0.4003780215740951,25.048083253627574,0.5196766688322946,0.39678655476924696,-0.004400138852237105,0.3992410982981261
kefrin_euclidean,joint,0.4,,10,0.04092920353982301,0.16371681415929204,0.09245474787965892,186.66641958997954,2.180880394948893,0.6296907053197778,0.5294677045189767,0.05947567269671406,0.5133035459496716,0.41414660681009924,27.292526031933875,0.5336649773787099,0.43006719293990436,-0.00625045798180051,0.41567171584214974
kefrin_euclidean,joint,0.5,0.5194211273696794,10,0.0420353982300885,0.20077433628318583,0.0945341125534154,185.17074851548017,2.112495817050962,0.6268018791405536,0.5466218010890138,0.058702528154969714,0.529627083964874,0.429648614083005,28.412519050465548,0.5606130015998414,0.44633904413122594,-0.007214535810582248,0.42890526943140284
kefrin_euclidean,joint,0.6,,10,0.03871681415929203,0.20077433628318583,0.080366878809475,178.74715381251488,2.4353300371664113,0.6609290431631019,0.5949547499628434,0.05633372716968557,0.5756608889238427,0.47024210949844186,31.530985903690294,0.5926192869956521,0.49667246539237053,-0.004153505019478962,0.4715677460584867
kefrin_euclidean,joint,0.7,,10,0.03705752212389381,0.21017699115044247,0.06278027886747699,168.41295475061366,2.4791488845692795,0.6403504336788037,0.6605535859535169,0.056005028709821485,0.6369886233628873,0.5341296397642167,36.38309416481131,0.6561664102326377,0.5591467668427447,-0.003430206390886384,0.5326258130292973
kefrin_euclidean,joint,0.8,,10,0.028761061946902654,0.21626106194690264,0.05798461781032058,161.29234398297953,2.5943832976228665,0.6310407414013216,0.6951797205186537,0.05215234137621204,0.6708576100820905,0.5672096027669845,38.45341356027383,0.6997684589288844,0.5957726765817124,-0.0017246541901886903,0.5678098766389309
kefrin_euclidean,joint,0.9,,10,0.012168141592920354,0.29701327433628316,-0.007893367707573649,130.2116074449584,3.1854859342661603,0.6556525214752769,0.7552531798643225,0.048060300446413545,0.728799440257091,0.6202917958463194,43.27177360465871,0.7764387868787607,0.656275862964543,-0.003669421861570814,0.6215190088841112
kefrin_euclidean,joint,1.0,0.2286634863198204,10,0.022123893805309734,0.6792035398230089,-0.1299173641260868,45.72639789715915,3.345856199679104,0.621867447414507,0.7331237721984719,0.03064105194053703,0.7170169307427732,0.38888168688086255,43.21854714989312,0.8226601823349754,0.6334123290287109,0.00493470529121642,0.38933886082081565
kefrin_cosine,joint,0.0,0.9920466876059126,3,0.19303097345132744,0.47400442477876104,0.2000110675096507,398.8543722597775,1.8793350223384813,0.7934195274104614,0.7742697239941473,0.3333333333333334,0.6154327437744201,0.43335452741901903,8.11182402863279,0.8111188266578986,0.439635469162865,-5.551115123125783e-17,0.43207104686946785
kefrin_cosine,joint,0.1,,3,0.19247787610619468,0.47511061946902655,0.2004787659453198,399.0930444127342,1.8808519738731497,0.7936650650488336,0.7802193617375427,0.3333333333333332,0.6191857829479944,0.4381474105555937,8.219572433721819,0.816270252867546,0.4462604344623881,1.6653345369377348e-16,0.4378314157358528
kefrin_cosine,joint,0.2,,3,0.19413716814159293,0.4745575221238938,0.20010402202183267,399.0286292286332,1.8854373644988316,0.7923634678750253,0.7844264140857478,0.3333333333333333,0.6218324746646594,0.4428963596016062,8.298864328419983,0.8206168888242911,0.4491071622751641,5.551115123125783e-17,0.44105483811168733
kefrin_cosine,joint,0.3,0.8970205780114544,3,0.19358407079646017,0.4756637168141593,0.2000263243172043,398.924115579673,1.885735625790302,0.7919336222528794,0.7884474977622099,0.3333333333333332,0.624356677684938,0.4458714636683686,8.371279969193692,0.8239647064527995,0.4576600091071573,1.6653345369377348e-16,0.4479601962123503
kefrin_cosine,joint,0.4,,3,0.1963495575221239,0.47400442477876104,0.19917868870913136,397.41626150763614,1.896590572602186,0.7913970822299137,0.7993589104937656,0.3333333333333332,0.6311793089244213,0.45648141878370185,8.574852694719159,0.8331446151311872,0.4699854999317241,0.0,0.46059973181073566
kefrin_cosine,joint,0.5,0.8679729684023381,3,0.19413716814159293,0.4795353982300885,0.20152379077242039,397.7844210770301,1.896822011921148,0.797446842033154,0.809347791041613,0.33333333333333326,0.6373908359942436,0.462869335001009,8.75242663720109,0.8414271514269656,0.4728640818552454,1.1102230246251565e-16,0.459589741517412
kefrin_cosine,joint,0.6,,3,0.1902654867256637,0.4778761061946903,0.19805438532141384,392.43850898243454,1.9149607689809864,0.7950408459320526,0.8262691023361574,0.33333333333333315,0.6478392503797022,0.47835675484402074,9.043887729782577,0.8583908109620946,0.49386524288765976,2.220446049250313e-16,0.4793131476755102
kefrin_cosine,joint,0.7,,3,0.2129424778761062,0.4596238938053097,0.18264342943089418,378.49196497751626,2.000968901443922,0.7876795432797612,0.859026014762402,0.3333333333333333,0.6678053048693624,0.5127508067291603,9.672951289264681,0.8817051318060728,0.5251047118753394,5.551115123125783e-17,0.5120349396791712
kefrin_cosine,joint,0.8,,3,0.2361725663716814,0.4264380530973451,0.15777550300613635,350.50482295620554,2.166444402675466,0.7887569881283282,0.8917305393432837,0.3333333333333333,0.6874041229178424,0.5477354045171033,10.286779332109369,0.9037886495745832,0.5610515909031116,5.551115123125783e-17,0.5506181779383045
kefrin_cosine,joint,0.9,,3,0.25995575221238937,0.40707964601769914,0.1402665849582532,331.2645560761641,2.3086968907635512,0.7909753782492381,0.9099498395966791,0.333333333333333,0.6981801892045829,0.5690134610243622,10.655548024562611,0.9167285795215591,0.5763518623281363,3.885780586188048e-16,0.5688957009044757
kefrin_cosine,joint,1.0,0.5422539281697392,3,0.24004424778761063,0.45298672566371684,0.09418810959473312,281.8965763091776,2.498778037346056,0.7683918291159595,0.9340932520644932,0.33333333333333376,0.7123063884474339,0.5825808579242007,11.401510717242356,0.9318495298187207,0.6021408363182585,-3.885780586188048e-16,0.584033188055621
kefrin_cosine,joint,0.0,0.9512696225352781,4,0.14823008849557523,0.32079646017699115,0.13006642990782624,321.64263281554923,2.1599268263560534,0.7423038264912228,0.6835287889138392,0.21548423328641853,0.5957769886819076,0.43475664022473304,10.686989818282797,0.7066556347570737,0.4353475995482987,-0.019047680788492755,0.43632982194006764
kefrin_cosine,joint,0.1,,4,0.14767699115044247,0.3163716814159292,0.1282651967318016,320.4000801087717,2.174660648517862,0.7396274523579114,0.6969636653003031,0.2162878037514158,0.605663133441984,0.4458535048419652,10.988378181485633,0.7182761063940976,0.4477465486501663,-0.019745510342416867,0.44614558314852415
kefrin_cosine,joint,0.2,,4,0.16537610619469026,0.3019911504424779,0.11257547448974944,313.75979712973333,2.351197184199979,0.7357346301150124,0.7058136469963795,0.2141781600563664,0.6131272772674756,0.45780080051984384,11.21028501491237,0.7240356990646097,0.4567207897857195,-0.016447790430121206,0.45889598432108925
kefrin_cosine,joint,0.3,0.7715493410351553,4,0.14878318584070796,0.3235619469026549,0.12954126261199286,321.2386103094123,2.1666426800974086,0.7380314248774128,0.7147172017071411,0.2176752252982542,0.6184942061348749,0.46352621627549695,11.435545362982378,0.7358682469210387,0.4635143430060154,-0.021256855222214183,0.46256274233808653
kefrin_cosine,joint,0.4,,4,0.16924778761061948,0.3047566371681416,0.11165361567965823,311.0657399510028,2.379395329941678,0.7345996896865059,0.736477001697785,0.21715525026835455,0.6349323652706774,0.48667107827999834,11.947901966760583,0.7526386266395146,0.4875370434239608,-0.01924008123643864,0.48777980989590813
kefrin_cosine,joint,0.5,0.5961814773073538,4,0.15652654867256638,0.31581858407079644,0.12397968171686904,316.33319844823274,2.226680985744272,0.7402846716970154,0.7572672213964537,0.21919425805870926,0.6494636431486421,0.5040677766042213,12.51038229388457,0.7715705723916909,0.50679073152194,-0.022001542213535757,0.503735624843458
kefrin_cosine,joint,0.6,,4,0.1592920353982301,0.3235619469026549,0.1025143566427017,301.4755926854475,2.366856163936781,0.7404212463606265,0.8255682259509767,0.20411360604882342,0.706513793214121,0.5759783313610088,14.12031845210393,0.8479575317055122,0.5742701317793265,-0.007214777837435099,0.5746759663123606
kefrin_cosine,joint,0.7,,4,0.16648230088495575,0.30973451327433627,0.10222836645978499,296.57641676754963,2.5477075823175475,0.7398231231485894,0.8071466414763622,0.21714263455663085,0.686777867349949,0.5543925404158339,13.650075788097023,0.8217837881360949,0.5560416276268659,-0.019266123188167478,0.5527744771016606
kefrin_cosine,joint,0.8,,4,0.19192477876106195,0.3241150442477876,0.0894189944926999,280.8378195089108,2.5017252573250603,0.7506409785246128,0.8782770692842035,0.2118712762824313,0.7404861582714221,0.6240017149560634,15.561195502613794,0.8838362898440612,0.6280572556299052,-0.01331201651797878,0.6238022748633071
kefrin_cosine,joint,0.9,,4,0.19303097345132744,0.3368362831858407,0.10301952591668517,256.7436379055328,2.567702306134276,0.7754242799477908,0.8839076884036211,0.20681559431848606,0.7472973316773521,0.6254374861647387,15.702088911608731,0.8893155845776102,0.63136845558375,-0.008494011766156884,0.6230228091159498
kefrin_cosine,joint,1.0,0.49565468606010904,4,0.18196902654867256,0.35011061946902655,0.07579321754514608,240.92845704386446,2.849118964583183,0.7722862490086243,0.9081905156870207,0.2055165539082767,0.7653410059601778,0.6433066938362304,16.55152924497655,0.9070744506206283,0.6585913312057388,-0.008499464250501604,0.644233186485597
kefrin_cosine,joint,0.0,0.9421225750133286,5,0.13108407079646017,0.28042035398230086,0.1030955994255047,279.76514289051846,2.07145840534782,0.6944367437357992,0.6217308887799192,0.14776583105180718,0.569418115416411,0.43198061942389127,13.027163813728647,0.6537325826811483,0.42294327447279795,-0.008433558971813915,0.4334693072795813
kefrin_cosine,joint,0.1,,5,0.13329646017699115,0.27599557522123896,0.10296690269727532,279.7075749136584,2.0757613235816157,0.6930100000339271,0.6376307669939811,0.1477299921970032,0.5827384440860416,0.4444904054135308,13.506690696824695,0.6649396581681776,0.4392212305155911,-0.008228741858148925,0.4460536061846372
kefrin_cosine,joint,0.2,,5,0.13108407079646017,0.271570796460177,0.10414244752997691,280.25060982112785,2.0750878430292525,0.6919976346657888,0.6551586166987471,0.14884423562614585,0.596946439387403,0.46131059527806484,14.051272737428667,0.680622137949744,0.4570772098333378,-0.00910688247269309,0.4627966359120433
kefrin_cosine,joint,0.3,0.745843160370336,5,0.12997787610619468,0.288716814159292,0.10193255969143009,279.1362923830576,2.092794139789701,0.6949353240073255,0.6719802333738828,0.14672189040905842,0.6116728334815774,0.47410482319347674,14.581383521985696,0.6953178438296318,0.47240491974025234,-0.007489148611611984,0.47485504913747567
kefrin_cosine,joint,0.4,,5,0.12555309734513273,0.28982300884955753,0.10472305250637388,281.1018151929602,2.0749961189611237,0.6992987693373001,0.6889235324541285,0.14889291469672117,0.6248309748778759,0.4901042708815244,15.106242947355524,0.7112708195688816,0.49060871522075533,-0.009618006007993507,0.4917809080140774
kefrin_cosine,joint,0.5,0.7909949806413927,5,0.14988938053097345,0.2616150442477876,0.09208432769058134,264.95887081116734,2.2852498322882147,0.6933129016042894,0.7386139064994783,0.15029632668519544,0.6648124411874143,0.5426559163862035,16.59439263216568,0.7562421654918065,0.5381125160299854,-0.009328509518130496,0.541758682817553
kefrin_cosine,joint,0.6,,5,0.1543141592920354,0.23783185840707965,0.08291063055954309,258.84339603603064,2.377114994165651,0.7003842634054224,0.7694559657576413,0.1497935319762899,0.6899344477762929,0.5734702860072564,17.582650384598292,0.7840914736324966,0.5681876803813282,-0.008534208215337541,0.5719618834204795
kefrin_cosine,joint,0.7,,5,0.15210176991150443,0.2815265486725664,0.07863109716835708,234.77809351166732,2.768015914953532,0.7090278058992404,0.8290689270953372,0.15046770783921629,0.7371152049814131,0.6274817638213059,19.269491638170283,0.8437631329735021,0.6297370567244913,-0.009728571411785486,0.628231573127836
kefrin_cosine,joint,0.8,,5,0.1388274336283186,0.24391592920353983,0.08487453262727322,237.14004394269497,2.391623433731857,0.7331063174752297,0.8476268188539408,0.1497310055703101,0.7521650299293979,0.6452321162336903,20.037811475671216,0.8532787025154492,0.6475450790856874,-0.008348520100282308,0.6453223148227591
kefrin_cosine,joint,0.9,,5,0.1709070796460177,0.26327433628318586,0.0576364278030386,199.24375727685756,2.811549540985504,0.7247075358773762,0.8592764296177702,0.15620220129168944,0.7575917993387251,0.65705032123868,20.275687232420324,0.8664528022351536,0.6575918220307483,-0.014373395311901072,0.6553663456267758
kefrin_cosine,joint,1.0,0.37785706028967764,5,0.16261061946902655,0.271570796460177,0.05923963043407023,186.2761661674174,3.0278347529697767,0.7619699390305567,0.8833778067160075,0.1482859537457832,0.7810642339683421,0.676981583641889,21.234984631866038,0.8849204417685066,0.6829710735353582,-0.006898180899212986,0.6766071238450855
kefrin_cosine,joint,0.0,0.8902961047418769,6,0.09734513274336283,0.24391592920353983,0.09090834122823573,243.0164030121512,2.2479207019582637,0.6715279174167073,0.6022408902376594,0.1169759803500147,0.5626065428563908,0.44353670031116066,16.02593309783886,0.6333751568690075,0.43595069969063394,-0.009863397473220709,0.44414419081485024
kefrin_cosine,joint,0.1,,6,0.09679203539823009,0.23838495575221239,0.0922632684162361,244.04641439772175,2.2529463006464563,0.6742492680524788,0.6173910484314815,0.11704826091879553,0.5757823937015696,0.45713486458230723,16.57695630360293,0.6463686853117462,0.45051447544598294,-0.009920768356678433,0.45695336578780493
kefrin_cosine,joint,0.2,,6,0.09734513274336283,0.23561946902654868,0.09711276190971652,246.6243026335168,2.2509394245864143,0.6897953894279433,0.6180237407078826,0.11731245917658319,0.5762448993674207,0.45930067906413324,16.60812680261759,0.6502227375884361,0.4506457939793893,-0.010712553985047751,0.4588762930060161
kefrin_cosine,joint,0.3,0.5100939538380876,6,0.10619469026548672,0.2831858407079646,0.10547814171655998,243.86461252570885,2.1591020708374056,0.681369420684359,0.6441821639943502,0.11573378970425059,0.5994881392208263,0.4897063454009454,17.480793630898095,0.6912454357554955,0.4786252505251095,-0.010294904266643076,0.4906244598897942
kefrin_cosine,joint,0.4,,6,0.11504424778761062,0.22898230088495575,0.09369678234166783,240.76818798102846,2.2971856218266584,0.672461241287788,0.6779739073884938,0.11708339880261066,0.6281144991740613,0.5171978001094927,18.79774696380705,0.6998018338593801,0.5116320386749481,-0.008425558681497095,0.5173791212248283
kefrin_cosine,joint,0.5,0.7217214795588405,6,0.11061946902654868,0.23672566371681417,0.09045715690145786,236.5585277210834,2.3673662392617882,0.6787191870667764,0.7205431445413715,0.11713510641818296,0.6644619586049252,0.5611603460131062,20.355970233572233,0.7459685504917719,0.5529793645532872,-0.008935180627747494,0.5598872399436721
kefrin_cosine,joint,0.6,,6,0.11117256637168142,0.21128318584070796,0.08781797220075943,236.27247138661886,2.385210331998801,0.6885625009881056,0.7501851218393436,0.11585736349472604,0.6901970139364086,0.5911465286345889,21.5039828661796,0.7723933990113473,0.5833455911886904,-0.007231684611399211,0.5907594063018579
kefrin_cosine,joint,0.7,,6,0.12223451327433628,0.23949115044247787,0.08326714919095282,224.3199323827518,2.4513172234616984,0.6893328606558747,0.7889148820334438,0.11336384265473429,0.7241508673678315,0.6257996305494742,22.89778666630958,0.8089760155622996,0.6214284083796621,-0.0047282782442664845,0.6247948928787209
kefrin_cosine,joint,0.8,,6,0.11172566371681415,0.2776548672566372,0.06428884110370028,211.31053726094535,2.4997035339825397,0.6977212135331109,0.8231652579002212,0.11413930986982086,0.7524668480851625,0.6555543456840005,24.235367260809404,0.8435601321291722,0.6568983087962179,-0.006565397867866904,0.6563492572302416
kefrin_cosine,joint,0.9,,6,0.12444690265486726,0.24668141592920353,0.06795528702660641,194.02880670224508,2.5855412836383094,0.719489819678512,0.8385100753936651,0.11241817458345951,0.7662778361255359,0.6676305937297401,24.804982312267988,0.8482574320317242,0.6715241150312784,-0.00340025480728523,0.6672244925802128
kefrin_cosine,joint,1.0,0.32403777720204696,6,0.12665929203539822,0.24944690265486727,0.044116157347284427,153.46418245123647,3.185192689814602,0.7449655536858507,0.8429454348472046,0.10665584737938266,0.773411800766649,0.6674031212565629,25.162993854184275,0.8440599232629467,0.675060644055455,0.002731929099984598,0.6660850505628831
kefrin_cosine,joint,0.0,0.7902685551950818,7,0.09070796460176991,0.21736725663716813,0.09162057872054635,221.54896454095515,2.2537334635783006,0.6608222395850601,0.5504087537749208,0.09474661693096034,0.5231279615379563,0.4230939516155877,17.458144993742025,0.5909026847040628,0.4081836407341298,-0.008199398076876335,0.4241272228226978
kefrin_cosine,joint,0.1,,7,0.08517699115044247,0.2245575221238938,0.08525040758873602,215.61156826918537,2.308995805884123,0.6481640295396077,0.5462410673493728,0.0934102472233424,0.5197224807964078,0.4250160971358867,17.335888695193397,0.5902837283938097,0.4049888871090329,-0.005959592523449755,0.42605828174652066
kefrin_cosine,joint,0.2,,7,0.10011061946902655,0.19966814159292035,0.0829459345376582,213.94670832790726,2.3416841678712434,0.6502453826373366,0.5994525870265652,0.09419078910338102,0.5674147006041735,0.4741438028036922,19.690995702221517,0.6317196219858848,0.4576556503238731,-0.00556860010132261,0.47481897186302485
kefrin_cosine,joint,0.3,0.6824473707070563,7,0.09789823008849557,0.2051991150442478,0.08168332782960955,213.78890892127103,2.402187016128859,0.6508100435002151,0.6465528904350935,0.09614986189568557,0.6087117343357844,0.5170433520025547,21.701638778331617,0.6742306750473156,0.5037012783458217,-0.007461223063744235,0.5165960956136371
kefrin_cosine,joint,0.4,,7,0.11061946902654868,0.18196902654867256,0.0730737138642757,212.71718452715677,2.433144915051298,0.6500707757568249,0.6799145701359876,0.09509615362723993,0.6386229591586373,0.5490780452134149,23.22789389397922,0.7014283582941275,0.5391719398575865,-0.005623683973595736,0.5511802419872276
kefrin_cosine,joint,0.5,0.5719188304491507,7,0.0956858407079646,0.17809734513274336,0.0693374028093817,210.68851268563859,2.4401656250565664,0.655026136667154,0.7152129579854117,0.09455966949770313,0.6699069494037615,0.5811976111864685,24.720046205580477,0.7337321111532474,0.5729724328000587,-0.00527327622943051,0.5819678264450664
kefrin_cosine,joint,0.6,,7,0.11006637168141593,0.20575221238938052,0.07934510812299678,204.59059796678625,2.5232491511039092,0.6628175687669503,0.7230018398376006,0.09398859502254676,0.6769972200803944,0.5891599234308801,24.971914065117144,0.7430163730233326,0.5806103610993721,-0.0045095973634289716,0.5894663523061279
kefrin_cosine,joint,0.7,,7,0.10398230088495575,0.168141592920354,0.06548040139434899,197.67468949719535,2.531028871602825,0.6749497851707342,0.7827023262703838,0.09470265799169424,0.7286889903185535,0.6435879738494753,27.594278568611816,0.7933744084335609,0.6387419333648984,-0.004801642147951465,0.6425878059416885
kefrin_cosine,joint,0.8,,7,0.10232300884955753,0.2013274336283186,0.06437498445897184,187.90110485754016,2.6951206338800895,0.6796976310686206,0.8113885266848214,0.09439761498396002,0.7536631018939376,0.6726535249234631,28.70513040635259,0.8300003348739149,0.6694593907145965,-0.005725114398102971,0.6734853827918673
kefrin_cosine,joint,0.9,,7,0.12334070796460177,0.1720132743362832,0.024384572762622573,154.34991944361698,3.519145399029512,0.7052499031267757,0.8270378616863976,0.09765845392447604,0.765232172027196,0.684550273699585,29.752653952872457,0.8296744456040087,0.6837108808373937,-0.007159974791959109,0.6840326670891302
kefrin_cosine,joint,1.0,0.32327068916534635,7,0.0956858407079646,0.2245575221238938,0.02979211855876915,136.70121478803753,3.5346862129482117,0.7170422205807423,0.8292453540228256,0.09065599474362898,0.7712647100131738,0.6809425458231086,29.837399460641173,0.8350392962038847,0.6869858589077018,-0.0019533568816197944,0.6812897844309156
kefrin_cosine,joint,0.0,0.8173947908510307,8,0.07688053097345132,0.19469026548672566,0.08561256680516675,199.37718824824086,2.2677976678653717,0.6405100585839244,0.49395552993496955,0.0785762603327566,0.47549986874170175,0.382549187086189,18.090451887993954,0.5254682943547272,0.3691405524489151,-0.004790840335104754,0.38293595080636833
kefrin_cosine,joint,0.1,,8,0.06913716814159292,0.1863938053097345,0.08801453170173792,200.3465013536206,2.2348057147200056,0.646750714780773,0.5001345683504148,0.07958583438236629,0.4809894439675626,0.38769214712975086,18.4191468051929,0.5306646002941308,0.377472521337295,-0.006152605563252575,0.389993240903331
kefrin_cosine,joint,0.2,,8,0.07632743362831858,0.18030973451327434,0.07909499765951741,200.37061725960052,2.3643158188923317,0.6500668099139958,0.593083567446099,0.08025006041854965,0.5661382231748111,0.4808415397832936,23.001895381637517,0.6221845701861439,0.47015530636814595,-0.006168305059516932,0.48254424676721697
kefrin_cosine,joint,0.3,0.5992034336086569,8,0.0918141592920354,0.18307522123893805,0.07788974084633943,197.3836062229837,2.357787880394942,0.6318207316980096,0.6329599997166155,0.08018302934146312,0.6023872502996003,0.5219610945481616,24.97538639967924,0.6585199737734857,0.5085441524618223,-0.004842654010238132,0.5223213795223312
kefrin_cosine,joint,0.4,,8,0.06803097345132743,0.16869469026548672,0.07576048259526987,195.563600482468,2.388652845469882,0.653993519627321,0.6643799764967091,0.07936886261566085,0.6311013203423662,0.5509240324806903,26.47964191330291,0.6911109070103091,0.5397933655029907,-0.005276295535987047,0.5508600806213784
kefrin_cosine,joint,0.5,0.5588043109793509,8,0.084070796460177,0.18805309734513273,0.07877985237207337,193.30990350194017,2.3636864623420193,0.6370832653769557,0.6960153249108927,0.08053442137409621,0.6590722233878891,0.5856431934352019,27.984740535325187,0.7248429189935194,0.5717689240194033,-0.005698714555923384,0.5861828353795259
kefrin_cosine,joint,0.6,,8,0.0956858407079646,0.16316371681415928,0.06019224252194963,183.48816536576217,2.5733239487919164,0.6422793973139502,0.7322209871336636,0.07886977472623312,0.6922438335420793,0.6151022083083448,29.94894338395799,0.7475080735984314,0.6075049225796699,-0.0028946642844849824,0.6156519734266065
kefrin_cosine,joint,0.7,,8,0.0918141592920354,0.17311946902654868,0.05779568543853756,176.24061253677496,2.6167492680557185,0.6526327612713624,0.7628778772327185,0.07919440455052028,0.7194140058107755,0.646195028158872,31.323648941448802,0.7810393252799878,0.6361901212175198,-0.00352115208501895,0.6446524139177351
kefrin_cosine,joint,0.8,,8,0.0918141592920354,0.14767699115044247,0.046518065075705155,165.93625032973495,2.7912433837906896,0.6802103855686843,0.8037767499693981,0.08101226715972777,0.7546379158707431,0.6803688342101175,33.40981686709624,0.8109705676345398,0.6799382350925297,-0.004810683303109964,0.6812714291819332
kefrin_cosine,joint,0.9,,8,0.07853982300884955,0.1543141592920354,0.040915390156017147,151.38397561627204,2.9160668396124203,0.6986526744896355,0.8201340431539874,0.08077479479345942,0.7691788957000794,0.6919554875919727,34.435827231739914,0.8223731475639903,0.6954348794612819,-0.0050702832912176005,0.6923566346449207
kefrin_cosine,joint,1.0,0.31794737147332375,8,0.07300884955752213,0.19579646017699115,0.0032189719244281705,114.51824160860039,3.504152377831228,0.7391508336087739,0.8249298292133647,0.07855708230653535,0.7747245191183538,0.6903723006235931,34.95413375456762,0.8260550385293475,0.7012172359245646,-0.004461053506380944,0.691578171011747
kefrin_cosine,joint,0.0,0.5604735117809745,9,0.07190265486725664,0.1836283185840708,0.07781519253155766,183.3504193957794,2.36540568185403,0.6436127858506118,0.47525295153499303,0.06886488368970325,0.4601916878820353,0.34757130179684825,20.05895790873398,0.4721510153644139,0.3641103914916287,-0.004831264505440885,0.3479791146140657
kefrin_cosine,joint,0.1,,9,0.06471238938053098,0.17754424778761063,0.07685023981376891,182.64476238421327,2.2543613432895513,0.6127721988425362,0.49507701254531905,0.0687388989318317,0.4787835076653997,0.4024558748908933,21.248459649481497,0.5283841114545221,0.3843291953359711,-0.0043460842851042875,0.40290401027172
kefrin_cosine,joint,0.2,,9,0.06692477876106195,0.18307522123893805,0.08367926729810099,182.84075004919674,2.4124513880295257,0.6390173890231197,0.5802811600170408,0.06926393719998096,0.5578593652217289,0.4969538526136299,25.85660508456013,0.6293863984239575,0.470456056962838,-0.006371213589810978,0.4979897298831725
kefrin_cosine,joint,0.3,0.6190935225814547,9,0.0625,0.16758849557522124,0.07965265345999414,180.39511036234518,2.417062335120166,0.6450256732268823,0.6103454672007984,0.06965589048522383,0.5854553274792758,0.5125283780370947,27.495397807233445,0.6389715000882751,0.49933848795864205,-0.005729704087493695,0.5124732735791568
kefrin_cosine,joint,0.4,,9,0.06803097345132743,0.16648230088495575,0.06739822452671952,176.37330438566434,2.4369055753271187,0.6309084297352934,0.6400587472239905,0.06853123026786997,0.6131629589804254,0.5407083987312546,29.246432934488368,0.6621408784173369,0.5294284049812136,-0.0034374872933921052,0.5409479051779773
kefrin_cosine,joint,0.5,0.5426049368559276,9,0.05143805309734513,0.18196902654867256,0.06713135802946496,169.69553734941624,2.5758890312972897,0.6216254421908911,0.6867109184036218,0.0679236929233907,0.6561074794809885,0.595933451302752,31.65357185236253,0.7240582003414154,0.575385266173383,-0.004172822675273843,0.595547019343617
kefrin_cosine,joint,0.6,,9,0.05420353982300885,0.17533185840707965,0.0662484585683326,169.06297966224258,2.4225338939662864,0.6342773707896457,0.7286024786953396,0.06801261212530206,0.6942018887701067,0.6274074877880436,33.84521352983456,0.7551902637427341,0.6193614183050543,-0.004219424507713315,0.6288838687401977
kefrin_cosine,joint,0.7,,9,0.08185840707964602,0.16371681415929204,0.054909506298912766,158.71588160416547,2.651094992262866,0.6406057267157313,0.7760576567638561,0.0682160495306056,0.7370391102568632,0.6665589997884448,36.635987530766506,0.7880260158160634,0.6650940483480494,-0.003008907383975884,0.6661969135035432
kefrin_cosine,joint,0.8,,9,0.09126106194690266,0.14823008849557523,0.03254754252798329,143.84130039435618,2.938659864097555,0.6677540012269595,0.794411624993767,0.07064536473217048,0.7521971910898549,0.6813501321090852,38.18645562208754,0.7958262695246711,0.6840203484179419,-0.004589766480103841,0.6820678606348937
kefrin_cosine,joint,0.9,,9,0.08075221238938053,0.15099557522123894,0.023577019938672537,131.92277649762804,3.345905022957571,0.6912763407305443,0.8060562824013191,0.07067799185313797,0.7626100526414268,0.6937287128390325,38.31745524735156,0.8121002818201056,0.6957034443044925,-0.0050460033792997655,0.6944365393004323
kefrin_cosine,joint,1.0,0.3524940286353089,9,0.07577433628318585,0.16482300884955753,0.004340543415590192,113.76932595336413,3.5918341284556967,0.6851444197485845,0.8122958222625567,0.06964198203679789,0.7688046281970463,0.6989618770917876,39.46429761684676,0.8140785647146003,0.7005196375398685,-0.004212848795335872,0.6984759181335327
kefrin_cosine,joint,0.0,0.6160833524941033,10,0.05254424778761062,0.17311946902654868,0.07660393136747161,170.92697187507855,2.25497848506743,0.6055127576898908,0.4392039942227205,0.06059403080376353,0.4278184030167547,0.3735972169312311,20.921872766498534,0.491279354808955,0.3402536166247381,-0.004700058862566234,0.37498919032930256
kefrin_cosine,joint,0.1,,10,0.06028761061946902,0.1670353982300885,0.07742678360822348,172.1007984826339,2.300943169102165,0.6245673017348009,0.4848852227829349,0.06073458615100279,0.4710141832253572,0.3975694662748098,23.697550597686526,0.5164156843244715,0.38508399155188405,-0.005574471512467545,0.39826869413006016
kefrin_cosine,joint,0.2,,10,0.06028761061946902,0.18307522123893805,0.0737260582793676,165.07635585487654,2.3773716114569576,0.5959235440754305,0.5395035029946893,0.060649162122131076,0.5224100196836112,0.4625828200566732,26.850171703249707,0.5780883247721246,0.4408598739368629,-0.003955928028866462,0.4640465436389205
kefrin_cosine,joint,0.3,0.5324896128926013,10,0.06028761061946902,0.1504424778761062,0.07734516942769742,166.93940461990948,2.414228967688033,0.6141151163311959,0.5932245816398553,0.06224070738339149,0.5721010559145303,0.504553342514429,30.332619635722125,0.6153154873813251,0.49532926924115506,-0.005379557073789988,0.5062615782581504
kefrin_cosine,joint,0.4,,10,0.0586283185840708,0.18196902654867256,0.07383019332378768,163.4180502372054,2.5023965572106457,0.6047445749048901,0.6181056388562726,0.061216696647521426,0.5955702232231543,0.5456087769091051,31.648885410334223,0.6652609363153192,0.519023131080021,-0.00553295607238858,0.5463067861607654
kefrin_cosine,joint,0.5,0.4727894917344095,10,0.07466814159292036,0.16648230088495575,0.058138134001767344,153.10138714139526,2.6415989510304665,0.6215504379946835,0.6874896742189289,0.0618412977031294,0.659452868279397,0.6011374408231572,36.12715883190637,0.7115364522776703,0.5873067249455586,-0.004449806259474415,0.6009854399170161
kefrin_cosine,joint,0.6,,10,0.04092920353982301,0.12665929203539822,0.05030231592108895,150.99720978881476,2.714981491212627,0.6347807120859925,0.726695919418171,0.05992065945161467,0.6963729854012558,0.6257434319070136,38.655298140632034,0.7337715677192918,0.6265263052468666,-0.0031067527394551056,0.6256169675020932
kefrin_cosine,joint,0.7,,10,0.06747787610619468,0.1338495575221239,0.03986053617218507,144.587586920619,2.8556179808137223,0.647598412148777,0.7550620579268624,0.06228887713049703,0.721145181028159,0.6587010922424061,40.17221685462182,0.7667625771355531,0.6563027935203953,-0.004762148476990753,0.6600504350481025
kefrin_cosine,joint,0.8,,10,0.08130530973451328,0.1261061946902655,0.03426729556810072,132.10202763533135,3.0001913051671645,0.6584764172523723,0.7827851402624669,0.06163270965617272,0.7467576891438358,0.6818976182303516,42.232409505867,0.7848684664398496,0.6836967331942789,-0.0032770173654940934,0.6828605385473873
kefrin_cosine,joint,0.9,,10,0.07743362831858407,0.12112831858407079,0.022403061695076082,120.92554823458511,3.1809914210227044,0.6885076872753002,0.8067907966563801,0.062486881042690595,0.7680694651204549,0.7062315828145382,43.65280028123533,0.8099578931715926,0.7080376536657732,-0.004261172666019615,0.7074380199536239
kefrin_cosine,joint,1.0,0.3696453854420132,10,0.06637168141592921,0.2002212389380531,0.030764511661675573,120.43385708153893,3.3130539460972144,0.6820423055338192,0.8073933558216275,0.06044781290103892,0.7698220648429909,0.7062169112356885,43.081993987218965,0.8257255059838275,0.7078794767080177,-0.004265566028325174,0.7067523717959854
canus_euclidean,joint,0.0,0.48183313284044377,3,0.29148230088495575,0.38827433628318586,0.15879524126227024,370.79330987621967,2.0819242903776467,0.7529531947578187,0.7469079098707253,0.3333333333333334,0.5980194292230375,0.41625064384901367,7.740526088600798,0.757104307545032,0.4135526161146082,-1.1102230246251565e-16,0.4162771676665532
canus_euclidean,joint,0.1,,3,0.24336283185840707,0.459070796460177,0.06369734599820139,273.98853399449524,2.7593366737019056,0.7550223202163037,0.6949068316701149,0.3333333333333334,0.5642146311083144,0.3703094928990713,6.708868603035738,0.7310654207501862,0.36047203428615937,-5.551115123125783e-17,0.36973146062689216
canus_euclidean,joint,0.2,,3,0.2594026548672566,0.46238938053097345,0.17688827485159794,382.44387013729454,2.0844257848792362,0.7697325949801381,0.7709600727160376,0.3333333333333334,0.6133398852144988,0.4298438087971871,8.19743439583094,0.7907574282511918,0.438314135589135,-5.551115123125783e-17,0.43054906815071076
canus_euclidean,joint,0.3,0.47251215108122474,3,0.2831858407079646,0.43086283185840707,0.16916436989808914,382.057234331468,2.0892454713823962,0.7576025588332238,0.7829975258131082,0.3333333333333333,0.6209342092906703,0.4458129288792719,8.421185850831513,0.7957726836332621,0.4493495055114078,0.0,0.44579603440854876
canus_euclidean,joint,0.4,,3,0.2948008849557522,0.3766592920353982,0.1491631420161996,367.59109615223764,2.1492299286595515,0.7477360883677663,0.7547788338265619,0.3333333333333334,0.6030545610517517,0.4190488903811277,7.94625247024978,0.7557994324893567,0.42003837919042764,-1.1102230246251565e-16,0.4175188389101735
canus_euclidean,joint,0.5,0.46325642742830875,3,0.2782079646017699,0.3821902654867257,0.15267100026901084,373.2476831152897,2.135777386289426,0.7418732511402394,0.7698037444768796,0.3333333333333334,0.6126078146147914,0.4328684805727511,8.249261861873302,0.7707496150742114,0.4379106230361517,-5.551115123125783e-17,0.43432717478635563
canus_euclidean,joint,0.6,,3,0.3014380530973451,0.375,0.13864641635471633,360.8930054566051,2.162152703431489,0.7338733331356051,0.7653985694869546,0.3333333333333333,0.609814782176891,0.4294091367517992,8.173017872638475,0.7630666069572541,0.43301331336909205,5.551115123125783e-17,0.43037488912790006
canus_euclidean,joint,0.7,,3,0.2809734513274336,0.3711283185840708,0.13795530827843636,357.84035412188337,2.1840206261784187,0.7415629994070063,0.7705676223514549,0.3333333333333334,0.6130914754985106,0.4312258758941177,8.28345371373276,0.7659760810203904,0.4336323820555322,-5.551115123125783e-17,0.42749803658332186
canus_euclidean,joint,0.8,,3,0.2140486725663717,0.43639380530973454,0.12605100078870465,343.589044914814,2.208815041318674,0.7423929030727846,0.8149257709739777,0.33333333333333326,0.6408453164470783,0.45930196261272815,9.279416853870487,0.8076333596429814,0.4830657400173887,1.1102230246251565e-16,0.46077586986777236
canus_euclidean,joint,0.9,,3,0.12278761061946902,0.6377212389380531,0.22794687717398252,390.92388749019864,1.6672280019229895,0.8613215139155864,0.8293420246160231,0.33333333333333304,0.6497267827878472,0.41755503406094596,9.350625202740419,0.8861477159269271,0.49677471031183784,3.3306690738754696e-16,0.41859480038416425
canus_euclidean,joint,1.0,0.02458649699378802,3,0.01825221238938053,0.7970132743362832,-0.04455969723047671,79.77587954802232,2.3625810751600143,0.7710466468234907,0.7743340167800561,0.3333333333333335,0.6154733629860237,0.22607590138316083,9.596700761118427,0.8844543241131351,0.44156359859398175,-1.1102230246251565e-16,0.22637094421513837
canus_euclidean,joint,0.0,0.48515919440397814,4,0.1963495575221239,0.33573008849557523,0.0903159208011126,280.6852103845101,2.174352142720436,0.7151990827957119,0.6531646803280837,0.19963818108202203,0.5778190373936382,0.40404699162434793,10.207083694855925,0.6615491290963259,0.40481112129010594,-0.0012117669965075462,0.4058011799370991
canus_euclidean,joint,0.1,,4,0.22621681415929204,0.2936946902654867,0.10722469798142555,282.5871285299605,2.4636844944226786,0.7172491556382995,0.6487300000276695,0.2092144639961646,0.5712040705544843,0.3988406006948634,10.091839825148076,0.650799923953474,0.40056371707092087,-0.009617710981548039,0.40030873247521853
canus_euclidean,joint,0.2,,4,0.2157079646017699,0.32245575221238937,0.1093268102515926,301.7622470870431,2.0650886086196207,0.7219054846447588,0.6681109177816628,0.19839161906864067,0.5899186169583384,0.41877633210693144,10.530571451511683,0.6773464732349063,0.4185105650118554,0.000546176703289103,0.41930822611823304
canus_euclidean,joint,0.3,0.5904216987937185,4,0.2040929203539823,0.2975663716814159,0.10621946665760353,293.67989611789864,2.2174043545389535,0.7082675775301832,0.6922753085333989,0.19865204636093767,0.6085819573801966,0.437547909375541,11.21146853672522,0.6929006014482675,0.4427559162788243,0.000322519945980676,0.4379754678288549
canus_euclidean,joint,0.4,,4,0.2029867256637168,0.2948008849557522,0.10143091482022167,295.2839604608151,2.115551511404631,0.7000658794515071,0.6909443211405348,0.19198001226425343,0.6100259097382054,0.444488428802403,11.159614239396744,0.6987575931385865,0.44004637040963057,0.007201607600231974,0.44344014574280427
canus_euclidean,joint,0.5,0.5925705411148373,4,0.21736725663716813,0.28042035398230086,0.10037683238320771,296.61142227935915,2.1296056343677017,0.6996577534470458,0.6966860306298638,0.19343282802323167,0.613949058789225,0.450798943015848,11.24409710003445,0.7030958800150144,0.4467023821353541,0.006206709562959906,0.4507453207964412
canus_euclidean,joint,0.6,,4,0.1543141592920354,0.31913716814159293,0.11144786758753829,288.72405119305193,2.2514143077567956,0.711758817892336,0.7098342136069558,0.1991555174567187,0.6219156193989015,0.4398809572199054,11.827016390528303,0.7001606496144105,0.4618257992546895,-0.002296683479513284,0.4419280738657057
canus_euclidean,joint,0.7,,4,0.21515486725663716,0.2704646017699115,0.09254584081462292,285.85808522689405,2.2471879237395056,0.7029742835717702,0.7202435130059506,0.1944622493728079,0.6317592085594129,0.4758952126803966,11.784937545560059,0.728219747796527,0.46818531740124797,0.005236229558052141,0.47371603585135774
canus_euclidean,joint,0.8,,4,0.1863938053097345,0.34845132743362833,0.09811970690807487,303.24738739476106,2.2847215868395265,0.7380018677615704,0.7586022413343545,0.19516500973418296,0.660773062319772,0.5015006692690178,12.710840519311008,0.7653348140555816,0.508118427353604,0.002786106226645324,0.5010842477463094
canus_euclidean,joint,0.9,,4,0.017699115044247787,0.6709070796460177,0.18409144181997347,262.1634329146129,2.0210134952602887,0.8288066237586864,0.7793982319895416,0.1881034816329299,0.6797428219370744,0.3899349668139987,14.629957783626454,0.8741106137717297,0.5298633495348939,-0.01589553189564971,0.3910384075187596
canus_euclidean,joint,1.0,0.3017761885567502,4,0.022123893805309734,0.9081858407079646,-0.12103836324465518,48.440003699527324,3.062874584598071,0.6869880368797725,0.7738069932841604,0.17498592499345103,0.6815248890805654,0.13580513461012136,15.170788436936743,0.9392032785721741,0.525148372345241,-0.004356664247395919,0.13614838513640637
canus_euclidean,joint,0.0,0.4290372157471163,5,0.09955752212389381,0.3069690265486726,0.10996397461519483,290.96467024048246,2.0394069587241046,0.7083486595119373,0.6352815066949661,0.14405752290258605,0.5820170093704704,0.4227602629555935,13.747865213058178,0.6423366896264199,0.43574527401220386,-0.006240908694351621,0.4230896655070645
canus_euclidean,joint,0.1,,5,0.17256637168141592,0.2345132743362832,0.07667644865945482,241.47034445460463,2.40235969144178,0.6970187719481469,0.5748189119273299,0.14339761699537057,0.5310460292309073,0.38019170391909274,11.849825105319402,0.5824494110572643,0.3747593697831509,-0.000952789208959054,0.380082667261499
canus_euclidean,joint,0.2,,5,0.12997787610619468,0.288716814159292,0.08981790849190477,227.62102408015932,2.6308203863700124,0.7091481247461161,0.6069755795092163,0.14701853268393647,0.5572485781235004,0.41172998761880325,12.966271777718369,0.6231843711546619,0.40786700989783226,-0.007127217944609965,0.4120567422141188
canus_euclidean,joint,0.3,0.5484149953386657,5,0.13827433628318583,0.25,0.0938162115278944,272.85658091962307,2.2807790158262824,0.7012217081232294,0.6433520792681413,0.1415738890397796,0.5896460249969062,0.4359194065791956,13.815471200296793,0.6437752131897033,0.44394068448749147,-0.0002565648962890299,0.4365703916407745
canus_euclidean,joint,0.4,,5,0.17311946902654868,0.2627212389380531,0.09296771302581375,273.31791613321235,2.181244499547979,0.6851714868247791,0.6355054680707288,0.14490764013571306,0.5819169685580188,0.4360162228092497,13.719679823740146,0.641298160107346,0.43813449113753156,-0.0030362849856561402,0.43852199374425915
canus_euclidean,joint,0.5,0.5204201359350679,5,0.14380530973451328,0.2649336283185841,0.09478079919098029,275.94166241387387,2.265047094925478,0.7014246196648952,0.6546811559525118,0.14500474962656748,0.5979195323858975,0.4435905597907238,14.283854897038207,0.6509749796963478,0.454951013305081,-0.0038669599119046383,0.44384835581880666
canus_euclidean,joint,0.6,,5,0.14325221238938052,0.2649336283185841,0.09236516776119726,268.39182641658294,2.260454609931743,0.6961174854837419,0.6657227098839781,0.14327461243914344,0.6077543892652253,0.46487010223238134,14.52783760161323,0.6741451038736754,0.4664360414306254,-0.002254397664406965,0.4654264608839152
canus_euclidean,joint,0.7,,5,0.14878318584070796,0.2665929203539823,0.0933227323497831,271.7443958155671,2.230523769099711,0.6939715436457269,0.6866395285375919,0.14128173739169567,0.6259193288218227,0.48368404919212926,15.285187884455539,0.6921705464607392,0.4876903455060774,-0.0005393478188396583,0.484662410278424
canus_euclidean,joint,0.8,,5,0.07798672566371681,0.30586283185840707,0.1007735746905053,276.0033100445721,2.143484645976154,0.7411877018862834,0.7206081475856345,0.13983125800377427,0.6546439075325218,0.4991235003121684,16.56301797793506,0.7242072599645887,0.522171775984158,-0.00485804058674158,0.5007766232130868
canus_euclidean,joint,0.9,,5,0.016592920353982302,0.40707964601769914,0.08619735257051377,230.98600136098295,2.2649744584258054,0.7497619520969216,0.7854461239972133,0.1200362910173729,0.7177730197808522,0.5127732745524175,18.46822598138509,0.7936117772588553,0.5865931864052776,0.0007456224931380317,0.5135559729769026
canus_euclidean,joint,1.0,0.2112294943715148,5,0.017146017699115043,0.8678097345132744,-0.007651200330117144,38.016098455417556,2.9851867440187214,0.7588923785292477,0.7586037189418426,0.11915391101392891,0.6957174052369792,0.1852552862130214,19.465605154043722,0.9245388516162887,0.5604952852950915,-0.01268891762271776,0.18550564952462867
canus_euclidean,joint,0.0,0.36344923425664877,6,0.05420353982300885,0.22621681415929204,0.09279087834356921,235.99046198123284,2.5969012643337583,0.7139999412811124,0.5363149143411183,0.11048751366449178,0.5063127921743799,0.36878120415104726,14.010323177443693,0.5552571367537089,0.37142642921089825,-0.005394857762010041,0.3704176187562422
canus_euclidean,joint,0.1,,6,0.04701327433628318,0.26216814159292035,0.10781641824737434,260.35882883901144,2.1777739491719506,0.7064243907263162,0.5890247032215459,0.10813286124378108,0.5537544610343876,0.41456097703872347,15.903024987775495,0.611112453598261,0.4222099171670853,-0.005896188437952227,0.4144869868649599
canus_euclidean,joint,0.2,,6,0.05033185840707965,0.22676991150442477,0.09487610082280659,249.52830304371633,2.33546344505635,0.7135177122379703,0.5825625332721561,0.10815705466791778,0.548031997400318,0.4097633781943917,15.667645030121612,0.6016895117877841,0.41766577615394185,-0.004684328752541822,0.4111060980779748
canus_euclidean,joint,0.3,0.44373526664300006,6,0.04922566371681416,0.20907079646017698,0.0885272134214614,242.933347946508,2.415803234540291,0.6955850680145127,0.5364860255587894,0.10843385079505101,0.5069926193699169,0.3693644342897351,14.001209612753371,0.5546218691686546,0.37221929200298126,-0.0039186876919343056,0.3720224796637723
canus_euclidean,joint,0.4,,6,0.051991150442477874,0.23838495575221239,0.08559183546511931,242.21312581282157,2.377857522475296,0.6906914987740483,0.5771822420625107,0.10672907935988712,0.5436897931178741,0.41156838064803536,15.629928937421646,0.5961131199864069,0.41097658776422175,-0.0021607846347574122,0.4117087995199383
canus_euclidean,joint,0.5,0.5514267742387247,6,0.04314159292035398,0.2627212389380531,0.10271290121399679,256.57742175711587,2.1895538844907727,0.7016238071037921,0.5969268041919471,0.11131204080685855,0.5597351250074424,0.4330284894727956,16.226680750653944,0.6274793523870354,0.43065353420123315,-0.008628932574706871,0.43365906407486826
canus_euclidean,joint,0.6,,6,0.09679203539823009,0.25995575221238937,0.08053684149314676,216.4317386936141,2.4045174903424296,0.6510826681231962,0.641493010841748,0.11217199207611855,0.5984313571770192,0.47962726966679664,17.762737588139103,0.666075037001016,0.4750874412713122,-0.0047775707977685405,0.48027505921609936
canus_euclidean,joint,0.7,,6,0.0005530973451327434,0.2488938053097345,0.08493854149691131,227.8884504434525,1.9277835782723844,0.6050781193447671,0.5709702408035009,0.09370423503942887,0.5419734012320845,0.4699260959678569,15.193614637257365,0.6849204558320475,0.40510649533499415,-0.0013027048784044898,0.47143729097488024
canus_euclidean,joint,0.8,,6,0.01825221238938053,0.25829646017699115,0.0598216555902349,215.35617203627646,2.4078265015289664,0.7053329632484227,0.6967151901522445,0.1061279482062177,0.6487462721363322,0.5035849599211177,21.15313875808207,0.7054767799537773,0.5295381065715634,-0.008303697702653282,0.5028584842436672
canus_euclidean,joint,0.9,,6,0.020464601769911505,0.3346238938053097,0.032644621749344745,180.25464656095767,2.814421943539875,0.7174635069314526,0.7470659866200863,0.08994032867591441,0.700030017441886,0.4996392708690916,22.226009835040067,0.7508809304400033,0.5811622196048656,0.0009539787019069157,0.49946828947946464
canus_euclidean,joint,1.0,0.22439414100371802,6,0.025442477876106196,0.8362831858407079,0.03330080884034141,56.74771548247293,3.1402677021668417,0.7609419882397591,0.7246876061532372,0.08150439581238814,0.6842709860635902,0.218853691475019,23.485066465865614,0.8941491464805219,0.5587638337663487,-0.006210452193664451,0.21930830301415574
canus_euclidean,joint,0.0,0.3716420162428297,7,0.0459070796460177,0.23893805309734514,0.07559012999410573,213.0226069383958,2.4587042968768467,0.6854009586835464,0.4953860185634356,0.09239676288600913,0.47370362565862884,0.3481929933187777,15.612364779242222,0.5205681559870937,0.3498675544520674,-0.00883705718278173,0.3460450132966846
canus_euclidean,joint,0.1,,7,0.048672566371681415,0.1863938053097345,0.0884517697349327,219.44967488759983,2.4874528118389714,0.6774220699295824,0.5061141595305344,0.08848565255617724,0.48441997219216637,0.3716423280023209,16.012867169147512,0.5294568113733431,0.3613128471698177,-0.0018099553476908642,0.36952344257421194
canus_euclidean,joint,0.2,,7,0.05033185840707965,0.21847345132743362,0.08295452867927129,216.51590465948513,2.4484926369000384,0.6766497382054876,0.5314962995308351,0.0872575676849632,0.5079395492975991,0.3972626341955451,17.209449736957904,0.5620235966541758,0.39053266786292584,-0.002373687358679738,0.3994470676971638
canus_euclidean,joint,0.3,0.4479871614776091,7,0.041482300884955754,0.22898230088495575,0.09452121236010944,216.50430976966882,2.2843578020660034,0.6706091255745741,0.5017738795990818,0.09034591527850952,0.4800133295292835,0.3884784487390299,15.831899285788444,0.5555019151204654,0.3601920214792021,-0.0058403639529389095,0.3898312881535462
canus_euclidean,joint,0.4,,7,0.03373893805309734,0.22842920353982302,0.10361226856137565,224.08137153040914,2.1637367173266306,0.7025866309672207,0.5702861582642721,0.08654425754281304,0.5434635204752708,0.4192039965584508,18.610457922703194,0.598252072325736,0.42813840134708225,-0.006064649529888583,0.4198530099121317
canus_euclidean,joint,0.5,0.49992525431367535,7,0.056969026548672565,0.23893805309734514,0.08750393604153633,230.9257433328085,2.290183942433045,0.677069597815835,0.5919936856746312,0.09370539699950191,0.5608799882164529,0.43224794856888965,19.923242982703634,0.5950521813963248,0.4496171972775891,-0.008650282200876228,0.4331053488110228
canus_euclidean,joint,0.6,,7,0.04480088495575221,0.23561946902654868,0.08452826808226954,219.58903078164164,2.3529309626182555,0.6751383269448699,0.6142717501495536,0.09531485444705161,0.5802958777146814,0.44914657558924276,21.05121718498314,0.6136355586828302,0.4716630083749281,-0.010866274047368674,0.4489378208670829
canus_euclidean,joint,0.7,,7,0.030973451327433628,0.24225663716814158,0.0730865120218584,209.34801649080435,2.4482117810471418,0.6688487666156324,0.6552154698387077,0.08970708044644594,0.6188415321873778,0.4943966396338438,23.358528984682913,0.6596515798157881,0.5136749769002895,-0.006784303469287101,0.49579489967796486
canus_euclidean,joint,0.8,,7,0.019358407079646017,0.2605088495575221,0.05468479677693018,197.9728712880409,2.5522471697076776,0.7002618990052542,0.6884203588261221,0.0857546593556178,0.650044799395466,0.5186946304420934,25.254031300939822,0.701268678469117,0.548994997302003,-0.008055572043315223,0.5213935517698125
canus_euclidean,joint,0.9,,7,0.0005530973451327434,0.5790929203539823,-0.025027499826140637,141.96598311453184,2.1787525289343526,0.6419877758310321,0.6480276408478147,0.0626546349882875,0.6227430671279843,0.43574824658250966,23.526077037712152,0.8024494628903733,0.50709749251217,-0.0035558507858296853,0.4375450040394115
canus_euclidean,joint,1.0,0.1359641285735178,7,0.0005530973451327434,0.8268805309734514,-0.16237510486865858,34.42747723012298,3.478418738720817,0.5836865396002487,0.6145341765446082,0.05524136614913494,0.59435711507661,0.21953722629007438,22.680037217882248,0.8880873418025551,0.4724890796385886,-0.0013342158417549918,0.22037338295736367
canus_euclidean,joint,0.0,0.3323076285039998,8,0.05033185840707965,0.1720132743362832,0.07540005163076746,185.21119809914265,2.671943961325435,0.685937574926708,0.45853445869635845,0.07565255479634032,0.4431614951952512,0.3417099318371245,16.929297970972108,0.47983845154040894,0.3337055919911671,-0.001934996680577894,0.34194853136801834
canus_euclidean,joint,0.1,,8,0.055862831858407076,0.23174778761061948,0.0744639921281333,195.81704940163146,2.4685706199219877,0.6492830706280555,0.48124731814048216,0.0762407126019417,0.4642149743431942,0.3547362356778827,18.203074346784646,0.49432565144227064,0.3581607519360439,-0.0030603683046279695,0.35659306867870194
canus_euclidean,joint,0.2,,8,0.032079646017699116,0.2179203539823009,0.09710286023902866,208.4677695110806,2.2292976743883877,0.6589914648062491,0.4842789329723494,0.07885258189478209,0.46646615583771467,0.3667403323089614,18.163666471925048,0.5219121295627605,0.3589372010956037,-0.010315501667653326,0.36658690375504305
canus_euclidean,joint,0.3,0.3980517436559957,8,0.046460176991150445,0.1886061946902655,0.07895983752594396,200.02027087531596,2.4379928748235393,0.6582433831459722,0.5188510856666788,0.0772742175658496,0.4988502766203041,0.38776822049533666,19.933312890254392,0.5244399543884043,0.39570476792162773,-0.003998495401360991,0.3897533725948197
canus_euclidean,joint,0.4,,8,0.046460176991150445,0.20077433628318583,0.08066478711096958,200.50905184759338,2.3507615255122256,0.6493182510201263,0.5336156918068852,0.07534098465327674,0.5129918143602398,0.42062888681913785,20.592996009331877,0.5619665388172886,0.4095948117098961,-0.002549190207206134,0.42196026005315845
canus_euclidean,joint,0.5,0.48273522060939056,8,0.024889380530973452,0.25110619469026546,0.09183051573125497,198.9438458842319,2.1558248251615133,0.6894534248195001,0.5879633738871972,0.07360619784434405,0.5635731949383866,0.42112313461931694,23.85294717866303,0.5930871480534724,0.46146743271044866,-0.010109131760965923,0.41974432615867074
canus_euclidean,joint,0.6,,8,0.0005530973451327434,0.19303097345132744,0.06009683901467631,175.18462165847905,2.305598163958578,0.5712179078163995,0.528961155811813,0.06826020032809547,0.5105275407263653,0.45322586209978133,20.486403733712596,0.6032064756149278,0.40388850323039666,-0.0016791611944274726,0.4529563410542799
canus_euclidean,joint,0.7,,8,0.0005530973451327434,0.2372787610619469,0.05514538377977232,175.71984817868508,2.351582090085625,0.6110805062764969,0.5756279991777578,0.06367272453412985,0.5552761279125891,0.4744635516932592,23.882836379931046,0.6541017077951979,0.45148853335920863,-0.004892215959302414,0.47482455136413526
canus_euclidean,joint,0.8,,8,0.0005530973451327434,0.2936946902654867,0.04343349002337078,161.80022467632148,2.2249520675135104,0.6014619960205413,0.60998937862993,0.06408710863645825,0.5870405230612332,0.5220332619944628,25.70598441924619,0.7041467369309362,0.4859200537636136,-0.004964854935203197,0.5231382079074076
canus_euclidean,joint,0.9,,8,0.0005530973451327434,0.5105088495575221,-9.753278211111429e-05,132.62560740415185,2.193359747745667,0.6147109487487226,0.6469812329215474,0.051509145851004155,0.6261156468079748,0.4752660448574154,28.09285208891894,0.796800357537516,0.5220376076045437,-0.004561255370874047,0.47512351024821997
canus_euclidean,joint,1.0,0.29696383257607567,8,0.015486725663716814,0.7743362831858407,-0.061336309600132255,42.85316506167607,2.974821922541687,0.6496945093937012,0.7315954210074151,0.04939543026874619,0.7060794940476705,0.286787629295399,32.378695534969054,0.876322988130205,0.6071584232381101,-0.003404434050201896,0.2878202553371366
canus_euclidean,joint,0.0,0.36048646093207687,9,0.046460176991150445,0.18141592920353983,0.07134780606884802,172.194454453994,2.6555860915190403,0.6477017569982307,0.4248658565144028,0.06824312226781772,0.41289432713068486,0.32265742879227133,17.77234798112092,0.44897541625806925,0.3148158698422704,-0.005533905418546856,0.323922830041292
canus_euclidean,joint,0.1,,9,0.04314159292035398,0.21902654867256638,0.07934108198734946,176.88123659236777,2.6245275995519677,0.6618749412376195,0.43530115644590445,0.06819901978557538,0.42275090296490775,0.3329055818412008,18.416020691498264,0.4700890469880728,0.325900493694984,-0.006838623317241305,0.3350998534615618
canus_euclidean,joint,0.2,,9,0.04424778761061947,0.17754424778761063,0.08293205055568109,182.93724747886316,2.5098764460815586,0.6368415293077319,0.4876954321991371,0.06660151340694959,0.4723528203276959,0.3958281050124806,21.175413447794035,0.5213706417453289,0.3761054913632715,-0.0028221455199569506,0.39522860512162494
canus_euclidean,joint,0.3,0.4206536053409004,9,0.043694690265486724,0.1747787610619469,0.07877119897798408,180.68001525343047,2.576081303623481,0.633273193377711,0.47247535518618655,0.06568885935129404,0.4582528514396401,0.38717268386413534,20.38320585691261,0.5152220972267479,0.3613451292271074,-0.002861106987983378,0.3869041804184686
canus_euclidean,joint,0.4,,9,0.025442477876106196,0.22289823008849557,0.08729146491462456,186.56515713729866,2.215403196703164,0.6527653778281034,0.5510312113462088,0.06420947149262493,0.5322011764765744,0.41470500528649124,25.329412237890615,0.5554472574104514,0.4404807953153556,-0.006485889739280132,0.4146177919454108
canus_euclidean,joint,0.5,0.41058651265065904,9,0.03705752212389381,0.18805309734513273,0.07094310571423058,172.53019978136825,2.2887030104518886,0.6289483567594633,0.5183942221241163,0.0670791072023983,0.5009736540421339,0.39596559313616025,23.564469628360175,0.5232725492767386,0.4066557164328863,-0.006027148685344867,0.3952706241660796
canus_euclidean,joint,0.6,,9,0.0005530973451327434,0.2051991150442478,0.07312751922293367,177.34385900108094,2.127518771713657,0.5870644589817,0.5306347113862988,0.05921824535522376,0.5144684376906786,0.45448881966157173,24.465928156894062,0.60102089742824,0.4189596539214878,-0.00520369379643356,0.45333798500391803
canus_euclidean,joint,0.7,,9,0.0005530973451327434,0.206858407079646,0.04803614216028432,161.4776051271878,2.256026772553271,0.5863754520086687,0.5692638225081778,0.057127209030083295,0.5513341848519678,0.48986861888339334,27.00935101941959,0.6384516435552424,0.45818524827000584,-0.003661969912576536,0.4892120567231321
canus_euclidean,joint,0.8,,9,0.0005530973451327434,0.25,0.01964008360601268,145.09135478164006,2.876531930422397,0.5942360002875684,0.5908596842734541,0.049889583445744096,0.5739411929890732,0.4842578371981288,28.765826439381755,0.6683191344302176,0.47949214902197984,-0.0019123073235976576,0.4834251538718825
canus_euclidean,joint,0.9,,9,0.0005530973451327434,0.5049778761061947,0.002500552495153035,120.19818617978801,2.383286295941505,0.6342755117203622,0.6527962580015089,0.04824519098801361,0.632864641683389,0.49398096354902415,33.10196069632072,0.7794564264321048,0.5430514881895068,-0.006805118277570313,0.4956095782830291
canus_euclidean,joint,1.0,0.18481829621279067,9,0.015486725663716814,0.7389380530973452,-0.10474718825248513,44.645353912760676,3.333982611237994,0.6611977628730435,0.7224175460615858,0.04164988439472472,0.7013159265691108,0.30935861086040933,37.40163040022231,0.8395248625280951,0.6119717762372341,-0.003418765089913775,0.3099261915116941
canus_euclidean,joint,0.0,0.35269145553481024,10,0.04314159292035398,0.1515486725663717,0.07784811187292934,166.43428506705797,2.4960386114514526,0.6401552249352315,0.42996937337655117,0.057416687955621756,0.4196102792908575,0.32974424874157315,20.88795317555298,0.44250611549033597,0.33101340552688474,-0.0021313099336626173,0.330921763543854
canus_euclidean,joint,0.1,,10,0.03152654867256637,0.1426991150442478,0.06711717361662103,167.70115078027732,2.4864728997538665,0.650034250195586,0.4687273782707452,0.05657177341329536,0.4566193228479275,0.35530246809114724,23.43392471462218,0.466133530940849,0.36850434774327984,-0.0013525506273659726,0.3549195210803273
canus_euclidean,joint,0.2,,10,0.0459070796460177,0.16039823008849557,0.07124357442578214,166.91422807277604,2.5544885799129764,0.6270041474320067,0.42319718512852667,0.059000995737097925,0.4128877676196475,0.33680674171902686,20.465349539469496,0.4471626088639203,0.32440192898204356,-0.002794753226185852,0.3378901023301894
canus_euclidean,joint,0.3,0.3822296321681622,10,0.03263274336283186,0.16426991150442477,0.08753793708477073,175.35300438209097,2.2455862868959433,0.6251776572500907,0.47691295098541764,0.055279820674344955,0.46466273939066344,0.3702125553087827,23.361733883214832,0.4939290393867006,0.3778103547534658,-0.0021781948280254412,0.3711954217278488
canus_euclidean,joint,0.4,,10,0.027101769911504425,0.2029867256637168,0.09265780702221416,175.35860054798957,2.168892651234943,0.6314528549573455,0.5403083791037084,0.0546344266913367,0.5248161024290986,0.4158914152057836,27.91815633266406,0.5472144836467449,0.4409709808224721,-0.00497556927419552,0.41655711744961754
canus_euclidean,joint,0.5,0.48224024747686317,10,0.02157079646017699,0.20630530973451328,0.09117583231351592,179.5845242307012,2.0985894508729803,0.6389756347265341,0.568418192164995,0.05370470887412656,0.551580248887363,0.42860101588150895,30.032324364650247,0.5617025676891808,0.4686134471262786,-0.00415572702954143,0.4283723947295098
canus_euclidean,joint,0.6,,10,0.024336283185840708,0.22732300884955753,0.08363966613053123,173.54079824258196,2.173639670624041,0.6407315474665766,0.5955607594079818,0.052828785213704835,0.5773943446588444,0.45598593372661966,31.809353204344248,0.5892783167802983,0.49794293218653884,-0.0030816593331129682,0.45858352701240696
canus_euclidean,joint,0.7,,10,0.023230088495575223,0.20851769911504425,0.05751188276113608,158.92270642173878,2.3922086240454776,0.6533755490695963,0.6414037527690966,0.054307692965078425,0.6198136847142363,0.503427373146748,34.91708699426376,0.6334320420050296,0.5433034713978379,-0.00418766609552277,0.5052403256511978
canus_euclidean,joint,0.8,,10,0.02157079646017699,0.23285398230088494,0.023048754463952267,139.100571182757,3.1910802865966645,0.643555771478324,0.6742488372155011,0.05315885639629,0.6509184256085746,0.5340244395112235,37.91092654971877,0.6623216701102537,0.5756354831327293,-0.00267698935503375,0.5353968928310896
canus_euclidean,joint,0.9,,10,0.016039823008849558,0.32853982300884954,-0.010068015614247179,109.78441874610277,3.4091806437784107,0.689622281682071,0.7264547945040333,0.043396941789881446,0.7042525863219844,0.5374461027479143,41.206495242275246,0.7338898748142738,0.6261818540479712,-0.001314833177407368,0.5364394594560908
canus_euclidean,joint,1.0,0.28051024481700415,10,0.015486725663716814,0.7505530973451328,-0.12923029070131423,40.303551230392706,3.314714971781462,0.6591638830207538,0.7040908756299477,0.03557809934159329,0.6868842767360757,0.29816790281925243,41.17058079240953,0.8428344778362602,0.6036405079000141,-0.0032199832361519756,0.2967761495815904
canus_cosine,joint,0.0,0.7472549851636275,3,0.1747787610619469,0.4905973451327434,0.2046838313806605,398.2200965144417,1.8634401257301692,0.8158459768910307,0.7738962974828812,0.3333333333333334,0.6151967911776397,0.4269236648602302,8.091757459462702,0.8139432429723854,0.44177236391215796,-5.551115123125783e-17,0.4277405452708385
canus_cosine,joint,0.1,,3,0.1543141592920354,0.5011061946902655,0.2053680002974293,390.93518779647246,1.851697156809834,0.819654413877076,0.8060125124264833,0.3333333333333333,0.6353204382236398,0.4482565629784742,8.62134760811287,0.8471098324794716,0.469186715573631,0.0,0.445151451121322
canus_cosine,joint,0.2,,3,0.17809734513274336,0.47345132743362833,0.1980625399158499,393.1738117223727,1.8768970791186614,0.8195799118143754,0.7746065614841053,0.3333333333333333,0.6156455372500156,0.42766156888507284,8.09436018151051,0.8093728617219054,0.4408155272501378,5.551115123125783e-17,0.427318699928225
canus_cosine,joint,0.3,0.8634569457970367,3,0.17920353982300885,0.478429203539823,0.20078245186339194,396.07362371140965,1.875348614922619,0.81433179799289,0.7793815685601304,0.33333333333333326,0.6186580167323984,0.4340735727072868,8.187435144607287,0.8168439695600654,0.44861696944781454,1.1102230246251565e-16,0.4364293914511334
canus_cosine,joint,0.4,,3,0.1736725663716814,0.48064159292035397,0.20306284186369003,397.28649827118716,1.8656332529646098,0.8170772561266687,0.791364661266409,0.3333333333333333,0.6261845525052241,0.44531362830392013,8.403231581964524,0.8304905688377432,0.4583281765795528,5.551115123125783e-17,0.4459354874947371
canus_cosine,joint,0.5,0.8930533583642533,3,0.1736725663716814,0.48617256637168144,0.20470480834258492,398.9260544274404,1.8631617635925604,0.8137530975394521,0.7964125190178121,0.3333333333333334,0.6293408698566739,0.44812513421307,8.494399079211409,0.8349088247418842,0.465483843545101,-5.551115123125783e-17,0.45066819079381704
canus_cosine,joint,0.6,,3,0.1836283185840708,0.4850663716814159,0.20298494593664831,395.1754351600838,1.898641620874015,0.8106896658098371,0.8117826365610233,0.3333333333333334,0.6388999955884767,0.4612227788233769,8.7916067473265,0.8439494578816015,0.47873143901685306,-5.551115123125783e-17,0.46120639552176
canus_cosine,joint,0.7,,3,0.19524336283185842,0.47511061946902655,0.19703167566483631,388.1939065906683,1.934015635747282,0.8037770855981126,0.8251426590769553,0.3333333333333334,0.6471465767052492,0.47660134136175036,9.046807258739001,0.8530201737273001,0.493399924539686,-5.551115123125783e-17,0.47797981649572224
canus_cosine,joint,0.8,,3,0.21349557522123894,0.47123893805309736,0.19144035122252734,380.88691410784867,1.9894997676896298,0.7968752663363116,0.8417929290122451,0.3333333333333335,0.6573438063165028,0.49423096757334267,9.373737481547522,0.8649470303647246,0.5079965398195545,-1.1102230246251565e-16,0.4941330903550417
canus_cosine,joint,0.9,,3,0.3030973451327434,0.3926991150442478,0.09464425610151643,307.08059215268224,2.6442288356924917,0.7791714907247494,0.860147132042151,0.33333333333333315,0.6684826530851198,0.5255539831206472,9.76277913101464,0.8674243786353673,0.527886748875122,2.220446049250313e-16,0.5265414896208173
canus_cosine,joint,1.0,0.438737575761823,3,0.27323008849557523,0.36670353982300885,0.07859785237494779,243.0447625270963,3.1166699495794816,0.8243112159912702,0.8722391024188045,0.3333333333333333,0.6757633601762542,0.5338190953223133,10.124935755435718,0.869835078067278,0.540295593934013,0.0,0.5351618826827399
canus_cosine,joint,0.0,0.5821861859566401,4,0.15265486725663716,0.31360619469026546,0.11057355976762291,300.70293830223665,2.4672031308392532,0.7552271439081106,0.6641671084737157,0.21557477793585145,0.5809832731008729,0.41742001771610215,10.181858711418093,0.6909807762437619,0.41358824467553734,-0.019039465925942994,0.4168364286941269
canus_cosine,joint,0.1,,4,0.16426991150442477,0.29258849557522126,0.11384911791852967,311.61955508960426,2.309385154312345,0.7405375131648153,0.6927934157142335,0.21708019483806604,0.6022239189041386,0.44497032907807543,10.938555369958529,0.708300421669611,0.4432915578772422,-0.019269000941696285,0.445792216610952
canus_cosine,joint,0.2,,4,0.1570796460176991,0.2959070796460177,0.11149744936715714,308.9358268704421,2.3276104535859616,0.7430247742746855,0.6934125465843328,0.21411930878931582,0.6037691242361203,0.44472599743896524,10.934831040100942,0.7102732588218191,0.4453515757804551,-0.01674504623177478,0.4468568807927698
canus_cosine,joint,0.3,0.7067680923929303,4,0.15652654867256638,0.29922566371681414,0.10848158315943206,311.1068633740904,2.356993939534287,0.7475643392624226,0.7000470191843593,0.21481607983095333,0.6085347396452263,0.45040033074520136,11.081703228259734,0.7168804322937863,0.44965254920273884,-0.01748960527807239,0.45017357064035995
canus_cosine,joint,0.4,,4,0.16758849557522124,0.3125,0.10553965580992969,306.3984184616789,2.435999449865382,0.7385433671663852,0.7194477499083886,0.21717862287109468,0.622225795894052,0.47081503520915874,11.536772764224477,0.7367718960902602,0.46876022851290583,-0.019341239444259417,0.4699173060388206
canus_cosine,joint,0.5,0.7877099981326998,4,0.16261061946902655,0.31305309734513276,0.1030326859959169,302.67661419217205,2.450904490837513,0.7379144288988506,0.7456835735719415,0.20971241339360866,0.6448435226685659,0.4951964830645101,12.158400786207213,0.762591444391442,0.4963503948625241,-0.012077116655029668,0.49561271857733463
canus_cosine,joint,0.6,,4,0.17533185840707965,0.2997787610619469,0.09655117688559768,302.626264042757,2.509552322716944,0.7388448621797855,0.77103587652758,0.21559461757889242,0.6611346759412308,0.5221396264259823,12.828600066290143,0.7848190381368234,0.5205082647387215,-0.017297267612551098,0.5213677008194326
canus_cosine,joint,0.7,,4,0.18252212389380532,0.28926991150442477,0.09259339740180143,294.8924633443367,2.6020691268845755,0.7422970746983522,0.7856525839801933,0.21935718267485357,0.6701584558790686,0.5353343761185891,13.198108063480284,0.7953861183079525,0.5362940594074578,-0.020689182166717834,0.5359461169361788
canus_cosine,joint,0.8,,4,0.19413716814159293,0.31692477876106195,0.07889888901032634,268.2921803172675,2.8340350054370704,0.759586704082766,0.850375636756592,0.20848162613655688,0.722317611872387,0.5983435691777441,14.869390443952458,0.8571034127420069,0.5996845965875692,-0.00978734005620202,0.5975996836015743
canus_cosine,joint,0.9,,4,0.21515486725663716,0.31360619469026546,0.0714069309669013,252.2292475184819,2.8265643664692597,0.7651414269615043,0.8611116211564297,0.2095814178510904,0.7294632110821345,0.6078523378349482,15.197230655040455,0.8631121371493513,0.6128651760128105,-0.01047550009216508,0.6095607404334261
canus_cosine,joint,1.0,0.32448909715455315,4,0.2245575221238938,0.2676991150442478,0.040122567549788914,188.97849114176142,3.3825149206222815,0.7914148837587502,0.8288335814305781,0.20653537751785445,0.7076889420964357,0.5799945111534098,14.375540708987419,0.8318044298527122,0.5797470169090282,-0.006730475880292575,0.5809294113169645
canus_cosine,joint,0.0,0.45077573247199343,5,0.09292035398230089,0.3196902654867257,0.0969291874741227,250.52409845683627,2.5889873299978583,0.7464304661299525,0.5870052870638014,0.15143431669524263,0.5390845792715445,0.3807099129483837,11.70965051495002,0.6337921847853262,0.3881602881041045,-0.018163483339662,0.38168993531099404
canus_cosine,joint,0.1,,5,0.12002212389380532,0.2903761061946903,0.09582122986257972,257.07549859966883,2.620424839434098,0.7300586436756309,0.6117177611919511,0.1535859704952654,0.5591819125695213,0.414539407631599,12.613502210652108,0.6411009458054394,0.4115095639709233,-0.015580770841162411,0.41443702690620593
canus_cosine,joint,0.2,,5,0.12942477876106195,0.2815265486725664,0.0977643890351204,261.2402242364312,2.4255102424378006,0.707101387059675,0.6211749286916992,0.1508002218493011,0.5679711839043315,0.4287235390441798,12.917758247750037,0.6521427467968482,0.42262950409392286,-0.011717819852581551,0.42994625466195646
canus_cosine,joint,0.3,0.558205648442777,5,0.12002212389380532,0.28042035398230086,0.09776337432962047,263.1043887308017,2.3930004113079533,0.7061687257858421,0.6450245773934256,0.151052574523514,0.5877577938251798,0.45303015948491604,13.64008558311533,0.6779553945834059,0.44544218165714106,-0.012369109362892483,0.4534964975512361
canus_cosine,joint,0.4,,5,0.12942477876106195,0.2776548672566372,0.09728815636737655,262.7990075840176,2.4510844446609874,0.7103999242771736,0.6805839123787911,0.1544061271646277,0.615864929546053,0.48774280450094387,14.76236715331203,0.708491765009743,0.4813877740088951,-0.014873383882634567,0.4882596074620561
canus_cosine,joint,0.5,0.5920360162277697,5,0.12831858407079647,0.2488938053097345,0.08303220321569789,261.1126092106293,2.3314653479927596,0.6966018421864351,0.7026532108887089,0.14892695011265686,0.6360901893183524,0.5073024980102995,15.505067946286585,0.7236821957156754,0.5031040327428118,-0.009084234122996943,0.5077563131732877
canus_cosine,joint,0.6,,5,0.13440265486725664,0.26714601769911506,0.09717574661675812,258.2114262698055,2.3850271906957845,0.7166919575916384,0.7519856116991364,0.15250389725540447,0.6746197248231983,0.555179605713037,16.88200130832068,0.776072483367941,0.5512610413826536,-0.01307742518859703,0.5545362195667177
canus_cosine,joint,0.7,,5,0.144358407079646,0.2605088495575221,0.08659351357480159,246.12952985744403,2.5705226458356725,0.7213560665257579,0.7998983086539513,0.1487406940896278,0.7148475809009165,0.6022700669701242,18.422727410858897,0.817724029971874,0.5992482664083097,-0.008419104874302752,0.602129969858996
canus_cosine,joint,0.8,,5,0.14767699115044247,0.29535398230088494,0.07071132501688501,230.67383118270695,2.793258796492571,0.7413356411789181,0.8432709496642683,0.14786401951191147,0.7497811622969559,0.63918645826865,19.79147651473825,0.8574236660213592,0.6449173411751489,-0.007848481957399345,0.6408847428671043
canus_cosine,joint,0.9,,5,0.1670353982300885,0.22676991150442477,0.062266091438917745,205.97383480783253,3.009937495796028,0.7332945279221996,0.8402806619403436,0.15001203645149147,0.7462182055363323,0.6406178204986357,19.8073134585349,0.8442004099508069,0.6390560620202352,-0.007589567320125945,0.6394556524320066
canus_cosine,joint,1.0,0.36918409025707033,5,0.17146017699115043,0.21736725663716813,0.0527403090785461,197.96917729438866,2.904935379250073,0.7422951328505872,0.8584100944566313,0.14780783993269556,0.7617583869743517,0.6569388086259609,20.548529023572016,0.8581626154445645,0.6574977574757366,-0.005308868755010798,0.6560120240380912
canus_cosine,joint,0.0,0.5516528910955225,6,0.09457964601769911,0.23285398230088494,0.08086763040692696,234.36343083788643,2.4296862073393295,0.6934272294244136,0.566813728632952,0.11265875314304043,0.5327915125310054,0.3966453073677303,14.721400044807146,0.5878205916568616,0.39963179944772365,-0.00632376883299865,0.3959582453517716
canus_cosine,joint,0.1,,6,0.09789823008849557,0.2411504424778761,0.08051989624709886,237.538118640054,2.410115477212726,0.7044173268959061,0.6079884477679058,0.11579681529136737,0.5679995069223681,0.43565909293578287,16.28600681361976,0.6244972350649226,0.4436122753612609,-0.009379246888655046,0.4378109791503896
canus_cosine,joint,0.2,,6,0.1122787610619469,0.2776548672566372,0.07883573139376522,237.27860342588102,2.3329208181577203,0.6793027200581894,0.5670855073208556,0.11408165066822079,0.5326276660642065,0.40769431176506954,14.771067395561987,0.6029296166370599,0.40193836736303623,-0.007494960481108703,0.40947711379566976
canus_cosine,joint,0.3,0.6711312310934208,6,0.09236725663716815,0.2538716814159292,0.08342670885456772,239.47817598110444,2.352519341132945,0.6856407736835008,0.6510901602909083,0.11517116977687165,0.6056726938126603,0.48652091737623987,17.813562777279678,0.6786536959830984,0.4836443126790916,-0.008812323751486537,0.48618912972915596
canus_cosine,joint,0.4,,6,0.08960176991150443,0.24225663716814158,0.0831899875913425,237.53643643238112,2.3432517644134094,0.6777679869512494,0.6654358545633422,0.11472600432280335,0.6182378481899279,0.5045979369391492,18.36103568923996,0.6939410761449225,0.497868798687948,-0.007710229098483998,0.5035623148661412
canus_cosine,joint,0.5,0.7292797962138181,6,0.11780973451327434,0.22400442477876106,0.08115831223960457,232.39553482563866,2.42731584215311,0.6800251629276108,0.7034495046488449,0.11667411705190127,0.6500935030474417,0.5402896679130106,19.69731704855642,0.7237345987307817,0.537645441749953,-0.008145134681270885,0.5410677785665781
canus_cosine,joint,0.6,,6,0.11836283185840708,0.22400442477876106,0.08223961360607447,230.42314849502944,2.4623291308897697,0.6797151342374689,0.722699300408783,0.1180845772352183,0.6658738636923087,0.5592005442621697,20.41267186867302,0.7427057370113344,0.5570056707614569,-0.0096024243648654,0.5605363207406875
canus_cosine,joint,0.7,,6,0.12444690265486726,0.21017699115044247,0.06958383228757938,219.8751746953234,2.637495114053373,0.6915167112666646,0.7612633427433627,0.11673485845346686,0.6991341126671863,0.5972007522473984,21.895688172215284,0.7780114822320409,0.5956082335440135,-0.007927669363766834,0.5985469617151363
canus_cosine,joint,0.8,,6,0.13550884955752213,0.19524336283185842,0.04996200476087039,194.03974515931125,2.9755464613808176,0.7109155215527576,0.8122181806309222,0.11579064393787761,0.7423977059845861,0.6451933174583431,23.89562833535117,0.8173314445981856,0.6483008534125577,-0.005419028106812329,0.648025397278991
canus_cosine,joint,0.9,,6,0.13716814159292035,0.1836283185840708,0.04210271407504393,180.6260374041986,3.1430203766432836,0.7152066610847219,0.8323745847166174,0.11787205560529526,0.7580040046757609,0.664707239607532,24.704573987733824,0.8343312278593911,0.6666247664927751,-0.00714935340691375,0.6655645757979164
canus_cosine,joint,1.0,0.4290359659515558,6,0.15597345132743362,0.1747787610619469,0.041187420164188145,163.48518029005402,3.368227858250131,0.7331641477885588,0.8205860518096243,0.11651768779518838,0.7489745097477574,0.6555434382427804,24.345984233840255,0.8233185824691495,0.6541230926528856,-0.005453297987291522,0.6557163464160135
canus_cosine,joint,0.0,0.47889710576300876,7,0.09789823008849557,0.20353982300884957,0.061626161884391024,204.43632782117533,2.6619168480653315,0.6650259765205412,0.5245774387485156,0.09357908005041733,0.5000311714898269,0.3912629881808485,16.43264444186441,0.551967703477588,0.3821991161537085,-0.005723332479753707,0.39170861989094596
canus_cosine,joint,0.1,,7,0.08904867256637168,0.22289823008849557,0.07459628911738851,206.86728073837554,2.474310141923858,0.656424432911474,0.5286504323217388,0.0917676688636462,0.5041906236146888,0.3941321802879119,16.574394063103142,0.5539298890581362,0.3843258491063456,-0.0035247217186862023,0.3923278999322568
canus_cosine,joint,0.2,,7,0.07798672566371681,0.2234513274336283,0.08123767038560709,209.0060544265711,2.4219995224416664,0.6713167058173524,0.5546271948101912,0.09509098663084219,0.5268415467834059,0.42572418848332244,17.561625196163867,0.5972507951427668,0.41285974341397313,-0.009428192021166806,0.4260623397996343
canus_cosine,joint,0.3,0.5514369498320897,7,0.08185840707964602,0.2472345132743363,0.08781087073019664,201.74806264642456,2.491516754533523,0.6678756802664488,0.6399116035999188,0.09580698106410164,0.6029461798741881,0.5069737738424053,21.253659494489423,0.6751892052912486,0.49668936187133406,-0.00912501810872024,0.5069993951939955
canus_cosine,joint,0.4,,7,0.10785398230088496,0.19413716814159293,0.07211019046139026,207.19282580926927,2.490526259892381,0.6495999953197839,0.6683941360394291,0.09489059065059029,0.6285300486514587,0.5384958420026179,22.722208879488026,0.692173231685199,0.52532940035719,-0.0056136899385663686,0.5385085117187488
canus_cosine,joint,0.5,0.6580248357023487,7,0.09679203539823009,0.19745575221238937,0.07115903813616754,206.36691024435123,2.532707959795744,0.6548136925696537,0.6973917567647252,0.0935460765285015,0.6546814747629297,0.56643292130022,23.919419828091105,0.7213513285425222,0.5545566125229504,-0.00453404658606868,0.5666379198634298
canus_cosine,joint,0.6,,7,0.10176991150442478,0.19690265486725664,0.06398118880178078,200.99305534946757,2.5942206123528413,0.6655943665914891,0.7259475385350892,0.09586317064481495,0.6787146760468935,0.5926942362214914,25.04306610189234,0.7494700779295295,0.5845467654885099,-0.007065923118499989,0.5940666708608008
canus_cosine,joint,0.7,,7,0.11393805309734513,0.17975663716814158,0.06039460527337634,194.62450648705712,2.6722410340128087,0.6700260075364377,0.7702939993775354,0.09464689642475045,0.7179511020132958,0.6323863117004455,27.054916335644467,0.7834944248100675,0.6296771925329108,-0.0049507338330084805,0.6345432957079663
canus_cosine,joint,0.8,,7,0.11061946902654868,0.20353982300884957,0.06252977518979888,178.42710171610966,2.987615613049493,0.6868123110994132,0.8063851705434598,0.09682251285857195,0.7479852924247703,0.6650715737826747,28.544534706431353,0.8175017486077658,0.6636449368234147,-0.007176903794891179,0.665201927835653
canus_cosine,joint,0.9,,7,0.11393805309734513,0.17533185840707965,0.0440849488917078,164.37619254955914,3.028037451492299,0.688372783139197,0.8090439500199086,0.09483347834055747,0.7513936816277985,0.6707455774639954,28.861073006664753,0.8181870470499802,0.664756938601238,-0.004470826470790973,0.6693280338913506
canus_cosine,joint,1.0,0.3747730240137634,7,0.1172566371681416,0.16426991150442477,0.02653978506628998,144.96777590654602,3.340436434936023,0.7023476564034052,0.8103892965728406,0.09667845070063345,0.7515105620506735,0.6693552632338134,28.972974920859407,0.8143694599942963,0.6677536604835999,-0.006102068205789513,0.6696174556197144
canus_cosine,joint,0.0,0.4664449897883528,8,0.08075221238938053,0.2234513274336283,0.07394853629710271,184.83712938880495,2.500426139467259,0.6359827936149367,0.4743641626023032,0.07722454377437657,0.4576010659113965,0.375501714538544,17.079726997079806,0.524758163517314,0.35019262771756604,-0.0041077690927089905,0.37615993258823643
canus_cosine,joint,0.1,,8,0.084070796460177,0.1902654867256637,0.07216665024681193,190.28392173367834,2.4321373751147197,0.6390985770344115,0.5089101515653628,0.07844085829863572,0.4893746346895169,0.3962938322455816,18.8193270637369,0.5343193160115023,0.38360062109951276,-0.003579083068488323,0.396762960909264
canus_cosine,joint,0.2,,8,0.08351769911504425,0.2013274336283186,0.07940179357376767,194.10829877859865,2.394708674079414,0.6416001855515218,0.5929973349582761,0.07990583264752647,0.5661699678822499,0.4790263402024979,22.873098002677935,0.6218153665990603,0.4664250285075458,-0.00567783750084383,0.4773901824016462
canus_cosine,joint,0.3,0.7475786956084841,8,0.06969026548672566,0.19579646017699115,0.07305117590433179,189.80961599549164,2.422819751810274,0.6407765577776783,0.6093209809958219,0.07881055102337904,0.5814015427101081,0.5035695635578141,23.72179757686469,0.6489447415676548,0.4850186707032469,-0.0052246773139930786,0.5040076423839852
canus_cosine,joint,0.4,,8,0.06913716814159292,0.17920353982300885,0.07308345369464478,191.8517912722859,2.481101272314736,0.6560161136937492,0.6482511197098796,0.07923381669286322,0.6165813964073475,0.5348744922338138,25.60099548222608,0.6760216249243827,0.5240401154362627,-0.005224927783430491,0.5362321799943108
canus_cosine,joint,0.5,0.7061913180543985,8,0.07356194690265487,0.17533185840707965,0.06865367481568309,188.52095880323893,2.4546237117367666,0.6495542500114762,0.6851420843845673,0.0793883637859006,0.6497980671049038,0.5723645994104005,27.489333129493097,0.7117701813424016,0.5623113669242691,-0.004897253201657403,0.5745353529510079
canus_cosine,joint,0.6,,8,0.08573008849557522,0.16537610619469026,0.06245351410472191,181.9628877011698,2.5106917222614116,0.6535311115282548,0.7289570287850708,0.07955401527911968,0.6890008637174475,0.6102116370450528,29.696376004544607,0.7452040788592909,0.60297401784254,-0.004209461971432557,0.6093161773372466
canus_cosine,joint,0.7,,8,0.09070796460176991,0.1736725663716814,0.060775114631164896,177.05467387642898,2.557632194622113,0.6653941175951896,0.7569465994062547,0.0794662035444287,0.7139984013723366,0.6374337688710332,31.00087425682705,0.7726652857140988,0.6322548632416447,-0.004046421059532415,0.6380479228848049
canus_cosine,joint,0.8,,8,0.10564159292035398,0.14878318584070796,0.033438999793103955,158.98477929464414,3.118468181635671,0.6737347598629575,0.7708344023032787,0.08148912326285648,0.7252764386846592,0.6474784362206597,31.938032691326846,0.7760797764284171,0.6466309398277835,-0.005050386341629826,0.648413496158829
canus_cosine,joint,0.9,,8,0.08462389380530974,0.16482300884955753,0.03833496897514536,157.58414581457018,3.066776608006623,0.7007389110725739,0.7923434443368067,0.08183873112048322,0.7440931817446135,0.6658939368049648,33.207512137414156,0.7959683622431876,0.6696310181173376,-0.006127347249233847,0.6679844575944919
canus_cosine,joint,1.0,0.34486107759134144,8,0.1006637168141593,0.15210176991150443,0.01143617053420088,132.04754437096395,3.5165214973841836,0.7122546274760614,0.8017507645495165,0.08293809611080226,0.7517618478029963,0.6764899416522994,33.83334243323255,0.8025487497732791,0.6778707900615709,-0.006477193027259159,0.6776383294673775
canus_cosine,joint,0.0,0.40199824843817034,9,0.06803097345132743,0.2079646017699115,0.06505159184735484,165.9896882519052,2.7478455961314996,0.6544826169331592,0.4672144904266362,0.06898720216180755,0.4526255451014078,0.38391673354838673,19.600609635657953,0.516548263574496,0.3575488233845393,-0.005527692003270454,0.38548662286128865
canus_cosine,joint,0.1,,9,0.06913716814159292,0.168141592920354,0.05902977556540419,171.79082079299732,2.476093670483142,0.6274885455380333,0.47785392559012607,0.06777272751163801,0.46286386461687457,0.3789264606439078,20.20894649602487,0.5038683037904121,0.3683103754497479,-0.0035796497257139237,0.3806140164248666
canus_cosine,joint,0.2,,9,0.06803097345132743,0.1913716814159292,0.06842813530979003,173.83896288047154,2.5707688903976744,0.6349329029134748,0.5488881172741131,0.06804317106690957,0.5291262630082751,0.45084369574696465,24.12023372168444,0.5774057322514589,0.4375935415424176,-0.0037017919424120332,0.45063098695793385
canus_cosine,joint,0.3,0.5783741215741388,9,0.06803097345132743,0.1670353982300885,0.06754162884305948,175.65699665815282,2.5033620147260716,0.638940949336693,0.5860752088366334,0.07070433571673584,0.5627557051079827,0.4772834459479951,26.321113637434365,0.5983118098608544,0.47519352561881495,-0.005939492416153158,0.47783640474973443
canus_cosine,joint,0.4,,9,0.06471238938053098,0.18196902654867256,0.06506094308180069,171.2459847003786,2.611122989136266,0.6377791011452256,0.6319939401862571,0.0686196580645446,0.6057253240233746,0.5336219177860493,28.665586619920656,0.6591351410661905,0.5214812728778893,-0.004135403336890775,0.5341427518830186
canus_cosine,joint,0.5,0.5417034807101425,9,0.08130530973451328,0.1709070796460177,0.05800044953956865,171.25578896403542,2.6229263972866583,0.6434986586257716,0.6647186881314204,0.07206614230750157,0.6343318386890758,0.5574236664782689,30.681276759955935,0.6772555818114142,0.5534988116539085,-0.006814192008197051,0.5573003674686371
canus_cosine,joint,0.6,,9,0.0868362831858407,0.13274336283185842,0.04875725191105079,164.36909833253222,2.7206247844039666,0.6465039021211403,0.713657496761521,0.07059908166403026,0.6794256129787752,0.6066308743589611,33.65183223858109,0.720528007655687,0.604919983405062,-0.004307693491089615,0.6089878030907222
canus_cosine,joint,0.7,,9,0.07964601769911504,0.15652654867256638,0.049826221437712676,157.25256690290158,2.6945663927022703,0.6517968416781931,0.7546506208168537,0.06860348512636798,0.7175042336870524,0.6461130813143996,35.508842119716924,0.7659740432488786,0.6433542783045486,-0.0031748012065417885,0.6457309779563043
canus_cosine,joint,0.8,,9,0.084070796460177,0.1388274336283186,0.04467787421098746,146.75056094471594,2.865848253293914,0.6766143423252269,0.7892845762035025,0.07070639642647608,0.7475648733525329,0.6774462135096492,37.50690171754724,0.7943442677897948,0.6771510393220933,-0.004863786879038129,0.6765505138140682
canus_cosine,joint,0.9,,9,0.09126106194690266,0.13827433628318583,0.027236494702443943,141.20809229131095,3.194895522459286,0.6733778450129257,0.7691256881908254,0.07245511054164422,0.7285270008108845,0.6591021205133596,36.788165845761576,0.7726000242694626,0.6584229728584686,-0.0062524891893049744,0.6594900047544815
canus_cosine,joint,1.0,0.32050441602790325,9,0.07466814159292036,0.13440265486725664,-0.00019556628564456062,111.440384353075,4.079628985215367,0.7058411135704076,0.772502239129197,0.07129884774233072,0.73217511761549,0.6581160443671438,37.069042063847725,0.7720522544783166,0.662143189409628,-0.005431698995127784,0.6586540059623821
canus_cosine,joint,0.0,0.45558034239039014,10,0.06858407079646017,0.21183628318584072,0.06574646774078612,154.6994952871056,2.600079618800428,0.6059135212490535,0.4296498178013846,0.05965036386348183,0.4189135788903108,0.36520418116083353,20.03821112863444,0.48673302639300736,0.33092408692207687,-0.0036590666840464817,0.3664263010600509
canus_cosine,joint,0.1,,10,0.06360619469026549,0.20243362831858408,0.07116073630030612,159.4582297190145,2.479184436278652,0.6018529129598469,0.4281686130781547,0.059549594365294625,0.4175229196224121,0.36253741797757066,20.007570433051605,0.48225453802359075,0.3292937762370024,-0.0034632701353611434,0.3633552626555916
canus_cosine,joint,0.2,,10,0.06637168141592921,0.14380530973451328,0.06654359664120914,163.67505571864433,2.4814842486285995,0.6250579434655396,0.4940938204592686,0.06169508487316431,0.47947782122792526,0.3933044910494638,24.19091719023837,0.5011389972815118,0.3938404637449917,-0.004271467318236369,0.3929460015110635
canus_cosine,joint,0.3,0.5542604109198475,10,0.056969026548672565,0.13329646017699115,0.061365505822000406,159.93615433211136,2.5783485783186935,0.6225873070237069,0.5820953180794954,0.061847718659319144,0.5618673802432262,0.47780838555269933,29.54781544112785,0.5849837122589708,0.4827908659180349,-0.004370836221690114,0.47882782271224283
canus_cosine,joint,0.4,,10,0.06084070796460177,0.12997787610619468,0.06366095393580666,159.38253454522854,2.515858425920121,0.6230568261770796,0.6217571369693548,0.06315242036490298,0.5982659446183302,0.5271815044742973,32.17615701547637,0.6331897543166259,0.5209807972430257,-0.005450381645147662,0.5266235859352322
canus_cosine,joint,0.5,0.5118123473944225,10,0.08019911504424779,0.144358407079646,0.0523631273888329,151.74401091815398,2.7002867867730735,0.6255704733321223,0.6690636088063799,0.06267738454856743,0.6421355534933191,0.5744630748566726,35.01680386242998,0.6803431672644267,0.5703002459038484,-0.004608839292079482,0.57592719440172
canus_cosine,joint,0.6,,10,0.07466814159292036,0.12223451327433628,0.04454738640247905,149.51923501146243,2.7785054256516584,0.6363987426074509,0.7041865457894559,0.06215272472994723,0.6746586832732333,0.6078947539687989,37.22805068565848,0.7131418900972373,0.6048426209425325,-0.0041455790046745,0.6085415851811317
canus_cosine,joint,0.7,,10,0.08130530973451328,0.11946902654867257,0.036607571069433756,137.58790786089457,2.8623389149371015,0.64828302493472,0.75047915105843,0.06214490557814747,0.7170376234218261,0.6499621112841253,40.06293900510374,0.7533363247309833,0.6510029630804343,-0.003759473762241429,0.6505485984806975
canus_cosine,joint,0.8,,10,0.08573008849557522,0.1161504424778761,0.03174761857614012,135.75089070730624,3.1765179425698524,0.652966572761601,0.77133662776341,0.06412699420613951,0.7349818532618031,0.6724646781897539,41.62648595955843,0.7740728337165675,0.6712914341514062,-0.005517962958664718,0.6724038381122168
canus_cosine,joint,0.9,,10,0.0918141592920354,0.11559734513274336,0.024438308440309423,127.73392814235602,3.2013611882080335,0.663279431468572,0.7736377217298606,0.06342819801092685,0.7374506871633575,0.6737659922512439,41.811642334367946,0.7745350799060197,0.673190547319122,-0.004714813540381856,0.6732898049844918
canus_cosine,joint,1.0,0.36103782206034923,10,0.07743362831858407,0.13716814159292035,0.008709441644912554,117.75176675422846,3.544016194157418,0.6975457729073362,0.7689363440397846,0.06169145638215205,0.734112398847914,0.6645757555246755,41.58819334037847,0.7685855782361888,0.6687543308417297,-0.003811305663134923,0.6643966428212549
dmon,joint,0.0,0.6926158799113213,3,0.32964601769911506,0.33738938053097345,0.12593746490384808,340.8041177197565,2.2356198060582826,0.7741289658003565,0.7429039029687833,0.3333333333333333,0.5954498877565594,0.4115200647651472,7.667336168688905,0.7454492870085034,0.41026316341468183,5.551115123125783e-17,0.4122070280921988
dmon,joint,0.1,,3,0.3313053097345133,0.33573008849557523,0.12777382607842588,345.30893726722235,2.224432818479091,0.7690350999948985,0.7735792658158838,0.3333333333333333,0.6149964354719566,0.44271717736921806,8.226650729781774,0.7771684787397555,0.44235856814446395,5.551115123125783e-17,0.44482218326065187
dmon,joint,0.2,,3,0.3268805309734513,0.33904867256637167,0.12730054324344695,344.461291437447,2.2224443697749656,0.7689631535258792,0.786297261377459,0.3333333333333333,0.6230075509903863,0.4558805415650434,8.45907636168468,0.7907080049955163,0.45228954948464495,-1.1102230246251565e-16,0.45519626596885887
dmon,joint,0.3,0.5710612723302245,3,0.32853982300884954,0.3368362831858407,0.12552235381467947,342.6918475956141,2.2351652820799326,0.7710856533356224,0.7996791901457051,0.3333333333333334,0.6313789797462138,0.4691419235672632,8.712138006779908,0.8037446769828672,0.46609919513156167,-5.551115123125783e-17,0.4689035652876904
dmon,joint,0.4,,3,0.33185840707964603,0.336283185840708,0.12350285500400818,340.61052564605467,2.256100696571384,0.7712549653010393,0.8141229488132281,0.33333333333333326,0.6403487457580863,0.4832816705753119,8.98011313558287,0.81765792381612,0.4799147028484068,1.1102230246251565e-16,0.482431303336944
dmon,joint,0.5,0.568402914409769,3,0.3180309734513274,0.3478982300884956,0.11432025738298898,329.9186226873293,2.3253018952654245,0.7709745867804785,0.8664153944875849,0.33333333333333326,0.6722625269826271,0.5351580699879265,9.935759342476148,0.8702732919279456,0.5335587719631575,1.1102230246251565e-16,0.535672397154026
dmon,joint,0.6,,3,0.3230088495575221,0.34623893805309736,0.1123216031275842,325.3902205788933,2.362617628832631,0.774028533669159,0.8784944625961598,0.3333333333333334,0.6795119635221439,0.5467666296425555,10.151860387796672,0.8819823323057395,0.5457280226019001,-5.551115123125783e-17,0.5473458126900047
dmon,joint,0.7,,3,0.3180309734513274,0.3495575221238938,0.10666962475723687,316.1084382987905,2.4265658668336036,0.7780395468040424,0.8900524886159165,0.3333333333333333,0.6864065391564405,0.5579595189271893,10.363188863078399,0.8932500348159611,0.5555708530888835,5.551115123125783e-17,0.5567457715952575
dmon,joint,0.8,,3,0.32245575221238937,0.3545353982300885,0.10537195622226285,311.45280164344456,2.4401349626830307,0.7795469352767068,0.8958684359353581,0.3333333333333332,0.6898603872286072,0.5635140985241068,10.454771934639398,0.8995448086846939,0.5610781069584082,1.1102230246251565e-16,0.5620626960015122
dmon,joint,0.9,,3,0.3268805309734513,0.34623893805309736,0.1122294348560021,305.920546874196,2.4714912599109646,0.7788977582642649,0.9043337359557785,0.33333333333333326,0.694869186740563,0.571275818694532,10.631748557021886,0.9058371675020731,0.5710375209190668,1.1102230246251565e-16,0.5712908540379584
dmon,joint,1.0,0.5227304947787588,3,0.32466814159292035,0.3478982300884956,0.11111259523418622,303.6972119487287,2.4844451432046566,0.7811618985345113,0.906761989226199,0.33333333333333365,0.6963019439577879,0.5736521008576636,10.673883924646448,0.9083777865084035,0.5738231326954688,-2.7755575615628914e-16,0.5740272734587564
dmon,joint,0.0,0.454672341550045,4,0.20353982300884957,0.2809734513274336,0.09709707017708445,290.7225914249232,2.6054797220307244,0.7379113891144209,0.5946297692704507,0.21050883483056046,0.5284776718798158,0.34849139727455763,8.557236982973368,0.6048727546630335,0.34338085557623477,-0.011135470650816687,0.3471215800550417
dmon,joint,0.1,,4,0.24004424778761063,0.27599557522123896,0.09491764639615788,280.3857830312815,2.0798784063413254,0.7228897508481601,0.6804329616765201,0.19755538834559905,0.5998052251433481,0.43352520818273255,10.790050939601432,0.685241142740652,0.43095168289756375,0.0022947689927820814,0.43413287226405456
dmon,joint,0.2,,4,0.22511061946902655,0.26991150442477874,0.0951849535363264,282.5844380243507,2.266075755301572,0.7199737549532249,0.7575070979581886,0.19369576021330648,0.6605825238921911,0.5144234474641243,12.630772247776031,0.7679115725585284,0.5089074458538736,0.006113099511489306,0.5158186052793097
dmon,joint,0.3,0.6005803313689841,4,0.21238938053097345,0.27599557522123896,0.09739107420637291,283.8195891564556,2.2883980547274563,0.7249935386106843,0.7982333533559,0.19257351596860894,0.6918787224113894,0.5554239973315529,13.607470145662123,0.8104364036314319,0.5464312870772501,0.007014297760121552,0.5536538527191546
dmon,joint,0.4,,4,0.21460176991150443,0.28650442477876104,0.0909023618288731,278.54001283080214,2.3864899797064867,0.7375903859522938,0.8317733169533736,0.19752733257003952,0.7143990131758144,0.5846998426263295,14.442168449041596,0.8388066572273501,0.5856514864107747,0.0019495526593125145,0.5887452853486499
dmon,joint,0.5,0.6626835994370694,4,0.2206858407079646,0.28595132743362833,0.08692495497573817,273.086850097126,2.4398881890985704,0.7391691681915528,0.8499290557417924,0.20072607868432324,0.7260609353414731,0.6008197505697828,14.90847934071012,0.8541575462111083,0.6015066809103217,-0.0011725058636631314,0.6024587368517088
dmon,joint,0.6,,4,0.22898230088495575,0.288716814159292,0.08046269006375603,262.8402779317883,2.626273248647012,0.740201183020486,0.8747233156836898,0.20753276106212978,0.7403286782811966,0.6242063137104576,15.508789515846788,0.8770268245793825,0.6284312730595752,-0.00791293754383987,0.6280143016405049
dmon,joint,0.7,,4,0.23672566371681417,0.2771017699115044,0.07403692820809361,250.81424832233154,2.803441535637085,0.7444027284068105,0.8858332416744653,0.21501739554203855,0.7441040695503641,0.6355648621833769,15.769191579001774,0.8871956253478348,0.6326605040138671,-0.015153738967573854,0.6323151398410868
dmon,joint,0.8,,4,0.23893805309734514,0.27488938053097345,0.07160716006527604,248.1548538313498,2.8556495133049573,0.7463463889437333,0.889909060548683,0.2150015492669335,0.746986725768359,0.6394596008925144,15.876446657142896,0.8907932903555448,0.6403755373254629,-0.015119243677701621,0.6399311656198032
dmon,joint,0.9,,4,0.23672566371681417,0.27654867256637167,0.07133785504964843,249.4169085552754,2.861896840079571,0.746463847716087,0.8921697975224854,0.2172895773206728,0.7472990105250104,0.6416202430180102,15.928707910456719,0.8931522000809525,0.6422019726909945,-0.017454667575873717,0.6416411950745298
dmon,joint,1.0,0.581746416367433,4,0.2345132743362832,0.27323008849557523,0.07037752687874443,246.9823670250992,2.8911903201306703,0.7489706505009388,0.8919730846945386,0.2177715765255219,0.7468920115591932,0.6414683691979719,15.925500224084274,0.8928081293789647,0.6423611930096005,-0.017925637448944987,0.6419641453916369
dmon,joint,0.0,0.5156352914854725,5,0.17920353982300885,0.21183628318584072,0.08120744340780206,257.10772467135223,2.318570823536443,0.7005328762901938,0.6182851076472679,0.14640932069930884,0.566962160593252,0.4223334964468286,13.040214850967317,0.625026918302188,0.4177605866525691,-0.0037261365600573804,0.4218466555813185
dmon,joint,0.1,,5,0.16261061946902655,0.21515486725663716,0.08880743195163371,268.0613743338937,2.263218963834236,0.6976236985766687,0.6427656847149377,0.1460510707986235,0.5876034600289073,0.4453338272750704,13.766888444278242,0.64957837772113,0.44335912963857155,-0.00365887786212421,0.4459695368721974
dmon,joint,0.2,,5,0.17588495575221239,0.22234513274336284,0.08368322353687896,262.3114713198407,2.3258223589534994,0.6965034302148676,0.6746335072817857,0.14908708841643067,0.6129804568193724,0.4763711838291175,14.767285780324734,0.6800272514653631,0.4760012354191593,-0.006527980511364245,0.4776956842819588
dmon,joint,0.3,0.6338286688512568,5,0.18418141592920353,0.2157079646017699,0.07995677821837348,250.1597614787448,2.3960130176261503,0.6945417946320708,0.7384501008457475,0.14830819144928564,0.6655592504535582,0.5412462112034293,16.77752853959139,0.7431388849894446,0.5382852455603611,-0.005606370051399162,0.5411265930294475
dmon,joint,0.4,,5,0.18252212389380532,0.21460176991150443,0.07807919821411693,248.73323909756806,2.4218826396481568,0.6971096200705877,0.7586813789348107,0.14954107980217507,0.6813764706043788,0.5610795826752978,17.391472550601897,0.7629766624470995,0.5595134332673282,-0.006802709971204107,0.5618781662943865
dmon,joint,0.5,0.45551674601068415,5,0.18252212389380532,0.22511061946902655,0.07647683600999132,234.52649012387894,2.5963035600619087,0.7108015693073635,0.8138144443359987,0.14441468585979406,0.7282281511384943,0.6159540022450514,19.069823667925107,0.8181225211767539,0.6163518955797128,-0.0017866297173521895,0.6185976417102567
dmon,joint,0.6,,5,0.19469026548672566,0.20962389380530974,0.07450515226286751,224.69688867639755,2.6729364924417065,0.7089165487179911,0.8231118183643128,0.1542128501415351,0.7303990401970866,0.6245787130503425,19.37888187163224,0.8252332578526659,0.625011233250298,-0.01138621619410235,0.6265052639519937
dmon,joint,0.7,,5,0.19469026548672566,0.21238938053097345,0.06852970554550158,214.6246963969119,2.7606396501366377,0.7188448402604037,0.856081819510465,0.15725246756362385,0.7545090701576841,0.6569984102020118,20.3279421646251,0.8581424943459998,0.6552854991637549,-0.014429792051740442,0.6561874756950056
dmon,joint,0.8,,5,0.19524336283185842,0.206858407079646,0.06676248925341176,212.02135142547317,2.781972700823536,0.719055984060844,0.8631382731331328,0.15614829941865324,0.7606233091663466,0.6639928488767951,20.56034176010407,0.8648124808327788,0.662043428012528,-0.013297778513022412,0.662864213571938
dmon,joint,0.9,,5,0.19469026548672566,0.206858407079646,0.06606057469783895,211.33106610329787,2.7784300083093516,0.7187159665801254,0.8631092357341398,0.15641579488538387,0.7604460413479374,0.6640075049454172,20.561205335219583,0.8648009577507773,0.6631910922188133,-0.013569933077176327,0.6640787878375143
dmon,joint,1.0,0.48812503095280324,5,0.19247787610619468,0.21238938053097345,0.060401014216989374,206.9165033521725,2.895719565481886,0.7244488003372425,0.8665512391286198,0.1550946800373621,0.763886775958455,0.6673307701118599,20.65486850262142,0.8685429803602598,0.6659470153494689,-0.012296077151675022,0.6667804763610214
dmon,joint,0.0,0.45185036778018245,6,0.13993362831858408,0.19690265486725664,0.07376903836356774,221.3379980173313,2.392614387021546,0.6749486848959093,0.6022617204260736,0.1134248678559196,0.5637510643671574,0.4466335625905607,16.289057081689823,0.617482840329209,0.4365182741214451,-0.002817539765853319,0.44756239232425504
dmon,joint,0.1,,6,0.1377212389380531,0.19413716814159293,0.0715272032818812,222.36870408235185,2.3593400397090023,0.6752220770694357,0.6355153969632452,0.1156411946681419,0.5920077086760582,0.47741369646265086,17.494306016179234,0.6486146368911464,0.46852597798976436,-0.0051064662297947705,0.4771565939433708
dmon,joint,0.2,,6,0.1404867256637168,0.19081858407079647,0.07105463555320413,223.05837229730088,2.3692081270729854,0.6746406931011907,0.6742877918781408,0.11701884443273895,0.6249745626115342,0.5147954260729951,18.92539792166706,0.6855846987912815,0.5078475281768728,-0.006346600674140612,0.5151175334626373
dmon,joint,0.3,0.6084672303478247,6,0.14988938053097345,0.17643805309734514,0.08262040938655564,225.7072868104068,2.288366305666013,0.6694990318558371,0.6974961344080378,0.11297336938114474,0.6465490468199258,0.5349763553264051,19.80696691108182,0.7039513021763874,0.532553785424685,-0.001982788390171311,0.5366276753609909
dmon,joint,0.4,,6,0.14657079646017698,0.18030973451327434,0.08195173883562944,225.29289383815967,2.324681257992767,0.678903584168019,0.7363080655222896,0.11297330288009967,0.6797632170845064,0.5714148718576668,21.202629018446824,0.741011145501193,0.5688470494019519,-0.00210396228756439,0.570632639067312
dmon,joint,0.5,0.6108786619519513,6,0.1515486725663717,0.18418141592920353,0.07715122548785776,210.59414873520353,2.4312352024308037,0.6866811461808265,0.7942110771120006,0.11560547447972562,0.7274226578291073,0.6292340252203779,23.30057125662889,0.798829868869081,0.6270653845756258,-0.004700441430106991,0.6288657878593555
dmon,joint,0.6,,6,0.1415929203539823,0.17975663716814158,0.06289554842285514,191.54210944685917,2.928678319562269,0.7020623291290308,0.8251498947914374,0.11682659064300281,0.7525996985502478,0.6631133727264289,24.453464841511284,0.8333345063364406,0.6577814038258658,-0.005980632458992455,0.6625215734032908
dmon,joint,0.7,,6,0.144358407079646,0.18418141592920353,0.06694102172274105,194.55025876182205,2.69462242813542,0.699780776832335,0.8244751805370042,0.11843110810865855,0.7511320147181053,0.6619708228391814,24.403772401798186,0.8325131411956422,0.6588206755506707,-0.007597302722084628,0.6628868526574985
dmon,joint,0.8,,6,0.14878318584070796,0.19081858407079647,0.06673140834346386,189.47787136785348,2.7939379142608627,0.7108282501945865,0.8413769581130409,0.11560908361139835,0.7667906076311862,0.6781294301067078,25.005798242882037,0.8494155466256955,0.6765325023438925,-0.004822355238298132,0.6799726526165255
dmon,joint,0.9,,6,0.14823008849557523,0.18086283185840707,0.06501546552048379,184.09072158010255,2.59398072597028,0.6974228788484695,0.8358242902502392,0.1144569679376188,0.7628459365008304,0.6727857970424442,24.856821123092697,0.8424557787049154,0.6689632533152068,-0.003567734806815742,0.6726529616422364
dmon,joint,1.0,0.5426868603041608,6,0.14712389380530974,0.18418141592920353,0.06377529148822603,181.43510399313007,2.622861460172641,0.701990644361965,0.836398782329646,0.11413272960916017,0.7635134270941215,0.673450782602693,24.858551884319972,0.8435143570934254,0.6693519480885872,-0.0032602099816856633,0.6731474012700892
dmon,joint,0.0,0.5354469735786834,7,0.1277654867256637,0.1609513274336283,0.06946520323532479,204.08598193097677,2.442869948054257,0.6678612332937697,0.4872815434515494,0.09323624027722463,0.46610530771433367,0.3514316238965096,15.076637729015076,0.49688197389622196,0.34346380429719137,-0.002615951898636115,0.3505766640755772
dmon,joint,0.1,,7,0.12389380530973451,0.1670353982300885,0.073437970358731,208.25410456204577,2.417018337227792,0.6580647122260959,0.5149078219608642,0.0936732340107225,0.4912150087063931,0.38174344468514515,16.22541310919983,0.5280840926039281,0.3720036208633697,-0.003138803317558045,0.3815673264844598
dmon,joint,0.2,,7,0.12389380530973451,0.16869469026548672,0.07319924724268499,208.3336084921354,2.470725057501568,0.6616468817855092,0.5681794369343758,0.09509789501970838,0.539052966709367,0.4310642727435485,18.422235598385654,0.5775241303163939,0.42522319324293895,-0.004549916208518093,0.4311345034430363
dmon,joint,0.3,0.5551043907961543,7,0.12334070796460177,0.15597345132743362,0.06906793487529153,204.70687836211027,2.502229201752236,0.6562618946629633,0.6761116780281274,0.09609626841074534,0.6348634509682579,0.5368432456878189,23.14943686299417,0.6824814915508686,0.5334302706073144,-0.005421741301731578,0.5370671747346876
dmon,joint,0.4,,7,0.12112831858407079,0.1620575221238938,0.0642099698659451,197.51844447600163,2.4423862001030785,0.6642007144256317,0.7409288905406488,0.09376942992718178,0.6927958722014709,0.6027876046260932,25.90397147642593,0.7496245138922569,0.5985514172083157,-0.0032298298856110463,0.6031805103539495
dmon,joint,0.5,0.5928737552509616,7,0.11836283185840708,0.16316371681415928,0.06984768006039238,197.49928702436262,2.5363433081270306,0.6707748862167725,0.7566216705583718,0.09560576499838574,0.7055817274062018,0.616724474869439,26.566495854777347,0.7637839161973377,0.6137469793102475,-0.005141614929335556,0.6167974966538894
dmon,joint,0.6,,7,0.12002212389380532,0.1592920353982301,0.06374220377662329,191.20949621119,2.5441141240161684,0.6729520404731362,0.7831829651949195,0.09537509144590416,0.7287482768374126,0.6422430060675455,27.730032289098922,0.7886023315442278,0.639290339251845,-0.004793648224062988,0.6412603729001435
dmon,joint,0.7,,7,0.12555309734513273,0.16039823008849557,0.05795461651847823,174.71358653098375,2.798061421467899,0.6785742194276306,0.7983605706571896,0.0974154003535722,0.740750469838984,0.6598312626587357,28.374584968914633,0.8060323122234662,0.655347374863638,-0.006800200814035748,0.6597993794662078
dmon,joint,0.8,,7,0.12555309734513273,0.16150442477876106,0.054454911598201955,171.6284435569358,2.816789414225203,0.6826201336606862,0.8083906148334387,0.09752653895699977,0.7493149683224347,0.6689310704035041,28.820070775537587,0.8147388568435717,0.6663958346861112,-0.006850878841827598,0.669637383653175
dmon,joint,0.9,,7,0.12112831858407079,0.17311946902654868,0.055723091863603795,168.05511936618853,2.82686823833681,0.692278599821481,0.8231923163737448,0.09705042215503361,0.7622919285562524,0.6822693175880499,29.451204984810403,0.8288162244582988,0.6807493670324154,-0.006557667283885141,0.6827130668271478
dmon,joint,1.0,0.5219284463913472,7,0.12997787610619468,0.16924778761061948,0.0541328879961964,165.1000135090367,2.824948880993849,0.6943709298657811,0.8216490499879338,0.09581647787800893,0.7616835913250882,0.681305487192776,29.392386741378623,0.8272823113174781,0.6774051588709056,-0.005180270132432219,0.6799656774997872
dmon,joint,0.0,0.4787178373790816,8,0.10951327433628319,0.15763274336283187,0.07269038390269236,184.1513437150622,2.372054413781513,0.6474783384469182,0.4760709273512973,0.0787433050953141,0.4588691179679027,0.36425694929771885,17.434151630862665,0.4935851148447961,0.35373016301133964,-0.0022408165358140525,0.36692407904616553
dmon,joint,0.1,,8,0.10121681415929204,0.1543141592920354,0.08167626742780511,187.26902103694508,2.3442892062609753,0.6588486658633823,0.5264458436789878,0.07763606343685381,0.5057742517226633,0.405881482343347,19.863741334522445,0.5358204871765032,0.4015221985958255,-0.0012623314120718127,0.40588613048040917
dmon,joint,0.2,,8,0.10398230088495575,0.15376106194690264,0.07738324395252096,192.23879643860587,2.3868663917562047,0.6503817895092779,0.5393439149955331,0.07917004910833117,0.5172570968399708,0.4176529488523978,20.461946407920955,0.5472201166349151,0.41410308149131736,-0.0027072602446893967,0.41738647561290254
dmon,joint,0.3,0.46883560643578265,8,0.10730088495575221,0.1515486725663717,0.07580616438515593,189.20038169405376,2.3931783331432337,0.6454001963827802,0.6083912960086111,0.08049784322749713,0.5799869085927372,0.4884699822547637,23.877395132445272,0.6176959609727727,0.4833795684429946,-0.0039536592806302395,0.4883836230048808
dmon,joint,0.4,,8,0.11172566371681415,0.1504424778761062,0.06798690820739942,181.4367381741228,2.4162648173116064,0.6520562323016067,0.71919188462141,0.08077715840393172,0.6797049189278102,0.5994342443152694,29.38479231535999,0.7279910831149805,0.5938841432266655,-0.0041149173667943545,0.5990202227917321
dmon,joint,0.5,0.48495266809305926,8,0.11117256637168142,0.14657079646017698,0.06432340272670632,177.2370914504777,2.4286656592076836,0.6572715427644362,0.758868538917373,0.08022221480534115,0.7153211365489341,0.6384990297067934,31.37451081564585,0.7666137299931174,0.6332396804369711,-0.0035150051538295063,0.63794546755825
dmon,joint,0.6,,8,0.10896017699115045,0.14767699115044247,0.06045816316807823,169.87338705633437,2.5122082602347273,0.6664079504948783,0.7808030365009109,0.0801500815627584,0.7348171317668099,0.6587210204831113,32.44177332565441,0.7868863711208951,0.6567627112019966,-0.003482980016732848,0.6596693066690947
dmon,joint,0.7,,8,0.1084070796460177,0.16537610619469026,0.05558296868181832,157.2341789451112,2.7629353597884583,0.6748153415351578,0.8025190994993414,0.08127839295168982,0.7533781540422304,0.6817078397254992,33.343304734166495,0.812458403589016,0.6773341918425477,-0.004899504501165358,0.6817732720204465
dmon,joint,0.8,,8,0.10453539823008849,0.1670353982300885,0.054468406893082924,155.12564654407348,2.796003355588131,0.6759999061493166,0.8097791349717985,0.08125840472657485,0.7597842945598745,0.6885900238598923,33.68266596203146,0.8196287672024343,0.6853891551421188,-0.00493372968118444,0.6891658038447765
dmon,joint,0.9,,8,0.09955752212389381,0.16648230088495575,0.05398559373663263,153.9430684643842,2.832192421775123,0.678965582805135,0.8129420449540248,0.08091705250625154,0.76276659178463,0.6908976211694425,33.839104822383504,0.8218223209706762,0.6899206476589728,-0.004590134728004416,0.6928834557795802
dmon,joint,1.0,0.5171707245987072,8,0.09679203539823009,0.16648230088495575,0.05247297235696753,152.3904704064625,2.846739703075995,0.6811498329283278,0.8135404624669752,0.08081690490583253,0.7633517475020728,0.6912760842980639,33.862606934017734,0.8223797190042776,0.6887923428480253,-0.004539656910830317,0.6914015410974518
dmon,joint,0.0,0.4824493462209188,9,0.09347345132743363,0.13440265486725664,0.06060304497808192,169.2483373370893,2.572822545622784,0.638436623612146,0.4322393271276047,0.06962579910194565,0.41961112668056993,0.3335843390738005,18.01162768072193,0.44770509962215393,0.3211563324445646,-0.003312663171571764,0.3335895101945225
dmon,joint,0.1,,9,0.10011061946902655,0.12997787610619468,0.06370905476456933,173.11603811552976,2.367247049181756,0.6324539075727313,0.49882930131514924,0.06914795460537498,0.4821968721241857,0.3930045894866017,21.625305141405043,0.5062151456505245,0.3895934476137827,-0.0026280268912295124,0.394847981162005
dmon,joint,0.2,,9,0.10011061946902655,0.125,0.06482334722710342,175.30386669398575,2.4936124257124144,0.6300129002771286,0.5687857874534887,0.06916933311314571,0.5472553744933921,0.4653355281154361,25.62472387635277,0.5792523495358621,0.4589036025950265,-0.0027337063057934763,0.4666275659646512
dmon,joint,0.3,0.4851743539516047,9,0.08849557522123894,0.14380530973451328,0.06078228759871397,169.97595790142032,2.646921447775195,0.6254351437169118,0.5869609434292559,0.07125026375816838,0.5633989664969501,0.4900936698155901,26.55373211330307,0.605655710897845,0.47566126759800764,-0.005070033143864755,0.4900366391136275
dmon,joint,0.4,,9,0.09623893805309734,0.14214601769911506,0.05701679598546166,163.15572150755483,2.760525184385683,0.6273677049189272,0.6947660335918147,0.0706460960893537,0.6622606213662202,0.5919822103111239,32.51952839847255,0.7067994561581626,0.5843070248400841,-0.0043238209207925316,0.5926224158667048
dmon,joint,0.5,0.503354830259209,9,0.09402654867256637,0.1388274336283186,0.0534369002869602,159.60711453142693,2.7138293116864904,0.6343121819258731,0.7406509797084921,0.07074371280401609,0.7037756681514614,0.6360340830565345,35.049478991082665,0.7506107246242998,0.6307531054307499,-0.00438087901963477,0.6372885061741566
dmon,joint,0.6,,9,0.10121681415929204,0.13495575221238937,0.049643236487898874,153.37598493825018,2.7450838304028853,0.6473460063105572,0.7682685068413561,0.07063447484762185,0.7287234247423129,0.6623915642479108,36.57752056324561,0.776572001137157,0.6582476308253336,-0.004176714513841218,0.6634509159598334
dmon,joint,0.7,,9,0.10011061946902655,0.13329646017699115,0.04617283327251873,149.54509289435333,2.7510891276560514,0.6543007630040081,0.78300366322217,0.07054423481242102,0.7420173029176114,0.6765086485107337,37.402523828822844,0.7905561801876362,0.6736811361655469,-0.004087505690182694,0.6782878754133111
dmon,joint,0.8,,9,0.09679203539823009,0.13053097345132744,0.0438813703369968,147.1451756829685,2.7650562674187023,0.6611649178460142,0.7908293932772292,0.07052541735644241,0.7490520822718897,0.6838939688086813,37.82560063999829,0.798042684835311,0.6801970692785754,-0.004092388496377608,0.6844412701228771
dmon,joint,0.9,,9,0.09457964601769911,0.12997787610619468,0.042664594388382056,144.24057887536006,2.731828536668272,0.6657043006932402,0.8014610582969339,0.07071814626244359,0.7584724763753874,0.6920659680874186,38.442918216963584,0.805717879266868,0.69031219714114,-0.004263501824899069,0.6921215954954404
dmon,joint,1.0,0.4990048518434153,9,0.09845132743362832,0.13993362831858408,0.04119519365033899,139.6577140664836,2.777043389946259,0.6738280496426324,0.8064610811092715,0.06991015211920948,0.7634196226007988,0.6980864914088933,38.57811606035564,0.8129565994991714,0.6956654795125456,-0.003574402369730917,0.6985056845593756
dmon,joint,0.0,0.4835286973534159,10,0.08517699115044247,0.11670353982300885,0.04908525281591322,152.5260301516911,2.6069769975676125,0.6231117216401052,0.41459573177428544,0.06112027374998803,0.40434943436874476,0.3236509976810402,19.662479429385073,0.4254766136123996,0.31551650994131497,-0.0024680954767297633,0.32464737445238806
dmon,joint,0.1,,10,0.08573008849557522,0.11504424778761062,0.05199199895925649,155.50718806903,2.6272599947778197,0.6209993031070778,0.4491535186939196,0.061393575330198465,0.437100413431315,0.3560820756551434,21.777471765145375,0.45765537858542005,0.3498044706635659,-0.0027238949734325335,0.3568977619193839
dmon,joint,0.2,,10,0.08628318584070796,0.12112831858407079,0.05343669249163562,155.78930208292928,2.5676437032977346,0.6102218990286892,0.4867262203291028,0.061993324766211236,0.4724700156048488,0.3994716377535138,24.054527689835286,0.5020878388219886,0.3859069165248381,-0.0034248896053386685,0.39863992462072995
dmon,joint,0.3,0.4470087294150341,10,0.09015486725663717,0.1161504424778761,0.0530229505328564,154.9454213367298,2.5315731764383766,0.6128620857055103,0.5542952504298274,0.061691758551840434,0.5359675979009563,0.463508642040123,28.19064349960996,0.5655262162603839,0.4555826167729493,-0.00302726586470331,0.4647941484876577
dmon,joint,0.4,,10,0.08462389380530974,0.12057522123893805,0.04799672383398986,149.3605672846826,2.5578769573566036,0.6218388477532809,0.6561575260635905,0.062149243111384984,0.6304480478378274,0.563236055012846,34.36994724411483,0.6661773513759384,0.5574007655240697,-0.0035969467584565026,0.5645058527764515
dmon,joint,0.5,0.4713513261002862,10,0.08185840707964602,0.12057522123893805,0.041328351315451615,145.15103002562282,2.709381030045584,0.6250014894748135,0.7207636994995166,0.06281726260453957,0.6895436438778048,0.628708310220784,38.400631514385864,0.7318285223488769,0.6222929431283742,-0.0042880387333110725,0.6301694553502493
dmon,joint,0.6,,10,0.07798672566371681,0.12444690265486726,0.04290863371400512,144.4457681953941,2.7266645616034397,0.6352483200632522,0.7567745801209534,0.0620724778353469,0.7228201930948416,0.6601730840099959,40.418888281327696,0.7645862938425304,0.6579562457242483,-0.0037211924411781547,0.6613674860105714
dmon,joint,0.7,,10,0.07798672566371681,0.12389380530973451,0.03764491241768589,139.7941272513941,2.7579264871377225,0.6412719726967366,0.7702097346839897,0.06204784154649195,0.735080353685487,0.672608054267094,41.198628907434156,0.777387225787611,0.6707615659141908,-0.003756421150742442,0.6732346531991056
dmon,joint,0.8,,10,0.08130530973451328,0.11946902654867257,0.03329434400573269,136.70307505034654,2.7962059715117675,0.6473937706811517,0.7794856729058169,0.06196460218887169,0.7435708161036784,0.6811350394589849,41.794617607745245,0.7851901981134028,0.679658852710363,-0.0035683191769368405,0.6813712146740604
dmon,joint,0.9,,10,0.08185840707964602,0.1161504424778761,0.031198186202240446,134.03230898426315,2.812464345728525,0.6517696266443823,0.7835338214610623,0.06181609716707946,0.7473365724511122,0.6849660385659094,42.08073763125233,0.7886726317980697,0.6846283006695862,-0.003372842832472439,0.6861489286610394
dmon,joint,1.0,0.48826505083700217,10,0.08130530973451328,0.11283185840707964,0.029374744458846042,133.0171294581374,2.8417400391799146,0.6526298626269045,0.7904297639160125,0.06290577444660947,0.7529891864698818,0.6917821090786868,42.625777759651264,0.7942605913289811,0.691917574058619,-0.004294252010262782,0.6932103528924025
fused_spectral,joint,0.0,0.963126258890074,3,0.1670353982300885,0.5342920353982301,0.21187925596056448,398.46984253417196,1.808117361663652,0.8273838770612209,0.7782879608207196,0.3333333333333333,0.6179687484579602,0.42201384935323905,8.233505641339473,0.8252058146289869,0.44590479715670195,5.551115123125783e-17,0.42300348080998224
fused_spectral,joint,0.1,,3,0.1592920353982301,0.5398230088495575,0.21565478391921075,403.152905917697,1.7820064531611204,0.8268010237206136,0.804111881823871,0.3333333333333335,0.6341389844493809,0.4440712172596383,8.704953441627605,0.85179453573446,0.47039531506617394,-1.6653345369377348e-16,0.4437356389239349
fused_spectral,joint,0.2,,3,0.16758849557522124,0.5359513274336283,0.2136186444671797,399.14014147449456,1.8178961974587946,0.8214353683328686,0.8317707295754021,0.3333333333333332,0.6512164648751602,0.47010598796030967,9.217450188567875,0.8738771178361232,0.4975515905522601,1.6653345369377348e-16,0.46934774744302965
fused_spectral,joint,0.3,0.9564040901434943,3,0.1709070796460177,0.5420353982300885,0.21227405735881008,395.4850028909307,1.8278289965194492,0.8201578902176461,0.8478869168153911,0.3333333333333335,0.6610539252934624,0.481564215527226,9.536032750601596,0.8866021884858873,0.5136907039663295,-1.1102230246251565e-16,0.480483540584214
fused_spectral,joint,0.4,,3,0.17975663716814158,0.540929203539823,0.2085759126835573,387.3985253851628,1.87459729227332,0.8216085433494537,0.8645579902762229,0.3333333333333334,0.6711437575408937,0.4954146489535115,9.867184068111913,0.8974195645301272,0.533032968885371,-5.551115123125783e-17,0.4974908881155156
fused_spectral,joint,0.5,0.954128016432829,3,0.1913716814159292,0.5331858407079646,0.20447091632900277,378.27249992750905,1.953601134375458,0.8228345393604864,0.8801205919902347,0.33333333333333354,0.6804844626275856,0.5110591306538396,10.170393992639319,0.9067190922363199,0.5481365264871516,-1.6653345369377348e-16,0.5124076389668718
fused_spectral,joint,0.6,,3,0.2002212389380531,0.5309734513274337,0.1996854932166731,368.2617655114659,2.0359819480857433,0.8236758977961006,0.892589799628238,0.33333333333333315,0.6879146112802471,0.5223388007168639,10.417099370393695,0.9150535132900317,0.5569082213911771,2.220446049250313e-16,0.5202120361092437
fused_spectral,joint,0.7,,3,0.21626106194690264,0.5271017699115044,0.1932709074210401,358.83983387645054,2.094679053957364,0.8197221393770721,0.9059989075759871,0.3333333333333334,0.6958518901416475,0.5349712705599146,10.707418642942422,0.922735084367809,0.5720580677339413,-1.1102230246251565e-16,0.5350470556649095
fused_spectral,joint,0.8,,3,0.23672566371681417,0.5176991150442478,0.18036620433889697,344.88297808514295,2.162672895881713,0.8110384148465576,0.9135951113393787,0.3333333333333334,0.7003241919627543,0.5451162142803717,10.91385448143533,0.925362768072703,0.580497179724776,-5.551115123125783e-17,0.5451841481426235
fused_spectral,joint,0.9,,3,0.22289823008849557,0.4950221238938053,0.16129079516998962,325.7207671727553,2.2493205441244934,0.8043063183644839,0.921191707537038,0.3333333333333332,0.7047793958400874,0.55765198235043,11.120166197821668,0.9266201087792026,0.5899090911696039,1.6653345369377348e-16,0.559757895389223
fused_spectral,joint,1.0,0.9245359242517379,3,0.21847345132743362,0.4684734513274336,0.14013598118730272,305.3852494074826,2.3225027451262865,0.8016995742197321,0.9301042125088207,0.3333333333333335,0.7099843888733012,0.572334652804439,11.307106061313556,0.9319009518715562,0.5981255617254765,-1.1102230246251565e-16,0.5732796877462334
fused_spectral,joint,0.0,0.9019832323930748,4,0.11172566371681415,0.48064159292035397,0.16420349800313386,313.86891756274196,2.003209980689011,0.7965052275980925,0.6727599845239747,0.21116357534067706,0.5890746270582308,0.4194346418155469,10.380549031688329,0.7572306533381223,0.4203583064345054,-0.022098965006450394,0.41713578670398443
fused_spectral,joint,0.1,,4,0.11559734513274336,0.5016592920353983,0.16693460182447412,314.98130529592055,1.9506837018850725,0.7846356937336509,0.7296229915737555,0.20577038952819363,0.6343804109012462,0.45927373071667316,11.72491902067792,0.8112473492721815,0.47984523165192444,-0.017861047537695768,0.4595148566813967
fused_spectral,joint,0.2,,4,0.1277654867256637,0.4834070796460177,0.1564044294782775,301.22110877981277,2.1515108997328456,0.7898806030027575,0.7744394479523619,0.20868992319609023,0.6666904628002963,0.4988898027411628,12.815551581373764,0.8356017839494554,0.5232658760833678,-0.018553051579235758,0.49784517381118765
fused_spectral,joint,0.3,0.873455985158049,4,0.13329646017699115,0.478429203539823,0.15043609076138398,293.79511418677606,2.247254493655944,0.7943053563075858,0.7922621467347366,0.20721799935232207,0.6805376206596905,0.515532244223201,13.287077245414746,0.8466042745826967,0.5443383069602121,-0.015988555643455526,0.5166803679163314
fused_spectral,joint,0.4,,4,0.12444690265486726,0.47676991150442477,0.14696636428825158,279.5166058249337,2.2394564308210656,0.7986441276871583,0.8255212042020486,0.2057932749084578,0.7056420041789457,0.5391597478377824,14.030849104499984,0.8691978603819779,0.5750253361400912,-0.01488914361531965,0.5384852314665532
fused_spectral,joint,0.5,0.9205096126305948,4,0.125,0.4657079646017699,0.14321573063689388,275.7956224199296,2.2343955340787414,0.7935364828567975,0.847329221917702,0.20508290496257398,0.7218852459903964,0.5590234983313301,14.562547787213646,0.8816470931725592,0.5963719166685617,-0.013443855693995588,0.5576850824088341
fused_spectral,joint,0.6,,4,0.12665929203539822,0.45685840707964603,0.13750433717888821,264.5920590939798,2.37811971785805,0.8039269072932255,0.8584426968640091,0.20101781257363247,0.7321084061170501,0.5744975965117602,14.890988224987916,0.8907533490625944,0.6073590913029039,-0.008939792342312347,0.5734947883324889
fused_spectral,joint,0.7,,4,0.13938053097345132,0.4424778761061947,0.1276850529369557,253.08133025857617,2.59997282228861,0.8137461353001773,0.8607614356398542,0.19899618612051675,0.7348843812723669,0.5836666779182351,15.027096073788728,0.8898267305149662,0.6107025074909636,-0.00567442818696598,0.5841169518058311
fused_spectral,joint,0.8,,4,0.13661504424778761,0.3915929203539823,0.11886012215205996,257.8127289666179,2.296406139123296,0.7885230442757127,0.8922101518199443,0.19751987744630617,0.7585342394127254,0.6186584101345429,15.826101473772827,0.9042948255261541,0.6439866572990143,-0.0030696133227409717,0.6206977425850446
fused_spectral,joint,0.9,,4,0.14103982300884957,0.3678097345132743,0.10815564557670565,252.69678563065733,2.3238054875514735,0.7894894048378021,0.8961884259417998,0.19895092237249765,0.7605790688035919,0.6247861540400653,15.957011186864886,0.9041451032241327,0.6478846331509657,-0.0038798205436435806,0.6266929375128575
fused_spectral,joint,1.0,0.8760645648113913,4,0.1515486725663717,0.3633849557522124,0.10412287481243603,245.57264504203204,2.3963296561911474,0.7907819640074303,0.9007034794195365,0.19907917224010938,0.7637537917589701,0.6302333211361691,16.107276322712817,0.9068850560246489,0.651997689915396,-0.0034084800394678927,0.6317112305925474
fused_spectral,joint,0.0,0.8434536454975812,5,0.08517699115044247,0.46792035398230086,0.13772281616185855,251.2272763547117,2.2773265401663254,0.7976620868590478,0.5944149143593188,0.14982692115833934,0.5458058009479823,0.39146134148720935,12.178111597148805,0.6929170812011248,0.39483928729920326,-0.021520142106128404,0.39252810520751413
fused_spectral,joint,0.1,,5,0.04756637168141593,0.48617256637168144,0.13499552660362918,251.10217269985458,1.9903869865286326,0.7409200298313383,0.6923805491776869,0.13979564944616163,0.631278020509035,0.4669842185751372,14.813518329267207,0.7992691570078738,0.49223485208881756,-0.016967761829738914,0.4673259851623262
fused_spectral,joint,0.2,,5,0.048672566371681415,0.47123893805309736,0.1233382060132782,233.89152682127744,2.3017745414527293,0.7636462416842973,0.7372607200401113,0.1432650174073133,0.6668279090961206,0.5098704593645376,16.181047425714567,0.8270991350756783,0.539134514489854,-0.018309076450102366,0.5118170547859209
fused_spectral,joint,0.3,0.8060058349537795,5,0.0713495575221239,0.45353982300884954,0.10812686232251047,232.19457317800874,2.331156072089114,0.7582734829859167,0.7549673034471425,0.14543497176712855,0.6802741240435323,0.5357414300602383,16.825538705780517,0.8327822149071571,0.5548699527778329,-0.01627654188984623,0.5349520192156717
fused_spectral,joint,0.4,,5,0.09789823008849557,0.4043141592920354,0.09828420675623913,227.03822643367553,2.2908930426705196,0.7716264869079537,0.7798831828547903,0.13954835045874842,0.7033379237034085,0.5668457713997436,17.82587615795854,0.8285302869089664,0.5818778213547569,-0.005357564844604257,0.5687885583977264
fused_spectral,joint,0.5,0.8571743817644271,5,0.0790929203539823,0.3418141592920354,0.11177394343201566,247.49721866627007,2.0929991329660207,0.7612317315373751,0.8344481283554718,0.13712314915833163,0.7487720200866307,0.6097020841267797,19.366804355272766,0.8563010135887089,0.6346003840978363,-0.0033172894466828584,0.6088593559855906
fused_spectral,joint,0.6,,5,0.07632743362831858,0.3219026548672566,0.10822327897981299,239.95614785796943,2.136954245810555,0.7675227370237182,0.846596892868018,0.13794489840987656,0.7580670060835192,0.6246393734982175,19.759455266655337,0.8674473326587308,0.6467221755043122,-0.0043071936279636125,0.6248011518067298
fused_spectral,joint,0.7,,5,0.07411504424778761,0.3141592920353982,0.10621539981076716,237.33389444250534,2.182096875111594,0.7672345356090063,0.8687269417643317,0.13756703330289669,0.7759898060382662,0.6411968298956027,20.43767536548718,0.883303239010138,0.6684292193287291,-0.003958818940546033,0.6412793729077017
fused_spectral,joint,0.8,,5,0.07466814159292036,0.30807522123893805,0.10467842089764277,233.212055150906,2.207837767303549,0.7687320933807126,0.8716532716805394,0.13824221241705345,0.7779150685561769,0.6457348482753433,20.579555502988374,0.8863432087353504,0.6736108595940304,-0.004422280303491538,0.6477413146430689
fused_spectral,joint,0.9,,5,0.07964601769911504,0.31360619469026546,0.10328884922370175,226.98987515507218,2.246502433321262,0.774249477139047,0.8698711623073823,0.1385614356700804,0.7763029091403189,0.644830001898636,20.57580341326245,0.8848521156061159,0.6713933305756712,-0.0043927721695677935,0.6459531444823986
fused_spectral,joint,1.0,0.8335892934413334,5,0.08351769911504425,0.3219026548672566,0.09883064807700508,213.8850671641136,2.3220045997495466,0.7877167633240306,0.8640307557462996,0.14002612044596308,0.7707768710478698,0.642342447120472,20.536690159726167,0.8826555740872603,0.6644198389019003,-0.005807081487564314,0.6424151023042209
fused_spectral,joint,0.0,0.855307563049583,6,0.04811946902654867,0.45132743362831856,0.10893626174316914,217.0341368142409,2.2629959562088673,0.745320571378564,0.570737623404212,0.1107445086460527,0.5368080996971816,0.3986922487665133,14.888945501683985,0.6800665899107736,0.40223515237036367,-0.016618486995438678,0.3963102543163946
fused_spectral,joint,0.1,,6,0.0420353982300885,0.3528761061946903,0.10752521654697197,212.62309588585413,2.0177586618131307,0.7283980180045221,0.6435622350038512,0.09959415356974032,0.6047977043328165,0.44869073016427263,17.364603955123954,0.6949281491848498,0.4759417741806474,-0.004515602445523306,0.44766636237425456
fused_spectral,joint,0.2,,6,0.04480088495575221,0.3827433628318584,0.11703864734930071,229.9294277840636,2.0268116619633973,0.7163794157751803,0.7214797412140331,0.10392060488534348,0.6711585477777812,0.5335059029182858,20.192660418450473,0.7798923372481065,0.553477644354424,-0.007332004496930847,0.5321866655051601
fused_spectral,joint,0.3,0.9094736572581466,6,0.05143805309734513,0.3633849557522124,0.11359709923749882,220.60578449728033,2.1012422588997173,0.7254147289176734,0.7509232512605344,0.10560421093168994,0.6957498321698682,0.5654993330991565,21.193611152971357,0.8061377797286767,0.5847195099813128,-0.008291120493566687,0.5672380501768123
fused_spectral,joint,0.4,,6,0.05254424778761062,0.3418141592920354,0.10794573532780427,214.36066591654733,2.1584471388710678,0.7336989801639884,0.7775185402564434,0.10514713468547372,0.7187573611574343,0.5899813407078742,22.136523740694948,0.8242017255635412,0.6095547072280388,-0.006972059808484837,0.5879251964206157
fused_spectral,joint,0.5,0.8895229784329395,6,0.05309734513274336,0.31913716814159293,0.10273887837624197,208.85888366103478,2.2093541338909586,0.7376119252663867,0.7905209431802849,0.10512752211223843,0.7298651307645125,0.6070245678070729,22.659811956520684,0.8358850312639913,0.6217166875601874,-0.006932198395163056,0.6051933524511066
fused_spectral,joint,0.6,,6,0.0713495575221239,0.29646017699115046,0.09860858869116823,201.3708878762916,2.620658826097789,0.7570564477692932,0.799903429077729,0.10683942752735327,0.7369249228506816,0.6228261179692132,23.113381517542702,0.8407525885742109,0.6331002535361223,-0.006253846360397261,0.6224070413958864
fused_spectral,joint,0.7,,6,0.07688053097345132,0.2743362831858407,0.09195026231544459,196.65783601674954,2.9465311046267906,0.7569747402705358,0.8141092607160964,0.10849394533833938,0.7480381028722249,0.6406166545901292,23.771649092541203,0.8419280599686358,0.6485411901928348,-0.004200285059587958,0.6417648454442453
fused_spectral,joint,0.8,,6,0.08517699115044247,0.26327433628318586,0.08839184437344479,194.13652598304554,3.0481663646246386,0.7524291485324481,0.8261399596915365,0.10877210532843833,0.7580232458969959,0.6523314582158047,24.310430212288505,0.8455816204382928,0.6614228298039253,-0.0030479540793866278,0.6549107316587139
fused_spectral,joint,0.9,,6,0.10121681415929204,0.25110619469026546,0.07127094893935686,200.50319341290773,2.4768801139664416,0.7371276946436452,0.8512766638426482,0.10822689728078826,0.7794638544796867,0.67433042457965,25.345666404411638,0.8613417630634912,0.6850765801395563,-0.0014640897341750975,0.6747512559231189
fused_spectral,joint,1.0,0.8382334815855191,6,0.0752212389380531,0.2588495575221239,0.06298869959834959,189.27523069163448,2.592034085467954,0.7599807776947555,0.8569570355148729,0.11299035101174683,0.7813049376979916,0.6829678635493359,25.621423447026455,0.8706904971339728,0.6899225360194181,-0.006898637877857036,0.6826607930700024
fused_spectral,joint,0.0,0.7141561386001821,7,0.040376106194690266,0.4231194690265487,0.11682519774454068,192.12429749475376,2.1025885915129914,0.7499379739167324,0.5209183600555248,0.08277866622655701,0.49938444004239585,0.3713375867208966,16.225116823193144,0.6263383300356938,0.3788562549891165,-0.008258017681335966,0.37113233787765204
fused_spectral,joint,0.1,,7,0.04092920353982301,0.3434734513274336,0.09742226358372477,202.96166958326287,2.2219683809899076,0.7176510741254803,0.6125965193924765,0.08989653867714906,0.5806215145122201,0.45189321240815544,20.202699647114443,0.6664117000027878,0.4705405399073312,-0.012524952568583644,0.45189147703277943
fused_spectral,joint,0.2,,7,0.03871681415929203,0.3456858407079646,0.10667941867065651,190.28338987432258,2.3805426670380205,0.7500586935504919,0.6731497156444869,0.08481307301268395,0.6367939421383252,0.5213098866309698,22.584237648580242,0.7448974866593117,0.5325695603795757,-0.00941906432075551,0.5241614713283295
fused_spectral,joint,0.3,0.8026556262205349,7,0.03982300884955752,0.33738938053097345,0.10540376429733737,195.60054542928768,2.241646721051238,0.726475813036896,0.7387909586038496,0.08528136171277063,0.6950022716910129,0.573925128140483,25.09057742890716,0.7919023690294326,0.5948487863482855,-0.00859244219008666,0.5733083594401739
fused_spectral,joint,0.4,,7,0.04480088495575221,0.3202433628318584,0.09834403040624369,185.34339561865363,2.4799605902571167,0.755001909806318,0.736920147449294,0.08816528776198829,0.6919627875835289,0.5877206734166488,25.195210652579625,0.8006645304503774,0.5925595387453586,-0.010716320281949021,0.5859107020809913
fused_spectral,joint,0.5,0.8415618185878749,7,0.04480088495575221,0.29646017699115046,0.09487346010244845,179.9503717502251,2.603893703090067,0.7416836829250064,0.7595673748187207,0.08682770848127479,0.712572174880236,0.6121164563783368,26.227194647383453,0.8130528460884533,0.6180516056340288,-0.007413428096672739,0.6130242078549024
fused_spectral,joint,0.6,,7,0.049778761061946904,0.26327433628318586,0.07345757714534325,181.60888867403023,2.5602508660961294,0.7277751610371425,0.8211560932690929,0.08845207571359064,0.7655517993346707,0.6685580004359227,28.880552921780613,0.8496155206691699,0.6786346930309397,-0.005986383158074968,0.6685250017071317
fused_spectral,joint,0.7,,7,0.055862831858407076,0.2577433628318584,0.0718873414739822,180.03883528911842,2.601775898939451,0.7271143452457389,0.8328762459583918,0.08850378237866727,0.7756974910455643,0.6795798295104042,29.358652307104723,0.8584247947482242,0.6884623175666045,-0.005447828505849184,0.6777955847575645
fused_spectral,joint,0.8,,7,0.06305309734513274,0.2538716814159292,0.07032203534600427,177.9226438424384,2.630373327068528,0.7305873573573507,0.8374503899999401,0.08925255277611803,0.7792087548856833,0.6848945508893094,29.5872876008352,0.8609739153996605,0.6964351554984998,-0.0053177863363905176,0.6862026907558996
fused_spectral,joint,0.9,,7,0.06360619469026549,0.24557522123893805,0.06659625962779964,175.07963641526774,2.658014298203478,0.7329618081451424,0.8431067677760329,0.0904902737102696,0.7833431950218908,0.6902390321455173,29.935233732423544,0.8612093320063742,0.7007409746842596,-0.0054872525276459805,0.6909853968783211
fused_spectral,joint,1.0,0.6868879333369063,7,0.06747787610619468,0.21349557522123894,0.048737770280976554,158.40975970809987,2.7990574782854236,0.7579535315946658,0.835800430596464,0.09527504884074256,0.7741538425895198,0.6868817067624852,30.039974287948183,0.8442956396965069,0.6939674100176039,-0.007888984842372451,0.6879860053080338
fused_spectral,joint,0.0,0.8027127287988156,8,0.035398230088495575,0.30254424778761063,0.08233879894407457,179.91160492922987,2.402508984566326,0.7080868171469711,0.49353350771145466,0.07389437527206409,0.47616797120224363,0.37299277537240416,17.989981781509837,0.565491698917639,0.3691595859974909,-0.010191361276536262,0.3731314472451813
fused_spectral,joint,0.1,,8,0.03484513274336283,0.34292035398230086,0.0910116367711053,170.1999556455729,2.5478136331272387,0.7532387169763777,0.5772215489132473,0.0748851263597494,0.553304779072524,0.4421291266155128,22.353316810216405,0.6448114798424642,0.45369800421253614,-0.011612074074887901,0.44422151684862177
fused_spectral,joint,0.2,,8,0.03595132743362832,0.33738938053097345,0.08820515972107035,169.75913769956313,2.553683913212064,0.7420122706676364,0.6216220169482203,0.07503813451193073,0.5939184778051985,0.48430424080528367,24.368316119649045,0.6853142995812719,0.4979592316328172,-0.01175763834488941,0.48502546694513504
fused_spectral,joint,0.3,0.8461428118970028,8,0.03982300884955752,0.230641592920354,0.08746864923739617,181.19749628170825,2.3746335376553156,0.6905711038252411,0.7140245522457096,0.07260010110123687,0.6788349340476424,0.5747215368613467,28.441978036129587,0.7447520710193071,0.5889030103392605,-0.005736897065896654,0.5748133979107183
fused_spectral,joint,0.4,,8,0.0420353982300885,0.23783185840707965,0.07601830989464492,166.6966030193966,2.6895944507764034,0.7303132135041607,0.7194736041884859,0.07553711847016752,0.6823878946130911,0.5969191848371607,28.879193645489103,0.7684127684055102,0.5935482051827695,-0.008474644802015999,0.596153721761598
fused_spectral,joint,0.5,0.7653121840233194,8,0.04092920353982301,0.24336283185840707,0.06819594513739832,158.27003205160864,2.7862072181994257,0.733286598056455,0.737394143470204,0.07591836541597144,0.6983019714650918,0.6176117276762636,29.752024078062284,0.7882543534045188,0.6129076862409644,-0.008251765569844333,0.6175863140254058
fused_spectral,joint,0.6,,8,0.04480088495575221,0.2245575221238938,0.05788672140720147,148.83181967520142,3.0912855857245125,0.7370199629082576,0.7668816410491007,0.0793062150187044,0.7229150465200572,0.6491508473658427,31.315585394405154,0.8054826689438332,0.6411492550249502,-0.008806235888254618,0.6482953472867393
fused_spectral,joint,0.7,,8,0.043694690265486724,0.23285398230088494,0.06294947459455827,165.5070710782648,2.498616301953427,0.7197419412522615,0.8113016206649721,0.0763531319406541,0.7639767596574146,0.6770956766984231,33.29448114137404,0.8399419828812619,0.6866563698913741,-0.007856970929211726,0.6765867254775468
fused_spectral,joint,0.8,,8,0.05033185840707965,0.20243362831858408,0.057037721955040456,152.68574374316717,2.8327501086460476,0.7167253602204603,0.8120552309456661,0.07681589668230053,0.7643745042856178,0.6801455648516309,33.44244477213233,0.8292049628267308,0.6882118086019544,-0.005436405506839687,0.6805739288190732
fused_spectral,joint,0.9,,8,0.04701327433628318,0.19524336283185842,0.05182379694600176,153.81557121409,2.919223651316064,0.7248797539751399,0.8180650534856011,0.07702587167862353,0.7695726103819093,0.685672476679321,33.979628402892246,0.8312026850975298,0.6941467086122479,-0.005281365611488481,0.6865634783613931
fused_spectral,joint,1.0,0.6877441271411939,8,0.06084070796460177,0.18418141592920353,0.03858981585534244,145.5530878145349,2.898126526037839,0.7324170140412437,0.8330265557882599,0.07612186617458423,0.7833529424760557,0.6940927993734486,35.05723695615858,0.8331349998618583,0.7083565720687954,-0.0028047607764301735,0.6945039413142655
fused_spectral,joint,0.0,0.8139343075597247,9,0.03484513274336283,0.21073008849557523,0.08076815280757554,173.0804863453126,2.2831593231383622,0.6772289843692612,0.4884940282999082,0.06492336458263265,0.47347783230454543,0.37600212346513806,20.831040520188015,0.5268925176044758,0.37734618920003576,-0.007222154168231555,0.37561353116421964
fused_spectral,joint,0.1,,9,0.03595132743362832,0.2179203539823009,0.08353845927434428,177.5374763761032,2.3381509509434752,0.6714412348193716,0.5788604791894957,0.06447872000214731,0.5580323767739224,0.44564359562952693,25.778118597012387,0.5982548238853518,0.4677392289341171,-0.007083239280038796,0.44604634647956876
fused_spectral,joint,0.2,,9,0.034292035398230086,0.22234513274336284,0.08209550544307066,174.376196735581,2.3983610536744435,0.6779444169028173,0.6300383044066613,0.06422508078293893,0.6055357478622329,0.49754029133607264,28.42472956130727,0.6510942121650132,0.5195387052381991,-0.0070833284705698815,0.4983488448169488
fused_spectral,joint,0.3,0.8169754353131019,9,0.03761061946902655,0.23838495575221239,0.06716066406380607,164.06891675705646,2.6042821802285276,0.6937560449725144,0.6744792026435498,0.06612885161533,0.6456802276217095,0.5516764859431936,30.928478183919903,0.7055785973649473,0.5646819620310495,-0.008380322931716297,0.553025070096304
fused_spectral,joint,0.4,,9,0.040376106194690266,0.24280973451327434,0.05221687161794224,155.0147535823781,2.770585826347861,0.7029558612302529,0.696436270270849,0.06724438504824166,0.66528024585834,0.5846143815185795,32.151568606306995,0.7380846262376209,0.5880039598944721,-0.0087721873246593,0.5876599753943825
fused_spectral,joint,0.5,0.6096774189019135,9,0.03761061946902655,0.2234513274336283,0.04676741029332521,145.74972638659975,2.675631090777306,0.7045275685191528,0.7380568644068591,0.06480586863044611,0.7043667114435204,0.6262492795358644,34.217366659482416,0.7765942411676172,0.6276808328552208,-0.0061432448608574886,0.6268882520096164
fused_spectral,joint,0.6,,9,0.03816371681415929,0.2168141592920354,0.06298257349098457,148.33310658817487,2.7632464797254332,0.7097010673141787,0.7518610830314315,0.06544438316362228,0.7166006855295428,0.6410412282222251,34.9894068010655,0.7901026029290125,0.6399814663154312,-0.0064656062296325895,0.6397283504968015
fused_spectral,joint,0.7,,9,0.03871681415929203,0.19413716814159293,0.04858659509311211,136.85605866500748,2.8937966574271616,0.7107386083005199,0.7755905392717133,0.06710232046232566,0.7372225825412113,0.6637432835609514,36.40662763151687,0.7990458436089455,0.6645218570795681,-0.0055822247311256845,0.6636029491722971
fused_spectral,joint,0.8,,9,0.04092920353982301,0.19081858407079647,0.04802428923963941,132.43550041529173,2.776526843031464,0.707268184571316,0.7950812212446309,0.06550135731413764,0.7557239498620518,0.6777964581770638,37.498041795656064,0.81155323805964,0.6866770830979045,-0.004004097035104945,0.6799836593465732
fused_spectral,joint,0.9,,9,0.04424778761061947,0.1913716814159292,0.04197174343565398,127.80707455565756,3.017963573639006,0.7358418189999442,0.8008229745935918,0.06584349733973673,0.7607114325738801,0.6817992165621618,38.070461981969785,0.8114563847954196,0.6910518638751185,-0.0033982101547177443,0.6831066079352937
fused_spectral,joint,1.0,0.7622931103856736,9,0.046460176991150445,0.1847345132743363,0.03506606839319348,139.2481294814948,3.012337085071763,0.7112468445423676,0.8299588590038834,0.06752361749247958,0.7859147618261835,0.7040645154168523,39.87024225881691,0.8335295583836015,0.7186237495324543,-0.005260009986318315,0.7037122643235894
fused_spectral,joint,0.0,0.7545889929898514,10,0.02820796460176991,0.18971238938053098,0.07474055043544944,164.2222779155873,2.2444594274204985,0.6457940832682108,0.45154664191392413,0.05630099762721985,0.4403517869776045,0.33712079824373853,21.572477517012775,0.4649801801340148,0.35406893443965815,-0.004261241933501414,0.3401578359553963
fused_spectral,joint,0.1,,10,0.029867256637168143,0.2051991150442478,0.071729886033626,160.28470578677639,2.3949643761442436,0.6577527645782208,0.5542275381626289,0.05672053484705948,0.537335805508725,0.4461826997506606,27.7575536986527,0.5835391318589218,0.45409525877860335,-0.0058440606950928495,0.4460821268194221
fused_spectral,joint,0.2,,10,0.032079646017699116,0.19800884955752213,0.07157277525148999,160.51351828879098,2.4363297297160154,0.6617626201966961,0.622494022366646,0.055453291650487894,0.6017229419978006,0.5005348573538452,31.586181384166288,0.6391360056922464,0.5227713613753334,-0.004746153921586206,0.499599055797546
fused_spectral,joint,0.3,0.8164512627667835,10,0.034292035398230086,0.2051991150442478,0.060266870320269006,152.8863500168051,2.598677736988683,0.6740711926132228,0.6645756884081427,0.057540422982855895,0.6400983491618355,0.5534713797249081,34.25700129571783,0.6890480930912704,0.5667737868613465,-0.006109883630851458,0.5547484003632235
fused_spectral,joint,0.4,,10,0.02820796460176991,0.22621681415929204,0.053751479133669025,148.89324154963916,2.6102779145216624,0.6709309203644194,0.7031629106721511,0.056918418785941616,0.6761032823964734,0.5908702523775621,36.505373930794946,0.7282143734067377,0.6035733692277854,-0.005620454689730457,0.5922185629375768
fused_spectral,joint,0.5,0.7720441624311517,10,0.03152654867256637,0.2168141592920354,0.04808603437111053,143.86353790482764,2.7515267798820227,0.6845223981499853,0.7229638124741616,0.05856914589927457,0.6935946744541316,0.6200542976478464,37.944713166241044,0.7534729205172642,0.6231144274546838,-0.006576439110974053,0.620557316784544
fused_spectral,joint,0.6,,10,0.03595132743362832,0.21349557522123894,0.03868940498251929,135.90829889861178,2.9012061961650106,0.6991827981833413,0.75427728602474,0.05926687160525257,0.7220011937044352,0.6501476089333138,40.01470074054046,0.7821156036770152,0.6549036885496029,-0.006856804796949521,0.6506467555770756
fused_spectral,joint,0.7,,10,0.03484513274336283,0.2079646017699115,0.03194366564604537,129.66227544266306,2.9336467976939806,0.7065827840718678,0.7793692023794929,0.0594704230721568,0.7448460240114562,0.6678902828827882,41.60341136767294,0.7974009550048939,0.6795159600886679,-0.00658339857688281,0.6678508165486197
fused_spectral,joint,0.8,,10,0.034292035398230086,0.18196902654867256,0.028053818825058256,127.66572583362942,2.9818963428897676,0.6934839192578234,0.8066540486937676,0.057742074278967694,0.770753964566408,0.6902961969180599,43.17656611336002,0.8108417391601485,0.7082815098879774,-0.003494944826158086,0.6919412155274877
fused_spectral,joint,0.9,,10,0.03484513274336283,0.17920353982300885,0.02864838190528966,127.40691191700157,2.9081124382621715,0.6954527834613992,0.810499947267669,0.05748278119225925,0.7744198865119348,0.6938924623084888,43.525953986824845,0.8139900296153757,0.7117822064813211,-0.003197284362441266,0.6949147428614458
fused_spectral,joint,1.0,0.7908223963835399,10,0.03484513274336283,0.15652654867256638,0.026986736277720132,126.7110289950875,2.9600037332162064,0.6906073581429547,0.8164817733135186,0.05818360710538581,0.7794531836213517,0.7046176915004065,43.95882509980148,0.8201657190211293,0.7162617633945195,-0.0031782782635140297,0.7046272920539699
refined_spectral,joint,0.0,0.9852086551762019,3,0.15265486725663716,0.5542035398230089,0.2228756856556352,413.0606050065849,1.7475231700495606,0.8271887704406105,0.8043803449788611,0.33333333333333326,0.6343059358198825,0.43893374607655944,8.731780651484613,0.8540314775680928,0.47134839012763774,1.1102230246251565e-16,0.43941302646669855
refined_spectral,joint,0.1,,3,0.15099557522123894,0.5558628318584071,0.22314154301783498,412.9728935503983,1.7412671600215857,0.8272462250834226,0.8096504960740019,0.3333333333333332,0.6375785628432682,0.442948309087549,8.828840088430123,0.8593467396351724,0.47798337373363486,1.1102230246251565e-16,0.4446042282535878
refined_spectral,joint,0.2,,3,0.15486725663716813,0.5525442477876106,0.22239438188933572,412.46452157316844,1.7544664099355025,0.8240972096398008,0.8087917447361392,0.3333333333333334,0.6370459181869784,0.44375585478936275,8.814160474488304,0.8575992454480168,0.47739293053275345,-1.1102230246251565e-16,0.44546185836461494
refined_spectral,joint,0.3,0.9793715252085597,3,0.15873893805309736,0.5558628318584071,0.22233300511600135,411.89563006469757,1.760693167660991,0.8221438102017576,0.811797340193874,0.3333333333333334,0.6389091032992206,0.4449456696213278,8.892539985141367,0.8585991312061801,0.4790812522272055,-5.551115123125783e-17,0.4448567601208009
refined_spectral,joint,0.4,,3,0.16648230088495575,0.5547566371681416,0.2213695295088845,410.4198107563788,1.7852632642644863,0.8184183883468874,0.8132559999378746,0.33333333333333326,0.6398122758748357,0.4460285998221902,8.928958618475695,0.8572348894231195,0.4802772262452556,1.1102230246251565e-16,0.4470716624325702
refined_spectral,joint,0.5,0.9629793851056881,3,0.17809734513274336,0.5470132743362832,0.21821043109575386,407.4743841749144,1.82838761381952,0.8102454327254983,0.8189372014345211,0.3333333333333332,0.6433233841553359,0.4540702248823267,9.038405694585126,0.8589911279831786,0.48399487029307525,1.6653345369377348e-16,0.45260897102287784
refined_spectral,joint,0.6,,3,0.18971238938053098,0.5442477876106194,0.21602221425039164,404.11903250630417,1.8635141133551887,0.8053682354307202,0.8265802196442017,0.3333333333333335,0.6480304910903378,0.46077136702178906,9.201903344438955,0.8617616709839542,0.4940680834225531,-1.1102230246251565e-16,0.46098407782625395
refined_spectral,joint,0.7,,3,0.20077433628318583,0.5414823008849557,0.21344764394722962,400.88306951829395,1.89680414187144,0.8005130546850763,0.8296903886576353,0.3333333333333334,0.6499405730930022,0.46414762651176633,9.274652622737452,0.8620129477152481,0.49555315198380284,-2.220446049250313e-16,0.4632339739112464
refined_spectral,joint,0.8,,3,0.22898230088495575,0.5298672566371682,0.20414267148372778,390.96359034247814,1.9803061009396785,0.7912961836698383,0.8421058453653653,0.3333333333333333,0.6575346015372088,0.4769889001216867,9.558105614092291,0.8653296270853401,0.5098935787508551,0.0,0.4783191115020015
refined_spectral,joint,0.9,,3,0.22566371681415928,0.5116150442477876,0.18965156939054115,380.4987461541821,2.0541113936828364,0.7778301951347923,0.8445599579958566,0.3333333333333332,0.6590298764148707,0.4831821143513623,9.670237278206848,0.8608762144697383,0.5125828111091828,1.6653345369377348e-16,0.48465403650214334
refined_spectral,joint,1.0,0.9506300202474437,3,0.2234513274336283,0.5005530973451328,0.17593320450730943,365.73026627231974,2.131048268788524,0.7782562961813326,0.848599330321072,0.33333333333333365,0.6614868871659941,0.48799380331144404,9.756064111311257,0.860852131530665,0.5160736969476596,-2.7755575615628914e-16,0.4887626444330741
refined_spectral,joint,0.0,0.9121143804738615,4,0.0956858407079646,0.48396017699115046,0.16836568990238593,331.0478692543878,1.93056842491025,0.7796960934309093,0.7237639809123262,0.21301262274580898,0.6270856452873244,0.4541419976345408,11.662308910301364,0.7956352188514509,0.47551180056063813,-0.024953739784471934,0.45570578852785576
refined_spectral,joint,0.1,,4,0.10453539823008849,0.49889380530973454,0.17067309680773227,328.79655256134555,1.9185925839224232,0.7750162188890592,0.7410157432341706,0.20702142856252026,0.6424586439939004,0.46307420780485015,12.019278148162591,0.8130845041379531,0.4907563869754654,-0.01881975059923152,0.4626725838236822
refined_spectral,joint,0.2,,4,0.11393805309734513,0.4756637168141593,0.16194182739094656,327.4469356465928,2.0043093043372404,0.7681144662925762,0.7449819711149782,0.20798285467670974,0.6450376022101113,0.47272569283961513,12.132349538635586,0.8060929123388638,0.4938098634279233,-0.01789587932712397,0.47139240904586077
refined_spectral,joint,0.3,0.8668767596744633,4,0.12334070796460177,0.4657079646017699,0.15718750757919092,325.0749067904003,2.0432837773701427,0.7634023478575755,0.7519730769504491,0.2070571256705089,0.6506638197629686,0.48144724314580206,12.334634469593585,0.8064552516921122,0.5021580876754674,-0.015781678941631155,0.48177025543961155
refined_spectral,joint,0.4,,4,0.14380530973451328,0.4756637168141593,0.16074242644298162,316.3082740777861,2.049409581040247,0.761914308445474,0.7686772464293897,0.20610250070300415,0.6635529982553078,0.4937332400369152,12.719264265340017,0.8217629445506679,0.5191742455544706,-0.014479712595419608,0.49375515519455304
refined_spectral,joint,0.5,0.9346542035688371,4,0.1426991150442478,0.46792035398230086,0.15972645870863766,311.66098740958824,2.075906760688035,0.7599610814361583,0.7759838622384716,0.20578286164009527,0.6691337829584125,0.5015980433942665,12.911284891129222,0.8236609918264647,0.5279660266703547,-0.01355662812104022,0.5034789544572931
refined_spectral,joint,0.6,,4,0.14657079646017698,0.459070796460177,0.1552051364882997,308.74188491482545,2.108805522265924,0.7552443955822117,0.7850844068984613,0.20380047414584743,0.6767965673849432,0.5108241594154792,13.155776974412404,0.8266260033958519,0.5354294309116712,-0.010909413437311694,0.5114439292999489
refined_spectral,joint,0.7,,4,0.15652654867256638,0.44745575221238937,0.1502114041878087,307.57997854206576,2.151541458259075,0.7525821366088852,0.7831340477618525,0.20398627486948087,0.6752619056425558,0.513366977898027,13.121833835178364,0.823041286489788,0.5356088292060842,-0.01024366085186676,0.5157657953671547
refined_spectral,joint,0.8,,4,0.13827433628318583,0.42422566371681414,0.1300024751060809,312.01195384199616,2.098983780854575,0.7596969404323994,0.8030342097900841,0.19549864082580207,0.6940706096301115,0.5299940954111557,13.682203924917395,0.8264624846076731,0.5540131710971666,-0.001584725470830023,0.5311767271722867
refined_spectral,joint,0.9,,4,0.14325221238938052,0.3993362831858407,0.12172910924987221,317.58649354694285,2.113965632126314,0.7547368681987676,0.7916550583187771,0.19687608155135036,0.6849068790678345,0.5254156643761647,13.427470230188305,0.811790576164347,0.5414169039666757,-0.001989432944282249,0.5252903420885824
refined_spectral,joint,1.0,0.8959549731987918,4,0.15099557522123894,0.39601769911504425,0.1208908250996997,314.6169621991712,2.123192007598703,0.7511120559216806,0.7940558017034939,0.19821258898337535,0.6860734308899203,0.5291281938453499,13.495013137578628,0.8133078245776664,0.5440707252852435,-0.0029040744666653517,0.5292676344317274
refined_spectral,joint,0.0,0.860973515647707,5,0.07853982300884955,0.4856194690265487,0.14518926632491835,266.61347412414113,2.2294247539674186,0.7798720151345172,0.6605791485828073,0.1507649503127325,0.6007492223823341,0.43782763486022575,14.300613469217614,0.7512959625955059,0.4615867037402651,-0.023839159902787982,0.4385988941312977
refined_spectral,joint,0.1,,5,0.04756637168141593,0.49170353982300885,0.13696319511284,262.2465383073089,1.9452831499902683,0.731228456636788,0.7085690824052032,0.13841374198296783,0.6452825461846844,0.4699268596412718,15.328710339435784,0.8057093060830702,0.5090374754681588,-0.015876947954248377,0.4698627114439705
refined_spectral,joint,0.2,,5,0.043694690265486724,0.4657079646017699,0.13133392628375332,258.194530562075,2.028760347004995,0.7289521764171644,0.7266575110701969,0.1391926313939471,0.6599106077630693,0.4900974450788685,15.911479905558238,0.8055368924132719,0.5271854660651348,-0.014847118403005566,0.49067731921269947
refined_spectral,joint,0.3,0.779975216230038,5,0.09513274336283185,0.44579646017699115,0.11055542784786654,259.1198018591448,2.1344060485038154,0.7240944901696568,0.7207875734974591,0.14573725775267427,0.6522695268304671,0.5088187497906527,15.877110088286921,0.7979625323345898,0.5209592481825441,-0.014088410653805339,0.5083065509384511
refined_spectral,joint,0.4,,5,0.1006637168141593,0.4021017699115044,0.11228302959935574,266.4688750387322,2.134056512212065,0.7278511443278667,0.7383295171702462,0.13457193986829455,0.6716003565387839,0.5223601966044311,16.649220548951774,0.7825893353652483,0.5394620835546728,-8.545593684067265e-05,0.523543673901427
refined_spectral,joint,0.5,0.8664905067617171,5,0.08573008849557522,0.34845132743362833,0.12637480180308838,287.15937299010466,1.979867623997484,0.7335916165087132,0.7538545697691441,0.1371363024276799,0.6832224654053605,0.5372819750055531,17.12256282603061,0.781312582753413,0.5546642354965372,-0.0025280020311454765,0.5379041301513298
refined_spectral,joint,0.6,,5,0.08573008849557522,0.3368362831858407,0.12484273713676271,285.656443314378,1.9840852407929206,0.7339465694488494,0.7587441350900681,0.13694678747892203,0.6873257820306301,0.54145448278601,17.262228638516586,0.7820314103310168,0.5607314108581992,-0.002011380622515324,0.5428215543419428
refined_spectral,joint,0.7,,5,0.08351769911504425,0.33185840707964603,0.12351237353204339,283.5022055541497,2.001273493906638,0.7356803140756604,0.7639173136938481,0.13644076784268225,0.6918102966927382,0.5463893940270209,17.368846864264835,0.7858445004886505,0.561219566985706,-0.0014939811590217178,0.543873047420749
refined_spectral,joint,0.8,,5,0.084070796460177,0.3268805309734513,0.1230306889163455,282.4511476826493,2.0120153089997768,0.735700203949314,0.7681323995614923,0.13738626820322378,0.6948086557931945,0.5509915413733522,17.507626597089917,0.7886848094068959,0.5671718253980821,-0.0022112425812821357,0.550116102757329
refined_spectral,joint,0.9,,5,0.08738938053097345,0.33573008849557523,0.12463157489184112,282.5461920199953,2.012600401541431,0.7362852317102987,0.7631806306647404,0.13743263012960752,0.6907325144859882,0.5454893908029786,17.38531873391823,0.7847553227574559,0.5636665842100823,-0.0022244017226663304,0.545613130138842
refined_spectral,joint,1.0,0.8417576064940159,5,0.09236725663716815,0.34845132743362833,0.12639993274080322,279.9872826916996,2.0276188765575536,0.7372651098667465,0.7651486241797517,0.13894535737584104,0.6916198552960718,0.5463536918560936,17.48761177515275,0.7886589711066353,0.5649152022434707,-0.0038587184027143173,0.5458327787769299
refined_spectral,joint,0.0,0.8434883959675602,6,0.059734513274336286,0.4579646017699115,0.11189394017592394,229.78560961029822,2.240743714523178,0.7299713135363625,0.6466598750760375,0.11013896603345609,0.603665349868516,0.4471723237599629,17.825022248635356,0.7317053819896717,0.4803972415424946,-0.015794250613818436,0.448019340759824
refined_spectral,joint,0.1,,6,0.03595132743362832,0.377212389380531,0.1296682627040241,248.55288761357482,1.908473361240586,0.7069404151708127,0.6932115308620804,0.09777106748102564,0.6492106120583209,0.49571326509251534,19.344041001221893,0.7471076409192398,0.5268338272314753,-0.003848273650171416,0.4967675199448164
refined_spectral,joint,0.2,,6,0.043694690265486724,0.3827433628318584,0.12709506531249432,248.03757991790243,1.941799903080265,0.69987337510356,0.7146482088465235,0.10205699212891892,0.6660685978224817,0.5245692611544223,20.114681709101344,0.7718187027925981,0.5485016429806612,-0.00614713807594526,0.5260368258516123
refined_spectral,joint,0.3,0.9177551125703424,6,0.048672566371681415,0.3661504424778761,0.1254897226506443,246.36863623664496,1.9943925630528696,0.7043993447684306,0.7195565451470873,0.10356636349779394,0.6696527781093861,0.5331712564432257,20.262806027586805,0.7735204641552066,0.5531623280541795,-0.006310172087306262,0.5332138041802964
refined_spectral,joint,0.4,,6,0.04480088495575221,0.35176991150442477,0.12550411065724476,244.45893038483314,2.0049478337135263,0.7082896219765605,0.7269228871488679,0.10195222933977625,0.6767667498209761,0.5358317545910608,20.52857083628335,0.7724220297421703,0.5603569606408212,-0.004993739542355824,0.535523457588681
refined_spectral,joint,0.5,0.8709850582971995,6,0.0459070796460177,0.334070796460177,0.12307388713687109,244.0280928496092,2.031743749922826,0.7076506143369765,0.7291353174047325,0.10284048773641072,0.67827510824368,0.5399258721425804,20.623842345387153,0.7703771550621556,0.5603842524522792,-0.005153404909381251,0.5382320029461566
refined_spectral,joint,0.6,,6,0.06471238938053098,0.3108407079646018,0.11510990130204937,242.25548696334468,2.2043983491694785,0.7056850859672187,0.7171481380350789,0.10601858772518197,0.6664753303438313,0.5441432385910963,20.21037739104792,0.7626844934475552,0.5494428261968332,-0.005447915250262059,0.5423251876539616
refined_spectral,joint,0.7,,6,0.08130530973451328,0.28650442477876104,0.10629448761090665,240.9384107175435,2.4359185850872023,0.7023647599984743,0.7068979341501453,0.10920271204493083,0.656239419579077,0.5432904989771091,19.959948796167033,0.7434514395056776,0.540374175657416,-0.004125636637099722,0.5427714405633445
refined_spectral,joint,0.8,,6,0.0868362831858407,0.27986725663716816,0.10301670953768732,239.91622715353236,2.47577190182005,0.7009506342603372,0.7163468523429843,0.11151644043616939,0.6633550947226818,0.5542870171832974,20.33275143306421,0.7496020247928504,0.5488960091883377,-0.005546638873888829,0.5537842594879894
refined_spectral,joint,0.9,,6,0.09292035398230089,0.2588495575221239,0.09297423891594667,241.25705674030104,2.2921822744514926,0.6978068433177295,0.7573087843020309,0.10818163719236744,0.6999629840056807,0.5906953303354122,22.001097305924432,0.77867540468396,0.5928789103495794,-0.0015473835123029495,0.5927019085133872
refined_spectral,joint,1.0,0.8249609430373903,6,0.07798672566371681,0.2665929203539823,0.08443283332846253,234.71685532243092,2.412867517761962,0.7125809038264079,0.7752610773220199,0.1096369817396357,0.7145281267903729,0.6037259700781539,22.600805180972777,0.7923458469651468,0.6109391799204438,-0.003208684012199023,0.6057792497276584
refined_spectral,joint,0.0,0.7386357878553953,7,0.04424778761061947,0.439712389380531,0.11944152688475307,214.42229406567944,1.9989423339784678,0.7106484960108437,0.6272885279927142,0.08485030745815171,0.5955879855384856,0.447821220121019,21.169197456262804,0.7077301386405445,0.4854147757757782,-0.010327285384437404,0.4491241988634454
refined_spectral,joint,0.1,,7,0.03650442477876106,0.3561946902654867,0.10998406634744158,218.70744852691317,2.1429321741083602,0.6965660633720597,0.6660963363875029,0.08955206390698037,0.6286001479249351,0.49028066825728656,22.719770302013973,0.7114597130818,0.5233219052675676,-0.013517741851295936,0.4897972143777203
refined_spectral,joint,0.2,,7,0.030973451327433628,0.3473451327433628,0.12402433570156608,217.67455287529563,2.07530351038477,0.696557809052722,0.7112871581644952,0.07932031132705387,0.6732999016841689,0.5315978434349041,24.10944443096183,0.7595236266604347,0.5692091837107742,-0.004774192459268828,0.5312469617616477
refined_spectral,joint,0.3,0.8250290393582823,7,0.032079646017699116,0.32853982300884954,0.11985711549055272,217.86590387976824,2.0566693249072534,0.6942153603052534,0.7209977249668379,0.07976997054036393,0.6817855340682711,0.5393243180974187,24.494748132849615,0.7562340449558365,0.5769861121672082,-0.0036860089104499144,0.5382338631702704
refined_spectral,joint,0.4,,7,0.03373893805309734,0.31913716814159293,0.11634360618429515,213.74372323785926,2.181492256625794,0.704101577875152,0.6918922739738953,0.08323152367962983,0.6542176781738746,0.53251862438778,23.433947188192782,0.7467824946562326,0.549042185173062,-0.00697358146276808,0.5324687488494346
refined_spectral,joint,0.5,0.853866385602443,7,0.033185840707964605,0.29922566371681414,0.11624559389807726,213.24442021737244,2.252052193766473,0.6878988410873236,0.7171067179912333,0.08245681190347207,0.6770712679386347,0.5537468436503283,24.40158134712543,0.7603072317849078,0.5761757785347473,-0.004888913206333764,0.5549663643181098
refined_spectral,joint,0.6,,7,0.042588495575221236,0.25995575221238937,0.08467250991302061,206.80515334221488,2.425153222037907,0.6944222776036298,0.758927394919341,0.0863756834169176,0.7122381390704569,0.61047119354196,26.456990349666917,0.789325526256253,0.6186697965131812,-0.0036845164623640903,0.6123056982466117
refined_spectral,joint,0.7,,7,0.051991150442477874,0.25442477876106195,0.0829382603206273,205.5437886940206,2.4576490517678145,0.6955564924520807,0.764229744796606,0.08679529941886398,0.7166905500802703,0.6166026610733327,26.642876365990965,0.7927386777961171,0.6219722227509192,-0.003246657663017724,0.6175019611138811
refined_spectral,joint,0.8,,7,0.06360619469026549,0.2516592920353982,0.08172225735911973,205.65311334168217,2.4817008748030687,0.6940920329729252,0.7626607955141715,0.0881966397085308,0.7145942430273516,0.6168904070969147,26.597363429072015,0.790017232456411,0.6194959454886346,-0.0035760368967447803,0.6163171822732192
refined_spectral,joint,0.9,,7,0.07079646017699115,0.24336283185840707,0.08072250632840329,205.2771752778637,2.4889804825076096,0.6967146123581168,0.7636852301758219,0.08971968116949858,0.7147146977161257,0.6192397185902386,26.62638867654364,0.7881033447397131,0.6197638719611633,-0.003833010513148466,0.6185257597765412
refined_spectral,joint,1.0,0.6974923206316792,7,0.07190265486725664,0.2179203539823009,0.0730775395294653,199.3785668663847,2.5629603538200194,0.703797553779818,0.7674132490566248,0.09318075629359077,0.716199173333841,0.6231093086618319,26.975252353422768,0.7812932220061488,0.625075153872322,-0.005553742893716865,0.6236387440555419
refined_spectral,joint,0.0,0.7830612515238505,8,0.035398230088495575,0.29646017699115046,0.09277842345523495,190.55373699288006,2.339421316754495,0.695129770588162,0.5750101684616327,0.07351940709740272,0.5516878902400736,0.4401513092348252,22.21996795853297,0.636120305870392,0.4490408789801316,-0.011106692506516608,0.439354838378984
refined_spectral,joint,0.1,,8,0.0293141592920354,0.3434734513274336,0.10862068773080835,198.0897311612035,2.209299279020427,0.6815803311044013,0.6607237829961747,0.07259669494913282,0.6304818612262394,0.4967737296012048,26.40461275658533,0.704313976083053,0.5362398918552334,-0.010192060676478945,0.4972639742466224
refined_spectral,joint,0.2,,8,0.0293141592920354,0.336283185840708,0.10656804664240596,196.9780007372429,2.2584982628965555,0.6859505196829576,0.6741431221420673,0.07260808423830764,0.6426848304313914,0.5097069412855804,26.879432794010896,0.7135382867910092,0.5495389925674395,-0.009850441357200312,0.5111088465826239
refined_spectral,joint,0.3,0.8625720611521184,8,0.033185840707964605,0.20962389380530974,0.10585817244816131,200.6324779235289,2.2000918538978755,0.6737692546504589,0.6979621987236795,0.06935687066137187,0.6657349840930004,0.543966666790732,27.757762180224766,0.7160956403293043,0.5730269227287578,-0.003860336011470858,0.5432651470356626
refined_spectral,joint,0.4,,8,0.032079646017699116,0.2157079646017699,0.09965438023626269,194.24210040464146,2.3585012309398,0.682545388306116,0.6879136421215741,0.07111032332436254,0.6558318176736152,0.5501658958459789,27.41609069884006,0.7215406530062332,0.5634732765773055,-0.005084102919349173,0.5502650590588883
refined_spectral,joint,0.5,0.7761418055750036,8,0.030973451327433628,0.22123893805309736,0.09666587633562608,191.22643221486078,2.3974215169458652,0.6798166220561529,0.6980057747308158,0.07268750993392821,0.6643015698721713,0.5639110654127394,27.840077246523034,0.7340503939292577,0.5737170805711695,-0.006128699247576946,0.5654895531173996
refined_spectral,joint,0.6,,8,0.03705752212389381,0.206858407079646,0.0758493161021558,175.4590788297401,2.61363582222911,0.6961057997318112,0.7220622902890945,0.07666269432579027,0.6841888517538962,0.6000861821008059,29.218052107663848,0.7536780783361477,0.598770478114554,-0.006325575236060879,0.6012075353124076
refined_spectral,joint,0.7,,8,0.03816371681415929,0.21460176991150443,0.08152298652229252,194.4023712895315,2.343611964336494,0.6740972122655478,0.745381145253246,0.07229234499567065,0.707269670854158,0.6130872238615834,30.37022944358064,0.7703293012693349,0.6207735461087093,-0.0032020474982269592,0.6130052917525943
refined_spectral,joint,0.8,,8,0.05088495575221239,0.1875,0.0718599118719441,177.38630402054463,2.57009849404973,0.685219200465655,0.7636099075872681,0.07448858105028612,0.7225131989666098,0.62992618713541,31.154263553246146,0.7759867873505017,0.6387715091956132,-0.002470105812690998,0.629956166814833
refined_spectral,joint,0.9,,8,0.03926991150442478,0.19192477876106195,0.06936000512702074,180.93173595526505,2.512732685078558,0.6863932740530627,0.7595739889256776,0.07531908483273296,0.7184700190260686,0.6278782106903874,31.23148878790272,0.7736781416044959,0.6347746988021501,-0.003849819112257194,0.6277484114892413
refined_spectral,joint,1.0,0.6800478998908501,8,0.06803097345132743,0.18528761061946902,0.059810859990134496,177.43402533137572,2.6997738380356084,0.6947155236824818,0.7649639194498146,0.07966212496300515,0.7210255922726425,0.6355307516933955,31.834785910377914,0.7729388614895352,0.6399112466648871,-0.005964969760141436,0.6358052271071205
refined_spectral,joint,0.0,0.83683134659264,9,0.03373893805309734,0.2323008849557522,0.09901185500177713,189.53122776875875,2.1802452926068576,0.6610407565487426,0.5914064340536478,0.06412219824020718,0.5697983799990922,0.46072167444615686,26.884525937514304,0.6185573618375133,0.480500341672113,-0.008124809957182705,0.4610726902054877
refined_spectral,joint,0.1,,9,0.03152654867256637,0.22566371681415928,0.09729101412862075,188.5450362429695,2.236101196302217,0.6600370316489071,0.6467434740279635,0.0634781497197407,0.6212390758824464,0.49723767645122185,29.84500395952149,0.6551867637665111,0.5370709305802127,-0.007482555174293103,0.49837520398556723
refined_spectral,joint,0.2,,9,0.029867256637168143,0.21626106194690264,0.0949170423264343,185.7924009454334,2.299146897433812,0.665847964496937,0.6714547898519131,0.06269140626071766,0.6443319922326267,0.5182133784583488,30.939116513538806,0.674991943222913,0.5611751156637366,-0.006735314029063397,0.5182313028350383
refined_spectral,joint,0.3,0.8297383166581342,9,0.032079646017699116,0.21736725663716813,0.0874758899720928,182.6576858929484,2.4159056650245523,0.6683288819121621,0.6781266110787015,0.06437376526317758,0.6497621767775988,0.5372463273306718,31.157511081563644,0.6906668223386158,0.566478254725788,-0.007327913442805589,0.536129481827308
refined_spectral,joint,0.4,,9,0.030420353982300884,0.2206858407079646,0.07683482398518958,178.28716645369806,2.5330513834099166,0.6663402862427313,0.6876256145765861,0.06413852369885728,0.6585800657774422,0.5528278311814437,31.672890304052164,0.7053822485144249,0.5756226982617969,-0.006496368029340331,0.5513744876340868
refined_spectral,joint,0.5,0.608549243816966,9,0.028761061946902654,0.21847345132743362,0.06831796360192392,170.71222530930964,2.4076446812160057,0.6687273372602779,0.7042123825875127,0.06211897939836386,0.6746977597935212,0.5956107408695869,32.52843351693571,0.7460211315865715,0.5936222757849181,-0.0039467934471422855,0.5959395806181699
refined_spectral,joint,0.6,,9,0.029867256637168143,0.2029867256637168,0.08197682769912201,171.86826474540175,2.4617260696903127,0.6702694374832645,0.7007599211264939,0.06241229201093254,0.6713957352114424,0.5868409913018309,32.395737522968915,0.7357244444708521,0.5911126149427852,-0.003954371556858419,0.5884494608101526
refined_spectral,joint,0.7,,9,0.030420353982300884,0.18196902654867256,0.06394807550445142,162.8972896965233,2.5171851821321614,0.6664955819283777,0.7181381062254399,0.06433943201350531,0.6864222425452426,0.6054543868480897,33.38188386809625,0.7401572079902169,0.6058787903403351,-0.003094528258004506,0.6034803133830878
refined_spectral,joint,0.8,,9,0.032079646017699116,0.18196902654867256,0.060177259742399986,156.55037336756473,2.522691468206562,0.6715775294576606,0.7629011759380265,0.06259475691563421,0.7281303218551234,0.6399293169097031,35.70465992673819,0.7734384802765081,0.6541813306674961,-0.001165108629403444,0.6420294174996777
refined_spectral,joint,0.9,,9,0.03595132743362832,0.19247787610619468,0.06280870978336865,159.50074311997483,2.5518261272165175,0.6748864880663586,0.7342017902352915,0.06474886648002653,0.7008827135702177,0.6220832609713941,34.36910256651888,0.7558449700267755,0.6235586399837703,-0.0033639779910091053,0.6226239042469573
refined_spectral,joint,1.0,0.7466241805006045,9,0.042588495575221236,0.1786504424778761,0.0514907517273678,160.18546380693786,2.752622405428105,0.676526984908491,0.772319155745712,0.06675745254047705,0.7344522243468095,0.649337001167555,36.87461056117062,0.7772396405741508,0.6610420261875344,-0.004419671315578223,0.6486898726103771
refined_spectral,joint,0.0,0.7505771779959087,10,0.025995575221238937,0.2079646017699115,0.08714420895543644,176.2401144415276,2.2071297215763606,0.6392788830440914,0.565864633730038,0.055183734358282874,0.5487297123990488,0.4267442112146154,29.060389460198014,0.5597860793665945,0.46704665878488794,-0.004601546193431338,0.42788797662969946
refined_spectral,joint,0.1,,10,0.025442477876106196,0.20630530973451328,0.08171393166227371,171.49296659477062,2.3138731638283985,0.6464372547863543,0.6303406740357458,0.055670415119166,0.6089710710539032,0.4997772067990024,32.81099213232561,0.6398074234075507,0.5310757618293593,-0.005577071849806908,0.5001318906182617
refined_spectral,joint,0.2,,10,0.02765486725663717,0.19856194690265486,0.08119150947508633,170.01350265653062,2.3631408250185375,0.6472957776660322,0.664254436312293,0.05465224008438226,0.6409847707125844,0.5267781400762591,34.35702164947523,0.6681105128125505,0.5635715153855717,-0.004721675880208297,0.5261318440492814
refined_spectral,joint,0.3,0.817704444652955,10,0.02820796460176991,0.19800884955752213,0.07455783732319819,166.52327589421927,2.4501990456318286,0.6481357337400591,0.6799916856281677,0.054964939997214836,0.6554922042097547,0.5509474876951984,35.34108911540947,0.687736483746133,0.5795547144957491,-0.00427560096853654,0.5497336265956089
refined_spectral,joint,0.4,,10,0.02820796460176991,0.2140486725663717,0.06778590935267048,162.62117323030648,2.526824601756813,0.6533060697198774,0.7040899208881025,0.055055182338167086,0.677815227659584,0.5794124344862412,36.89155702585495,0.7157772807815461,0.6052593218004219,-0.004240902579603523,0.5805877350921618
refined_spectral,joint,0.5,0.7761338161006883,10,0.028761061946902654,0.20464601769911506,0.06519659439705724,161.50073673740238,2.572062249509698,0.6511226489288486,0.7113807580466392,0.05525673282764632,0.684475019393959,0.588535200330134,37.27651884141267,0.7215295921196146,0.6117195290092928,-0.003861206191735897,0.5890296851406676
refined_spectral,joint,0.6,,10,0.02820796460176991,0.20464601769911506,0.05896547501737612,156.5896080313374,2.6786013015873698,0.6626296587097735,0.7066137236033323,0.05729535764655056,0.6791191201406969,0.5947552492626141,37.25107100010392,0.7262409335014426,0.6057743480061304,-0.005203405634471914,0.5935542534064775
refined_spectral,joint,0.7,,10,0.02820796460176991,0.2002212389380531,0.055408909338039984,154.44329725482882,2.6610577870997387,0.6616579630424713,0.7169516706769765,0.05734485432255105,0.6886393060654545,0.6037929426897355,37.98866467442416,0.7332482210368406,0.6165588130695826,-0.004898926756469066,0.6032845599604338
refined_spectral,joint,0.8,,10,0.02820796460176991,0.17533185840707965,0.04531870346178621,147.69826532033807,2.628568551343876,0.6575379766897117,0.7628148869166006,0.05623137835148337,0.7314403860673534,0.6449262474597253,40.79428146979606,0.7636836741694489,0.6623151897921111,-0.0019108649545884829,0.6447008877876108
refined_spectral,joint,0.9,,10,0.028761061946902654,0.17311946902654868,0.04493258956320717,147.35839295019466,2.6307651777058485,0.6578480100103644,0.760618965532307,0.05587481710788223,0.7296109065107135,0.6414490846375178,40.73021166663268,0.7597216371721405,0.6603749587137484,-0.0014960884813035522,0.6407925883475618
refined_spectral,joint,1.0,0.7686345683101259,10,0.030420353982300884,0.1570796460176991,0.043935724311109425,145.99994897343458,2.6964974833417275,0.6564196969235165,0.7627425149796127,0.0570492679191289,0.7309366108603592,0.64923436724438,40.89963910250543,0.764407749876956,0.6638242479334334,-0.0021752218012381225,0.6501729098612792
