territory_id,name,region,type,gap
1,городской округ город Майкоп,Республика Адыгея,Города и агломерации,-0.0618
2,городской округ город Адыгейск,Республика Адыгея,Юг и Северный Кавказ,-0.0719
3,Гиагинский муниципальный район,Республика Адыгея,Промышленные малые города и районы,0.0697
4,Кошехабльский муниципальный район,Республика Адыгея,Юг и Северный Кавказ,0.1264
5,Красногвардейский муниципальный район,Республика Адыгея,Юг и Северный Кавказ,0.0404
6,Майкопский муниципальный район,Республика Адыгея,Юг и Северный Кавказ,0.1684
7,Тахтамукайский муниципальный район,Республика Адыгея,Города и агломерации,0.1267
8,Теучежский муниципальный район,Республика Адыгея,Города и агломерации,0.2519
9,Шовгеновский муниципальный район,Республика Адыгея,Молодые сельские районы,-0.0044
10,городской округ город Горно-Алтайск,Республика Алтай,Города и агломерации,-0.1456
11,Кош-Агачский муниципальный район,Республика Алтай,Молодые сельские районы,0.0116
12,Майминский муниципальный район,Республика Алтай,Города и агломерации,0.1154
13,Онгудайский муниципальный район,Республика Алтай,Молодые сельские районы,0.0073
14,Турочакский муниципальный район,Республика Алтай,Молодые сельские районы,0.1201
15,Улаганский муниципальный район,Республика Алтай,Молодые сельские районы,0.0691
16,Усть-Канский муниципальный район,Республика Алтай,Молодые сельские районы,-0.0517
17,Усть-Коксинский муниципальный район,Республика Алтай,Молодые сельские районы,0.1085
18,Чемальский муниципальный район,Республика Алтай,Молодые сельские районы,0.0249
19,Чойский муниципальный район,Республика Алтай,Молодые сельские районы,-0.0934
20,Шебалинский муниципальный район,Республика Алтай,Молодые сельские районы,-0.0833
21,городской округ город Уфа,Республика Башкортостан,Города и агломерации,-0.0411
22,городской округ город Агидель,Республика Башкортостан,Промышленные малые города и районы,-0.1772
23,городской округ город Кумертау,Республика Башкортостан,Города и агломерации,-0.0688
25,городской округ город Нефтекамск,Республика Башкортостан,Города и агломерации,-0.0923
26,городской округ город Октябрьский,Республика Башкортостан,Города и агломерации,-0.0096
27,городской округ город Салават,Республика Башкортостан,Города и агломерации,-0.0569
28,городской округ город Сибай,Республика Башкортостан,Города и агломерации,-0.0037
29,городской округ город Стерлитамак,Республика Башкортостан,Города и агломерации,-0.0626
30,Абзелиловский муниципальный район,Республика Башкортостан,Молодые сельские районы,-0.2335
31,Альшеевский муниципальный район,Республика Башкортостан,Молодые сельские районы,-0.093
32,Архангельский муниципальный район,Республика Башкортостан,Стареющая сельская периферия,0.0236
33,Аскинский муниципальный район,Республика Башкортостан,Молодые сельские районы,-0.0672
34,Аургазинский муниципальный район,Республика Башкортостан,Стареющая сельская периферия,-0.1279
35,Баймакский муниципальный район,Республика Башкортостан,Молодые сельские районы,-0.0496
36,Бакалинский муниципальный район,Республика Башкортостан,Стареющая сельская периферия,0.0301
37,Балтачевский муниципальный район,Республика Башкортостан,Молодые сельские районы,-0.0582
38,Белебеевский муниципальный район,Республика Башкортостан,Города и агломерации,-0.0415
39,Белокатайский муниципальный район,Республика Башкортостан,Молодые сельские районы,0.0664
40,Белорецкий муниципальный район,Республика Башкортостан,Города и агломерации,-0.033
41,Бижбулякский муниципальный район,Республика Башкортостан,Стареющая сельская периферия,-0.0237
42,Бирский муниципальный район,Республика Башкортостан,Города и агломерации,0.0027
43,Благоварский муниципальный район,Республика Башкортостан,Молодые сельские районы,0.024
44,Благовещенский муниципальный район,Республика Башкортостан,Города и агломерации,0.0936
45,Буздякский муниципальный район,Республика Башкортостан,Молодые сельские районы,-0.0026
46,Бураевский муниципальный район,Республика Башкортостан,Молодые сельские районы,-0.109
47,Бурзянский муниципальный район,Республика Башкортостан,Молодые сельские районы,-0.0406
48,Гафурийский муниципальный район,Республика Башкортостан,Молодые сельские районы,-0.0247
49,Давлекановский муниципальный район,Республика Башкортостан,Промышленные малые города и районы,0.0244
50,Дуванский муниципальный район,Республика Башкортостан,Молодые сельские районы,0.0454
51,Дюртюлинский муниципальный район,Республика Башкортостан,Города и агломерации,0.0656
52,Ермекеевский муниципальный район,Республика Башкортостан,Стареющая сельская периферия,-0.0765
53,Зианчуринский муниципальный район,Республика Башкортостан,Молодые сельские районы,0.0337
54,Зилаирский муниципальный район,Республика Башкортостан,Молодые сельские районы,0.0402
55,Иглинский муниципальный район,Республика Башкортостан,Города и агломерации,-0.0609
56,Илишевский муниципальный район,Республика Башкортостан,Молодые сельские районы,-0.1153
57,Ишимбайский муниципальный район,Республика Башкортостан,Города и агломерации,0.0145
58,Калтасинский муниципальный район,Республика Башкортостан,Стареющая сельская периферия,-0.1016
59,Караидельский муниципальный район,Республика Башкортостан,Молодые сельские районы,-0.0123
60,Кармаскалинский муниципальный район,Республика Башкортостан,Молодые сельские районы,-0.0773
61,Кигинский муниципальный район,Республика Башкортостан,Молодые сельские районы,0.0421
62,Краснокамский муниципальный район,Республика Башкортостан,Молодые сельские районы,-0.0561
63,Кугарчинский муниципальный район,Республика Башкортостан,Молодые сельские районы,-0.0
65,Кушнаренковский муниципальный район,Республика Башкортостан,Стареющая сельская периферия,-0.0245
66,Мелеузовский муниципальный район,Республика Башкортостан,Города и агломерации,0.1177
67,Мечетлинский муниципальный район,Республика Башкортостан,Молодые сельские районы,0.1301
68,Мишкинский муниципальный район,Республика Башкортостан,Молодые сельские районы,-0.1428
69,Миякинский муниципальный район,Республика Башкортостан,Стареющая сельская периферия,0.0036
70,Нуримановский муниципальный район,Республика Башкортостан,Стареющая сельская периферия,0.0429
71,Салаватский муниципальный район,Республика Башкортостан,Молодые сельские районы,0.0628
72,Стерлибашевский муниципальный район,Республика Башкортостан,Стареющая сельская периферия,-0.11
73,Стерлитамакский муниципальный район,Республика Башкортостан,Города и агломерации,0.0645
74,Татышлинский муниципальный район,Республика Башкортостан,Молодые сельские районы,-0.0758
75,Туймазинский муниципальный район,Республика Башкортостан,Города и агломерации,0.0066
76,Уфимский муниципальный район,Республика Башкортостан,Города и агломерации,-0.1288
77,Учалинский муниципальный район,Республика Башкортостан,Города и агломерации,0.0506
78,Федоровский муниципальный район,Республика Башкортостан,Стареющая сельская периферия,-0.1022
79,Хайбуллинский муниципальный район,Республика Башкортостан,Молодые сельские районы,-0.0403
80,Чекмагушевский муниципальный район,Республика Башкортостан,Молодые сельские районы,-0.0335
81,Чишминский муниципальный район,Республика Башкортостан,Города и агломерации,0.0751
82,Шаранский муниципальный район,Республика Башкортостан,Молодые сельские районы,-0.1046
83,Янаульский муниципальный район,Республика Башкортостан,Города и агломерации,-0.0486
107,городской округ город Махачкала,Республика Дагестан,Города и агломерации,0.0294
108,городской округ город Буйнакск,Республика Дагестан,Юг и Северный Кавказ,0.034
111,городской округ город Избербаш,Республика Дагестан,Юг и Северный Кавказ,0.0498
113,городской округ город Кизилюрт,Республика Дагестан,Юг и Северный Кавказ,-0.0442
114,городской округ город Кизляр,Республика Дагестан,Юг и Северный Кавказ,-0.0334
167,городской округ Нальчик,Кабардино-Балкарская Республика,Юг и Северный Кавказ,-0.0541
168,городской округ Баксан,Кабардино-Балкарская Республика,Юг и Северный Кавказ,-0.1362
169,городской округ Прохладный,Кабардино-Балкарская Республика,Юг и Северный Кавказ,-0.0599
173,Майский муниципальный район,Кабардино-Балкарская Республика,Юг и Северный Кавказ,-0.1754
174,Прохладненский муниципальный район,Кабардино-Балкарская Республика,Юг и Северный Кавказ,0.0028
176,Терский муниципальный район,Кабардино-Балкарская Республика,Юг и Северный Кавказ,-0.1115
177,Урванский муниципальный район,Кабардино-Балкарская Республика,Юг и Северный Кавказ,-0.1491
181,Городовиковский муниципальный район,Республика Калмыкия,Стареющая сельская периферия,-0.0148
184,Лаганский муниципальный район,Республика Калмыкия,Стареющая сельская периферия,-0.021
185,Малодербетовский муниципальный район,Республика Калмыкия,Юг и Северный Кавказ,-0.1059
186,Октябрьский муниципальный район,Республика Калмыкия,Молодые сельские районы,-0.0385
188,Сарпинский муниципальный район,Республика Калмыкия,Стареющая сельская периферия,-0.2018
191,Юстинский муниципальный район,Республика Калмыкия,Стареющая сельская периферия,0.0409
194,городской округ Черкесский,Карачаево-Черкесская Республика,Юг и Северный Кавказ,-0.1538
195,городской округ Карачаевский,Карачаево-Черкесская Республика,Юг и Северный Кавказ,-0.1115
196,Абазинский муниципальный район,Карачаево-Черкесская Республика,Юг и Северный Кавказ,0.1329
197,Адыге-Хабльский муниципальный район,Карачаево-Черкесская Республика,Юг и Северный Кавказ,-0.0701
198,Зеленчукский муниципальный район,Карачаево-Черкесская Республика,Юг и Северный Кавказ,0.0369
200,Малокарачаевский муниципальный район,Карачаево-Черкесская Республика,Юг и Северный Кавказ,-0.2177
201,Ногайский муниципальный район,Карачаево-Черкесская Республика,Юг и Северный Кавказ,0.0382
202,Прикубанский муниципальный район,Карачаево-Черкесская Республика,Юг и Северный Кавказ,0.0001
203,Урупский муниципальный район,Карачаево-Черкесская Республика,Юг и Северный Кавказ,0.0425
204,Усть-Джегутинский муниципальный район,Карачаево-Черкесская Республика,Юг и Северный Кавказ,-0.154
205,Хабезский муниципальный район,Карачаево-Черкесская Республика,Юг и Северный Кавказ,-0.0884
206,городской округ Петрозаводский,Республика Карелия,Города и агломерации,0.0445
207,городской округ Костомукшский,Республика Карелия,Промышленные малые города и районы,0.2143
208,Беломорский муниципальный округ,Республика Карелия,Промышленные малые города и районы,0.1207
209,Калевальский муниципальный район,Республика Карелия,Молодые сельские районы,0.2526
210,Кемский муниципальный район,Республика Карелия,Промышленные малые города и районы,-0.0836
211,Кондопожский муниципальный район,Республика Карелия,Промышленные малые города и районы,0.0225
212,Лахденпохский муниципальный район,Республика Карелия,Промышленные малые города и районы,0.2586
213,Лоухский муниципальный район,Республика Карелия,Промышленные малые города и районы,0.2048
214,Медвежьегорский муниципальный район,Республика Карелия,Промышленные малые города и районы,0.0947
215,Муезерский муниципальный район,Республика Карелия,Стареющая сельская периферия,0.3651
216,Олонецкий муниципальный район,Республика Карелия,Промышленные малые города и районы,0.0964
217,Питкярантский муниципальный округ,Республика Карелия,Промышленные малые города и районы,0.1619
218,Прионежский муниципальный район,Республика Карелия,Города и агломерации,0.3882
219,Пряжинский муниципальный район,Республика Карелия,Промышленные малые города и районы,-0.0171
220,Пудожский муниципальный район,Республика Карелия,Стареющая сельская периферия,0.0754
221,Сегежский муниципальный округ,Республика Карелия,Промышленные малые города и районы,0.0511
222,Сортавальский муниципальный район,Республика Карелия,Промышленные малые города и районы,0.2422
223,Суоярвский муниципальный округ,Республика Карелия,Промышленные малые города и районы,-0.0106
224,городской округ Сыктывкар,Республика Коми,Города и агломерации,-0.0404
225,городской округ Воркута,Республика Коми,Удалённые территории с высокими зарплатами,0.0604
226,муниципальный округ Вуктыл,Республика Коми,Удалённые территории с высокими зарплатами,-0.1387
227,городской округ Инта,Республика Коми,Промышленные малые города и районы,0.1497
228,муниципальный округ Усинск,Республика Коми,Удалённые территории с высокими зарплатами,0.0712
229,городской округ Ухта,Республика Коми,Города и агломерации,-0.0875
230,Ижемский муниципальный район,Республика Коми,Молодые сельские районы,0.0451
231,Княжпогостский муниципальный район,Республика Коми,Промышленные малые города и районы,-0.0973
232,Койгородский муниципальный район,Республика Коми,Стареющая сельская периферия,-0.0485
233,Корткеросский муниципальный район,Республика Коми,Стареющая сельская периферия,-0.1549
234,муниципальный район Печора,Республика Коми,Промышленные малые города и районы,0.065
235,Прилузский муниципальный район,Республика Коми,Стареющая сельская периферия,-0.0716
236,муниципальный район Сосногорск,Республика Коми,Промышленные малые города и районы,-0.1066
237,Сыктывдинский муниципальный район,Республика Коми,Молодые сельские районы,0.1286
238,Сысольский муниципальный район,Республика Коми,Стареющая сельская периферия,-0.0602
239,Троицко-Печорский муниципальный район,Республика Коми,Стареющая сельская периферия,0.0942
240,Удорский муниципальный район,Республика Коми,Стареющая сельская периферия,0.0361
241,Усть-Вымский муниципальный район,Республика Коми,Промышленные малые города и районы,0.0576
242,Усть-Куломский муниципальный район,Республика Коми,Молодые сельские районы,-0.1029
243,Усть-Цилемский муниципальный район,Республика Коми,Молодые сельские районы,-0.056
269,городской округ город Йошкар-Ола,Республика Марий Эл,Города и агломерации,-0.0885
270,городской округ город Волжск,Республика Марий Эл,Промышленные малые города и районы,-0.0887
271,городской округ город Козьмодемьянск,Республика Марий Эл,Промышленные малые города и районы,-0.069
272,Волжский муниципальный район,Республика Марий Эл,Молодые сельские районы,-0.0524
273,Горномарийский муниципальный район,Республика Марий Эл,Стареющая сельская периферия,-0.0327
274,Звениговский муниципальный район,Республика Марий Эл,Промышленные малые города и районы,0.0273
275,Килемарский муниципальный район,Республика Марий Эл,Стареющая сельская периферия,-0.0638
276,Куженерский муниципальный район,Республика Марий Эл,Стареющая сельская периферия,-0.1004
277,Мари-Турекский муниципальный район,Республика Марий Эл,Стареющая сельская периферия,-0.0649
278,Медведевский муниципальный район,Республика Марий Эл,Города и агломерации,0.2076
279,Моркинский муниципальный район,Республика Марий Эл,Стареющая сельская периферия,-0.1475
280,Новоторъяльский муниципальный район,Республика Марий Эл,Стареющая сельская периферия,-0.032
281,Оршанский муниципальный район,Республика Марий Эл,Стареющая сельская периферия,-0.0167
282,Параньгинский муниципальный район,Республика Марий Эл,Стареющая сельская периферия,-0.1006
283,Сернурский муниципальный район,Республика Марий Эл,Промышленные малые города и районы,0.0001
284,Советский муниципальный район,Республика Марий Эл,Промышленные малые города и районы,0.0147
285,Юринский муниципальный район,Республика Марий Эл,Стареющая сельская периферия,-0.0606
286,городской округ Саранск,Республика Мордовия,Города и агломерации,-0.0584
287,Ардатовский муниципальный район,Республика Мордовия,Стареющая сельская периферия,-0.1756
288,Атюрьевский муниципальный район,Республика Мордовия,Стареющая сельская периферия,-0.0133
289,Атяшевский муниципальный район,Республика Мордовия,Стареющая сельская периферия,0.0101
290,Большеберезниковский муниципальный район,Республика Мордовия,Стареющая сельская периферия,-0.0678
291,Большеигнатовский муниципальный район,Республика Мордовия,Стареющая сельская периферия,-0.0825
292,Дубенский муниципальный район,Республика Мордовия,Стареющая сельская периферия,-0.1372
293,Ельниковский муниципальный район,Республика Мордовия,Стареющая сельская периферия,0.1002
294,Зубово-Полянский муниципальный район,Республика Мордовия,Стареющая сельская периферия,0.0527
295,Инсарский муниципальный район,Республика Мордовия,Стареющая сельская периферия,-0.0212
296,Ичалковский муниципальный район,Республика Мордовия,Стареющая сельская периферия,0.0736
297,Кадошкинский муниципальный район,Республика Мордовия,Стареющая сельская периферия,0.036
298,Ковылкинский муниципальный район,Республика Мордовия,Промышленные малые города и районы,0.1178
300,Краснослободский муниципальный район,Республика Мордовия,Стареющая сельская периферия,0.0423
301,Лямбирский муниципальный район,Республика Мордовия,Промышленные малые города и районы,0.2035
302,Ромодановский муниципальный район,Республика Мордовия,Стареющая сельская периферия,-0.0353
303,Рузаевский муниципальный район,Республика Мордовия,Промышленные малые города и районы,0.0157
304,Старошайговский муниципальный район,Республика Мордовия,Стареющая сельская периферия,-0.0609
305,Темниковский муниципальный район,Республика Мордовия,Стареющая сельская периферия,0.0732
306,Теньгушевский муниципальный район,Республика Мордовия,Стареющая сельская периферия,-0.0388
307,Торбеевский муниципальный район,Республика Мордовия,Стареющая сельская периферия,0.0943
308,Чамзинский муниципальный район,Республика Мордовия,Промышленные малые города и районы,0.0124
309,городской округ город Якутск,Республика Саха (Якутия),Города и агломерации,-0.075
312,Алданский муниципальный район,Республика Саха (Якутия),Удалённые территории с высокими зарплатами,-0.0864
314,Амгинский муниципальный район,Республика Саха (Якутия),Удалённые территории с высокими зарплатами,-0.0028
316,Булунский муниципальный район,Республика Саха (Якутия),Удалённые территории с высокими зарплатами,-0.0293
317,Верхневилюйский муниципальный район,Республика Саха (Якутия),Удалённые территории с высокими зарплатами,-0.0133
318,Верхнеколымский муниципальный район,Республика Саха (Якутия),Удалённые территории с высокими зарплатами,0.2137
319,Верхоянский муниципальный район,Республика Саха (Якутия),Удалённые территории с высокими зарплатами,-0.1326
320,Вилюйский муниципальный район,Республика Саха (Якутия),Удалённые территории с высокими зарплатами,-0.1297
321,Горный муниципальный район,Республика Саха (Якутия),Молодые сельские районы,-0.1717
323,Кобяйский муниципальный район,Республика Саха (Якутия),Удалённые территории с высокими зарплатами,-0.1518
324,Нюрбинский муниципальный район,Республика Саха (Якутия),Удалённые территории с высокими зарплатами,-0.2138
325,Ленский муниципальный район,Республика Саха (Якутия),Удалённые территории с высокими зарплатами,-0.0027
326,Мегино-Кангаласский муниципальный район,Республика Саха (Якутия),Молодые сельские районы,-0.0674
327,Мирнинский муниципальный район,Республика Саха (Якутия),Удалённые территории с высокими зарплатами,-0.182
329,Намский муниципальный район,Республика Саха (Якутия),Удалённые территории с высокими зарплатами,-0.0087
330,Нерюнгринский муниципальный район,Республика Саха (Якутия),Удалённые территории с высокими зарплатами,-0.0675
331,Нижнеколымский муниципальный район,Республика Саха (Якутия),Удалённые территории с высокими зарплатами,0.173
332,Оймяконский муниципальный район,Республика Саха (Якутия),Удалённые территории с высокими зарплатами,0.1654
333,Олекминский муниципальный район,Республика Саха (Якутия),Удалённые территории с высокими зарплатами,0.0022
334,Оленекский эвенкийский национальный муниципальный район,Республика Саха (Якутия),Удалённые территории с высокими зарплатами,-0.1346
335,Среднеколымский муниципальный район,Республика Саха (Якутия),Удалённые территории с высокими зарплатами,-0.0009
336,Сунтарский муниципальный район,Республика Саха (Якутия),Молодые сельские районы,0.0458
337,Таттинский муниципальный район,Республика Саха (Якутия),Удалённые территории с высокими зарплатами,-0.0699
338,Томпонский муниципальный район,Республика Саха (Якутия),Удалённые территории с высокими зарплатами,-0.0418
339,Усть-Алданский муниципальный район,Республика Саха (Якутия),Удалённые территории с высокими зарплатами,-0.1344
340,Усть-Майский муниципальный район,Республика Саха (Якутия),Удалённые территории с высокими зарплатами,-0.1466
341,Усть-Янский муниципальный район,Республика Саха (Якутия),Удалённые территории с высокими зарплатами,0.1589
342,Хангаласский муниципальный район,Республика Саха (Якутия),Удалённые территории с высокими зарплатами,-0.0824
343,Чурапчинский муниципальный район,Республика Саха (Якутия),Удалённые территории с высокими зарплатами,-0.0443
345,городской округ город Владикавказ,Республика Северная Осетия — Алания,Города и агломерации,0.2237
346,Алагирский муниципальный район,Республика Северная Осетия — Алания,Юг и Северный Кавказ,0.189
347,Ардонский муниципальный район,Республика Северная Осетия — Алания,Юг и Северный Кавказ,0.0977
348,Дигорский муниципальный район,Республика Северная Осетия — Алания,Юг и Северный Кавказ,0.1567
349,Ирафский муниципальный район,Республика Северная Осетия — Алания,Юг и Северный Кавказ,0.0702
351,Моздокский муниципальный район,Республика Северная Осетия — Алания,Юг и Северный Кавказ,0.1776
352,Правобережный муниципальный район,Республика Северная Осетия — Алания,Юг и Северный Кавказ,0.1577
353,Пригородный муниципальный район,Республика Северная Осетия — Алания,Юг и Северный Кавказ,0.1898
354,городской округ город Казань,Республика Татарстан,Города и агломерации,0.035
355,городской округ город Набережные Челны,Республика Татарстан,Города и агломерации,-0.0513
356,Агрызский муниципальный район,Республика Татарстан,Промышленные малые города и районы,-0.0348
357,Азнакаевский муниципальный район,Республика Татарстан,Города и агломерации,-0.1466
358,Аксубаевский муниципальный район,Республика Татарстан,Молодые сельские районы,-0.1212
359,Актанышский муниципальный район,Республика Татарстан,Молодые сельские районы,-0.1856
360,Алексеевский муниципальный район,Республика Татарстан,Промышленные малые города и районы,-0.0192
361,Алькеевский муниципальный район,Республика Татарстан,Молодые сельские районы,-0.1087
362,Альметьевский муниципальный район,Республика Татарстан,Города и агломерации,-0.0291
363,Апастовский муниципальный район,Республика Татарстан,Стареющая сельская периферия,-0.247
364,Арский муниципальный район,Республика Татарстан,Молодые сельские районы,-0.1265
365,Атнинский муниципальный район,Республика Татарстан,Стареющая сельская периферия,-0.1821
366,Бавлинский муниципальный район,Республика Татарстан,Промышленные малые города и районы,-0.1369
367,Балтасинский муниципальный район,Республика Татарстан,Молодые сельские районы,-0.084
368,Бугульминский муниципальный район,Республика Татарстан,Города и агломерации,-0.0772
369,Буинский муниципальный район,Республика Татарстан,Молодые сельские районы,-0.0614
370,Верхнеуслонский муниципальный район,Республика Татарстан,Промышленные малые города и районы,-0.1005
371,Высокогорский муниципальный район,Республика Татарстан,Города и агломерации,-0.0895
372,Дрожжановский муниципальный район,Республика Татарстан,Стареющая сельская периферия,-0.1292
373,Елабужский муниципальный район,Республика Татарстан,Города и агломерации,0.0411
374,Заинский муниципальный район,Республика Татарстан,Промышленные малые города и районы,-0.0061
375,Зеленодольский муниципальный район,Республика Татарстан,Города и агломерации,0.0893
376,Кайбицкий муниципальный район,Республика Татарстан,Стареющая сельская периферия,-0.1836
377,Камско-Устьинский муниципальный район,Республика Татарстан,Стареющая сельская периферия,-0.0297
378,Кукморский муниципальный район,Республика Татарстан,Молодые сельские районы,-0.2035
379,Лаишевский муниципальный район,Республика Татарстан,Города и агломерации,0.0111
380,Лениногорский муниципальный район,Республика Татарстан,Города и агломерации,0.0059
381,Мамадышский муниципальный район,Республика Татарстан,Молодые сельские районы,-0.1379
382,Менделеевский муниципальный район,Республика Татарстан,Промышленные малые города и районы,-0.1094
383,Мензелинский муниципальный район,Республика Татарстан,Промышленные малые города и районы,-0.0357
384,Муслюмовский муниципальный район,Республика Татарстан,Молодые сельские районы,-0.1476
385,Нижнекамский муниципальный район,Республика Татарстан,Города и агломерации,-0.0884
386,Новошешминский муниципальный район,Республика Татарстан,Молодые сельские районы,-0.1606
387,Нурлатский муниципальный район,Республика Татарстан,Промышленные малые города и районы,-0.0794
388,Пестречинский муниципальный район,Республика Татарстан,Города и агломерации,-0.1312
389,Рыбно-Слободский муниципальный район,Республика Татарстан,Стареющая сельская периферия,-0.1098
390,Сабинский муниципальный район,Республика Татарстан,Молодые сельские районы,-0.1632
391,Сармановский муниципальный район,Республика Татарстан,Стареющая сельская периферия,-0.2075
392,Спасский муниципальный район,Республика Татарстан,Стареющая сельская периферия,-0.0189
393,Тетюшский муниципальный район,Республика Татарстан,Стареющая сельская периферия,-0.0623
395,Тюлячинский муниципальный район,Республика Татарстан,Молодые сельские районы,-0.2005
396,Черемшанский муниципальный район,Республика Татарстан,Молодые сельские районы,-0.2118
397,Чистопольский муниципальный район,Республика Татарстан,Города и агломерации,-0.0899
398,Ютазинский муниципальный район,Республика Татарстан,Промышленные малые города и районы,-0.0812
401,Бай-Тайгинский муниципальный район,Республика Тыва,Молодые сельские районы,-0.0991
402,Барун-Хемчикский муниципальный район,Республика Тыва,Молодые сельские районы,-0.076
403,Дзун-Хемчикский муниципальный район,Республика Тыва,Молодые сельские районы,-0.1561
404,Каа-Хемский муниципальный район,Республика Тыва,Молодые сельские районы,-0.0104
405,Кызылский муниципальный район,Республика Тыва,Молодые сельские районы,0.2339
408,Пий-Хемский муниципальный район,Республика Тыва,Молодые сельские районы,0.0431
409,Сут-Хольский муниципальный район,Республика Тыва,Молодые сельские районы,0.0239
410,Тандинский муниципальный район,Республика Тыва,Молодые сельские районы,0.1541
413,Тоджинский муниципальный район,Республика Тыва,Молодые сельские районы,-0.1421
414,Улуг-Хемский муниципальный район,Республика Тыва,Молодые сельские районы,0.0137
416,Чеди-Хольский муниципальный район,Республика Тыва,Молодые сельские районы,0.072
418,городской округ город Ижевск,Удмуртская Республика,Города и агломерации,-0.049
419,городской округ город Воткинск,Удмуртская Республика,Города и агломерации,-0.0005
420,городской округ город Глазов,Удмуртская Республика,Города и агломерации,-0.1092
421,городской округ город Можга,Удмуртская Республика,Города и агломерации,-0.0481
422,городской округ город Сарапул,Удмуртская Республика,Города и агломерации,-0.0156
423,муниципальный округ Алнашский район,Удмуртская Республика,Молодые сельские районы,-0.0314
424,муниципальный округ Балезинский район,Удмуртская Республика,Стареющая сельская периферия,-0.0602
425,муниципальный округ Вавожский район,Удмуртская Республика,Молодые сельские районы,-0.0264
428,муниципальный округ Граховский район,Удмуртская Республика,Стареющая сельская периферия,0.0174
429,муниципальный округ Дебёсский район,Удмуртская Республика,Молодые сельские районы,-0.0245
430,муниципальный округ Завьяловский район,Удмуртская Республика,Города и агломерации,0.1571
431,муниципальный округ Игринский район,Удмуртская Республика,Молодые сельские районы,0.0309
432,муниципальный округ Камбарский район,Удмуртская Республика,Промышленные малые города и районы,-0.0052
433,муниципальный округ Каракулинский район,Удмуртская Республика,Стареющая сельская периферия,-0.1133
434,муниципальный округ Кезский район,Удмуртская Республика,Стареющая сельская периферия,-0.0332
435,муниципальный округ Кизнерский район,Удмуртская Республика,Молодые сельские районы,0.039
436,муниципальный округ Киясовский район,Удмуртская Республика,Стареющая сельская периферия,-0.0844
437,муниципальный округ Красногорский район,Удмуртская Республика,Стареющая сельская периферия,-0.067
438,муниципальный округ Малопургинский район,Удмуртская Республика,Молодые сельские районы,-0.0328
440,муниципальный округ Сарапульский район,Удмуртская Республика,Молодые сельские районы,0.1019
441,муниципальный округ Селтинский район,Удмуртская Республика,Стареющая сельская периферия,-0.0058
442,муниципальный округ Сюмсинский район,Удмуртская Республика,Стареющая сельская периферия,0.0193
443,муниципальный округ Увинский район,Удмуртская Республика,Молодые сельские районы,-0.0492
444,муниципальный округ Шарканский район,Удмуртская Республика,Молодые сельские районы,-0.0461
445,муниципальный округ Юкаменский район,Удмуртская Республика,Стареющая сельская периферия,-0.04
446,муниципальный округ Якшур-Бодьинский район,Удмуртская Республика,Молодые сельские районы,-0.0076
447,муниципальный округ Ярский район,Удмуртская Республика,Стареющая сельская периферия,-0.1228
448,городской округ город Абакан,Республика Хакасия,Города и агломерации,-0.1589
449,городской округ город Абаза,Республика Хакасия,Промышленные малые города и районы,0.0194
450,городской округ город Саяногорск,Республика Хакасия,Города и агломерации,-0.0614
451,городской округ город Сорск,Республика Хакасия,Промышленные малые города и районы,0.0025
452,городской округ город Черногорск,Республика Хакасия,Города и агломерации,-0.1178
453,Алтайский муниципальный район,Республика Хакасия,Молодые сельские районы,-0.0731
455,Бейский муниципальный район,Республика Хакасия,Молодые сельские районы,0.2168
456,Боградский муниципальный район,Республика Хакасия,Стареющая сельская периферия,-0.0446
457,Орджоникидзевский муниципальный район,Республика Хакасия,Стареющая сельская периферия,0.0467
458,Таштыпский муниципальный район,Республика Хакасия,Молодые сельские районы,-0.0436
459,Усть-Абаканский муниципальный район,Республика Хакасия,Молодые сельские районы,0.1205
460,Ширинский муниципальный район,Республика Хакасия,Молодые сельские районы,0.0694
461,городской округ город Грозный,Чеченская Республика,Города и агломерации,0.0638
478,городской округ город Чебоксары,Чувашская Республика,Города и агломерации,-0.0478
479,городской округ город Алатырь,Чувашская Республика,Промышленные малые города и районы,-0.0859
480,городской округ город Канаш,Чувашская Республика,Города и агломерации,-0.1681
481,городской округ город Новочебоксарск,Чувашская Республика,Города и агломерации,-0.0222
482,городской округ город Шумерля,Чувашская Республика,Промышленные малые города и районы,-0.1303
483,Алатырский муниципальный округ,Чувашская Республика,Стареющая сельская периферия,-0.2732
484,Аликовский муниципальный округ,Чувашская Республика,Стареющая сельская периферия,-0.1943
485,Батыревский муниципальный округ,Чувашская Республика,Молодые сельские районы,-0.1084
486,Вурнарский муниципальный округ,Чувашская Республика,Молодые сельские районы,-0.0365
487,Ибресинский муниципальный округ,Чувашская Республика,Стареющая сельская периферия,-0.071
489,Козловский муниципальный округ,Чувашская Республика,Стареющая сельская периферия,-0.0384
490,Комсомольский муниципальный округ,Чувашская Республика,Молодые сельские районы,-0.0995
491,Красноармейский муниципальный округ,Чувашская Республика,Стареющая сельская периферия,-0.1432
492,Красночетайский муниципальный округ,Чувашская Республика,Стареющая сельская периферия,-0.0424
493,Мариинско-Посадский муниципальный округ,Чувашская Республика,Стареющая сельская периферия,-0.1291
494,Моргаушский муниципальный округ,Чувашская Республика,Промышленные малые города и районы,-0.1451
495,Порецкий муниципальный округ,Чувашская Республика,Стареющая сельская периферия,-0.0206
496,Урмарский муниципальный округ,Чувашская Республика,Стареющая сельская периферия,-0.1281
497,Цивильский муниципальный округ,Чувашская Республика,Промышленные малые города и районы,-0.0025
498,Чебоксарский муниципальный округ,Чувашская Республика,Юг и Северный Кавказ,0.0131
499,Шемуршинский муниципальный округ,Чувашская Республика,Стареющая сельская периферия,-0.0989
501,Ядринский муниципальный округ,Чувашская Республика,Стареющая сельская периферия,-0.079
502,Яльчикский муниципальный округ,Чувашская Республика,Стареющая сельская периферия,-0.1974
503,Янтиковский муниципальный округ,Чувашская Республика,Стареющая сельская периферия,-0.142
504,городской округ город Барнаул,Алтайский край,Города и агломерации,-0.0817
505,городской округ город Алейск,Алтайский край,Промышленные малые города и районы,-0.0425
506,городской округ город Белокуриха,Алтайский край,Промышленные малые города и районы,0.0858
507,городской округ город Бийск,Алтайский край,Города и агломерации,-0.0811
508,городской округ город Заринск,Алтайский край,Промышленные малые города и районы,-0.0383
509,городской округ город Новоалтайск,Алтайский край,Города и агломерации,-0.1698
510,городской округ город Рубцовск,Алтайский край,Города и агломерации,-0.0768
511,муниципальный округ город Славгород,Алтайский край,Молодые сельские районы,0.0211
512,городской округ город Яровое,Алтайский край,Промышленные малые города и районы,0.1196
514,Алейский муниципальный район,Алтайский край,Стареющая сельская периферия,-0.0818
515,Алтайский муниципальный район,Алтайский край,Молодые сельские районы,0.0595
516,Баевский муниципальный район,Алтайский край,Стареющая сельская периферия,-0.0037
517,Бийский муниципальный район,Алтайский край,Молодые сельские районы,0.185
518,Благовещенский муниципальный район,Алтайский край,Промышленные малые города и районы,-0.053
519,Бурлинский муниципальный район,Алтайский край,Стареющая сельская периферия,-0.0401
520,Быстроистокский муниципальный район,Алтайский край,Стареющая сельская периферия,-0.1216
521,Волчихинский муниципальный район,Алтайский край,Стареющая сельская периферия,-0.0766
522,Егорьевский муниципальный район,Алтайский край,Стареющая сельская периферия,-0.1734
523,Ельцовский муниципальный район,Алтайский край,Стареющая сельская периферия,-0.052
524,Завьяловский муниципальный район,Алтайский край,Стареющая сельская периферия,-0.0209
525,Залесовский муниципальный округ,Алтайский край,Стареющая сельская периферия,-0.1708
527,Змеиногорский муниципальный район,Алтайский край,Промышленные малые города и районы,-0.14
528,Калманский муниципальный район,Алтайский край,Стареющая сельская периферия,-0.1635
529,Каменский муниципальный район,Алтайский край,Молодые сельские районы,-0.1341
530,Ключевский муниципальный район,Алтайский край,Стареющая сельская периферия,0.0691
531,Косихинский муниципальный район,Алтайский край,Стареющая сельская периферия,-0.0402
532,Красногорский муниципальный район,Алтайский край,Стареющая сельская периферия,-0.0785
533,Краснощёковский муниципальный район,Алтайский край,Стареющая сельская периферия,-0.0633
534,Крутихинский муниципальный район,Алтайский край,Стареющая сельская периферия,-0.0774
535,Кулундинский муниципальный район,Алтайский край,Молодые сельские районы,0.0545
536,Курьинский муниципальный район,Алтайский край,Стареющая сельская периферия,-0.0382
537,Кытмановский муниципальный район,Алтайский край,Стареющая сельская периферия,-0.0836
538,Локтевский муниципальный район,Алтайский край,Стареющая сельская периферия,-0.0271
539,Мамонтовский муниципальный район,Алтайский край,Стареющая сельская периферия,-0.0389
540,Михайловский муниципальный район,Алтайский край,Стареющая сельская периферия,0.032
541,Новичихинский муниципальный район,Алтайский край,Стареющая сельская периферия,-0.0118
542,Зональный муниципальный район,Алтайский край,Стареющая сельская периферия,-0.1686
543,Павловский муниципальный район,Алтайский край,Молодые сельские районы,-0.0991
544,Панкрушихинский муниципальный район,Алтайский край,Стареющая сельская периферия,-0.0645
545,Первомайский муниципальный район,Алтайский край,Молодые сельские районы,-0.1781
546,Петропавловский муниципальный район,Алтайский край,Стареющая сельская периферия,-0.1071
547,Поспелихинский муниципальный район,Алтайский край,Стареющая сельская периферия,-0.0141
548,Ребрихинский муниципальный район,Алтайский край,Стареющая сельская периферия,-0.1021
549,Родинский муниципальный район,Алтайский край,Стареющая сельская периферия,-0.0421
550,Романовский муниципальный район,Алтайский край,Стареющая сельская периферия,-0.0402
552,Смоленский муниципальный район,Алтайский край,Стареющая сельская периферия,0.0812
553,муниципальный округ Суетский район,Алтайский край,Стареющая сельская периферия,-0.0078
554,Советский муниципальный район,Алтайский край,Молодые сельские районы,0.1592
555,Солонешенский муниципальный район,Алтайский край,Стареющая сельская периферия,-0.0196
556,Солтонский муниципальный район,Алтайский край,Стареющая сельская периферия,-0.1683
557,Шелаболихинский муниципальный район,Алтайский край,Стареющая сельская периферия,-0.0631
558,Табунский муниципальный район,Алтайский край,Стареющая сельская периферия,-0.0101
559,Тальменский муниципальный район,Алтайский край,Стареющая сельская периферия,-0.1754
560,Тогульский муниципальный район,Алтайский край,Стареющая сельская периферия,-0.0831
561,Топчихинский муниципальный район,Алтайский край,Стареющая сельская периферия,-0.0808
562,Третьяковский муниципальный район,Алтайский край,Стареющая сельская периферия,-0.021
563,Троицкий муниципальный район,Алтайский край,Стареющая сельская периферия,-0.0698
564,Тюменцевский муниципальный район,Алтайский край,Стареющая сельская периферия,-0.0057
565,Угловский муниципальный район,Алтайский край,Стареющая сельская периферия,-0.079
566,Усть-Калманский муниципальный район,Алтайский край,Стареющая сельская периферия,-0.0852
567,Усть-Пристанский муниципальный район,Алтайский край,Стареющая сельская периферия,0.0063
568,Хабарский муниципальный район,Алтайский край,Стареющая сельская периферия,-0.0295
569,Целинный муниципальный район,Алтайский край,Стареющая сельская периферия,-0.1014
570,муниципальный округ Чарышский район,Алтайский край,Стареющая сельская периферия,-0.0013
571,Шипуновский муниципальный район,Алтайский край,Стареющая сельская периферия,-0.0262
572,Немецкий национальный муниципальный район,Алтайский край,Стареющая сельская периферия,-0.0161
574,городской округ город Петровск-Забайкальский,Забайкальский край,Промышленные малые города и районы,-0.0738
578,Балейский муниципальный район,Забайкальский край,Молодые сельские районы,0.0046
579,Борзинский муниципальный район,Забайкальский край,Удалённые территории с высокими зарплатами,-0.0025
580,Газимуро-Заводский муниципальный округ,Забайкальский край,Удалённые территории с высокими зарплатами,-0.0033
581,Забайкальский муниципальный район,Забайкальский край,Удалённые территории с высокими зарплатами,0.1039
582,Каларский муниципальный округ,Забайкальский край,Удалённые территории с высокими зарплатами,0.1951
583,Калганский муниципальный округ,Забайкальский край,Молодые сельские районы,-0.0799
584,Карымский муниципальный район,Забайкальский край,Удалённые территории с высокими зарплатами,-0.1582
585,муниципальный район Город Краснокаменск и Краснокаменский район,Забайкальский край,Удалённые территории с высокими зарплатами,-0.0207
586,Красночикойский муниципальный район,Забайкальский край,Молодые сельские районы,-0.0398
587,Кыринский муниципальный район,Забайкальский край,Молодые сельские районы,0.0883
588,Могочинский муниципальный округ,Забайкальский край,Удалённые территории с высокими зарплатами,-0.0896
589,Нерчинский муниципальный район,Забайкальский край,Удалённые территории с высокими зарплатами,0.0757
591,Оловяннинский муниципальный район,Забайкальский край,Молодые сельские районы,0.0183
592,Ононский муниципальный округ,Забайкальский край,Молодые сельские районы,0.0202
593,Петровск-Забайкальский муниципальный район,Забайкальский край,Молодые сельские районы,-0.0987
594,Приаргунский муниципальный округ,Забайкальский край,Молодые сельские районы,0.0979
595,Сретенский муниципальный район,Забайкальский край,Молодые сельские районы,-0.1257
598,Улётовский муниципальный район,Забайкальский край,Молодые сельские районы,-0.0514
599,Хилокский муниципальный район,Забайкальский край,Молодые сельские районы,-0.0473
600,Чернышевский муниципальный район,Забайкальский край,Удалённые территории с высокими зарплатами,-0.104
601,Читинский муниципальный район,Забайкальский край,Молодые сельские районы,-0.1233
602,Шелопугинский муниципальный район,Забайкальский край,Молодые сельские районы,-0.0322
603,Шилкинский муниципальный район,Забайкальский край,Удалённые территории с высокими зарплатами,-0.0097
604,городской округ поселок Агинское,Забайкальский край,Молодые сельские районы,-0.0873
605,Агинский муниципальный район,Забайкальский край,Молодые сельские районы,0.1276
606,Дульдургинский муниципальный район,Забайкальский край,Молодые сельские районы,-0.0298
607,Могойтуйский муниципальный район,Забайкальский край,Молодые сельские районы,-0.0006
608,городской округ Петропавловск-Камчатский,Камчатский край,Города и агломерации,-0.0529
612,Елизовский муниципальный район,Камчатский край,Удалённые территории с высокими зарплатами,0.0582
613,Мильковский муниципальный округ,Камчатский край,Удалённые территории с высокими зарплатами,0.1813
614,Соболевский муниципальный район,Камчатский край,Удалённые территории с высокими зарплатами,-0.064
615,Усть-Большерецкий муниципальный район,Камчатский край,Удалённые территории с высокими зарплатами,-0.0678
616,Усть-Камчатский муниципальный район,Камчатский край,Удалённые территории с высокими зарплатами,0.1851
618,Карагинский муниципальный район,Камчатский край,Удалённые территории с высокими зарплатами,-0.1903
619,Олюторский муниципальный район,Камчатский край,Удалённые территории с высокими зарплатами,0.079
621,Тигильский муниципальный район,Камчатский край,Удалённые территории с высокими зарплатами,-0.0234
666,городской округ город Красноярск,Красноярский край,Города и агломерации,-0.0459
667,городской округ город Ачинск,Красноярский край,Города и агломерации,-0.0827
668,городской округ город Боготол,Красноярский край,Промышленные малые города и районы,-0.0902
669,городской округ город Бородино,Красноярский край,Промышленные малые города и районы,-0.0743
670,городской округ город Дивногорск,Красноярский край,Промышленные малые города и районы,0.0208
671,городской округ город Енисейск,Красноярский край,Промышленные малые города и районы,0.0962
674,городской округ город Канск,Красноярский край,Города и агломерации,-0.0165
675,городской округ город Лесосибирск,Красноярский край,Города и агломерации,0.0563
676,городской округ город Минусинск,Красноярский край,Города и агломерации,-0.0212
677,городской округ город Назарово,Красноярский край,Промышленные малые города и районы,-0.0982
678,городской округ город Норильск,Красноярский край,Удалённые территории с высокими зарплатами,0.1271
679,городской округ город Сосновоборск,Красноярский край,Города и агломерации,0.1096
680,городской округ город Шарыпово,Красноярский край,Промышленные малые города и районы,0.1686
683,Абанский муниципальный район,Красноярский край,Стареющая сельская периферия,-0.1049
685,Балахтинский муниципальный район,Красноярский край,Молодые сельские районы,0.0832
686,Березовский муниципальный район,Красноярский край,Города и агломерации,0.0628
687,Бирилюсский муниципальный район,Красноярский край,Стареющая сельская периферия,-0.0433
689,Богучанский муниципальный район,Красноярский край,Удалённые территории с высокими зарплатами,0.1313
690,Большемуртинский муниципальный район,Красноярский край,Стареющая сельская периферия,-0.0512
691,Большеулуйский муниципальный район,Красноярский край,Удалённые территории с высокими зарплатами,-0.3273
692,Дзержинский муниципальный район,Красноярский край,Стареющая сельская периферия,-0.0199
693,Емельяновский муниципальный район,Красноярский край,Города и агломерации,0.0148
694,Енисейский муниципальный район,Красноярский край,Удалённые территории с высокими зарплатами,-0.0095
695,Ермаковский муниципальный район,Красноярский край,Молодые сельские районы,0.0959
696,Идринский муниципальный район,Красноярский край,Молодые сельские районы,-0.1137
697,Иланский муниципальный район,Красноярский край,Промышленные малые города и районы,-0.1467
698,Ирбейский муниципальный район,Красноярский край,Молодые сельские районы,-0.0853
699,Казачинский муниципальный район,Красноярский край,Стареющая сельская периферия,-0.0181
701,Каратузский муниципальный район,Красноярский край,Стареющая сельская периферия,0.0488
702,Кежемский муниципальный район,Красноярский край,Удалённые территории с высокими зарплатами,0.1452
703,Козульский муниципальный район,Красноярский край,Стареющая сельская периферия,-0.0674
704,Краснотуранский муниципальный район,Красноярский край,Молодые сельские районы,0.0332
705,Курагинский муниципальный район,Красноярский край,Молодые сельские районы,0.0211
706,Манский муниципальный район,Красноярский край,Стареющая сельская периферия,-0.0978
708,Мотыгинский муниципальный район,Красноярский край,Удалённые территории с высокими зарплатами,0.1189
710,Нижнеингашский муниципальный район,Красноярский край,Стареющая сельская периферия,-0.0186
711,Новоселовский муниципальный район,Красноярский край,Молодые сельские районы,0.051
712,Партизанский муниципальный район,Красноярский край,Стареющая сельская периферия,-0.0754
713,Пировский муниципальный округ,Красноярский край,Стареющая сельская периферия,0.0178
714,Рыбинский муниципальный район,Красноярский край,Молодые сельские районы,-0.05
715,Саянский муниципальный район,Красноярский край,Стареющая сельская периферия,0.007
716,Северо-Енисейский муниципальный район,Красноярский край,Удалённые территории с высокими зарплатами,0.1429
717,Сухобузимский муниципальный район,Красноярский край,Стареющая сельская периферия,-0.0048
718,Таймырский Долгано-Ненецкий муниципальный район,Красноярский край,Удалённые территории с высокими зарплатами,0.1481
719,Тасеевский муниципальный район,Красноярский край,Стареющая сельская периферия,-0.0144
720,Туруханский муниципальный район,Красноярский край,Удалённые территории с высокими зарплатами,0.1095
721,Тюхтетский муниципальный округ,Красноярский край,Стареющая сельская периферия,-0.0107
722,Ужурский муниципальный район,Красноярский край,Молодые сельские районы,0.1062
723,Уярский муниципальный район,Красноярский край,Стареющая сельская периферия,-0.1125
724,Шарыповский муниципальный округ,Красноярский край,Молодые сельские районы,-0.1171
725,Шушенский муниципальный район,Красноярский край,Молодые сельские районы,0.1061
726,Эвенкийский муниципальный район,Красноярский край,Удалённые территории с высокими зарплатами,0.0694
727,городской округ Пермский,Пермский край,Города и агломерации,-0.0366
731,городской округ Лысьвенский,Пермский край,Промышленные малые города и районы,-0.0595
734,муниципальный округ Александровский,Пермский край,Промышленные малые города и районы,-0.0602
735,муниципальный округ Бардымский,Пермский край,Молодые сельские районы,-0.0662
736,муниципальный округ Березовский,Пермский край,Стареющая сельская периферия,-0.1221
737,муниципальный округ Большесосновский,Пермский край,Стареющая сельская периферия,-0.0141
738,городской округ Верещагинский,Пермский край,Молодые сельские районы,-0.0224
739,городской округ Горнозаводский,Пермский край,Промышленные малые города и районы,-0.0679
741,городской округ Добрянский,Пермский край,Промышленные малые города и районы,-0.0945
742,муниципальный округ Еловский,Пермский край,Стареющая сельская периферия,0.0435
743,городской округ Ильинский,Пермский край,Стареющая сельская периферия,-0.1205
744,муниципальный округ Карагайский,Пермский край,Молодые сельские районы,0.0663
745,городской округ город Кизел,Пермский край,Промышленные малые города и районы,-0.0115
746,муниципальный округ Кишертский,Пермский край,Стареющая сельская периферия,-0.1371
747,городской округ Красновишерский,Пермский край,Стареющая сельская периферия,-0.0885
748,городской округ Краснокамский,Пермский край,Города и агломерации,-0.0445
749,муниципальный округ Куединский,Пермский край,Стареющая сельская периферия,0.0115
751,городской округ Нытвенский,Пермский край,Промышленные малые города и районы,-0.045
752,городской округ Октябрьский,Пермский край,Молодые сельские районы,-0.129
753,муниципальный округ Ординский,Пермский край,Стареющая сельская периферия,-0.1194
754,городской округ Осинский,Пермский край,Промышленные малые города и районы,0.0368
755,городской округ Оханский,Пермский край,Стареющая сельская периферия,0.0369
756,городской округ Очерский,Пермский край,Молодые сельские районы,-0.0567
757,муниципальный округ Пермский,Пермский край,Города и агломерации,-0.1272
758,муниципальный округ Сивинский,Пермский край,Стареющая сельская периферия,0.0355
760,городской округ Суксунский,Пермский край,Стареющая сельская периферия,-0.0895
761,муниципальный округ Уинский,Пермский край,Стареющая сельская периферия,-0.0438
763,городской округ Чайковский,Пермский край,Города и агломерации,-0.087
764,муниципальный округ Частинский,Пермский край,Молодые сельские районы,-0.0162
765,городской округ Чердынский,Пермский край,Стареющая сельская периферия,-0.0812
766,городской округ Чернушинский,Пермский край,Города и агломерации,-0.056
767,городской округ Чусовской,Пермский край,Промышленные малые города и районы,-0.0381
769,муниципальный округ Гайнский,Пермский край,Стареющая сельская периферия,-0.0053
770,муниципальный округ Косинский,Пермский край,Стареющая сельская периферия,-0.0595
771,муниципальный округ Кочевский,Пермский край,Молодые сельские районы,-0.1325
773,муниципальный округ Юрлинский,Пермский край,Молодые сельские районы,-0.0837
774,муниципальный округ Юсьвинский,Пермский край,Стареющая сельская периферия,-0.1297
775,городской округ Владивостокский,Приморский край,Города и агломерации,0.0072
776,городской округ Арсеньевский,Приморский край,Города и агломерации,0.0787
777,городской округ Артемовский,Приморский край,Города и агломерации,-0.0435
778,городской округ Большой Камень,Приморский край,Города и агломерации,-0.0111
779,городской округ Дальнегорский,Приморский край,Промышленные малые города и районы,0.0464
780,городской округ Дальнереченский,Приморский край,Промышленные малые города и районы,-0.11
781,городской округ Лесозаводский,Приморский край,Удалённые территории с высокими зарплатами,-0.1095
782,городской округ Находкинский,Приморский край,Города и агломерации,-0.0247
783,городской округ Партизанский,Приморский край,Промышленные малые города и районы,-0.0153
784,городской округ Спасск-Дальний,Приморский край,Промышленные малые города и районы,-0.0256
785,городской округ Уссурийский,Приморский край,Города и агломерации,-0.0533
787,Анучинский муниципальный округ,Приморский край,Стареющая сельская периферия,-0.1168
788,Дальнереченский муниципальный район,Приморский край,Молодые сельские районы,-0.0364
789,Кавалеровский муниципальный округ,Приморский край,Молодые сельские районы,0.0276
790,Кировский муниципальный район,Приморский край,Молодые сельские районы,-0.0266
791,Красноармейский муниципальный округ,Приморский край,Удалённые территории с высокими зарплатами,0.0158
792,Лазовский муниципальный округ,Приморский край,Удалённые территории с высокими зарплатами,-0.0689
793,Михайловский муниципальный район,Приморский край,Удалённые территории с высокими зарплатами,-0.1935
794,Надеждинский муниципальный район,Приморский край,Города и агломерации,-0.0416
795,Октябрьский муниципальный округ,Приморский край,Удалённые территории с высокими зарплатами,-0.0789
796,Ольгинский муниципальный округ,Приморский край,Молодые сельские районы,0.0162
797,Партизанский муниципальный округ,Приморский край,Молодые сельские районы,0.0092
798,Пограничный муниципальный округ,Приморский край,Удалённые территории с высокими зарплатами,-0.105
799,Пожарский муниципальный округ,Приморский край,Удалённые территории с высокими зарплатами,-0.0067
800,Спасский муниципальный район,Приморский край,Молодые сельские районы,-0.0317
801,Тернейский муниципальный округ,Приморский край,Удалённые территории с высокими зарплатами,0.0593
802,Ханкайский муниципальный округ,Приморский край,Молодые сельские районы,0.0096
803,Хасанский муниципальный округ,Приморский край,Удалённые территории с высокими зарплатами,0.0445
804,Хорольский муниципальный округ,Приморский край,Стареющая сельская периферия,0.0377
805,Черниговский муниципальный округ,Приморский край,Удалённые территории с высокими зарплатами,0.0261
806,Чугуевский муниципальный округ,Приморский край,Молодые сельские районы,0.0517
807,Шкотовский муниципальный округ,Приморский край,Удалённые территории с высокими зарплатами,-0.2028
808,Яковлевский муниципальный округ,Приморский край,Стареющая сельская периферия,-0.0242
809,городской округ город Ставрополь,Ставропольский край,Города и агломерации,-0.0216
810,Благодарненский муниципальный округ,Ставропольский край,Юг и Северный Кавказ,0.0353
811,Георгиевский муниципальный округ,Ставропольский край,Юг и Северный Кавказ,0.0929
812,городской округ город-курорт Ессентуки,Ставропольский край,Города и агломерации,-0.0294
813,городской округ город-курорт Железноводск,Ставропольский край,Города и агломерации,0.1304
814,Изобильненский муниципальный округ,Ставропольский край,Промышленные малые города и районы,0.02
815,Ипатовский муниципальный округ,Ставропольский край,Юг и Северный Кавказ,0.0033
817,Кировский муниципальный округ,Ставропольский край,Молодые сельские районы,-0.0833
818,городской округ город Лермонтов,Ставропольский край,Города и агломерации,0.0748
819,Минераловодский муниципальный округ,Ставропольский край,Города и агломерации,0.1341
820,городской округ город Невинномысск,Ставропольский край,Города и агломерации,-0.0256
821,Нефтекумский муниципальный округ,Ставропольский край,Юг и Северный Кавказ,-0.0229
822,Новоалександровский муниципальный округ,Ставропольский край,Юг и Северный Кавказ,0.0152
823,Петровский муниципальный округ,Ставропольский край,Юг и Северный Кавказ,-0.0432
824,городской округ город-курорт Пятигорск,Ставропольский край,Города и агломерации,0.0075
825,Советский муниципальный округ,Ставропольский край,Юг и Северный Кавказ,-0.0218
826,Александровский муниципальный округ,Ставропольский край,Юг и Северный Кавказ,0.0117
827,Андроповский муниципальный округ,Ставропольский край,Юг и Северный Кавказ,0.0573
828,Апанасенковский муниципальный округ,Ставропольский край,Стареющая сельская периферия,0.0012
829,Арзгирский муниципальный округ,Ставропольский край,Стареющая сельская периферия,-0.0482
830,Будённовский муниципальный округ,Ставропольский край,Юг и Северный Кавказ,0.049
831,Грачёвский муниципальный округ,Ставропольский край,Стареющая сельская периферия,-0.1171
832,Кочубеевский муниципальный округ,Ставропольский край,Юг и Северный Кавказ,-0.0472
833,Красногвардейский муниципальный округ,Ставропольский край,Стареющая сельская периферия,0.0002
834,Курский муниципальный округ,Ставропольский край,Юг и Северный Кавказ,-0.0448
835,Левокумский муниципальный округ,Ставропольский край,Юг и Северный Кавказ,-0.1183
836,Новоселицкий муниципальный округ,Ставропольский край,Юг и Северный Кавказ,0.0076
838,Степновский муниципальный округ,Ставропольский край,Юг и Северный Кавказ,-0.034
839,Труновский муниципальный округ,Ставропольский край,Стареющая сельская периферия,-0.0095
840,Туркменский муниципальный округ,Ставропольский край,Стареющая сельская периферия,-0.0843
841,Шпаковский муниципальный округ,Ставропольский край,Города и агломерации,0.1125
842,городской округ город Хабаровск,Хабаровский край,Города и агломерации,0.0056
843,городской округ город Комсомольск-на-Амуре,Хабаровский край,Города и агломерации,0.0268
844,Амурский муниципальный район,Хабаровский край,Удалённые территории с высокими зарплатами,-0.1136
846,Бикинский муниципальный район,Хабаровский край,Удалённые территории с высокими зарплатами,0.1141
847,Ванинский муниципальный район,Хабаровский край,Удалённые территории с высокими зарплатами,0.1298
848,Верхнебуреинский муниципальный район,Хабаровский край,Удалённые территории с высокими зарплатами,-0.0241
849,Вяземский муниципальный район,Хабаровский край,Молодые сельские районы,-0.0411
851,муниципальный район имени Лазо,Хабаровский край,Молодые сельские районы,-0.1325
852,Нанайский муниципальный район,Хабаровский край,Удалённые территории с высокими зарплатами,-0.1397
853,Николаевский муниципальный район,Хабаровский край,Удалённые территории с высокими зарплатами,0.0859
854,Охотский муниципальный округ,Хабаровский край,Удалённые территории с высокими зарплатами,-0.0505
855,муниципальный район имени Полины Осипенко,Хабаровский край,Удалённые территории с высокими зарплатами,-0.1296
856,Советско-Гаванский муниципальный район,Хабаровский край,Удалённые территории с высокими зарплатами,0.0443
857,Солнечный муниципальный район,Хабаровский край,Удалённые территории с высокими зарплатами,-0.0879
858,Тугуро-Чумиканский муниципальный район,Хабаровский край,Удалённые территории с высокими зарплатами,0.0691
859,Ульчский муниципальный район,Хабаровский край,Удалённые территории с высокими зарплатами,-0.0077
860,Хабаровский муниципальный район,Хабаровский край,Города и агломерации,-0.0473
870,Архаринский муниципальный округ,Амурская область,Удалённые территории с высокими зарплатами,-0.018
871,Белогорский муниципальный округ,Амурская область,Удалённые территории с высокими зарплатами,0.1862
872,Благовещенский муниципальный округ,Амурская область,Города и агломерации,0.4284
873,Бурейский муниципальный округ,Амурская область,Удалённые территории с высокими зарплатами,-0.1791
874,Завитинский муниципальный округ,Амурская область,Удалённые территории с высокими зарплатами,-0.0011
875,Зейский муниципальный округ,Амурская область,Удалённые территории с высокими зарплатами,0.1935
876,Ивановский муниципальный округ,Амурская область,Молодые сельские районы,0.1569
877,Константиновский муниципальный район,Амурская область,Удалённые территории с высокими зарплатами,0.0168
878,Магдагачинский муниципальный район,Амурская область,Удалённые территории с высокими зарплатами,-0.1245
879,Мазановский муниципальный район,Амурская область,Удалённые территории с высокими зарплатами,0.0728
880,Михайловский муниципальный район,Амурская область,Молодые сельские районы,-0.0276
881,Октябрьский муниципальный район,Амурская область,Удалённые территории с высокими зарплатами,0.0818
882,Ромненский муниципальный округ,Амурская область,Молодые сельские районы,-0.0274
883,Свободненский муниципальный район,Амурская область,Удалённые территории с высокими зарплатами,-0.1694
884,Селемджинский муниципальный район,Амурская область,Удалённые территории с высокими зарплатами,-0.093
885,Серышевский муниципальный округ,Амурская область,Удалённые территории с высокими зарплатами,0.0841
886,Сковородинский муниципальный округ,Амурская область,Удалённые территории с высокими зарплатами,-0.0815
888,Тындинский муниципальный округ,Амурская область,Удалённые территории с высокими зарплатами,0.0657
889,Шимановский муниципальный округ,Амурская область,Удалённые территории с высокими зарплатами,-0.0185
890,городской округ город Архангельск,Архангельская область,Города и агломерации,-0.0293
891,городской округ город Коряжма,Архангельская область,Промышленные малые города и районы,-0.0933
892,городской округ Котлас,Архангельская область,Города и агломерации,-0.0498
895,городской округ город Новодвинск,Архангельская область,Промышленные малые города и районы,-0.1144
896,городской округ Северодвинск,Архангельская область,Города и агломерации,0.0888
897,Вельский муниципальный район,Архангельская область,Промышленные малые города и районы,-0.1022
898,Верхнетоемский муниципальный округ,Архангельская область,Стареющая сельская периферия,-0.0792
899,муниципальный округ Вилегодский,Архангельская область,Стареющая сельская периферия,0.0107
900,Виноградовский муниципальный округ,Архангельская область,Стареющая сельская периферия,0.0197
901,муниципальный округ Каргопольский,Архангельская область,Стареющая сельская периферия,-0.0172
902,Коношский муниципальный район,Архангельская область,Промышленные малые города и районы,-0.003
903,Котласский муниципальный округ,Архангельская область,Промышленные малые города и районы,-0.2334
904,Красноборский муниципальный округ,Архангельская область,Стареющая сельская периферия,-0.138
905,Ленский муниципальный район,Архангельская область,Промышленные малые города и районы,0.0853
907,Мезенский муниципальный округ,Архангельская область,Стареющая сельская периферия,-0.3188
908,Няндомский муниципальный округ,Архангельская область,Промышленные малые города и районы,-0.0018
909,Онежский муниципальный район,Архангельская область,Промышленные малые города и районы,-0.0334
911,Плесецкий муниципальный округ,Архангельская область,Промышленные малые города и районы,0.0288
912,Приморский муниципальный округ,Архангельская область,Удалённые территории с высокими зарплатами,0.2042
913,Устьянский муниципальный округ,Архангельская область,Промышленные малые города и районы,0.0438
914,Холмогорский муниципальный округ,Архангельская область,Стареющая сельская периферия,-0.1186
915,Шенкурский муниципальный округ,Архангельская область,Стареющая сельская периферия,0.0332
916,городской округ город Нарьян-Мар,Ненецкий автономный округ,Удалённые территории с высокими зарплатами,0.0673
917,муниципальный район Заполярный район,Ненецкий автономный округ,Удалённые территории с высокими зарплатами,0.054
918,городской округ город Астрахань,Астраханская область,Города и агломерации,0.0196
920,Ахтубинский муниципальный район,Астраханская область,Промышленные малые города и районы,-0.1117
922,Енотаевский муниципальный район,Астраханская область,Стареющая сельская периферия,-0.0875
923,Икрянинский муниципальный район,Астраханская область,Стареющая сельская периферия,-0.0118
924,Камызякский муниципальный район,Астраханская область,Стареющая сельская периферия,-0.0743
925,Красноярский муниципальный район,Астраханская область,Промышленные малые города и районы,-0.3236
926,Лиманский муниципальный район,Астраханская область,Стареющая сельская периферия,0.0077
927,Наримановский муниципальный район,Астраханская область,Города и агломерации,0.1064
928,Приволжский муниципальный район,Астраханская область,Города и агломерации,0.2999
929,Харабалинский муниципальный район,Астраханская область,Молодые сельские районы,-0.118
930,Черноярский муниципальный район,Астраханская область,Стареющая сельская периферия,-0.1002
986,городской округ город Владимир,Владимирская область,Города и агломерации,-0.0221
987,городской округ город Гусь-Хрустальный,Владимирская область,Промышленные малые города и районы,-0.0611
988,городской округ город Ковров,Владимирская область,Города и агломерации,0.0036
989,городской округ округ Муром,Владимирская область,Города и агломерации,-0.0688
991,Александровский муниципальный район,Владимирская область,Города и агломерации,-0.0163
992,Вязниковский муниципальный район,Владимирская область,Промышленные малые города и районы,-0.0062
993,Гороховецкий муниципальный район,Владимирская область,Промышленные малые города и районы,0.0453
994,Гусь-Хрустальный муниципальный район,Владимирская область,Промышленные малые города и районы,-0.1681
995,Камешковский муниципальный район,Владимирская область,Промышленные малые города и районы,0.0288
996,Киржачский муниципальный район,Владимирская область,Промышленные малые города и районы,0.1185
998,Кольчугинский муниципальный район,Владимирская область,Промышленные малые города и районы,0.0175
999,Меленковский муниципальный район,Владимирская область,Стареющая сельская периферия,-0.0724
1001,Петушинский муниципальный район,Владимирская область,Города и агломерации,0.0636
1002,Селивановский муниципальный район,Владимирская область,Стареющая сельская периферия,-0.1364
1003,Собинский муниципальный район,Владимирская область,Промышленные малые города и районы,-0.1384
1004,Судогодский муниципальный район,Владимирская область,Промышленные малые города и районы,-0.0261
1005,Суздальский муниципальный район,Владимирская область,Промышленные малые города и районы,-0.0441
1006,Юрьев-Польский муниципальный район,Владимирская область,Промышленные малые города и районы,0.0258
1007,городской округ город-герой Волгоград,Волгоградская область,Города и агломерации,0.0031
1008,городской округ город Волжский,Волгоградская область,Города и агломерации,-0.0051
1009,городской округ город Камышин,Волгоградская область,Города и агломерации,0.1208
1010,городской округ город Михайловка,Волгоградская область,Юг и Северный Кавказ,-0.0342
1011,городской округ город Урюпинск,Волгоградская область,Юг и Северный Кавказ,0.0364
1012,городской округ город Фролово,Волгоградская область,Промышленные малые города и районы,-0.0241
1013,Алексеевский муниципальный район,Волгоградская область,Стареющая сельская периферия,-0.0319
1014,Быковский муниципальный район,Волгоградская область,Стареющая сельская периферия,-0.0902
1015,Городищенский муниципальный район,Волгоградская область,Промышленные малые города и районы,-0.2817
1016,Даниловский муниципальный район,Волгоградская область,Стареющая сельская периферия,0.1071
1017,Дубовский муниципальный район,Волгоградская область,Стареющая сельская периферия,-0.0562
1018,Еланский муниципальный район,Волгоградская область,Стареющая сельская периферия,0.023
1019,Жирновский муниципальный район,Волгоградская область,Промышленные малые города и районы,-0.0349
1020,Иловлинский муниципальный район,Волгоградская область,Промышленные малые города и районы,0.0044
1021,Калачевский муниципальный район,Волгоградская область,Промышленные малые города и районы,0.115
1023,Киквидзенский муниципальный район,Волгоградская область,Стареющая сельская периферия,0.115
1024,Клетский муниципальный район,Волгоградская область,Стареющая сельская периферия,0.0564
1025,Котельниковский муниципальный район,Волгоградская область,Промышленные малые города и районы,-0.0265
1026,Котовский муниципальный район,Волгоградская область,Промышленные малые города и районы,-0.0488
1027,Кумылженский муниципальный район,Волгоградская область,Стареющая сельская периферия,-0.0095
1028,Ленинский муниципальный район,Волгоградская область,Стареющая сельская периферия,-0.0218
1029,Нехаевский муниципальный район,Волгоградская область,Стареющая сельская периферия,0.1173
1030,Николаевский муниципальный район,Волгоградская область,Стареющая сельская периферия,-0.0166
1031,Новоаннинский муниципальный район,Волгоградская область,Стареющая сельская периферия,0.1129
1032,Новониколаевский муниципальный район,Волгоградская область,Стареющая сельская периферия,0.1134
1033,Октябрьский муниципальный район,Волгоградская область,Стареющая сельская периферия,0.0423
1034,Ольховский муниципальный район,Волгоградская область,Стареющая сельская периферия,-0.0311
1035,Палласовский муниципальный район,Волгоградская область,Стареющая сельская периферия,0.0228
1036,Руднянский муниципальный район,Волгоградская область,Стареющая сельская периферия,0.1877
1037,Светлоярский муниципальный район,Волгоградская область,Юг и Северный Кавказ,0.0298
1038,Серафимовичский муниципальный район,Волгоградская область,Стареющая сельская периферия,0.0882
1039,Среднеахтубинский муниципальный район,Волгоградская область,Города и агломерации,-0.0305
1040,Старополтавский муниципальный район,Волгоградская область,Молодые сельские районы,0.0445
1041,Суровикинский муниципальный район,Волгоградская область,Стареющая сельская периферия,-0.0507
1044,Чернышковский муниципальный район,Волгоградская область,Стареющая сельская периферия,0.0553
1047,Бабаевский муниципальный округ,Вологодская область,Промышленные малые города и районы,-0.0408
1048,Бабушкинский муниципальный округ,Вологодская область,Молодые сельские районы,-0.0454
1049,Белозерский муниципальный округ,Вологодская область,Промышленные малые города и районы,-0.0044
1051,Великоустюгский муниципальный округ,Вологодская область,Промышленные малые города и районы,-0.0363
1052,Верховажский муниципальный округ,Вологодская область,Стареющая сельская периферия,0.0379
1053,Вожегодский муниципальный округ,Вологодская область,Стареющая сельская периферия,-0.0128
1054,Вологодский муниципальный округ,Вологодская область,Молодые сельские районы,0.0361
1055,Вытегорский муниципальный район,Вологодская область,Молодые сельские районы,0.2088
1056,Грязовецкий муниципальный округ,Вологодская область,Промышленные малые города и районы,-0.0586
1057,Кадуйский муниципальный округ,Вологодская область,Промышленные малые города и районы,-0.1593
1058,Кирилловский муниципальный округ,Вологодская область,Стареющая сельская периферия,-0.1252
1059,Кичменгско-Городецкий муниципальный округ,Вологодская область,Молодые сельские районы,-0.0398
1060,Междуреченский муниципальный округ,Вологодская область,Стареющая сельская периферия,-0.115
1061,Никольский муниципальный округ,Вологодская область,Молодые сельские районы,-0.0123
1062,Нюксенский муниципальный округ,Вологодская область,Молодые сельские районы,0.0046
1063,Сокольский муниципальный округ,Вологодская область,Промышленные малые города и районы,-0.0873
1064,Сямженский муниципальный округ,Вологодская область,Стареющая сельская периферия,-0.0906
1065,Тарногский муниципальный округ,Вологодская область,Стареющая сельская периферия,0.0288
1066,Тотемский муниципальный округ,Вологодская область,Промышленные малые города и районы,0.0238
1067,Усть-Кубинский муниципальный округ,Вологодская область,Стареющая сельская периферия,-0.0352
1068,Устюженский муниципальный округ,Вологодская область,Промышленные малые города и районы,0.0252
1069,Харовский муниципальный округ,Вологодская область,Стареющая сельская периферия,-0.0767
1070,Чагодощенский муниципальный округ,Вологодская область,Промышленные малые города и районы,0.0052
1071,Череповецкий муниципальный район,Вологодская область,Молодые сельские районы,-0.0448
1072,Шекснинский муниципальный район,Вологодская область,Промышленные малые города и районы,0.0507
1107,городской округ Иваново,Ивановская область,Города и агломерации,0.0382
1108,городской округ Вичуга,Ивановская область,Промышленные малые города и районы,-0.1273
1109,городской округ Кинешма,Ивановская область,Города и агломерации,0.0195
1110,городской округ Кохма,Ивановская область,Промышленные малые города и районы,0.2339
1111,городской округ Тейково,Ивановская область,Промышленные малые города и районы,-0.052
1112,городской округ Шуя,Ивановская область,Промышленные малые города и районы,-0.0594
1113,Вичугский муниципальный район,Ивановская область,Стареющая сельская периферия,-0.019
1115,Гаврилово-Посадский муниципальный район,Ивановская область,Стареющая сельская периферия,-0.0568
1116,Заволжский муниципальный район,Ивановская область,Стареющая сельская периферия,0.0701
1117,Ивановский муниципальный район,Ивановская область,Города и агломерации,0.1735
1118,Ильинский муниципальный район,Ивановская область,Стареющая сельская периферия,-0.086
1119,Кинешемский муниципальный район,Ивановская область,Промышленные малые города и районы,0.0131
1120,Комсомольский муниципальный район,Ивановская область,Промышленные малые города и районы,-0.0423
1121,Лежневский муниципальный район,Ивановская область,Промышленные малые города и районы,-0.1143
1122,Лухский муниципальный район,Ивановская область,Стареющая сельская периферия,-0.0886
1123,Палехский муниципальный район,Ивановская область,Стареющая сельская периферия,0.0088
1124,Пестяковский муниципальный район,Ивановская область,Стареющая сельская периферия,-0.142
1125,Приволжский муниципальный район,Ивановская область,Промышленные малые города и районы,-0.0494
1126,Пучежский муниципальный район,Ивановская область,Стареющая сельская периферия,-0.0223
1127,Родниковский муниципальный район,Ивановская область,Промышленные малые города и районы,-0.0953
1128,Савинский муниципальный район,Ивановская область,Стареющая сельская периферия,-0.0686
1129,Тейковский муниципальный район,Ивановская область,Стареющая сельская периферия,0.0035
1130,Фурмановский муниципальный район,Ивановская область,Промышленные малые города и районы,-0.1428
1131,Шуйский муниципальный район,Ивановская область,Промышленные малые города и районы,0.153
1132,Южский муниципальный район,Ивановская область,Стареющая сельская периферия,-0.057
1133,Юрьевецкий муниципальный район,Ивановская область,Стареющая сельская периферия,-0.0539
1134,городской округ город Иркутск,Иркутская область,Города и агломерации,0.0237
1135,городской округ Ангарский,Иркутская область,Города и агломерации,-0.0434
1136,городской округ город Братск,Иркутская область,Города и агломерации,-0.0105
1137,городской округ Зима,Иркутская область,Молодые сельские районы,-0.046
1138,городской округ город Саянск,Иркутская область,Города и агломерации,0.1216
1139,городской округ город Тулун,Иркутская область,Молодые сельские районы,0.0584
1140,городской округ город Усолье-Сибирское,Иркутская область,Города и агломерации,0.0112
1141,городской округ город Усть-Илимск,Иркутская область,Города и агломерации,0.0324
1142,городской округ город Черемхово,Иркутская область,Города и агломерации,0.0971
1143,городской округ город Свирск,Иркутская область,Промышленные малые города и районы,0.0419
1144,Балаганский муниципальный район,Иркутская область,Молодые сельские районы,0.0216
1146,Братский муниципальный район,Иркутская область,Промышленные малые города и районы,-0.1183
1147,Жигаловский муниципальный район,Иркутская область,Удалённые территории с высокими зарплатами,-0.1092
1148,Заларинский муниципальный район,Иркутская область,Молодые сельские районы,0.0619
1149,Зиминский муниципальный район,Иркутская область,Молодые сельские районы,0.1218
1150,Иркутский муниципальный район,Иркутская область,Города и агломерации,0.3141
1151,Казачинско-Ленский муниципальный район,Иркутская область,Удалённые территории с высокими зарплатами,0.176
1152,Катангский муниципальный район,Иркутская область,Удалённые территории с высокими зарплатами,0.2818
1153,Качугский муниципальный район,Иркутская область,Молодые сельские районы,0.0021
1154,Киренский муниципальный район,Иркутская область,Удалённые территории с высокими зарплатами,0.0852
1155,Куйтунский муниципальный район,Иркутская область,Молодые сельские районы,0.0778
1157,Нижнеилимский муниципальный район,Иркутская область,Промышленные малые города и районы,0.0537
1158,Нижнеудинский муниципальный район,Иркутская область,Удалённые территории с высокими зарплатами,-0.0323
1159,Ольхонский муниципальный район,Иркутская область,Молодые сельские районы,0.0356
1160,Слюдянский муниципальный район,Иркутская область,Удалённые территории с высокими зарплатами,-0.029
1161,Тайшетский муниципальный район,Иркутская область,Удалённые территории с высокими зарплатами,-0.1968
1163,Усольский муниципальный район,Иркутская область,Молодые сельские районы,-0.1219
1164,Усть-Илимский муниципальный район,Иркутская область,Удалённые территории с высокими зарплатами,-0.1305
1165,Усть-Кутский муниципальный район,Иркутская область,Удалённые территории с высокими зарплатами,0.2004
1166,Усть-Удинский муниципальный район,Иркутская область,Молодые сельские районы,0.0405
1167,Черемховский муниципальный район,Иркутская область,Молодые сельские районы,0.057
1168,Чунский муниципальный район,Иркутская область,Молодые сельские районы,-0.0258
1169,Шелеховский муниципальный район,Иркутская область,Города и агломерации,0.0388
1170,Аларский муниципальный район,Иркутская область,Молодые сельские районы,0.0606
1171,Баяндаевский муниципальный район,Иркутская область,Молодые сельские районы,-0.105
1172,Боханский муниципальный район,Иркутская область,Молодые сельские районы,-0.0467
1173,Нукутский муниципальный район,Иркутская область,Молодые сельские районы,0.0264
1174,Осинский муниципальный район,Иркутская область,Молодые сельские районы,-0.0337
1175,Эхирит-Булагатский муниципальный район,Иркутская область,Молодые сельские районы,-0.0841
1176,городской округ город Калининград,Калининградская область,Города и агломерации,0.002
1178,городской округ Мамоновский,Калининградская область,Промышленные малые города и районы,-0.2394
1179,городской округ Пионерский,Калининградская область,Промышленные малые города и районы,0.024
1180,городской округ Светловский,Калининградская область,Промышленные малые города и районы,-0.3077
1181,городской округ Советский,Калининградская область,Промышленные малые города и районы,-0.0903
1182,городской округ Янтарный,Калининградская область,Промышленные малые города и районы,-0.1425
1184,городской округ Балтийский,Калининградская область,Промышленные малые города и районы,0.0791
1185,муниципальный округ Гвардейский,Калининградская область,Промышленные малые города и районы,-0.0585
1186,муниципальный округ Гурьевский,Калининградская область,Города и агломерации,0.0343
1187,городской округ Гусевский,Калининградская область,Промышленные малые города и районы,-0.0883
1188,муниципальный округ Зеленоградский,Калининградская область,Города и агломерации,0.3995
1189,муниципальный округ Краснознаменский,Калининградская область,Молодые сельские районы,-0.0135
1190,городской округ Светлогорский,Калининградская область,Города и агломерации,0.2543
1191,муниципальный округ Неманский,Калининградская область,Молодые сельские районы,-0.0369
1192,муниципальный округ Нестеровский,Калининградская область,Молодые сельские районы,-0.0478
1193,муниципальный округ Озерский,Калининградская область,Молодые сельские районы,-0.055
1194,муниципальный округ Полесский,Калининградская область,Юг и Северный Кавказ,-0.0733
1195,муниципальный округ Правдинский,Калининградская область,Стареющая сельская периферия,-0.2092
1196,муниципальный округ Славский,Калининградская область,Стареющая сельская периферия,0.0425
1197,муниципальный округ Черняховский,Калининградская область,Промышленные малые города и районы,-0.1187
1198,городской округ город Калуга,Калужская область,Города и агломерации,-0.0024
1200,Бабынинский муниципальный район,Калужская область,Промышленные малые города и районы,-0.0834
1201,Барятинский муниципальный район,Калужская область,Стареющая сельская периферия,0.0199
1203,Дзержинский муниципальный район,Калужская область,Промышленные малые города и районы,-0.1816
1204,Думиничский муниципальный район,Калужская область,Стареющая сельская периферия,0.0086
1205,Жиздринский муниципальный район,Калужская область,Стареющая сельская периферия,0.0327
1206,Жуковский муниципальный район,Калужская область,Промышленные малые города и районы,-0.1941
1207,Кировский муниципальный район,Калужская область,Промышленные малые города и районы,0.0772
1208,Износковский муниципальный район,Калужская область,Стареющая сельская периферия,-0.0998
1209,Козельский муниципальный район,Калужская область,Промышленные малые города и районы,-0.0223
1210,Куйбышевский муниципальный район,Калужская область,Стареющая сельская периферия,0.0267
1211,Людиновский муниципальный район,Калужская область,Промышленные малые города и районы,0.0196
1212,Малоярославецкий муниципальный район,Калужская область,Города и агломерации,-0.0754
1213,Медынский муниципальный район,Калужская область,Промышленные малые города и районы,-0.0598
1214,Мещовский муниципальный район,Калужская область,Стареющая сельская периферия,-0.0426
1215,Мосальский муниципальный район,Калужская область,Стареющая сельская периферия,-0.0101
1216,Перемышльский муниципальный район,Калужская область,Стареющая сельская периферия,-0.1275
1217,Спас-Деменский муниципальный район,Калужская область,Стареющая сельская периферия,-0.0117
1218,Сухиничский муниципальный район,Калужская область,Стареющая сельская периферия,-0.0492
1219,Тарусский муниципальный район,Калужская область,Промышленные малые города и районы,0.0065
1220,Ульяновский муниципальный район,Калужская область,Стареющая сельская периферия,0.0424
1221,Ферзиковский муниципальный район,Калужская область,Промышленные малые города и районы,0.0099
1222,Хвастовичский муниципальный район,Калужская область,Стареющая сельская периферия,-0.0957
1223,Юхновский муниципальный район,Калужская область,Стареющая сельская периферия,0.0628
1224,городской округ Кемеровский,Кемеровская область,Города и агломерации,0.0624
1225,городской округ Анжеро-Судженский,Кемеровская область,Города и агломерации,0.0016
1226,городской округ Беловский,Кемеровская область,Города и агломерации,-0.0502
1227,городской округ Березовский,Кемеровская область,Промышленные малые города и районы,0.1064
1228,городской округ Калтанский,Кемеровская область,Промышленные малые города и районы,0.1509
1229,городской округ Киселевский,Кемеровская область,Города и агломерации,0.0409
1230,городской округ Ленинск-Кузнецкий,Кемеровская область,Города и агломерации,0.0706
1231,городской округ Междуреченский,Кемеровская область,Города и агломерации,0.029
1232,городской округ Мысковский,Кемеровская область,Промышленные малые города и районы,0.0847
1233,городской округ Новокузнецкий,Кемеровская область,Города и агломерации,0.0665
1234,городской округ Осинниковский,Кемеровская область,Города и агломерации,0.1194
1235,городской округ Полысаевский,Кемеровская область,Города и агломерации,0.1232
1236,городской округ Прокопьевский,Кемеровская область,Города и агломерации,0.0908
1237,городской округ Тайгинский,Кемеровская область,Промышленные малые города и районы,0.169
1238,городской округ Юргинский,Кемеровская область,Города и агломерации,0.2249
1240,Беловский муниципальный округ,Кемеровская область,Удалённые территории с высокими зарплатами,0.0828
1241,Гурьевский муниципальный округ,Кемеровская область,Промышленные малые города и районы,0.0807
1242,Ижморский муниципальный округ,Кемеровская область,Стареющая сельская периферия,0.1563
1243,Кемеровский муниципальный округ,Кемеровская область,Города и агломерации,0.3513
1244,Крапивинский муниципальный округ,Кемеровская область,Стареющая сельская периферия,0.1211
1246,Мариинский муниципальный округ,Кемеровская область,Молодые сельские районы,0.0446
1249,Промышленновский муниципальный округ,Кемеровская область,Молодые сельские районы,0.1218
1250,Таштагольский муниципальный район,Кемеровская область,Города и агломерации,0.2605
1251,Тисульский муниципальный округ,Кемеровская область,Стареющая сельская периферия,0.1586
1252,Топкинский муниципальный округ,Кемеровская область,Промышленные малые города и районы,0.1052
1253,Тяжинский муниципальный округ,Кемеровская область,Стареющая сельская периферия,0.1168
1254,Чебулинский муниципальный округ,Кемеровская область,Молодые сельские районы,0.2243
1256,Яйский муниципальный округ,Кемеровская область,Промышленные малые города и районы,0.1409
1257,Яшкинский муниципальный округ,Кемеровская область,Промышленные малые города и районы,0.1799
1258,городской округ город Киров,Кировская область,Города и агломерации,0.0566
1259,городской округ город Вятские Поляны,Кировская область,Промышленные малые города и районы,0.0046
1260,городской округ город Кирово-Чепецк,Кировская область,Города и агломерации,0.0272
1261,городской округ город Котельнич,Кировская область,Промышленные малые города и районы,-0.054
1262,городской округ город Слободской,Кировская область,Промышленные малые города и районы,-0.0609
1264,муниципальный округ Арбажский,Кировская область,Стареющая сельская периферия,-0.0201
1265,муниципальный округ Афанасьевский,Кировская область,Стареющая сельская периферия,-0.0573
1266,Белохолуницкий муниципальный район,Кировская область,Стареющая сельская периферия,-0.1044
1267,муниципальный округ Богородский,Кировская область,Стареющая сельская периферия,-0.2191
1268,муниципальный округ Верхнекамский,Кировская область,Стареющая сельская периферия,-0.0726
1269,Верхошижемский муниципальный район,Кировская область,Стареющая сельская периферия,-0.067
1270,Вятскополянский муниципальный район,Кировская область,Промышленные малые города и районы,0.153
1271,Даровской муниципальный район,Кировская область,Стареющая сельская периферия,-0.0393
1272,Зуевский муниципальный район,Кировская область,Стареющая сельская периферия,-0.0018
1273,муниципальный округ Кикнурский,Кировская область,Стареющая сельская периферия,-0.0254
1274,Кильмезский муниципальный район,Кировская область,Стареющая сельская периферия,-0.0687
1275,Кирово-Чепецкий муниципальный район,Кировская область,Молодые сельские районы,0.1217
1276,Котельничский муниципальный район,Кировская область,Стареющая сельская периферия,0.0159
1277,Куменский муниципальный район,Кировская область,Промышленные малые города и районы,-0.006
1278,муниципальный округ Лебяжский,Кировская область,Стареющая сельская периферия,0.0099
1279,муниципальный округ Лузский,Кировская область,Стареющая сельская периферия,0.0148
1280,Малмыжский муниципальный район,Кировская область,Стареющая сельская периферия,0.0111
1281,муниципальный округ Мурашинский,Кировская область,Промышленные малые города и районы,-0.1442
1282,Нагорский муниципальный район,Кировская область,Стареющая сельская периферия,-0.1994
1284,Нолинский муниципальный район,Кировская область,Стареющая сельская периферия,-0.0308
1285,Омутнинский муниципальный район,Кировская область,Промышленные малые города и районы,0.0019
1286,муниципальный округ Опаринский,Кировская область,Стареющая сельская периферия,0.0888
1287,Оричевский муниципальный район,Кировская область,Промышленные малые города и районы,-0.0467
1288,Орловский муниципальный район,Кировская область,Стареющая сельская периферия,-0.0799
1289,муниципальный округ Пижанский,Кировская область,Стареющая сельская периферия,0.0285
1290,Подосиновский муниципальный район,Кировская область,Стареющая сельская периферия,0.0646
1291,муниципальный округ Санчурский,Кировская область,Стареющая сельская периферия,-0.1224
1292,муниципальный округ Свечинский,Кировская область,Стареющая сельская периферия,-0.0038
1293,Слободской муниципальный район,Кировская область,Промышленные малые города и районы,-0.031
1294,Советский муниципальный район,Кировская область,Промышленные малые города и районы,-0.0392
1295,Сунский муниципальный район,Кировская область,Стареющая сельская периферия,-0.0136
1296,Тужинский муниципальный район,Кировская область,Стареющая сельская периферия,-0.0278
1297,муниципальный округ Унинский,Кировская область,Стареющая сельская периферия,-0.0753
1298,Уржумский муниципальный район,Кировская область,Стареющая сельская периферия,0.0104
1299,муниципальный округ Фаленский,Кировская область,Стареющая сельская периферия,-0.0376
1300,Шабалинский муниципальный район,Кировская область,Стареющая сельская периферия,0.0777
1301,Юрьянский муниципальный район,Кировская область,Промышленные малые города и районы,-0.1708
1302,Яранский муниципальный район,Кировская область,Промышленные малые города и районы,-0.0606
1303,городской округ город Кострома,Костромская область,Города и агломерации,-0.0212
1304,городской округ город Буй,Костромская область,Промышленные малые города и районы,0.0227
1305,городской округ город Волгореченск,Костромская область,Промышленные малые города и районы,-0.0721
1306,городской округ город Галич,Костромская область,Промышленные малые города и районы,-0.0038
1308,городской округ город Шарья,Костромская область,Промышленные малые города и районы,0.0215
1309,Антроповский муниципальный район,Костромская область,Стареющая сельская периферия,0.0159
1310,Буйский муниципальный район,Костромская область,Стареющая сельская периферия,0.1934
1311,Вохомский муниципальный район,Костромская область,Стареющая сельская периферия,0.0373
1312,Галичский муниципальный район,Костромская область,Стареющая сельская периферия,0.0456
1313,Кадыйский муниципальный район,Костромская область,Стареющая сельская периферия,0.0492
1314,Кологривский муниципальный округ,Костромская область,Стареющая сельская периферия,0.1251
1315,Костромской муниципальный район,Костромская область,Города и агломерации,0.1298
1316,Красносельский муниципальный район,Костромская область,Промышленные малые города и районы,-0.0114
1317,Макарьевский муниципальный район,Костромская область,Стареющая сельская периферия,-0.0426
1319,Межевской муниципальный округ,Костромская область,Стареющая сельская периферия,0.0956
1320,Нейский муниципальный округ,Костромская область,Стареющая сельская периферия,0.0155
1321,муниципальный район город Нерехта и Нерехтский район,Костромская область,Промышленные малые города и районы,0.0831
1322,Октябрьский муниципальный район,Костромская область,Стареющая сельская периферия,-0.0014
1323,Островский муниципальный округ,Костромская область,Стареющая сельская периферия,0.0404
1324,Павинский муниципальный округ,Костромская область,Стареющая сельская периферия,0.0597
1325,Парфеньевский муниципальный округ,Костромская область,Стареющая сельская периферия,0.009
1326,Поназыревский муниципальный округ,Костромская область,Стареющая сельская периферия,-0.0281
1327,Пыщугский муниципальный округ,Костромская область,Стареющая сельская периферия,0.0362
1328,Солигаличский муниципальный округ,Костромская область,Стареющая сельская периферия,-0.1171
1329,Судиславский муниципальный район,Костромская область,Стареющая сельская периферия,0.0057
1330,Сусанинский муниципальный район,Костромская область,Стареющая сельская периферия,-0.0361
1331,Чухломский муниципальный район,Костромская область,Стареющая сельская периферия,0.1152
1332,Шарьинский муниципальный район,Костромская область,Стареющая сельская периферия,0.0347
1333,городской округ город Курган,Курганская область,Города и агломерации,-0.02
1334,городской округ город Шадринск,Курганская область,Промышленные малые города и районы,-0.1275
1335,Альменевский муниципальный округ,Курганская область,Стареющая сельская периферия,0.0014
1336,Белозерский муниципальный округ,Курганская область,Стареющая сельская периферия,-0.1236
1337,Варгашинский муниципальный округ,Курганская область,Стареющая сельская периферия,-0.1448
1338,Далматовский муниципальный округ,Курганская область,Стареющая сельская периферия,0.0085
1339,Звериноголовский муниципальный округ,Курганская область,Стареющая сельская периферия,-0.1062
1340,Каргапольский муниципальный округ,Курганская область,Стареющая сельская периферия,-0.0501
1341,Катайский муниципальный округ,Курганская область,Стареющая сельская периферия,-0.0093
1342,Кетовский муниципальный округ,Курганская область,Молодые сельские районы,0.0866
1343,Куртамышский муниципальный округ,Курганская область,Стареющая сельская периферия,-0.0901
1344,Лебяжьевский муниципальный округ,Курганская область,Стареющая сельская периферия,-0.0906
1345,муниципальный округ Макушинский,Курганская область,Стареющая сельская периферия,-0.107
1346,Мишкинский муниципальный округ,Курганская область,Стареющая сельская периферия,-0.0177
1347,Мокроусовский муниципальный округ,Курганская область,Стареющая сельская периферия,-0.0326
1348,Петуховский муниципальный округ,Курганская область,Стареющая сельская периферия,-0.1077
1349,Половинский муниципальный округ,Курганская область,Стареющая сельская периферия,-0.0961
1350,Притобольный муниципальный округ,Курганская область,Стареющая сельская периферия,-0.0919
1351,Сафакулевский муниципальный округ,Курганская область,Стареющая сельская периферия,-0.0202
1352,Целинный муниципальный округ,Курганская область,Стареющая сельская периферия,-0.0789
1353,Частоозерский муниципальный округ,Курганская область,Стареющая сельская периферия,-0.0268
1354,Шадринский муниципальный округ,Курганская область,Стареющая сельская периферия,0.0381
1355,Шатровский муниципальный округ,Курганская область,Стареющая сельская периферия,0.0313
1356,муниципальный округ Шумихинский,Курганская область,Стареющая сельская периферия,-0.0157
1357,Щучанский муниципальный округ,Курганская область,Стареющая сельская периферия,0.0973
1358,Юргамышский муниципальный округ,Курганская область,Стареющая сельская периферия,-0.017
1392,Бокситогорский муниципальный район,Ленинградская область,Промышленные малые города и районы,0.0742
1393,Волосовский муниципальный район,Ленинградская область,Промышленные малые города и районы,0.1158
1394,Волховский муниципальный район,Ленинградская область,Промышленные малые города и районы,0.0414
1395,Всеволожский муниципальный район,Ленинградская область,Города и агломерации,0.1393
1396,Выборгский муниципальный район,Ленинградская область,Города и агломерации,0.1097
1397,Гатчинский муниципальный район,Ленинградская область,Города и агломерации,0.1833
1398,Кингисеппский муниципальный район,Ленинградская область,Города и агломерации,0.1096
1399,Киришский муниципальный район,Ленинградская область,Промышленные малые города и районы,-0.0153
1400,Кировский муниципальный район,Ленинградская область,Города и агломерации,0.0914
1401,Лодейнопольский муниципальный район,Ленинградская область,Промышленные малые города и районы,0.3283
1402,Ломоносовский муниципальный район,Ленинградская область,Города и агломерации,0.0835
1403,Лужский муниципальный район,Ленинградская область,Города и агломерации,0.1587
1404,Подпорожский муниципальный район,Ленинградская область,Промышленные малые города и районы,0.1596
1405,Приозерский муниципальный район,Ленинградская область,Промышленные малые города и районы,0.2206
1406,Сланцевский муниципальный район,Ленинградская область,Промышленные малые города и районы,0.1478
1407,Тихвинский муниципальный район,Ленинградская область,Промышленные малые города и районы,0.0503
1408,Тосненский муниципальный район,Ленинградская область,Города и агломерации,0.1367
1409,городской округ Сосновоборский,Ленинградская область,Города и агломерации,0.1283
1410,городской округ город Липецк,Липецкая область,Города и агломерации,0.0703
1411,городской округ город Елец,Липецкая область,Города и агломерации,0.1178
1412,Воловский муниципальный район,Липецкая область,Стареющая сельская периферия,0.2296
1413,Грязинский муниципальный район,Липецкая область,Промышленные малые города и районы,-0.0951
1414,Данковский муниципальный район,Липецкая область,Промышленные малые города и районы,0.1722
1415,Добринский муниципальный район,Липецкая область,Стареющая сельская периферия,0.0892
1416,Добровский муниципальный район,Липецкая область,Стареющая сельская периферия,-0.034
1417,Долгоруковский муниципальный район,Липецкая область,Стареющая сельская периферия,0.0178
1419,Задонский муниципальный район,Липецкая область,Стареющая сельская периферия,-0.0104
1420,Измалковский муниципальный район,Липецкая область,Стареющая сельская периферия,0.0759
1421,Краснинский муниципальный район,Липецкая область,Стареющая сельская периферия,0.0331
1422,Лебедянский муниципальный район,Липецкая область,Промышленные малые города и районы,0.0722
1423,Лев-Толстовский муниципальный район,Липецкая область,Стареющая сельская периферия,0.1791
1425,Становлянский муниципальный район,Липецкая область,Стареющая сельская периферия,-0.0775
1426,Тербунский муниципальный район,Липецкая область,Стареющая сельская периферия,0.0609
1427,Усманский муниципальный район,Липецкая область,Промышленные малые города и районы,0.0379
1428,Хлевенский муниципальный район,Липецкая область,Стареющая сельская периферия,-0.0203
1429,Чаплыгинский муниципальный район,Липецкая область,Стареющая сельская периферия,0.058
1430,городской округ город Магадан,Магаданская область,Удалённые территории с высокими зарплатами,0.0352
1431,муниципальный округ Ольский,Магаданская область,Удалённые территории с высокими зарплатами,-0.0867
1438,муниципальный округ Ягоднинский,Магаданская область,Удалённые территории с высокими зарплатами,0.1005
1439,городской округ Балашиха,Московская область,Города и агломерации,0.0092
1440,городской округ Бронницы,Московская область,Города и агломерации,0.2121
1443,городской округ Дзержинский,Московская область,Города и агломерации,0.1207
1444,городской округ Долгопрудный,Московская область,Города и агломерации,0.0393
1445,городской округ Домодедово,Московская область,Города и агломерации,0.0019
1446,городской округ Дубна,Московская область,Города и агломерации,0.1057
1447,городской округ Егорьевск,Московская область,Города и агломерации,-0.0762
1448,городской округ Жуковский,Московская область,Города и агломерации,-0.0155
1449,городской округ Зарайск,Московская область,Промышленные малые города и районы,-0.065
1453,городской округ Истра,Московская область,Города и агломерации,0.0732
1454,городской округ Кашира,Московская область,Города и агломерации,0.0046
1456,городской округ Королёв,Московская область,Города и агломерации,0.0843
1457,городской округ Котельники,Московская область,Города и агломерации,0.0286
1459,городской округ Красногорск,Московская область,Города и агломерации,0.0869
1461,городской округ Лобня,Московская область,Города и агломерации,0.1005
1463,городской округ Луховицы,Московская область,Города и агломерации,-0.007
1464,городской округ Лыткарино,Московская область,Города и агломерации,0.0573
1465,городской округ Люберцы,Московская область,Города и агломерации,-0.0679
1467,городской округ Мытищи,Московская область,Города и агломерации,0.0438
1468,городской округ Наро-Фоминский,Московская область,Города и агломерации,0.0594
1472,городской округ Подольск,Московская область,Города и агломерации,-0.1105
1473,городской округ Протвино,Московская область,Промышленные малые города и районы,-0.0626
1474,городской округ Пущино,Московская область,Промышленные малые города и районы,-0.0932
1475,городской округ Реутов,Московская область,Города и агломерации,0.0669
1477,городской округ Рузский,Московская область,Города и агломерации,-0.0948
1478,городской округ Серебряные Пруды,Московская область,Промышленные малые города и районы,0.0969
1480,городской округ Ступино,Московская область,Города и агломерации,-0.0334
1481,городской округ Фрязино,Московская область,Города и агломерации,0.0672
1483,городской округ Черноголовка,Московская область,Промышленные малые города и районы,-0.0886
1484,городской округ Чехов,Московская область,Города и агломерации,0.0614
1486,городской округ Шаховская,Московская область,Промышленные малые города и районы,0.1299
1488,городской округ Электросталь,Московская область,Города и агломерации,-0.0799
1489,городской округ Волоколамский,Московская область,Города и агломерации,-0.0601
1490,городской округ Воскресенск,Московская область,Города и агломерации,-0.0554
1491,городской округ Дмитровский,Московская область,Города и агломерации,0.0491
1492,городской округ Клин,Московская область,Города и агломерации,0.0114
1493,городской округ Ленинский,Московская область,Города и агломерации,0.0242
1494,городской округ Лотошино,Московская область,Промышленные малые города и районы,0.0091
1495,городской округ Можайский,Московская область,Города и агломерации,0.0306
1496,городской округ Богородский,Московская область,Города и агломерации,-0.086
1500,городской округ Раменский,Московская область,Города и агломерации,-0.0407
1501,городской округ Сергиево-Посадский,Московская область,Города и агломерации,-0.0242
1504,городской округ Талдомский,Московская область,Промышленные малые города и районы,-0.1739
1506,городской округ город Мурманск,Мурманская область,Города и агломерации,0.0408
1507,муниципальный округ город Апатиты,Мурманская область,Города и агломерации,0.2716
1508,муниципальный округ город Кировск,Мурманская область,Удалённые территории с высокими зарплатами,0.288
1509,муниципальный округ город Мончегорск,Мурманская область,Промышленные малые города и районы,0.0611
1510,муниципальный округ город Оленегорск,Мурманская область,Промышленные малые города и районы,0.1297
1511,муниципальный округ город Полярные Зори,Мурманская область,Промышленные малые города и районы,0.2063
1512,Ковдорский муниципальный округ,Мурманская область,Промышленные малые города и районы,0.2329
1518,Кандалакшский муниципальный район,Мурманская область,Промышленные малые города и районы,0.2419
1519,Кольский муниципальный район,Мурманская область,Удалённые территории с высокими зарплатами,-0.1295
1520,Ловозерский муниципальный район,Мурманская область,Промышленные малые города и районы,0.1989
1521,Печенгский муниципальный округ,Мурманская область,Удалённые территории с высокими зарплатами,0.2805
1522,Терский муниципальный район,Мурманская область,Промышленные малые города и районы,-0.0069
1523,городской округ город Нижний Новгород,Нижегородская область,Города и агломерации,-0.0394
1525,городской округ город Бор,Нижегородская область,Города и агломерации,0.0375
1526,городской округ город Выкса,Нижегородская область,Города и агломерации,0.0121
1527,городской округ город Дзержинск,Нижегородская область,Города и агломерации,0.0467
1528,городской округ город Кулебаки,Нижегородская область,Промышленные малые города и районы,0.0058
1529,городской округ Навашинский,Нижегородская область,Промышленные малые города и районы,-0.0317
1530,городской округ Перевозский,Нижегородская область,Стареющая сельская периферия,-0.0009
1532,городской округ Семеновский,Нижегородская область,Промышленные малые города и районы,-0.0045
1533,городской округ город Шахунья,Нижегородская область,Промышленные малые города и районы,-0.0526
1534,городской округ город Первомайск,Нижегородская область,Стареющая сельская периферия,-0.077
1535,городской округ Сокольский,Нижегородская область,Промышленные малые города и районы,-0.0067
1536,городской округ город Чкаловск,Нижегородская область,Промышленные малые города и районы,0.1055
1537,Ардатовский муниципальный округ,Нижегородская область,Стареющая сельская периферия,-0.1256
1539,Балахнинский муниципальный округ,Нижегородская область,Города и агломерации,0.0421
1540,Богородский муниципальный округ,Нижегородская область,Города и агломерации,0.1636
1541,Большеболдинский муниципальный округ,Нижегородская область,Стареющая сельская периферия,0.1023
1542,Большемурашкинский муниципальный округ,Нижегородская область,Стареющая сельская периферия,-0.048
1543,Бутурлинский муниципальный округ,Нижегородская область,Стареющая сельская периферия,0.032
1544,Вадский муниципальный округ,Нижегородская область,Стареющая сельская периферия,-0.0465
1545,Варнавинский муниципальный округ,Нижегородская область,Стареющая сельская периферия,0.0281
1546,Вачский муниципальный округ,Нижегородская область,Стареющая сельская периферия,0.0416
1547,Ветлужский муниципальный округ,Нижегородская область,Стареющая сельская периферия,-0.0772
1548,Вознесенский муниципальный округ,Нижегородская область,Стареющая сельская периферия,0.029
1549,Володарский муниципальный округ,Нижегородская область,Промышленные малые города и районы,-0.1162
1550,городской округ Воротынский,Нижегородская область,Стареющая сельская периферия,-0.1375
1551,Воскресенский муниципальный округ,Нижегородская область,Стареющая сельская периферия,0.0299
1552,Гагинский муниципальный округ,Нижегородская область,Стареющая сельская периферия,0.0356
1553,Городецкий муниципальный округ,Нижегородская область,Промышленные малые города и районы,0.0026
1554,Дальнеконстантиновский муниципальный округ,Нижегородская область,Стареющая сельская периферия,0.0752
1555,Дивеевский муниципальный округ,Нижегородская область,Стареющая сельская периферия,0.189
1556,Княгининский муниципальный округ,Нижегородская область,Промышленные малые города и районы,-0.03
1557,Ковернинский муниципальный округ,Нижегородская область,Стареющая сельская периферия,0.0645
1558,Краснобаковский муниципальный округ,Нижегородская область,Стареющая сельская периферия,-0.0222
1559,Краснооктябрьский муниципальный округ,Нижегородская область,Стареющая сельская периферия,-0.0042
1560,Кстовский муниципальный округ,Нижегородская область,Города и агломерации,0.0084
1561,Лукояновский муниципальный округ,Нижегородская область,Стареющая сельская периферия,-0.0379
1562,Лысковский муниципальный округ,Нижегородская область,Промышленные малые города и районы,0.1292
1563,Павловский муниципальный округ,Нижегородская область,Города и агломерации,-0.0133
1564,Пильнинский муниципальный округ,Нижегородская область,Стареющая сельская периферия,0.1114
1565,Починковский муниципальный округ,Нижегородская область,Стареющая сельская периферия,0.1441
1566,Сергачский муниципальный округ,Нижегородская область,Стареющая сельская периферия,-0.0918
1567,Сеченовский муниципальный округ,Нижегородская область,Стареющая сельская периферия,0.0537
1568,Сосновский муниципальный округ,Нижегородская область,Промышленные малые города и районы,-0.027
1569,Спасский муниципальный округ,Нижегородская область,Стареющая сельская периферия,0.0094
1570,Тонкинский муниципальный округ,Нижегородская область,Стареющая сельская периферия,0.0306
1571,Тоншаевский муниципальный округ,Нижегородская область,Стареющая сельская периферия,0.017
1572,Уренский муниципальный округ,Нижегородская область,Молодые сельские районы,0.0772
1573,Шарангский муниципальный округ,Нижегородская область,Стареющая сельская периферия,0.0025
1574,Шатковский муниципальный округ,Нижегородская область,Стареющая сельская периферия,-0.0352
1575,городской округ Великий Новгород,Новгородская область,Города и агломерации,0.1051
1577,Боровичский муниципальный район,Новгородская область,Промышленные малые города и районы,0.0689
1578,Валдайский муниципальный район,Новгородская область,Промышленные малые города и районы,0.2129
1579,муниципальный округ Волотовский,Новгородская область,Стареющая сельская периферия,0.07
1580,муниципальный округ Демянский,Новгородская область,Стареющая сельская периферия,0.1013
1581,муниципальный округ Крестецкий,Новгородская область,Промышленные малые города и районы,0.0666
1582,Любытинский муниципальный район,Новгородская область,Стареющая сельская периферия,0.1531
1583,Маловишерский муниципальный район,Новгородская область,Промышленные малые города и районы,0.1179
1584,муниципальный округ Марёвский,Новгородская область,Стареющая сельская периферия,-0.0011
1585,муниципальный округ Мошенской,Новгородская область,Стареющая сельская периферия,0.1613
1586,Новгородский муниципальный район,Новгородская область,Города и агломерации,0.0876
1587,Окуловский муниципальный район,Новгородская область,Промышленные малые города и районы,0.068
1588,Парфинский муниципальный район,Новгородская область,Промышленные малые города и районы,0.0344
1589,муниципальный округ Пестовский,Новгородская область,Промышленные малые города и районы,0.1444
1590,Поддорский муниципальный район,Новгородская область,Стареющая сельская периферия,0.1303
1591,муниципальный округ Солецкий,Новгородская область,Стареющая сельская периферия,0.1197
1592,Старорусский муниципальный район,Новгородская область,Промышленные малые города и районы,0.1304
1593,муниципальный округ Хвойнинский,Новгородская область,Стареющая сельская периферия,0.243
1594,Холмский муниципальный район,Новгородская область,Стареющая сельская периферия,-0.009
1595,Чудовский муниципальный район,Новгородская область,Промышленные малые города и районы,0.0846
1596,Шимский муниципальный район,Новгородская область,Стареющая сельская периферия,0.0816
1597,городской округ город Новосибирск,Новосибирская область,Города и агломерации,0.0414
1598,городской округ город Бердск,Новосибирская область,Города и агломерации,0.1109
1599,городской округ город Искитим,Новосибирская область,Города и агломерации,0.0086
1600,городской округ город Обь,Новосибирская область,Города и агломерации,0.1492
1601,городской округ рабочий поселок Кольцово,Новосибирская область,Города и агломерации,0.2366
1602,Баганский муниципальный район,Новосибирская область,Молодые сельские районы,0.0833
1603,Барабинский муниципальный район,Новосибирская область,Молодые сельские районы,-0.0251
1604,Болотнинский муниципальный район,Новосибирская область,Молодые сельские районы,0.0807
1605,Венгеровский муниципальный район,Новосибирская область,Стареющая сельская периферия,0.0152
1606,Доволенский муниципальный район,Новосибирская область,Стареющая сельская периферия,-0.0665
1607,Здвинский муниципальный район,Новосибирская область,Стареющая сельская периферия,-0.0373
1608,Искитимский муниципальный район,Новосибирская область,Промышленные малые города и районы,0.0041
1609,Карасукский муниципальный район,Новосибирская область,Молодые сельские районы,-0.0062
1610,Каргатский муниципальный район,Новосибирская область,Стареющая сельская периферия,-0.0568
1611,Колыванский муниципальный район,Новосибирская область,Стареющая сельская периферия,0.0532
1612,Коченевский муниципальный район,Новосибирская область,Молодые сельские районы,-0.0348
1613,Кочковский муниципальный район,Новосибирская область,Стареющая сельская периферия,-0.0209
1614,Краснозерский муниципальный район,Новосибирская область,Стареющая сельская периферия,0.0084
1615,Куйбышевский муниципальный район,Новосибирская область,Промышленные малые города и районы,-0.0315
1616,Купинский муниципальный район,Новосибирская область,Стареющая сельская периферия,-0.0036
1617,Кыштовский муниципальный район,Новосибирская область,Стареющая сельская периферия,0.1835
1618,Маслянинский муниципальный район,Новосибирская область,Молодые сельские районы,-0.0459
1619,Мошковский муниципальный район,Новосибирская область,Молодые сельские районы,0.0294
1620,Новосибирский муниципальный район,Новосибирская область,Города и агломерации,0.0264
1621,Ордынский муниципальный район,Новосибирская область,Стареющая сельская периферия,0.1183
1622,Северный муниципальный район,Новосибирская область,Стареющая сельская периферия,0.1026
1623,Сузунский муниципальный район,Новосибирская область,Молодые сельские районы,0.0459
1624,Татарский муниципальный район,Новосибирская область,Промышленные малые города и районы,-0.0183
1625,Тогучинский муниципальный район,Новосибирская область,Молодые сельские районы,-0.033
1626,Убинский муниципальный район,Новосибирская область,Стареющая сельская периферия,0.0345
1627,Усть-Таркский муниципальный район,Новосибирская область,Стареющая сельская периферия,0.033
1628,Чановский муниципальный район,Новосибирская область,Молодые сельские районы,0.1091
1629,Черепановский муниципальный район,Новосибирская область,Промышленные малые города и районы,-0.0409
1630,Чистоозерный муниципальный район,Новосибирская область,Стареющая сельская периферия,0.0047
1631,Чулымский муниципальный район,Новосибирская область,Молодые сельские районы,-0.0773
1632,городской округ город Омск,Омская область,Города и агломерации,-0.0348
1633,Азовский немецкий национальный муниципальный район,Омская область,Молодые сельские районы,0.0298
1634,Большереченский муниципальный район,Омская область,Стареющая сельская периферия,0.0048
1635,Большеуковский муниципальный район,Омская область,Стареющая сельская периферия,-0.0093
1636,Горьковский муниципальный район,Омская область,Стареющая сельская периферия,-0.0393
1637,Знаменский муниципальный район,Омская область,Стареющая сельская периферия,0.101
1638,Исилькульский муниципальный район,Омская область,Молодые сельские районы,0.0167
1639,Калачинский муниципальный район,Омская область,Промышленные малые города и районы,-0.0845
1640,Колосовский муниципальный район,Омская область,Стареющая сельская периферия,0.064
1641,Кормиловский муниципальный район,Омская область,Стареющая сельская периферия,-0.0152
1642,Крутинский муниципальный район,Омская область,Стареющая сельская периферия,-0.0166
1643,Любинский муниципальный район,Омская область,Промышленные малые города и районы,-0.0239
1644,Марьяновский муниципальный район,Омская область,Стареющая сельская периферия,-0.0332
1645,Москаленский муниципальный район,Омская область,Молодые сельские районы,0.0393
1646,Муромцевский муниципальный район,Омская область,Стареющая сельская периферия,0.0149
1647,Называевский муниципальный район,Омская область,Стареющая сельская периферия,-0.0799
1648,Нижнеомский муниципальный район,Омская область,Стареющая сельская периферия,-0.0183
1649,Нововаршавский муниципальный район,Омская область,Стареющая сельская периферия,0.0038
1650,Одесский муниципальный район,Омская область,Молодые сельские районы,-0.0686
1651,Оконешниковский муниципальный район,Омская область,Стареющая сельская периферия,-0.0446
1652,Омский муниципальный район,Омская область,Города и агломерации,-0.002
1653,Павлоградский муниципальный район,Омская область,Стареющая сельская периферия,-0.0363
1654,Полтавский муниципальный район,Омская область,Молодые сельские районы,0.0389
1655,Русско-Полянский муниципальный район,Омская область,Стареющая сельская периферия,0.0456
1656,Саргатский муниципальный район,Омская область,Стареющая сельская периферия,-0.0228
1657,Седельниковский муниципальный район,Омская область,Стареющая сельская периферия,-0.0112
1658,Таврический муниципальный район,Омская область,Промышленные малые города и районы,0.0353
1659,Тарский муниципальный район,Омская область,Молодые сельские районы,0.0
1660,Тевризский муниципальный район,Омская область,Стареющая сельская периферия,0.0115
1661,Тюкалинский муниципальный район,Омская область,Стареющая сельская периферия,-0.0358
1662,Усть-Ишимский муниципальный район,Омская область,Молодые сельские районы,0.1256
1663,Черлакский муниципальный район,Омская область,Стареющая сельская периферия,0.0585
1664,Шербакульский муниципальный район,Омская область,Стареющая сельская периферия,0.009
1665,городской округ город Оренбург,Оренбургская область,Города и агломерации,-0.0608
1666,городской округ Абдулинский,Оренбургская область,Стареющая сельская периферия,-0.0824
1667,городской округ город Бугуруслан,Оренбургская область,Города и агломерации,0.1228
1668,городской округ город Бузулук,Оренбургская область,Города и агломерации,-0.0021
1669,городской округ Гайский,Оренбургская область,Промышленные малые города и районы,-0.1635
1670,городской округ Кувандыкский,Оренбургская область,Промышленные малые города и районы,-0.0196
1671,городской округ город Медногорск,Оренбургская область,Промышленные малые города и районы,-0.0753
1672,городской округ город Новотроицк,Оренбургская область,Промышленные малые города и районы,-0.0111
1673,городской округ город Орск,Оренбургская область,Города и агломерации,-0.0324
1674,городской округ Соль-Илецкий,Оренбургская область,Молодые сельские районы,0.0036
1675,городской округ Сорочинский,Оренбургская область,Промышленные малые города и районы,-0.0038
1676,городской округ Ясненский,Оренбургская область,Промышленные малые города и районы,-0.085
1678,Адамовский муниципальный район,Оренбургская область,Стареющая сельская периферия,0.0052
1679,Акбулакский муниципальный район,Оренбургская область,Молодые сельские районы,-0.0252
1680,Александровский муниципальный район,Оренбургская область,Стареющая сельская периферия,-0.0535
1681,Асекеевский муниципальный район,Оренбургская область,Стареющая сельская периферия,0.055
1682,Беляевский муниципальный район,Оренбургская область,Стареющая сельская периферия,-0.0527
1683,Бугурусланский муниципальный район,Оренбургская область,Юг и Северный Кавказ,0.2807
1685,Грачёвский муниципальный район,Оренбургская область,Стареющая сельская периферия,0.0656
1686,Домбаровский муниципальный район,Оренбургская область,Молодые сельские районы,-0.0203
1687,Илекский муниципальный район,Оренбургская область,Молодые сельские районы,-0.0507
1688,Кваркенский муниципальный район,Оренбургская область,Стареющая сельская периферия,0.0374
1689,Красногвардейский муниципальный район,Оренбургская область,Стареющая сельская периферия,0.0848
1690,Курманаевский муниципальный район,Оренбургская область,Стареющая сельская периферия,0.0011
1691,Матвеевский муниципальный район,Оренбургская область,Стареющая сельская периферия,-0.0234
1692,Новоорский муниципальный район,Оренбургская область,Промышленные малые города и районы,-0.1363
1693,Новосергиевский муниципальный район,Оренбургская область,Стареющая сельская периферия,0.0798
1694,Октябрьский муниципальный район,Оренбургская область,Стареющая сельская периферия,-0.0648
1696,Первомайский муниципальный район,Оренбургская область,Стареющая сельская периферия,-0.028
1697,Переволоцкий муниципальный район,Оренбургская область,Стареющая сельская периферия,-0.0392
1698,Пономарёвский муниципальный район,Оренбургская область,Стареющая сельская периферия,0.0624
1699,Сакмарский муниципальный район,Оренбургская область,Стареющая сельская периферия,-0.1486
1700,Саракташский муниципальный район,Оренбургская область,Молодые сельские районы,-0.0767
1701,Светлинский муниципальный район,Оренбургская область,Стареющая сельская периферия,0.1838
1702,Северный муниципальный район,Оренбургская область,Стареющая сельская периферия,-0.1186
1703,Ташлинский муниципальный район,Оренбургская область,Молодые сельские районы,-0.0671
1704,Тоцкий муниципальный район,Оренбургская область,Молодые сельские районы,0.4515
1705,Тюльганский муниципальный район,Оренбургская область,Стареющая сельская периферия,0.0147
1706,Шарлыкский муниципальный район,Оренбургская область,Стареющая сельская периферия,-0.0475
1707,городской округ город Орёл,Орловская область,Города и агломерации,-0.006
1708,городской округ город Ливны,Орловская область,Промышленные малые города и районы,0.0241
1709,городской округ город Мценск,Орловская область,Промышленные малые города и районы,0.2101
1710,Болховский муниципальный район,Орловская область,Стареющая сельская периферия,-0.0305
1711,Верховский муниципальный район,Орловская область,Промышленные малые города и районы,0.114
1712,Глазуновский муниципальный район,Орловская область,Стареющая сельская периферия,-0.0448
1714,Должанский муниципальный район,Орловская область,Стареющая сельская периферия,-0.0007
1715,Залегощенский муниципальный район,Орловская область,Стареющая сельская периферия,0.0267
1717,Колпнянский муниципальный район,Орловская область,Стареющая сельская периферия,-0.1071
1718,Краснозоренский муниципальный район,Орловская область,Стареющая сельская периферия,0.0331
1719,Кромской муниципальный район,Орловская область,Промышленные малые города и районы,0.2692
1722,Малоархангельский муниципальный район,Орловская область,Стареющая сельская периферия,0.0938
1724,Новодеревеньковский муниципальный район,Орловская область,Стареющая сельская периферия,0.0347
1725,Новосильский муниципальный район,Орловская область,Стареющая сельская периферия,0.0065
1726,муниципальный округ Орловский,Орловская область,Города и агломерации,0.0976
1727,Покровский муниципальный район,Орловская область,Стареющая сельская периферия,-0.0251
1728,Свердловский муниципальный район,Орловская область,Стареющая сельская периферия,-0.0825
1730,Троснянский муниципальный район,Орловская область,Стареющая сельская периферия,0.0313
1731,Урицкий муниципальный район,Орловская область,Промышленные малые города и районы,-0.1127
1732,Хотынецкий муниципальный район,Орловская область,Стареющая сельская периферия,-0.0319
1733,Шаблыкинский муниципальный район,Орловская область,Стареющая сельская периферия,-0.128
1737,Башмаковский муниципальный район,Пензенская область,Стареющая сельская периферия,0.0026
1738,Бековский муниципальный район,Пензенская область,Стареющая сельская периферия,0.1535
1739,Белинский муниципальный район,Пензенская область,Стареющая сельская периферия,-0.017
1740,Бессоновский муниципальный район,Пензенская область,Юг и Северный Кавказ,-0.0511
1741,Вадинский муниципальный район,Пензенская область,Стареющая сельская периферия,0.065
1742,Городищенский муниципальный район,Пензенская область,Юг и Северный Кавказ,-0.1182
1743,Земетчинский муниципальный район,Пензенская область,Стареющая сельская периферия,0.0064
1744,Иссинский муниципальный район,Пензенская область,Стареющая сельская периферия,-0.0512
1745,Каменский муниципальный район,Пензенская область,Стареющая сельская периферия,-0.1572
1746,Камешкирский муниципальный район,Пензенская область,Стареющая сельская периферия,-0.0057
1747,Колышлейский муниципальный район,Пензенская область,Стареющая сельская периферия,0.0297
1749,Лопатинский муниципальный район,Пензенская область,Стареющая сельская периферия,-0.1159
1750,Лунинский муниципальный район,Пензенская область,Стареющая сельская периферия,-0.0349
1751,Малосердобинский муниципальный район,Пензенская область,Стареющая сельская периферия,0.0327
1752,Мокшанский муниципальный район,Пензенская область,Стареющая сельская периферия,-0.0564
1753,Наровчатский муниципальный район,Пензенская область,Стареющая сельская периферия,0.024
1754,Неверкинский муниципальный район,Пензенская область,Стареющая сельская периферия,-0.082
1755,Нижнеломовский муниципальный район,Пензенская область,Промышленные малые города и районы,-0.1908
1756,Никольский муниципальный район,Пензенская область,Стареющая сельская периферия,-0.18
1757,Пачелмский муниципальный район,Пензенская область,Стареющая сельская периферия,-0.0531
1758,Пензенский муниципальный район,Пензенская область,Города и агломерации,0.2113
1759,Сердобский муниципальный район,Пензенская область,Промышленные малые города и районы,-0.0186
1760,Сосновоборский муниципальный район,Пензенская область,Стареющая сельская периферия,0.181
1761,Спасский муниципальный район,Пензенская область,Стареющая сельская периферия,-0.0215
1762,Тамалинский муниципальный район,Пензенская область,Стареющая сельская периферия,-0.0081
1764,городской округ город Псков,Псковская область,Города и агломерации,0.0842
1765,городской округ город Великие Луки,Псковская область,Города и агломерации,-0.0066
1766,Бежаницкий муниципальный район,Псковская область,Стареющая сельская периферия,0.0939
1768,Гдовский муниципальный район,Псковская область,Промышленные малые города и районы,0.0439
1769,Дедовичский муниципальный район,Псковская область,Стареющая сельская периферия,0.0713
1770,Дновский муниципальный район,Псковская область,Промышленные малые города и районы,0.0609
1771,муниципальный округ Красногородский,Псковская область,Стареющая сельская периферия,0.0117
1773,муниципальный округ Локнянский,Псковская область,Стареющая сельская периферия,0.0084
1774,муниципальный округ Невельский,Псковская область,Стареющая сельская периферия,-0.0436
1775,муниципальный округ Новоржевский,Псковская область,Стареющая сельская периферия,0.0751
1776,Новосокольнический муниципальный район,Псковская область,Промышленные малые города и районы,-0.0134
1777,муниципальный округ Опочецкий,Псковская область,Стареющая сельская периферия,0.0838
1778,Островский муниципальный район,Псковская область,Промышленные малые города и районы,0.0471
1780,муниципальный округ Печорский,Псковская область,Промышленные малые города и районы,0.0795
1781,Плюсский муниципальный район,Псковская область,Стареющая сельская периферия,0.0424
1782,Порховский муниципальный район,Псковская область,Промышленные малые города и районы,0.1539
1783,Псковский муниципальный район,Псковская область,Города и агломерации,0.4049
1784,Пустошкинский муниципальный район,Псковская область,Стареющая сельская периферия,0.1231
1785,Пушкиногорский муниципальный район,Псковская область,Стареющая сельская периферия,0.1046
1786,муниципальный округ Пыталовский,Псковская область,Промышленные малые города и районы,0.0017
1787,Себежский муниципальный район,Псковская область,Стареющая сельская периферия,0.0407
1788,муниципальный округ Струго-Красненский,Псковская область,Промышленные малые города и районы,0.1825
1789,Усвятский муниципальный район,Псковская область,Стареющая сельская периферия,-0.0746
1845,городской округ город Рязань,Рязанская область,Города и агломерации,0.0448
1846,городской округ город Касимов,Рязанская область,Промышленные малые города и районы,0.0362
1848,городской округ город Скопин,Рязанская область,Стареющая сельская периферия,0.0066
1849,Ермишинский муниципальный район,Рязанская область,Стареющая сельская периферия,-0.0755
1850,Захаровский муниципальный район,Рязанская область,Стареющая сельская периферия,-0.069
1851,Кадомский муниципальный район,Рязанская область,Стареющая сельская периферия,-0.0322
1852,Касимовский муниципальный район,Рязанская область,Стареющая сельская периферия,-0.0412
1853,Клепиковский муниципальный район,Рязанская область,Стареющая сельская периферия,-0.0122
1854,Кораблинский муниципальный район,Рязанская область,Стареющая сельская периферия,-0.0085
1855,Милославский муниципальный район,Рязанская область,Стареющая сельская периферия,0.0145
1856,Михайловский муниципальный район,Рязанская область,Стареющая сельская периферия,-0.1171
1857,Александро-Невский муниципальный район,Рязанская область,Стареющая сельская периферия,0.0096
1858,Пителинский муниципальный район,Рязанская область,Стареющая сельская периферия,-0.0228
1859,Пронский муниципальный район,Рязанская область,Промышленные малые города и районы,-0.0551
1860,Путятинский муниципальный округ,Рязанская область,Стареющая сельская периферия,-0.0964
1861,Рыбновский муниципальный район,Рязанская область,Промышленные малые города и районы,-0.0265
1862,Ряжский муниципальный округ,Рязанская область,Стареющая сельская периферия,0.0674
1863,Рязанский муниципальный район,Рязанская область,Города и агломерации,-0.0955
1864,Сапожковский муниципальный район,Рязанская область,Стареющая сельская периферия,0.1173
1865,Сараевский муниципальный район,Рязанская область,Стареющая сельская периферия,0.011
1868,Спасский муниципальный район,Рязанская область,Стареющая сельская периферия,-0.0309
1869,Старожиловский муниципальный район,Рязанская область,Стареющая сельская периферия,0.0121
1870,Ухоловский муниципальный район,Рязанская область,Стареющая сельская периферия,-0.0289
1871,Чучковский муниципальный район,Рязанская область,Стареющая сельская периферия,-0.0191
1872,Шацкий муниципальный район,Рязанская область,Стареющая сельская периферия,0.013
1873,Шиловский муниципальный район,Рязанская область,Стареющая сельская периферия,0.0032
1874,городской округ Самара,Самарская область,Города и агломерации,0.0061
1875,городской округ Жигулевск,Самарская область,Города и агломерации,0.1531
1876,городской округ Кинель,Самарская область,Города и агломерации,0.0766
1877,городской округ Новокуйбышевск,Самарская область,Города и агломерации,0.024
1878,городской округ Октябрьск,Самарская область,Промышленные малые города и районы,-0.0398
1879,городской округ Отрадный,Самарская область,Города и агломерации,0.1325
1880,городской округ Похвистнево,Самарская область,Промышленные малые города и районы,0.0643
1881,городской округ Сызрань,Самарская область,Города и агломерации,-0.0046
1883,городской округ Чапаевск,Самарская область,Города и агломерации,-0.0212
1884,Алексеевский муниципальный район,Самарская область,Стареющая сельская периферия,0.091
1885,Безенчукский муниципальный район,Самарская область,Промышленные малые города и районы,0.0582
1886,Богатовский муниципальный район,Самарская область,Стареющая сельская периферия,0.0697
1887,Большеглушицкий муниципальный район,Самарская область,Стареющая сельская периферия,0.0772
1888,Большечерниговский муниципальный район,Самарская область,Стареющая сельская периферия,0.0657
1889,Борский муниципальный район,Самарская область,Стареющая сельская периферия,0.1276
1890,Волжский муниципальный район,Самарская область,Города и агломерации,-0.0316
1891,Елховский муниципальный район,Самарская область,Стареющая сельская периферия,0.06
1892,Исаклинский муниципальный район,Самарская область,Стареющая сельская периферия,-0.0069
1893,Камышлинский муниципальный район,Самарская область,Стареющая сельская периферия,0.0589
1894,Кинельский муниципальный район,Самарская область,Промышленные малые города и районы,-0.0917
1895,Кинель-Черкасский муниципальный район,Самарская область,Стареющая сельская периферия,0.072
1896,Клявлинский муниципальный район,Самарская область,Стареющая сельская периферия,0.0854
1897,Кошкинский муниципальный район,Самарская область,Стареющая сельская периферия,0.0557
1898,Красноармейский муниципальный район,Самарская область,Стареющая сельская периферия,0.0701
1899,Красноярский муниципальный район,Самарская область,Промышленные малые города и районы,-0.1283
1900,Нефтегорский муниципальный район,Самарская область,Промышленные малые города и районы,0.1372
1901,Пестравский муниципальный район,Самарская область,Стареющая сельская периферия,0.0516
1902,Похвистневский муниципальный район,Самарская область,Стареющая сельская периферия,0.0866
1903,Приволжский муниципальный район,Самарская область,Стареющая сельская периферия,0.1422
1904,Сергиевский муниципальный район,Самарская область,Промышленные малые города и районы,0.0042
1905,Ставропольский муниципальный район,Самарская область,Города и агломерации,-0.1368
1906,Сызранский муниципальный район,Самарская область,Промышленные малые города и районы,0.1915
1907,Хворостянский муниципальный район,Самарская область,Стареющая сельская периферия,0.114
1908,Челно-Вершинский муниципальный район,Самарская область,Стареющая сельская периферия,0.0642
1909,Шенталинский муниципальный район,Самарская область,Стареющая сельская периферия,0.0384
1910,Шигонский муниципальный район,Самарская область,Стареющая сельская периферия,-0.003
1912,городской округ город Шиханы,Саратовская область,Промышленные малые города и районы,0.2247
1915,Александрово-Гайский муниципальный район,Саратовская область,Стареющая сельская периферия,-0.0305
1916,Аркадакский муниципальный район,Саратовская область,Стареющая сельская периферия,0.0479
1917,Аткарский муниципальный район,Саратовская область,Стареющая сельская периферия,-0.048
1918,Базарно-Карабулакский муниципальный район,Саратовская область,Стареющая сельская периферия,-0.0644
1919,Балаковский муниципальный район,Саратовская область,Города и агломерации,-0.089
1920,Балашовский муниципальный район,Саратовская область,Юг и Северный Кавказ,-0.0128
1921,Балтайский муниципальный район,Саратовская область,Стареющая сельская периферия,0.055
1922,Вольский муниципальный район,Саратовская область,Промышленные малые города и районы,0.0195
1923,Воскресенский муниципальный район,Саратовская область,Стареющая сельская периферия,-0.0638
1924,Дергачевский муниципальный район,Саратовская область,Стареющая сельская периферия,-0.0402
1925,Духовницкий муниципальный район,Саратовская область,Стареющая сельская периферия,0.0059
1926,Екатериновский муниципальный район,Саратовская область,Стареющая сельская периферия,0.0015
1927,Ершовский муниципальный район,Саратовская область,Стареющая сельская периферия,-0.0991
1928,Ивантеевский муниципальный район,Саратовская область,Стареющая сельская периферия,0.1191
1929,Калининский муниципальный район,Саратовская область,Стареющая сельская периферия,-0.0319
1930,Красноармейский муниципальный район,Саратовская область,Стареющая сельская периферия,0.0841
1931,Краснокутский муниципальный район,Саратовская область,Стареющая сельская периферия,0.0653
1932,Краснопартизанский муниципальный район,Саратовская область,Стареющая сельская периферия,0.0235
1933,Лысогорский муниципальный район,Саратовская область,Стареющая сельская периферия,-0.0013
1934,Марксовский муниципальный район,Саратовская область,Промышленные малые города и районы,0.0471
1935,Новобурасский муниципальный район,Саратовская область,Стареющая сельская периферия,-0.0184
1936,Новоузенский муниципальный район,Саратовская область,Юг и Северный Кавказ,-0.063
1937,Озинский муниципальный район,Саратовская область,Стареющая сельская периферия,0.0461
1938,Перелюбский муниципальный район,Саратовская область,Стареющая сельская периферия,-0.0081
1939,Петровский муниципальный район,Саратовская область,Промышленные малые города и районы,-0.0971
1940,Питерский муниципальный район,Саратовская область,Стареющая сельская периферия,0.0321
1941,Пугачевский муниципальный район,Саратовская область,Стареющая сельская периферия,-0.0701
1942,Ровенский муниципальный район,Саратовская область,Стареющая сельская периферия,-0.0325
1943,Романовский муниципальный район,Саратовская область,Стареющая сельская периферия,-0.0055
1944,Ртищевский муниципальный район,Саратовская область,Промышленные малые города и районы,-0.1296
1945,Самойловский муниципальный район,Саратовская область,Стареющая сельская периферия,-0.0173
1947,Советский муниципальный район,Саратовская область,Промышленные малые города и районы,-0.0564
1948,Татищевский муниципальный район,Саратовская область,Стареющая сельская периферия,0.0254
1949,Турковский муниципальный район,Саратовская область,Стареющая сельская периферия,0.0886
1950,Федоровский муниципальный район,Саратовская область,Стареющая сельская периферия,0.0459
1951,Хвалынский муниципальный район,Саратовская область,Стареющая сельская периферия,0.0551
1952,Энгельсский муниципальный район,Саратовская область,Города и агломерации,0.0508
1954,городской округ Александровск-Сахалинский район,Сахалинская область,Удалённые территории с высокими зарплатами,-0.047
1955,городской округ Анивский,Сахалинская область,Удалённые территории с высокими зарплатами,0.1696
1956,городской округ Долинский,Сахалинская область,Удалённые территории с высокими зарплатами,-0.1221
1957,городской округ Корсаковский,Сахалинская область,Удалённые территории с высокими зарплатами,0.0872
1958,городской округ Курильский,Сахалинская область,Удалённые территории с высокими зарплатами,0.2746
1959,городской округ Макаровский,Сахалинская область,Удалённые территории с высокими зарплатами,-0.0667
1960,городской округ Невельский,Сахалинская область,Удалённые территории с высокими зарплатами,-0.0826
1961,городской округ Ногликский,Сахалинская область,Удалённые территории с высокими зарплатами,0.0338
1962,городской округ Охинский,Сахалинская область,Удалённые территории с высокими зарплатами,0.0419
1963,городской округ Поронайский,Сахалинская область,Удалённые территории с высокими зарплатами,-0.0134
1965,городской округ Смирныховский,Сахалинская область,Удалённые территории с высокими зарплатами,-0.1225
1966,городской округ Томаринский,Сахалинская область,Удалённые территории с высокими зарплатами,-0.0399
1967,городской округ Тымовский,Сахалинская область,Удалённые территории с высокими зарплатами,0.0861
1968,городской округ Углегорский,Сахалинская область,Удалённые территории с высокими зарплатами,0.083
1969,городской округ Холмский,Сахалинская область,Удалённые территории с высокими зарплатами,-0.0925
1970,городской округ Южно-Курильский,Сахалинская область,Удалённые территории с высокими зарплатами,0.3353
1971,городской округ город Екатеринбург,Свердловская область,Города и агломерации,0.057
1972,городской округ город Алапаевск,Свердловская область,Промышленные малые города и районы,0.0815
1973,городской округ Артемовский,Свердловская область,Промышленные малые города и районы,0.022
1974,городской округ Асбестовский,Свердловская область,Города и агломерации,0.0556
1975,городской округ Малышевский,Свердловская область,Промышленные малые города и районы,0.0472
1976,городской округ Рефтинский,Свердловская область,Промышленные малые города и районы,0.0028
1977,городской округ Березовский,Свердловская область,Города и агломерации,0.0835
1978,городской округ Богданович,Свердловская область,Промышленные малые города и районы,0.0227
1979,городской округ Верхняя Пышма,Свердловская область,Города и агломерации,-0.0345
1980,городской округ Среднеуральск,Свердловская область,Города и агломерации,-0.0879
1981,городской округ Верхнесалдинский,Свердловская область,Промышленные малые города и районы,0.0546
1982,городской округ Заречный,Свердловская область,Промышленные малые города и районы,-0.0495
1983,городской округ Ивдельский,Свердловская область,Промышленные малые города и районы,0.0878
1984,городской округ Пелым,Свердловская область,Промышленные малые города и районы,-0.1468
1985,городской округ город Ирбит,Свердловская область,Города и агломерации,0.1179
1986,городской округ город Каменск-Уральский,Свердловская область,Города и агломерации,-0.003
1987,городской округ Камышловский,Свердловская область,Промышленные малые города и районы,0.0192
1988,городской округ Карпинск,Свердловская область,Промышленные малые города и районы,-0.0168
1989,городской округ Волчанский,Свердловская область,Промышленные малые города и районы,0.0269
1990,городской округ Качканарский,Свердловская область,Промышленные малые города и районы,0.0823
1991,городской округ Кировградский,Свердловская область,Промышленные малые города и районы,0.0
1992,городской округ Верхний Тагил,Свердловская область,Промышленные малые города и районы,0.0145
1993,городской округ Краснотурьинск,Свердловская область,Города и агломерации,0.1106
1994,городской округ Красноуральск,Свердловская область,Промышленные малые города и районы,-0.1045
1995,городской округ Красноуфимск,Свердловская область,Города и агломерации,-0.0018
1996,городской округ Кушвинский,Свердловская область,Промышленные малые города и районы,-0.0763
1997,городской округ Верхняя Тура,Свердловская область,Промышленные малые города и районы,0.0148
1999,городской округ Невьянский,Свердловская область,Промышленные малые города и районы,0.1347
2000,городской округ город Нижний Тагил,Свердловская область,Города и агломерации,0.0649
2001,городской округ Нижняя Салда,Свердловская область,Промышленные малые города и районы,0.1208
2002,городской округ Нижнетуринский,Свердловская область,Промышленные малые города и районы,0.0539
2004,городской округ Первоуральск,Свердловская область,Города и агломерации,-0.0454
2005,городской округ Полевской,Свердловская область,Города и агломерации,0.0682
2006,городской округ Ревда,Свердловская область,Города и агломерации,-0.048
2007,городской округ Дегтярск,Свердловская область,Промышленные малые города и районы,0.0797
2008,городской округ Режевской,Свердловская область,Промышленные малые города и районы,-0.0202
2009,городской округ Североуральский,Свердловская область,Промышленные малые города и районы,0.0714
2010,городской округ Серовский,Свердловская область,Города и агломерации,-0.0488
2011,городской округ Сухой Лог,Свердловская область,Промышленные малые города и районы,0.0344
2012,городской округ Тавдинский,Свердловская область,Промышленные малые города и районы,-0.0439
2015,городской округ Алапаевское,Свердловская область,Промышленные малые города и районы,0.083
2017,городской округ Артинский,Свердловская область,Стареющая сельская периферия,0.0567
2018,городской округ Ачитский,Свердловская область,Стареющая сельская периферия,-0.1048
2019,городской округ Белоярский,Свердловская область,Молодые сельские районы,0.1224
2021,городской округ Верхотурский,Свердловская область,Молодые сельские районы,0.0931
2022,городской округ Гаринский,Свердловская область,Стареющая сельская периферия,-0.2418
2023,городской округ Ирбитское,Свердловская область,Молодые сельские районы,0.0391
2024,городской округ Каменский,Свердловская область,Промышленные малые города и районы,0.2209
2025,городской округ Красноуфимский округ,Свердловская область,Молодые сельские районы,0.1275
2027,городской округ Бисертский,Свердловская область,Промышленные малые города и районы,-0.0098
2028,городской округ Новолялинский,Свердловская область,Промышленные малые города и районы,0.0801
2030,городской округ Пышминский,Свердловская область,Молодые сельские районы,0.033
2031,городской округ Сосьвинский,Свердловская область,Промышленные малые города и районы,-0.0296
2032,городской округ Сысертский,Свердловская область,Города и агломерации,0.0111
2033,городской округ Арамильский,Свердловская область,Города и агломерации,0.1144
2034,городской округ Талицкий,Свердловская область,Промышленные малые города и районы,0.0497
2035,городской округ Тугулымский,Свердловская область,Промышленные малые города и районы,0.0944
2036,городской округ Туринский,Свердловская область,Промышленные малые города и районы,-0.0263
2037,городской округ Шалинский,Свердловская область,Стареющая сельская периферия,-0.0034
2039,Байкаловский муниципальный район,Свердловская область,Стареющая сельская периферия,0.1173
2040,Камышловский муниципальный район,Свердловская область,Молодые сельские районы,0.4062
2041,Слободо-Туринский муниципальный район,Свердловская область,Стареющая сельская периферия,0.0977
2042,Нижнесергинский муниципальный район,Свердловская область,Промышленные малые города и районы,-0.0432
2043,Таборинский муниципальный район,Свердловская область,Стареющая сельская периферия,0.0181
2044,городской округ город Смоленск,Смоленская область,Города и агломерации,-0.0096
2045,городской округ город Десногорск,Смоленская область,Промышленные малые города и районы,0.0081
2046,Велижский муниципальный район,Смоленская область,Стареющая сельская периферия,-0.0358
2047,Вяземский муниципальный район,Смоленская область,Промышленные малые города и районы,-0.005
2048,Гагаринский муниципальный район,Смоленская область,Промышленные малые города и районы,0.1585
2049,Глинковский муниципальный район,Смоленская область,Стареющая сельская периферия,-0.0631
2050,Демидовский муниципальный район,Смоленская область,Стареющая сельская периферия,-0.1522
2051,Дорогобужский муниципальный район,Смоленская область,Промышленные малые города и районы,0.1224
2052,Духовщинский муниципальный район,Смоленская область,Стареющая сельская периферия,0.0089
2053,Ельнинский муниципальный район,Смоленская область,Стареющая сельская периферия,0.0048
2054,Ершичский муниципальный район,Смоленская область,Стареющая сельская периферия,-0.0236
2055,Кардымовский муниципальный район,Смоленская область,Промышленные малые города и районы,-0.0128
2056,Краснинский муниципальный район,Смоленская область,Стареющая сельская периферия,-0.0456
2057,Монастырщинский муниципальный район,Смоленская область,Стареющая сельская периферия,-0.085
2058,Новодугинский муниципальный район,Смоленская область,Стареющая сельская периферия,0.0521
2059,Починковский муниципальный район,Смоленская область,Стареющая сельская периферия,0.0963
2060,Рославльский муниципальный район,Смоленская область,Промышленные малые города и районы,-0.0722
2061,Руднянский муниципальный район,Смоленская область,Стареющая сельская периферия,-0.0932
2062,Сафоновский муниципальный район,Смоленская область,Промышленные малые города и районы,-0.0013
2063,Смоленский муниципальный район,Смоленская область,Города и агломерации,0.0432
2064,Сычевский муниципальный район,Смоленская область,Стареющая сельская периферия,0.0505
2065,Темкинский муниципальный район,Смоленская область,Стареющая сельская периферия,0.1145
2066,Угранский муниципальный район,Смоленская область,Стареющая сельская периферия,0.0949
2067,Хиславичский муниципальный район,Смоленская область,Стареющая сельская периферия,-0.0544
2068,Холм-Жирковский муниципальный район,Смоленская область,Стареющая сельская периферия,0.0311
2069,Шумячский муниципальный район,Смоленская область,Стареющая сельская периферия,-0.0179
2070,Ярцевский муниципальный район,Смоленская область,Промышленные малые города и районы,0.0205
2072,городской округ город Кирсанов,Тамбовская область,Стареющая сельская периферия,-0.0399
2073,городской округ город Котовск,Тамбовская область,Промышленные малые города и районы,-0.0553
2074,городской округ город Мичуринск,Тамбовская область,Города и агломерации,-0.1739
2075,городской округ город Моршанск,Тамбовская область,Промышленные малые города и районы,-0.036
2076,городской округ город Рассказово,Тамбовская область,Юг и Северный Кавказ,-0.103
2077,городской округ город Уварово,Тамбовская область,Стареющая сельская периферия,-0.0287
2078,Бондарский муниципальный округ,Тамбовская область,Стареющая сельская периферия,-0.1033
2079,Гавриловский муниципальный округ,Тамбовская область,Стареющая сельская периферия,-0.0199
2080,Жердевский муниципальный округ,Тамбовская область,Стареющая сельская периферия,-0.0621
2081,Знаменский муниципальный округ,Тамбовская область,Стареющая сельская периферия,0.0173
2082,Инжавинский муниципальный округ,Тамбовская область,Стареющая сельская периферия,0.0273
2085,Мордовский муниципальный округ,Тамбовская область,Стареющая сельская периферия,-0.0162
2087,Мучкапский муниципальный округ,Тамбовская область,Стареющая сельская периферия,0.121
2088,Никифоровский муниципальный округ,Тамбовская область,Стареющая сельская периферия,-0.0463
2089,Первомайский муниципальный округ,Тамбовская область,Стареющая сельская периферия,-0.0633
2090,Петровский муниципальный округ,Тамбовская область,Стареющая сельская периферия,-0.1104
2091,Пичаевский муниципальный округ,Тамбовская область,Стареющая сельская периферия,-0.0809
2093,Ржаксинский муниципальный округ,Тамбовская область,Стареющая сельская периферия,0.061
2094,Сампурский муниципальный округ,Тамбовская область,Стареющая сельская периферия,0.0407
2095,Сосновский муниципальный округ,Тамбовская область,Стареющая сельская периферия,-0.0439
2096,Староюрьевский муниципальный округ,Тамбовская область,Стареющая сельская периферия,-0.0735
2098,Токарёвский муниципальный округ,Тамбовская область,Стареющая сельская периферия,-0.0368
2099,Уваровский муниципальный округ,Тамбовская область,Стареющая сельская периферия,-0.0091
2100,Умётский муниципальный округ,Тамбовская область,Стареющая сельская периферия,0.0356
2101,городской округ город Тверь,Тверская область,Города и агломерации,0.1066
2105,городской округ Осташковский,Тверская область,Промышленные малые города и районы,0.2356
2108,городской округ город Торжок,Тверская область,Промышленные малые города и районы,0.2052
2109,городской округ Удомельский,Тверская область,Промышленные малые города и районы,0.1294
2110,муниципальный округ Андреапольский,Тверская область,Стареющая сельская периферия,0.2523
2111,муниципальный округ Бежецкий,Тверская область,Промышленные малые города и районы,0.0883
2112,муниципальный округ Бельский,Тверская область,Стареющая сельская периферия,0.0482
2113,муниципальный округ Бологовский,Тверская область,Промышленные малые города и районы,0.2148
2114,муниципальный округ Весьегонский,Тверская область,Стареющая сельская периферия,0.1056
2116,муниципальный округ Жарковский,Тверская область,Стареющая сельская периферия,-0.0384
2117,муниципальный округ Западнодвинский,Тверская область,Стареющая сельская периферия,0.0373
2118,муниципальный округ Зубцовский,Тверская область,Стареющая сельская периферия,0.1292
2119,муниципальный округ Калининский,Тверская область,Города и агломерации,0.041
2120,муниципальный округ Калязинский,Тверская область,Промышленные малые города и районы,0.2195
2121,городской округ Кашинский,Тверская область,Промышленные малые города и районы,0.1224
2122,муниципальный округ Кесовогорский,Тверская область,Промышленные малые города и районы,0.0946
2124,муниципальный округ Конаковский,Тверская область,Промышленные малые города и районы,0.1377
2125,муниципальный округ Краснохолмский,Тверская область,Стареющая сельская периферия,0.0081
2126,муниципальный округ Кувшиновский,Тверская область,Промышленные малые города и районы,0.1209
2127,муниципальный округ Лесной,Тверская область,Стареющая сельская периферия,0.104
2128,муниципальный округ Лихославльский,Тверская область,Промышленные малые города и районы,0.0581
2129,муниципальный округ Максатихинский,Тверская область,Стареющая сельская периферия,0.0987
2130,муниципальный округ Молоковский,Тверская область,Стареющая сельская периферия,-0.0342
2131,городской округ Нелидовский,Тверская область,Промышленные малые города и районы,0.1218
2132,муниципальный округ Оленинский,Тверская область,Стареющая сельская периферия,0.1752
2133,муниципальный округ Пеновский,Тверская область,Стареющая сельская периферия,0.151
2134,муниципальный округ Рамешковский,Тверская область,Стареющая сельская периферия,0.0408
2136,муниципальный округ Сандовский,Тверская область,Стареющая сельская периферия,0.0444
2137,муниципальный округ Селижаровский,Тверская область,Стареющая сельская периферия,0.124
2138,муниципальный округ Сонковский,Тверская область,Стареющая сельская периферия,0.0362
2139,муниципальный округ Спировский,Тверская область,Стареющая сельская периферия,0.0382
2140,муниципальный округ Старицкий,Тверская область,Стареющая сельская периферия,0.1572
2142,муниципальный округ Торопецкий,Тверская область,Стареющая сельская периферия,0.2099
2143,муниципальный округ Фировский,Тверская область,Стареющая сельская периферия,0.1828
2144,городской округ город Томск,Томская область,Города и агломерации,-0.0509
2145,городской округ город Кедровый,Томская область,Промышленные малые города и районы,0.0321
2146,городской округ город Стрежевой,Томская область,Промышленные малые города и районы,0.1712
2148,Александровский муниципальный район,Томская область,Удалённые территории с высокими зарплатами,0.0936
2149,Асиновский муниципальный район,Томская область,Промышленные малые города и районы,-0.0616
2150,Бакчарский муниципальный район,Томская область,Стареющая сельская периферия,-0.0032
2151,Верхнекетский муниципальный район,Томская область,Молодые сельские районы,0.1192
2152,Зырянский муниципальный район,Томская область,Стареющая сельская периферия,-0.071
2153,Каргасокский муниципальный район,Томская область,Удалённые территории с высокими зарплатами,-0.1408
2154,Кожевниковский муниципальный район,Томская область,Стареющая сельская периферия,-0.0745
2155,Колпашевский муниципальный район,Томская область,Промышленные малые города и районы,0.0583
2156,Кривошеинский муниципальный район,Томская область,Стареющая сельская периферия,0.0072
2157,Молчановский муниципальный район,Томская область,Стареющая сельская периферия,0.0037
2158,Парабельский муниципальный район,Томская область,Удалённые территории с высокими зарплатами,-0.084
2159,Первомайский муниципальный район,Томская область,Стареющая сельская периферия,0.0309
2160,Тегульдетский муниципальный район,Томская область,Стареющая сельская периферия,-0.0567
2161,Томский муниципальный район,Томская область,Города и агломерации,0.1518
2162,Чаинский муниципальный район,Томская область,Стареющая сельская периферия,-0.0686
2163,Шегарский муниципальный район,Томская область,Стареющая сельская периферия,0.0245
2164,городской округ город Тула,Тульская область,Города и агломерации,0.0019
2165,городской округ город Алексин,Тульская область,Промышленные малые города и районы,0.1055
2167,городской округ город Донской,Тульская область,Промышленные малые города и районы,0.0498
2168,городской округ город Ефремов,Тульская область,Промышленные малые города и районы,0.0261
2169,городской округ город Новомосковск,Тульская область,Города и агломерации,-0.005
2170,городской округ Славный,Тульская область,Промышленные малые города и районы,0.1441
2171,Арсеньевский муниципальный район,Тульская область,Стареющая сельская периферия,0.1595
2172,Белевский муниципальный район,Тульская область,Стареющая сельская периферия,0.1624
2173,Богородицкий муниципальный район,Тульская область,Промышленные малые города и районы,-0.0107
2174,Веневский муниципальный район,Тульская область,Промышленные малые города и районы,-0.0485
2175,Воловский муниципальный район,Тульская область,Стареющая сельская периферия,0.0341
2176,Дубенский муниципальный район,Тульская область,Промышленные малые города и районы,0.1452
2177,Заокский муниципальный район,Тульская область,Промышленные малые города и районы,0.4099
2178,Каменский муниципальный район,Тульская область,Стареющая сельская периферия,0.0871
2179,Кимовский муниципальный район,Тульская область,Промышленные малые города и районы,0.002
2180,Киреевский муниципальный район,Тульская область,Промышленные малые города и районы,0.0186
2181,Куркинский муниципальный район,Тульская область,Стареющая сельская периферия,0.084
2182,Одоевский муниципальный район,Тульская область,Стареющая сельская периферия,0.0926
2183,Плавский муниципальный район,Тульская область,Промышленные малые города и районы,0.1235
2184,Суворовский муниципальный район,Тульская область,Стареющая сельская периферия,0.1237
2185,Тепло-Огаревский муниципальный район,Тульская область,Стареющая сельская периферия,0.038
2186,Узловский муниципальный район,Тульская область,Промышленные малые города и районы,0.1087
2187,Чернский муниципальный район,Тульская область,Стареющая сельская периферия,0.1488
2188,Щекинский муниципальный район,Тульская область,Промышленные малые города и районы,0.0328
2189,Ясногорский муниципальный район,Тульская область,Промышленные малые города и районы,0.059
2190,городской округ город Тюмень,Тюменская область,Города и агломерации,0.1749
2191,городской округ Заводоуковский,Тюменская область,Промышленные малые города и районы,0.0677
2192,городской округ город Ишим,Тюменская область,Города и агломерации,-0.0153
2193,городской округ город Тобольск,Тюменская область,Города и агломерации,0.0956
2194,городской округ город Ялуторовск,Тюменская область,Города и агломерации,0.0424
2195,Абатский муниципальный район,Тюменская область,Молодые сельские районы,0.0589
2196,Армизонский муниципальный район,Тюменская область,Стареющая сельская периферия,0.1495
2197,Аромашевский муниципальный район,Тюменская область,Стареющая сельская периферия,0.094
2198,Бердюжский муниципальный район,Тюменская область,Стареющая сельская периферия,0.1912
2199,Вагайский муниципальный район,Тюменская область,Молодые сельские районы,0.0341
2200,Викуловский муниципальный район,Тюменская область,Молодые сельские районы,0.155
2201,городской округ Голышмановский,Тюменская область,Молодые сельские районы,0.0938
2202,Исетский муниципальный район,Тюменская область,Молодые сельские районы,0.0306
2203,Ишимский муниципальный район,Тюменская область,Молодые сельские районы,0.192
2204,Казанский муниципальный район,Тюменская область,Молодые сельские районы,0.0641
2205,Нижнетавдинский муниципальный район,Тюменская область,Молодые сельские районы,0.0281
2206,Омутинский муниципальный район,Тюменская область,Молодые сельские районы,0.1053
2207,Сладковский муниципальный район,Тюменская область,Стареющая сельская периферия,-0.0289
2208,Сорокинский муниципальный район,Тюменская область,Молодые сельские районы,0.1759
2210,Тюменский муниципальный район,Тюменская область,Города и агломерации,0.0295
2211,Уватский муниципальный район,Тюменская область,Удалённые территории с высокими зарплатами,0.0133
2212,Упоровский муниципальный район,Тюменская область,Молодые сельские районы,0.1814
2213,Юргинский муниципальный район,Тюменская область,Стареющая сельская периферия,0.115
2215,Ярковский муниципальный район,Тюменская область,Молодые сельские районы,0.0642
2216,городской округ город Ханты-Мансийск,Ханты-Мансийский автономный округ — Югра,Города и агломерации,0.0148
2217,городской округ город Когалым,Ханты-Мансийский автономный округ — Югра,Города и агломерации,-0.025
2218,городской округ город Лангепас,Ханты-Мансийский автономный округ — Югра,Города и агломерации,-0.114
2219,городской округ город Мегион,Ханты-Мансийский автономный округ — Югра,Города и агломерации,-0.0072
2220,городской округ город Нефтеюганск,Ханты-Мансийский автономный округ — Югра,Города и агломерации,-0.0323
2221,городской округ город Нижневартовск,Ханты-Мансийский автономный округ — Югра,Города и агломерации,-0.0091
2222,городской округ город Нягань,Ханты-Мансийский автономный округ — Югра,Города и агломерации,0.0923
2223,городской округ город Покачи,Ханты-Мансийский автономный округ — Югра,Удалённые территории с высокими зарплатами,-0.0771
2224,городской округ город Пыть-Ях,Ханты-Мансийский автономный округ — Югра,Города и агломерации,0.0258
2225,городской округ город Радужный,Ханты-Мансийский автономный округ — Югра,Города и агломерации,-0.2151
2226,городской округ город Сургут,Ханты-Мансийский автономный округ — Югра,Города и агломерации,0.0119
2227,городской округ город Урай,Ханты-Мансийский автономный округ — Югра,Города и агломерации,0.1132
2228,городской округ город Югорск,Ханты-Мансийский автономный округ — Югра,Города и агломерации,-0.0763
2229,Белоярский муниципальный район,Ханты-Мансийский автономный округ — Югра,Удалённые территории с высокими зарплатами,-0.0336
2230,Березовский муниципальный район,Ханты-Мансийский автономный округ — Югра,Удалённые территории с высокими зарплатами,0.0413
2231,Кондинский муниципальный район,Ханты-Мансийский автономный округ — Югра,Удалённые территории с высокими зарплатами,-0.0541
2232,Нефтеюганский муниципальный район,Ханты-Мансийский автономный округ — Югра,Удалённые территории с высокими зарплатами,0.0481
2233,Нижневартовский муниципальный район,Ханты-Мансийский автономный округ — Югра,Удалённые территории с высокими зарплатами,-0.2072
2234,Октябрьский муниципальный район,Ханты-Мансийский автономный округ — Югра,Удалённые территории с высокими зарплатами,0.0409
2235,Советский муниципальный район,Ханты-Мансийский автономный округ — Югра,Удалённые территории с высокими зарплатами,-0.0785
2236,Сургутский муниципальный район,Ханты-Мансийский автономный округ — Югра,Удалённые территории с высокими зарплатами,-0.1906
2237,Ханты-Мансийский муниципальный район,Ханты-Мансийский автономный округ — Югра,Удалённые территории с высокими зарплатами,-0.0945
2238,городской округ город Салехард,Ямало-Ненецкий автономный округ,Города и агломерации,0.241
2241,городской округ город Муравленко,Ямало-Ненецкий автономный округ,Удалённые территории с высокими зарплатами,-0.1103
2242,городской округ город Новый Уренгой,Ямало-Ненецкий автономный округ,Города и агломерации,-0.0321
2243,городской округ город Ноябрьск,Ямало-Ненецкий автономный округ,Города и агломерации,-0.0604
2244,муниципальный округ Красноселькупский район,Ямало-Ненецкий автономный округ,Удалённые территории с высокими зарплатами,0.0802
2245,муниципальный округ Надымский район,Ямало-Ненецкий автономный округ,Удалённые территории с высокими зарплатами,-0.0397
2248,муниципальный округ Тазовский район,Ямало-Ненецкий автономный округ,Удалённые территории с высокими зарплатами,0.0891
2249,муниципальный округ Шурышкарский район,Ямало-Ненецкий автономный округ,Удалённые территории с высокими зарплатами,0.0806
2250,муниципальный округ Ямальский район,Ямало-Ненецкий автономный округ,Удалённые территории с высокими зарплатами,0.18
2251,городской округ город Ульяновск,Ульяновская область,Города и агломерации,-0.0122
2252,городской округ город Димитровград,Ульяновская область,Города и агломерации,-0.0697
2253,городской округ город Новоульяновск,Ульяновская область,Промышленные малые города и районы,-0.1138
2254,Базарносызганский муниципальный район,Ульяновская область,Стареющая сельская периферия,-0.0274
2255,Барышский муниципальный район,Ульяновская область,Стареющая сельская периферия,-0.1228
2256,Вешкаймский муниципальный район,Ульяновская область,Стареющая сельская периферия,-0.075
2257,Инзенский муниципальный район,Ульяновская область,Стареющая сельская периферия,-0.0444
2258,Карсунский муниципальный район,Ульяновская область,Стареющая сельская периферия,-0.15
2259,Кузоватовский муниципальный район,Ульяновская область,Стареющая сельская периферия,-0.0248
2260,Майнский муниципальный район,Ульяновская область,Стареющая сельская периферия,-0.0409
2262,Николаевский муниципальный район,Ульяновская область,Стареющая сельская периферия,-0.0456
2264,Новоспасский муниципальный район,Ульяновская область,Стареющая сельская периферия,-0.0624
2265,Павловский муниципальный район,Ульяновская область,Стареющая сельская периферия,-0.1323
2266,Радищевский муниципальный район,Ульяновская область,Стареющая сельская периферия,-0.0037
2267,Сенгилеевский муниципальный район,Ульяновская область,Стареющая сельская периферия,-0.1399
2268,Старокулаткинский муниципальный район,Ульяновская область,Стареющая сельская периферия,-0.1462
2269,Старомайнский муниципальный район,Ульяновская область,Стареющая сельская периферия,-0.1226
2270,Сурский муниципальный район,Ульяновская область,Стареющая сельская периферия,-0.0474
2271,Тереньгульский муниципальный район,Ульяновская область,Стареющая сельская периферия,0.0016
2272,Ульяновский муниципальный район,Ульяновская область,Стареющая сельская периферия,-0.087
2273,Цильнинский муниципальный район,Ульяновская область,Стареющая сельская периферия,-0.1357
2274,Чердаклинский муниципальный район,Ульяновская область,Промышленные малые города и районы,-0.1708
2275,городской округ Челябинский,Челябинская область,Города и агломерации,0.0135
2276,городской округ Верхнеуфалейский,Челябинская область,Промышленные малые города и районы,0.0687
2278,городской округ Карабашский,Челябинская область,Промышленные малые города и районы,0.0701
2279,городской округ Копейский,Челябинская область,Города и агломерации,0.1014
2280,городской округ Кыштымский,Челябинская область,Города и агломерации,0.2282
2281,городской округ Магнитогорский,Челябинская область,Города и агломерации,-0.1142
2282,городской округ Миасский,Челябинская область,Города и агломерации,0.0219
2286,городской округ Троицкий,Челябинская область,Города и агломерации,-0.0349
2287,городской округ Усть-Катавский,Челябинская область,Промышленные малые города и районы,0.0905
2288,городской округ Чебаркульский,Челябинская область,Города и агломерации,0.2568
2289,городской округ Южноуральский,Челябинская область,Города и агломерации,0.1261
2292,Аргаяшский муниципальный район,Челябинская область,Молодые сельские районы,-0.1283
2293,Ашинский муниципальный район,Челябинская область,Промышленные малые города и районы,-0.0177
2294,Брединский муниципальный район,Челябинская область,Стареющая сельская периферия,0.0424
2295,Варненский муниципальный район,Челябинская область,Молодые сельские районы,0.0095
2296,Верхнеуральский муниципальный район,Челябинская область,Промышленные малые города и районы,-0.0078
2297,Еманжелинский муниципальный район,Челябинская область,Промышленные малые города и районы,-0.0306
2298,Еткульский муниципальный район,Челябинская область,Промышленные малые города и районы,0.0756
2299,Карталинский муниципальный район,Челябинская область,Промышленные малые города и районы,-0.1077
2300,Каслинский муниципальный район,Челябинская область,Промышленные малые города и районы,0.1079
2301,Катав-Ивановский муниципальный район,Челябинская область,Промышленные малые города и районы,-0.0382
2302,Кизильский муниципальный район,Челябинская область,Стареющая сельская периферия,-0.0457
2303,Коркинский муниципальный округ,Челябинская область,Промышленные малые города и районы,0.017
2304,Красноармейский муниципальный район,Челябинская область,Промышленные малые города и районы,-0.1364
2305,Кунашакский муниципальный район,Челябинская область,Стареющая сельская периферия,0.0005
2307,Нагайбакский муниципальный район,Челябинская область,Стареющая сельская периферия,-0.0605
2308,Нязепетровский муниципальный район,Челябинская область,Стареющая сельская периферия,-0.0306
2309,Октябрьский муниципальный район,Челябинская область,Стареющая сельская периферия,0.0057
2310,Пластовский муниципальный район,Челябинская область,Промышленные малые города и районы,-0.0547
2311,Саткинский муниципальный район,Челябинская область,Промышленные малые города и районы,0.0383
2312,Сосновский муниципальный район,Челябинская область,Города и агломерации,0.1311
2314,Увельский муниципальный район,Челябинская область,Промышленные малые города и районы,-0.0534
2315,Уйский муниципальный район,Челябинская область,Стареющая сельская периферия,0.018
2316,Чебаркульский муниципальный район,Челябинская область,Промышленные малые города и районы,0.1633
2317,Чесменский муниципальный район,Челябинская область,Стареющая сельская периферия,0.0867
2318,городской округ город Ярославль,Ярославская область,Города и агломерации,0.0412
2320,городской округ город Рыбинск,Ярославская область,Города и агломерации,-0.03
2321,Большесельский муниципальный район,Ярославская область,Стареющая сельская периферия,0.0198
2322,Борисоглебский муниципальный район,Ярославская область,Стареющая сельская периферия,0.1161
2323,Брейтовский муниципальный район,Ярославская область,Стареющая сельская периферия,0.1163
2324,Гаврилов-Ямский муниципальный район,Ярославская область,Промышленные малые города и районы,-0.0544
2325,Даниловский муниципальный район,Ярославская область,Промышленные малые города и районы,-0.0314
2326,Любимский муниципальный район,Ярославская область,Стареющая сельская периферия,0.0066
2327,Мышкинский муниципальный район,Ярославская область,Промышленные малые города и районы,0.0668
2328,Некоузский муниципальный район,Ярославская область,Промышленные малые города и районы,0.1213
2329,Некрасовский муниципальный район,Ярославская область,Промышленные малые города и районы,0.0846
2330,Первомайский муниципальный район,Ярославская область,Стареющая сельская периферия,-0.0403
2332,Пошехонский муниципальный район,Ярославская область,Стареющая сельская периферия,-0.0046
2333,Ростовский муниципальный район,Ярославская область,Промышленные малые города и районы,-0.0687
2334,Рыбинский муниципальный район,Ярославская область,Промышленные малые города и районы,0.0475
2335,Тутаевский муниципальный район,Ярославская область,Промышленные малые города и районы,0.0118
2336,Угличский муниципальный район,Ярославская область,Промышленные малые города и районы,0.1199
2337,Ярославский муниципальный район,Ярославская область,Города и агломерации,-0.0156
2338,городской округ город Биробиджан,Еврейская автономная область,Города и агломерации,-0.0248
2339,Биробиджанский муниципальный район,Еврейская автономная область,Молодые сельские районы,0.0193
2340,Ленинский муниципальный район,Еврейская автономная область,Молодые сельские районы,0.2033
2341,Облученский муниципальный район,Еврейская автономная область,Удалённые территории с высокими зарплатами,0.0852
2342,Октябрьский муниципальный район,Еврейская автономная область,Молодые сельские районы,0.0922
2343,Смидовичский муниципальный район,Еврейская автономная область,Удалённые территории с высокими зарплатами,-0.0069
2344,городской округ Анадырь,Чукотский автономный округ,Удалённые территории с высокими зарплатами,0.1326
2345,городской округ Эгвекинот,Чукотский автономный округ,Удалённые территории с высокими зарплатами,-0.0101
2348,Анадырский муниципальный район,Чукотский автономный округ,Удалённые территории с высокими зарплатами,0.1045
2349,Билибинский муниципальный район,Чукотский автономный округ,Удалённые территории с высокими зарплатами,0.0654
2618,Мантуровский муниципальный округ,Костромская область,Стареющая сельская периферия,0.0031
2619,городской округ город Переславль-Залесский,Ярославская область,Промышленные малые города и районы,0.1759
2620,городской округ Соликамский,Пермский край,Города и агломерации,0.0816
2621,городской округ город Березники,Пермский край,Города и агломерации,-0.0022
2644,городской округ Серпухов,Московская область,Города и агломерации,-0.0162
2646,городской округ город Обнинск,Калужская область,Города и агломерации,0.0447
2647,Боровский муниципальный район,Калужская область,Города и агломерации,-0.1591
2648,городской округ Лосино-Петровский,Московская область,Города и агломерации,-0.021
2649,городской округ Щёлково,Московская область,Города и агломерации,0.0008
2651,городской округ Одинцовский,Московская область,Города и агломерации,0.0754
2652,городской округ Орехово-Зуевский,Московская область,Города и агломерации,-0.0331
2710,городской округ Вышневолоцкий,Тверская область,Промышленные малые города и районы,0.1821
2808,городской округ Коломна,Московская область,Города и агломерации,-0.0095
2809,муниципальный округ Кунгурский,Пермский край,Города и агломерации,0.032
2813,городской округ Шатура,Московская область,Промышленные малые города и районы,-0.0045
2814,городской округ Пушкинский,Московская область,Города и агломерации,0.0543
2872,муниципальный округ Приуральский район,Ямало-Ненецкий автономный округ,Удалённые территории с высокими зарплатами,0.0272
2876,городской округ город-курорт Кисловодск,Ставропольский край,Города и агломерации,0.0977
2879,городской округ город Губкинский,Ямало-Ненецкий автономный округ,Города и агломерации,0.0265
2880,городской округ город Лабытнанги,Ямало-Ненецкий автономный округ,Удалённые территории с высокими зарплатами,0.147
2881,Предгорный муниципальный округ,Ставропольский край,Юг и Северный Кавказ,0.0568
2882,муниципальный округ Пуровский район,Ямало-Ненецкий автономный округ,Удалённые территории с высокими зарплатами,-0.0245
2883,муниципальный округ Кимрский,Тверская область,Промышленные малые города и районы,0.256
2884,муниципальный округ Ржевский,Тверская область,Промышленные малые города и районы,0.1151
2885,муниципальный округ Кудымкарский,Пермский край,Молодые сельские районы,-0.0229
2886,муниципальный округ Губахинский,Пермский край,Промышленные малые города и районы,-0.0586
2887,городской округ город Саратов,Саратовская область,Города и агломерации,0.0237
3005,городской округ город Арзамас,Нижегородская область,Города и агломерации,-0.0053
3007,Прокопьевский муниципальный округ,Кемеровская область,Промышленные малые города и районы,0.0437
3008,городской округ Химки,Московская область,Города и агломерации,0.0188
3009,городской округ город Тамбов,Тамбовская область,Города и агломерации,-0.0012
3011,городской округ Златоустовский,Челябинская область,Города и агломерации,0.0244
3012,Кусинский муниципальный район,Челябинская область,Промышленные малые города и районы,0.0004
3013,городской округ Солнечногорск,Московская область,Города и агломерации,-0.0634
9001,Москва,Москва,Города и агломерации,-0.1882
9002,Санкт-Петербург,Санкт-Петербург,Города и агломерации,0.0096
