scenario,repeat,method,ari,k,min_share,max_share,SW,CH,DB,S_Dbw,AVI,AVU,ANUI,MQ,DM,within,AVI_lift,AVU_gain,MQ_lift
calibrated,0,truth,1.0,6,0.03373893805309734,0.3633849557522124,0.1251042398471241,237.87758191621782,2.0292561382896106,0.6101295439410167,0.6948124869047948,0.10312255657573192,0.6483571523268175,0.5070336498499701,19.61364291839515,0.7453669977288458,0.5295279953904145,-0.006360085141632804,0.5080831706468063
calibrated,0,kmeans,0.5521626520509827,6,0.09900442477876106,0.2168141592920354,0.1263711624690873,271.8051699766622,2.1960231650473623,0.5926462345144333,0.6746925356123277,0.11531431921006942,0.6259894831204665,0.5018850784620001,19.216066732397266,0.6790278263429275,0.5086815508208777,-0.006377380736463198,0.5028111615799937
calibrated,0,ward,0.44705272392345363,6,0.05420353982300885,0.2538716814159292,0.1223638710165536,231.22311389707758,2.1554988789066694,0.6484960712146134,0.5660009013139558,0.10419468152979154,0.5344803080192242,0.4285666016668765,15.312922117228261,0.6288550777908409,0.3985969611689893,-0.0025224113795687814,0.4279064206108846
calibrated,0,gmm,0.4731766987969001,6,0.10730088495575221,0.2323008849557522,0.096164792943145,231.78787394314546,3.3816942241180983,0.6542298784653392,0.5921101679227597,0.11318539162640934,0.5549203904253602,0.42076078139545436,16.107767015650634,0.5986791721346086,0.4271543992748724,-0.004011426889542466,0.4220769729580876
calibrated,0,spectral,0.43142275839712557,6,0.12002212389380532,0.21073008849557523,0.08271178365957899,213.60299723615987,2.7671764459361246,0.6529111928702446,0.8767025766840169,0.1153967177860779,0.7961565348160071,0.7056824586704911,26.761739689535055,0.8781695890528408,0.7102100444788115,-0.0054360627799888706,0.705989004516495
calibrated,0,louvain,0.3797886090858821,6,0.09900442477876106,0.2179203539823009,0.049560172859243724,166.30109940504963,3.2343134307311843,0.6924779336141518,0.8679126359046064,0.11723170137425515,0.7877604698837574,0.6994400324922747,26.201662019161255,0.88222480897845,0.6994993557422499,-0.00942950557485081,0.6976316881464902
calibrated,0,leiden,0.4493131914516855,6,0.07853982300884955,0.2549778761061947,0.07044562378233082,193.27603581090372,2.867512685631199,0.6830538907803779,0.8771891287342234,0.1141509802726373,0.7973489813838482,0.6977016692312099,26.68942035631799,0.8880511848959536,0.7107098063106092,-0.00845117646621231,0.6974099226897165
calibrated,0,kefrin_euclidean 0.3,0.5342046273423715,6,0.10011061946902655,0.19247787610619468,0.1229405382259294,270.8779629365576,2.235961748364613,0.5920772684304254,0.7032698977871877,0.11521279746839681,0.6505579865463796,0.5311185885187408,20.330093183259464,0.7043148681076151,0.5382004299167437,-0.005855387891414474,0.5327358199965033
calibrated,0,kefrin_cosine 0.3,0.5200005242441031,6,0.12831858407079647,0.20353982300884957,0.11561842232861018,259.19311604554133,2.30885200212605,0.5997260481981633,0.7262945452923161,0.11807410636731493,0.6689294442932334,0.5605822142634319,20.981011971187467,0.7342784781555118,0.5600481970177258,-0.00805021761626222,0.5611284364336876
calibrated,0,canus_euclidean 0.3,0.46813875045546766,6,0.10398230088495575,0.21183628318584072,0.11593689407825086,263.2195597438352,2.337467744357021,0.5969105067785716,0.6677740257983537,0.11275527531414345,0.6210146967996054,0.49301624446168724,19.08822819512251,0.6646410656869384,0.5013660866250296,-0.0033145793257648715,0.4929185125723349
calibrated,0,canus_cosine 0.3,0.4791452233068825,6,0.12223451327433628,0.22013274336283187,0.10570061854315613,251.1038916512943,2.4494134573129664,0.6054500403469952,0.682431375374689,0.11992706389326085,0.6308050352571745,0.5144206509975588,19.25889676766987,0.6937008903373812,0.5183780500431528,-0.010894683203484162,0.5169860142506885
calibrated,0,dmon 0.3,0.4806751341886637,6,0.14601769911504425,0.18805309734513273,0.11141236452449282,251.6276184204451,2.3006902112769994,0.6047300938840112,0.7500502417143102,0.11703217419952833,0.6895238324312858,0.5855563476770327,21.945975255560256,0.755261243132483,0.5843517020308946,-0.006197730999468937,0.5865182142529164
calibrated,0,fused_spectral 0.3,0.559374777306779,6,0.10619469026548672,0.24557522123893805,0.11545286104217282,235.22865747605468,2.8938932413963507,0.6440025036419191,0.7641158666127881,0.11354806137668687,0.703111212991925,0.5986222961526567,22.443748544619268,0.7819566841878371,0.5983043558512341,-0.005507679810619878,0.5995274975002827
calibrated,0,refined_spectral 0.0,0.546003932029277,6,0.09513274336283185,0.230641592920354,0.10363852498632461,261.71981372696496,2.3553219831000933,0.5851081970646422,0.70652710421367,0.11262858077003395,0.6544492131657229,0.5371189032120602,20.53859139549065,0.7184140911039095,0.5392868321609384,-0.005543178423726425,0.5364066790865473
calibrated,0,refined_spectral 0.1,0.5443842657133989,6,0.103429203539823,0.2179203539823009,0.11464570407986921,263.8823479376598,2.315063560237831,0.5939561680373473,0.7532100624914936,0.11627973084154412,0.6925540566830439,0.5820473063642845,22.172480968913263,0.7571272696205671,0.5861012865867392,-0.007239135817025288,0.5814364291675826
calibrated,0,refined_spectral 0.2,0.5712921715356541,6,0.1006637168141593,0.21073008849557523,0.1150434038214056,255.66207409425823,2.6177869790347423,0.6073506644580476,0.723124270666244,0.11416304005081993,0.667979821051204,0.5580197281526655,20.99657851514784,0.7346044484636975,0.558061359640933,-0.005073116162332247,0.5591606171697633
calibrated,0,refined_spectral 0.3,0.6165481405399595,6,0.10232300884955753,0.2571902654867257,0.12181780405159832,255.7447337581203,2.655091255385103,0.6123031970375538,0.7302278487124925,0.11354597850982502,0.6743172172197652,0.5698443991377083,21.14448352140351,0.7581408249795629,0.5634285122554274,-0.006285552923477614,0.569626293580492
calibrated,0,refined_spectral 0.5,0.6309461956252326,6,0.10176991150442478,0.2704646017699115,0.12633559704504652,257.64793363190813,2.4925778701320698,0.6081184685867741,0.7506007318465261,0.11454086284780682,0.6911771525185946,0.5880883170676131,21.857859567313607,0.7804333822659668,0.5851046616601071,-0.007810675880425361,0.5894825570303587
calibrated,0,refined_spectral 0.7,0.6144183378616191,6,0.10121681415929204,0.27599557522123896,0.12826537161796134,258.358351675823,2.3182007353630625,0.6080356270225941,0.7735258171386367,0.11459173986462426,0.7105434782618352,0.605696197558185,22.659924135015075,0.7992233681100116,0.6066384177921909,-0.007912685159579269,0.6052564124971301
calibrated,0,refined_spectral 1.0,0.5377141602610926,6,0.10730088495575221,0.20962389380530974,0.1099983235419308,253.6730776458865,2.5833816581059046,0.6060954930724811,0.8006981338811611,0.11327807504188157,0.7341129558336886,0.6324409825109728,23.97149817313706,0.8066866854933119,0.6354809980412506,-0.0038853170337450477,0.6342658314049634
calibrated,1,truth,1.0,6,0.03373893805309734,0.3633849557522124,0.13308023330541466,243.7105019747886,1.989295462636478,0.6053402448858445,0.7280883068187588,0.10382490218461385,0.676917602519366,0.5352364724590831,20.60843120670365,0.7745606784425806,0.5641302606009598,-0.007216693845616282,0.5376485239470155
calibrated,1,kmeans,0.6435704052519408,6,0.0918141592920354,0.2948008849557522,0.1384523414319235,270.7559600119871,2.0793896155245783,0.597945072122817,0.6600145992405436,0.11589076043041988,0.613117491373031,0.4952655608204629,18.40936540767999,0.6953557161314545,0.49338070065428147,-0.010590270508110247,0.49517646541848914
calibrated,1,ward,0.5269014590439585,6,0.09126106194690266,0.28373893805309736,0.08847127361488666,231.79819171123157,2.5630374168612913,0.6250370950475573,0.5906598115758331,0.11449940031536804,0.5532438242903717,0.4178004905331059,15.822169686957158,0.6101672332473029,0.4238999210009287,-0.007909115568729405,0.4172558486594323
calibrated,1,gmm,0.5162648828065816,6,0.10785398230088496,0.23672566371681417,0.08990367065052295,238.9048510163598,4.264852624189511,0.6490124081259814,0.602769125035803,0.11784635928853252,0.5627916969719401,0.4356189230132331,16.426550684188026,0.6138260157817907,0.4358592329583821,-0.009628245901961763,0.43526784267940277
calibrated,1,spectral,0.48638269280994223,6,0.10564159292035398,0.23506637168141592,0.08024575873369962,212.99204174282028,2.7256847532313793,0.6581710939759101,0.8735867904132371,0.11650269134199026,0.7928902200166076,0.6992626806204327,26.386869268050248,0.8779596721818937,0.7086127548075957,-0.007764612438079216,0.7009889059197851
calibrated,1,louvain,0.47672116144525156,6,0.0868362831858407,0.21626106194690264,0.07801221168330667,208.7352081196333,2.864789609362248,0.6668941762634629,0.8848123202377892,0.12065094113733162,0.7994665197553561,0.7070426473451481,26.798264827603727,0.8876314657763776,0.7202279961368195,-0.01290775099474116,0.7094754837917796
calibrated,1,leiden,0.4591476679645032,6,0.08849557522123894,0.22400442477876106,0.07406617302545361,204.51842678965005,2.809332310650047,0.6646826688095464,0.8830435996851692,0.11778465142059537,0.7998518251392003,0.7053094220128505,26.796241852974635,0.8862648459535304,0.7163978818546954,-0.010228619997897578,0.705207293322391
calibrated,1,kefrin_euclidean 0.3,0.6458491388675696,6,0.0868362831858407,0.2948008849557522,0.1366093301835734,270.21943307945986,2.075496025068866,0.599255183634605,0.6840778991566691,0.11676302381677864,0.6334787791203921,0.5132826466328684,19.2616639524729,0.7143654329405444,0.5186377250737582,-0.011727847666805444,0.5140418839711873
calibrated,1,kefrin_cosine 0.3,0.5446004373095416,6,0.12665929203539822,0.21073008849557523,0.10895442848541798,258.6855135343116,2.3995004731406104,0.5979604375441585,0.7126204589505241,0.12016767769575264,0.6564095216612028,0.5492538153023439,20.348852307142007,0.7254577400418426,0.5476309672500099,-0.010637323035913748,0.5511378599344824
calibrated,1,canus_euclidean 0.3,0.6211483650546461,6,0.09955752212389381,0.28982300884955753,0.13598961460351514,267.2038235793641,2.1483686514130187,0.6016356162152589,0.6486773262172216,0.11431096875010562,0.6038977446713661,0.4870651468366295,18.052559348699216,0.6830656000775874,0.48534054564953927,-0.007996696977390638,0.4909047277295898
calibrated,1,canus_cosine 0.3,0.5052591819878445,6,0.13329646017699115,0.20851769911504425,0.09998933101127014,251.9997684657353,2.5403655553442004,0.602465318598751,0.6804601614273779,0.12061973417261765,0.6288463846417657,0.5185987102839064,19.22402068215329,0.6927270311694441,0.5165408929167119,-0.010703094401321292,0.5212865365610733
calibrated,1,dmon 0.3,0.5255182968328169,6,0.125,0.18805309734513273,0.10633458143267921,253.63895515768374,2.376312093818322,0.6082042126583077,0.7256496919142591,0.12024333280007592,0.6674147285223483,0.5594977697905615,20.89725292026557,0.7305461038693387,0.5585519109570632,-0.00985159169093587,0.5591699132422786
calibrated,1,fused_spectral 0.3,0.643539491456499,6,0.10453539823008849,0.2975663716814159,0.1254912859641166,249.98283180502128,2.244547802578776,0.6171403879536695,0.7742735282188806,0.11803987052403254,0.709434644575968,0.6026968739223828,22.5074957387942,0.8013753284215539,0.6069621627688646,-0.011989261710216956,0.6020273447189979
calibrated,1,refined_spectral 0.0,0.5881843528128493,6,0.10398230088495575,0.2323008849557522,0.10941729980476511,264.04084598247744,2.3825153099132357,0.5907643426045017,0.7078227972869295,0.12164615857570432,0.6517081666754422,0.537752036369846,20.23555680915081,0.715608305098852,0.5415874659263613,-0.01286743032980596,0.5384938220520106
calibrated,1,refined_spectral 0.1,0.6700749183833649,6,0.10232300884955753,0.2959070796460177,0.13273384850835226,265.04424294163687,2.1551903066139597,0.5996604342344275,0.7359252855589502,0.11652453707997691,0.6778015314186232,0.5714805886428249,21.130692794665066,0.7695637388741481,0.564906039672469,-0.010354680486695536,0.5670673237330588
calibrated,1,refined_spectral 0.2,0.6801832830921597,6,0.09845132743362832,0.29867256637168144,0.13297414341433644,264.8145120942808,2.1519251290903982,0.5995889971902146,0.7469789360316467,0.11676162290191619,0.6870550443070091,0.581423386982445,21.533218001839824,0.7812336857056198,0.5811504482477379,-0.010880989101382715,0.5822873461435532
calibrated,1,refined_spectral 0.3,0.6806070268122668,6,0.09845132743362832,0.2948008849557522,0.1300434508956191,263.41619586624387,2.182348649098525,0.5997044655033079,0.7625263970092075,0.11735728481179149,0.699894241815328,0.5945022758428674,22.103828439650375,0.7929890854596349,0.595965875662531,-0.011414427442665617,0.5945134267523811
calibrated,1,refined_spectral 0.5,0.6342326094861566,6,0.10011061946902655,0.26548672566371684,0.12215102454761907,261.3853189751285,2.2716391805225498,0.5997646496032054,0.7754435525468805,0.11815013714857096,0.7103611439090801,0.6086284521866808,22.659756181800606,0.7962530247852956,0.6083400447508589,-0.01063530879381902,0.6081015416680583
calibrated,1,refined_spectral 0.7,0.6060469916794188,6,0.1006637168141593,0.23838495575221239,0.11688437317866099,260.28503822052255,2.3723844018922366,0.5981939051174471,0.7889250878294166,0.11834387604379788,0.7215572866006992,0.6227107060584359,23.199194540881173,0.8037872794261509,0.6231682931370277,-0.009901990159539728,0.6234301506852069
calibrated,1,refined_spectral 1.0,0.5908873148711128,6,0.10232300884955753,0.21736725663716813,0.11059615854485852,258.0206918526852,2.544251815415926,0.6019743895686435,0.8034418714524699,0.11763915494496115,0.7340611812891904,0.6391912942657283,23.822163194703464,0.8159797101901649,0.6361818386561572,-0.008670053686669704,0.6386190023777943
calibrated,2,truth,1.0,6,0.03373893805309734,0.3633849557522124,0.12948516799260806,242.97822503845327,1.997378862953515,0.599723330115829,0.7174262196284484,0.10075570296275603,0.669063135975883,0.5177908692785291,20.538221963742146,0.7559602116492142,0.5526462672661676,-0.004216095373914111,0.5198304821619746
calibrated,2,kmeans,0.5636261393490385,6,0.10674778761061947,0.2361725663716814,0.12403128958291912,271.9989316616873,2.2226032911412346,0.5936341582489739,0.6545494453929231,0.1133302060485364,0.6093478832172696,0.4839525772100395,18.428373149067724,0.6642874639028451,0.4874485957122624,-0.004596504261510231,0.4830899866622677
calibrated,2,ward,0.547492034740793,6,0.07743362831858407,0.34623893805309736,0.11319650164705047,233.85812572193737,2.4070168312826508,0.6530639834134901,0.6026631156222807,0.10970448416432003,0.565289112853739,0.45033978636603117,16.427846173187856,0.6700293989361845,0.43615129689042326,-0.006795913772434672,0.44990803458539447
calibrated,2,gmm,0.49601188535740887,6,0.12223451327433628,0.2040929203539823,0.08439864147621169,236.52454651466599,3.4327509699138337,0.645597877820968,0.5884832598503086,0.11548643395916798,0.5510339804264817,0.41772741471670366,15.887832105691567,0.5913941330853275,0.42357398508031785,-0.005450733962910501,0.41956035403104835
calibrated,2,spectral,0.43891284676640147,6,0.11946902654867257,0.2157079646017699,0.0778272763787166,206.46064289188814,2.7236920450022097,0.6604499065834138,0.8627048406519555,0.11345605800607865,0.7857922135157388,0.6903505056248609,26.189705503609552,0.8657520255282604,0.696092759398756,-0.004046212105582397,0.6902438083625381
calibrated,2,louvain,0.41956781423274575,6,0.11117256637168142,0.22400442477876106,0.06218225959739118,190.30907289978742,3.153516107361891,0.6815642423331331,0.8760901538489304,0.1155037736025404,0.7955836743987702,0.7027772267839875,26.64247488103757,0.8786542702176081,0.7109081039854735,-0.006111041873642392,0.7041548303982018
calibrated,2,leiden,0.3940571830638323,6,0.11061946902654868,0.2488938053097345,0.0650560587950161,187.34869623872322,2.909900055214401,0.6852995056154569,0.8774323262682636,0.11567148095893919,0.7965839202197688,0.7025153046365624,26.70060421508932,0.8815498745254647,0.7126249861809156,-0.006774117660317061,0.7040157187169801
calibrated,2,kefrin_euclidean 0.3,0.5477851819684889,6,0.10785398230088496,0.21128318584070796,0.12091106386924018,271.9406077826473,2.252383861922105,0.5926802652753428,0.6668127143387418,0.11362816960528715,0.6198476580105812,0.4958444344477025,18.91445904181156,0.6715501432543413,0.5006070673750169,-0.004214337181642644,0.4964592294858805
calibrated,2,kefrin_cosine 0.3,0.5026334710439058,6,0.1261061946902655,0.22400442477876106,0.1110304491758059,258.7730051787489,2.3021258837382526,0.600953882528939,0.6927276945315058,0.11789613115471201,0.6404242965830282,0.5288962119656986,19.655374227384655,0.7100622480393342,0.526147581829606,-0.008923596924807,0.5291303382887704
calibrated,2,canus_euclidean 0.3,0.4819437426484075,6,0.10619469026548672,0.20907079646017698,0.10776106367110949,264.05882763296984,2.3749493101154435,0.5912116493143553,0.6242242950447837,0.11157132359285006,0.5835805199578795,0.45061863289733745,17.530693377333257,0.6231639498565925,0.45766546563707766,-0.002361902656745671,0.45084549194313267
calibrated,2,canus_cosine 0.3,0.4844042776683757,6,0.12223451327433628,0.22621681415929204,0.10541891661272086,253.65031553215195,2.4005088611200627,0.6044063988993917,0.6854933553093839,0.11843874287789359,0.6340180796649544,0.5220291941289764,19.37459008096102,0.7027769153925074,0.5183291116045211,-0.009460608641751966,0.5217891944135602
calibrated,2,dmon 0.3,0.5088711433268576,6,0.1338495575221239,0.18694690265486727,0.10529993707998796,254.1755179764312,2.335100507283547,0.6078280902782609,0.7337380479346166,0.11782854699429131,0.6753504318093616,0.5686116720943889,21.37139346477662,0.7393491352997748,0.5684360367027584,-0.007168204303987499,0.5699668450005334
calibrated,2,fused_spectral 0.3,0.6178063417185159,6,0.056969026548672565,0.2948008849557522,0.12756828448221752,242.87598224050188,2.1409640874112426,0.6355228491530351,0.7621641133810589,0.11095804639616867,0.7027350465659541,0.5930641017671184,22.1728732531798,0.7987929320673129,0.5979379914389913,-0.007927190714606416,0.5956050445569098
calibrated,2,refined_spectral 0.0,0.578793049293193,6,0.07411504424778761,0.2743362831858407,0.09853887260592106,256.00338488374234,2.4789386932187436,0.5999349581990846,0.7034940031974081,0.10954567889418867,0.6531585194394948,0.5331915106515966,20.366086768656462,0.7258970126277994,0.5373285052413972,-0.004234810413445089,0.5340113447925002
calibrated,2,refined_spectral 0.1,0.6125536324803919,6,0.06858407079646017,0.26714601769911506,0.13375458065505635,266.47982307415265,2.04878360036581,0.6042300847416889,0.7024757963489217,0.11205245906109514,0.6512158968090958,0.5354882805404462,20.129626716555723,0.7312325211708195,0.5337181886343445,-0.0071697118626128375,0.533693397411085
calibrated,2,refined_spectral 0.2,0.647001093454577,6,0.05641592920353982,0.2848451327433628,0.13782934288967677,265.45302103788373,2.0106317000024103,0.6038235583724897,0.7249308734434375,0.10964301970683583,0.6715533859884408,0.5509453377303629,20.902207791939404,0.7544149368065635,0.5586614404413102,-0.006695593891428889,0.5516120210120998
calibrated,2,refined_spectral 0.3,0.6676062471479629,6,0.05420353982300885,0.29535398230088494,0.13902052458013597,263.98358742203385,2.014495789688095,0.6045687557676831,0.7350276465097617,0.10924712703032591,0.6803923713308654,0.558608320611755,21.234599014146383,0.7659357806395974,0.5694922155150125,-0.006851633552049874,0.559200247152699
calibrated,2,refined_spectral 0.5,0.6665641014696461,6,0.06969026548672566,0.29701327433628316,0.1365237833935606,262.4625241275094,2.0961350093958546,0.6039011085292351,0.7443905317696595,0.11074388074205478,0.6876989059321236,0.5711019012509064,21.567670765688046,0.7770684910970376,0.5768202972326469,-0.007043388738088754,0.5701177419854617
calibrated,2,refined_spectral 0.7,0.6074010674652266,6,0.103429203539823,0.25663716814159293,0.12178887508665993,257.1134387856323,2.482855082161041,0.60779216507916,0.7344822578352758,0.1136197776436889,0.6779095464073994,0.5707387553208011,21.310978355270564,0.7604477431244591,0.5680667871887101,-0.006426444667426645,0.5709346533329336
calibrated,2,refined_spectral 1.0,0.5581610821892871,6,0.11006637168141593,0.2079646017699115,0.10876137975695627,257.9141781060303,2.465715692896881,0.5998926807644389,0.7812907884632091,0.11375105301187935,0.7175226492627107,0.613842723094054,23.221755249845074,0.7894057727662559,0.6156793608051244,-0.004561210801996063,0.615120239935245
calibrated,3,truth,1.0,6,0.03373893805309734,0.3633849557522124,0.13233116042182982,251.41776567178607,1.9529005452086912,0.5922441582515119,0.7419297490237696,0.10152465147787924,0.6899591557416023,0.5348079847977342,21.512573647971173,0.774678711359136,0.5762967619921917,-0.004972137089623976,0.5367615385357809
calibrated,3,kmeans,0.6286909430986515,6,0.08573008849557522,0.28761061946902655,0.14259083997551197,283.1590980835025,2.0171055949981294,0.5835415318446975,0.6714194446215352,0.11132395856695923,0.6247243770565454,0.49482125542928085,19.115189119741093,0.6945081373023289,0.5051349507101803,-0.006318290450236352,0.49524154287817884
calibrated,3,ward,0.5323116661563416,6,0.051991150442477874,0.31526548672566373,0.11897113567198818,247.56130788713014,2.0687154422543172,0.6054494134672461,0.6520543805433632,0.106783733150582,0.609608099511776,0.4735698861316852,18.234379127468706,0.6866840094425949,0.48527840460483984,-0.0053526530077836615,0.4736274024420232
calibrated,3,gmm,0.5318843799863467,6,0.09734513274336283,0.230641592920354,0.10049972851227432,258.9372640992844,4.054757356014793,0.6179694078171323,0.6387305934826847,0.11481668543509103,0.5950886211499903,0.4541995595173831,17.920431267342035,0.6316982045558223,0.47119960404792754,-0.006444851461589407,0.45357492271150374
calibrated,3,spectral,0.45482831621177844,6,0.11891592920353983,0.2013274336283186,0.08822823450344966,219.9192954218155,2.6420670189968125,0.6460763667265638,0.8784253804176402,0.11637719605064868,0.7969538392484217,0.7044434919612603,26.71863896660566,0.8804111761038561,0.7131851294185259,-0.007142816738369792,0.7058891547047303
calibrated,3,louvain,0.41483663939645804,6,0.11559734513274336,0.21017699115044247,0.07083502831310033,200.34996029400367,2.8877880150605155,0.6694089196683377,0.876641645425761,0.11857469358682803,0.7940972137876604,0.703952407417993,26.591510026159597,0.881589619082787,0.7085856358598608,-0.009534094368489565,0.7024577390706316
calibrated,3,leiden,0.5692235780120041,6,0.03871681415929203,0.4032079646017699,0.09567692060137976,201.61145772829755,2.1449234688254486,0.6578768256703255,0.8807298541971686,0.10988421997133556,0.8030153803469008,0.655471733660251,26.293997062057684,0.9121770044749078,0.7131055789002918,-0.013707009391223587,0.6547904782133193
calibrated,3,kefrin_euclidean 0.3,0.5690909243365556,6,0.0956858407079646,0.22842920353982302,0.12969314697440737,282.07960831016914,2.2090289805176466,0.5820087545588225,0.6734475343112661,0.11233767647661616,0.6260822046844723,0.49832787063319184,19.209131421938395,0.67994159848659,0.5089360531591258,-0.004191664820456353,0.5000363600739488
calibrated,3,kefrin_cosine 0.3,0.5200267852860817,6,0.11449115044247787,0.2245575221238938,0.11557895362243838,270.0639207020998,2.3271860606119295,0.5870096111119479,0.7187091150579561,0.11705199412856052,0.6629385264228611,0.5477444920647658,20.665658723514134,0.7278258517399834,0.5526504226491458,-0.008001146764439485,0.5482028496835146
calibrated,3,canus_euclidean 0.3,0.686446996764491,6,0.0625,0.32964601769911506,0.143324459989031,279.37533234572714,1.9286851714505042,0.5833077940616103,0.6965118929825209,0.1092756199207779,0.6472486530858709,0.5177878603845868,19.947536502757096,0.7344449490856969,0.5304329319454577,-0.007267332741450125,0.5182451384458345
calibrated,3,canus_cosine 0.3,0.5122388202366227,6,0.10951327433628319,0.22621681415929204,0.1073820895133599,267.24085114550394,2.416794015685614,0.5894602060741658,0.7196896875529952,0.11880544361879769,0.6630010720198148,0.5427606346054996,20.72104592983608,0.7240094681072302,0.5525092099277389,-0.01036453801903539,0.5422866134955304
calibrated,3,dmon 0.3,0.4514561703691877,6,0.11836283185840708,0.19690265486725664,0.11899695356354276,252.71885152319007,2.2508996221655333,0.6122603318042371,0.7318776687012306,0.11373883486152754,0.675635778195068,0.5667827354129911,21.332957285819383,0.7410164990756898,0.5657372287645475,-0.0037579093797180246,0.5671832947740562
calibrated,3,fused_spectral 0.3,0.6891337806167048,6,0.053650442477876106,0.3440265486725664,0.13608329770941796,259.24388923026896,1.9664968262451035,0.6017764027470448,0.8130758612292258,0.11176993211245924,0.7453411685198055,0.6239794651308932,23.804531055353436,0.849308598793128,0.6482790992751921,-0.010731877835088305,0.6257856998019248
calibrated,3,refined_spectral 0.0,0.6560132181946526,6,0.08628318584070796,0.3036504424778761,0.14058883351936,274.40027232389235,2.1451856381326415,0.5941991305908509,0.7082886459297318,0.11045956925823433,0.6568949831667732,0.5388749671383135,20.289068653751663,0.7437910906900553,0.5442507004355503,-0.005704941625674975,0.5420853157021408
calibrated,3,refined_spectral 0.1,0.7401976350400724,6,0.05254424778761062,0.3346238938053097,0.1454972046253433,276.37967966547046,1.926368763367492,0.5843166887765676,0.7585844374038503,0.10778006744880016,0.7012500367653229,0.5728056923784535,21.987949493593035,0.7945910463249728,0.5912085658478643,-0.006911415873157231,0.5723066479518424
calibrated,3,refined_spectral 0.2,0.7517748715458124,6,0.04535398230088496,0.3401548672566372,0.14665783089229975,275.71243161984,1.8845571821073266,0.5829546976401188,0.7790102453536506,0.10614322085545042,0.7195158826993213,0.5826142655322146,22.72905962575055,0.8079180620603506,0.612367889568159,-0.006235590447855072,0.5828907365934641
calibrated,3,refined_spectral 0.3,0.742105093329457,6,0.046460176991150445,0.3401548672566372,0.14626191066571462,274.8679022946229,1.89334585125696,0.5830707033536989,0.7854852750411433,0.10640067448392763,0.7249008439072782,0.5903719993360842,22.96982855190341,0.8159377460176304,0.6194831335439419,-0.006491748811754558,0.5905840830133948
calibrated,3,refined_spectral 0.5,0.7439578725128548,6,0.04480088495575221,0.33573008849557523,0.1454915703225654,273.21351430313047,1.906047310286345,0.5831527590776723,0.8006674951421577,0.10505886064709244,0.738543290535454,0.6011718269347172,23.500350890807326,0.8260315741863856,0.6347808395676995,-0.005362394164318843,0.6019993182962758
calibrated,3,refined_spectral 0.7,0.7220417178410542,6,0.04922566371681416,0.32798672566371684,0.1441282933543775,271.6319896569734,1.9366916265411225,0.5885342605118005,0.801242013166012,0.10612563350312544,0.7384499071374407,0.6051989155578378,23.563800321780295,0.8255953807581734,0.6355237276989085,-0.005518136475045329,0.6059820402350937
calibrated,3,refined_spectral 1.0,0.5491596972244275,6,0.10232300884955753,0.2029867256637168,0.11574842001816814,266.6225537984839,2.4647189233537503,0.5924694784059169,0.7933903040228056,0.11262661776044285,0.7283107385805628,0.6228334805111905,23.664115115582568,0.7987357315122899,0.6276928692337019,-0.0035695161886610954,0.6238630681997227
calibrated,4,truth,1.0,6,0.03373893805309734,0.3633849557522124,0.13153852760692275,243.88999485307332,2.022635992095932,0.607939790181183,0.7231517767376553,0.09839475709752464,0.6751144512292798,0.522207232310562,20.59225576641124,0.7615695058079848,0.5543449153497488,-0.0017078165912938897,0.51995936612477
calibrated,4,kmeans,0.5662071204838369,6,0.09955752212389381,0.21349557522123894,0.1256386417089019,279.9547394623088,2.282694985952244,0.5823400753246399,0.68479346530032,0.11281836772859191,0.6356823735489542,0.5048119774392019,19.450767595782416,0.6829679890199724,0.5168454205796862,-0.004226222149429429,0.5037970272205076
calibrated,4,ward,0.4922684626525362,6,0.08517699115044247,0.22511061946902655,0.10888991975176385,240.3750101945459,2.4574468135793914,0.6305549762210505,0.6198349719850124,0.1064218417362546,0.5814783463857504,0.44321192982796287,17.188497264717768,0.6301752801164247,0.4533136366045045,-0.0002802678947336351,0.4431556874531653
calibrated,4,gmm,0.49493366233947494,6,0.10564159292035398,0.21515486725663716,0.09685016294790358,244.99284223814854,3.473073632709522,0.6350024593246919,0.6128613674769728,0.11251643632943112,0.5733265048499187,0.437093235327959,16.69553017215452,0.613085209488079,0.4448650733431636,-0.003330881039429759,0.43566015135712693
calibrated,4,spectral,0.4390301529523844,6,0.12278761061946902,0.21736725663716813,0.08411131387486914,220.2967731780914,2.7276524277668983,0.6430660719137046,0.8792853209724361,0.1161460869022857,0.7978086720969771,0.7037128772585497,26.545703488472927,0.8802325990400498,0.7123021147904487,-0.006833979495363379,0.7033080908928389
calibrated,4,louvain,0.45204575412091536,6,0.0702433628318584,0.2605088495575221,0.09524455293980318,213.7875124341251,2.40580868663941,0.6549055375122167,0.8826269771165869,0.11155741063035177,0.8035104605110986,0.6986719820649518,26.641812657539898,0.8954938950217796,0.7164229709368043,-0.0071910690860007564,0.699222487149265
calibrated,4,leiden,0.4641376937617516,6,0.05807522123893805,0.3163716814159292,0.08695719922472252,201.09163352734382,2.3942602126023775,0.6707162200146514,0.8809127792848034,0.1113104559503229,0.8022484640894736,0.6874523436194109,26.49381237096986,0.8974148720499606,0.7146838074630223,-0.008932320604166238,0.6872777792411663
calibrated,4,kefrin_euclidean 0.3,0.5665405908466492,6,0.09900442477876106,0.21736725663716813,0.1268914906819147,279.81959770503374,2.27108165059124,0.5827320276342349,0.6945347450082515,0.11206168878205917,0.6443820179966605,0.5163692334599144,19.820812331638365,0.6959896023862566,0.5292405148498359,-0.0036637551029587018,0.5177003706458869
calibrated,4,kefrin_cosine 0.3,0.5300039044502556,6,0.12112831858407079,0.23672566371681417,0.11193206594821742,265.82793764883394,2.39692253472666,0.5940287522743493,0.7122965763831336,0.11857266008692571,0.6568221040862988,0.5417005765524233,20.25133370769423,0.7223567132606311,0.545799654088958,-0.009609106931415215,0.5418177530087666
calibrated,4,canus_euclidean 0.3,0.5664296534221693,6,0.09900442477876106,0.24502212389380532,0.12330261506030372,273.9900774764305,2.3126377333467425,0.5847305237693814,0.6706248312834763,0.11039271978081149,0.6243992445469885,0.4865842579567396,18.924031895396364,0.6720275969068323,0.504306486735334,-0.003221915260200034,0.48685901458710873
calibrated,4,canus_cosine 0.3,0.5341478395421289,6,0.11670353982300885,0.25331858407079644,0.10889415526068424,262.2919715428281,2.416808439809822,0.5961022829665977,0.6910197087506531,0.11830512662045398,0.6387972809915328,0.5247523476643232,19.40672129262425,0.7108288032448368,0.523150305914301,-0.01005803508757458,0.5234539058074875
calibrated,4,dmon 0.3,0.47651901849676026,6,0.1388274336283186,0.18971238938053098,0.10914327401725041,258.0242579678575,2.3999468577048515,0.5987872122757674,0.7483989581392728,0.1175784958482591,0.6878694562488983,0.5815066961218024,21.744666656207745,0.7514836453110909,0.5810829604703325,-0.00687347869163997,0.5807926984053061
calibrated,4,fused_spectral 0.3,0.5814207018839425,6,0.10951327433628319,0.2848451327433628,0.11700082321070673,248.84096862113267,2.4680770960851484,0.6183319180157144,0.7843185389318506,0.11373760917123553,0.7200824892331168,0.610149244080548,22.936324224622506,0.8033677888285166,0.619035946022854,-0.007011465067956454,0.6116709137170747
calibrated,4,refined_spectral 0.0,0.6522245045842917,6,0.05918141592920354,0.314712389380531,0.14266032615999263,270.33819808609036,2.12134212278924,0.6066684424913943,0.6637260659219958,0.10922522077649229,0.618861326590733,0.5261668053529827,18.652117002767067,0.7360754462648474,0.497425668240877,-0.006780787209144809,0.5265916276149938
calibrated,4,refined_spectral 0.1,0.5620189174819626,6,0.10508849557522124,0.21349557522123894,0.11694763455219682,273.6760804252208,2.4052197967890785,0.5854463457013186,0.7471872955848217,0.11603707285027097,0.6875736768725883,0.5725966280723865,21.73834997270138,0.7481107742450812,0.5815302948282957,-0.006865870439746943,0.5738825123578156
calibrated,4,refined_spectral 0.2,0.6458435913887349,6,0.10121681415929204,0.2948008849557522,0.1289839307928197,270.7392324598902,2.237701188158305,0.5912824743844095,0.7545713606988739,0.11077936731209674,0.6963618227929338,0.583582967008338,21.850908826621843,0.7828502887665456,0.5885765162127653,-0.004976044975838076,0.5841126273985243
calibrated,4,refined_spectral 0.3,0.637055327322806,6,0.10232300884955753,0.28761061946902655,0.12691974056464916,270.04457801970017,2.2721609829690745,0.5907650161590925,0.7646665230462147,0.11170137388343668,0.7044927657669787,0.5940457653540949,22.244583165161945,0.7903866229303916,0.5982427805590518,-0.005450521069615646,0.594263011634977
calibrated,4,refined_spectral 0.5,0.6300436782840274,6,0.10232300884955753,0.28042035398230086,0.1239664455662556,268.0976922836425,2.278793058512261,0.5920294648447799,0.7842386567903895,0.11032562670963836,0.7217883578348218,0.610280270814102,23.003473482792035,0.8048487489483799,0.6172211543452936,-0.004222567866996499,0.6101406401704373
calibrated,4,refined_spectral 0.7,0.608023571102666,6,0.10730088495575221,0.271570796460177,0.11937634243507574,266.4848865277284,2.3557628614575914,0.5937147123747,0.7896959698207909,0.11009714661069288,0.7265291478045672,0.61578961504622,23.203446602848732,0.8064980237675011,0.6229186897239325,-0.0031301988023453298,0.6151176167414225
calibrated,4,refined_spectral 1.0,0.5146212781433873,6,0.11006637168141593,0.20243362831858408,0.11014954428508547,263.3174577040436,2.6051906652466545,0.5947027994372373,0.7976622176045952,0.11344642030917779,0.7314700830260232,0.6289801583373494,23.629668425539748,0.8040173663336334,0.6318810743091321,-0.003990385068115165,0.6296736960793815
pairs_by_spending,0,truth,1.0,6,0.03373893805309734,0.3633849557522124,0.10993459417792446,274.31206396066074,2.410421578194033,0.5795462903160331,0.6947830347159093,0.10066669190082811,0.6493654357936166,0.4948931323513306,19.4556914860592,0.7320960454854512,0.5275441137515967,-0.0038946515364412793,0.49362854616321844
pairs_by_spending,0,kmeans,0.7001683190482648,6,0.043694690265486724,0.3141592920353982,0.11958951935871313,288.0354573923784,2.3470572469855244,0.5916245684347327,0.6830296968403841,0.1033781321306991,0.637981602633612,0.5217919702032434,19.252403283073715,0.7425969633155629,0.5161480211365772,-0.004355347102200285,0.5210589732832407
pairs_by_spending,0,ward,0.4854632524785393,6,0.04922566371681416,0.3434734513274336,0.08027678413935971,252.74044870064535,2.738339761632931,0.6364367699276452,0.5789562493491877,0.10234142813592624,0.5465712422310531,0.3759352225572059,15.408150872825654,0.603337960140393,0.4133352294682782,-0.004538254347332488,0.3771968468935668
pairs_by_spending,0,gmm,0.42376676097543686,6,0.07356194690265487,0.3418141592920354,0.06484541208366662,234.37369432008538,6.525892086715988,0.6768368499370793,0.4881171426303877,0.11753994282301915,0.46163181973437695,0.28849589035380807,12.100761454227388,0.502527682785886,0.32248997131581675,-0.01554355365290333,0.29055276991799733
pairs_by_spending,0,spectral,0.41216048824624546,6,0.12665929203539822,0.2029867256637168,0.05745857297895698,177.68011217503152,3.1151412138258707,0.7077050898470186,0.8698262655971138,0.11391263411542596,0.7914100345517834,0.696637698471049,26.15970459772767,0.8699673444493851,0.7035722462721332,-0.004068352255294089,0.6967655436363273
pairs_by_spending,0,louvain,0.413103061063174,6,0.10730088495575221,0.2488938053097345,0.049975499214365296,167.39864642712615,3.2504985008614944,0.7248891429342416,0.8771002568303142,0.11501843953812649,0.7967245325522775,0.6957759722846294,26.403134340681053,0.8779137987399969,0.7104960055714652,-0.007031632861065493,0.6958691364220925
pairs_by_spending,0,leiden,0.41465536304452394,6,0.08738938053097345,0.27599557522123896,0.04354896139827088,163.95063913824646,3.282304393369005,0.7310120504035027,0.8788593808315106,0.11627528400909733,0.7973758431458481,0.6920627972723401,26.218070976530807,0.8908045202047727,0.7126971415771715,-0.01147135389782765,0.6923327980277427
pairs_by_spending,0,kefrin_euclidean 0.3,0.6979824149938177,6,0.04314159292035398,0.3069690265486726,0.11894991962456518,287.90701176472095,2.3506377101886025,0.5925136590688642,0.6903527626115754,0.10312268271304757,0.644472128674587,0.5286317119413959,19.543832018442373,0.7476463604871427,0.5240315775734505,-0.003989072477528666,0.529110446340244
pairs_by_spending,0,kefrin_cosine 0.3,0.5761015760627717,6,0.12721238938053098,0.2029867256637168,0.09720816696364444,277.98207127004724,2.567428723483324,0.5908314262220523,0.6749804871920952,0.11818941970584414,0.6251118446635598,0.5126737153946452,18.954175020697843,0.6862029239862805,0.5100020858411707,-0.008209235041931037,0.514567146209166
pairs_by_spending,0,canus_euclidean 0.3,0.7299022630316996,6,0.03926991150442478,0.3561946902654867,0.1217604906252518,284.62196425861356,2.3125806436539933,0.5895323666927195,0.6862173540375931,0.10576495826857052,0.6397833202835519,0.5142046251050744,19.213896183351952,0.7478351258285625,0.5192543970833097,-0.007960892545401638,0.5145123854622172
pairs_by_spending,0,canus_cosine 0.3,0.5398259106212265,6,0.12112831858407079,0.20243362831858408,0.09533358943152234,274.71092255778143,2.5726107168252783,0.5902729974006599,0.6390753685819952,0.11678309877210345,0.5946916282289441,0.4822394627572354,17.60866763351,0.6565252736451729,0.4726751907217559,-0.006868192614491689,0.48253003537473793
pairs_by_spending,0,dmon 0.3,0.5791494138831054,6,0.13606194690265486,0.1863938053097345,0.08996018095145134,270.8142392207664,2.6422595303144454,0.5958765179441087,0.6892170365130297,0.11708611425000763,0.6377518967775513,0.5267196302004687,19.55314487667101,0.6968487731144538,0.5219209688967957,-0.006572920377806962,0.526360839524196
pairs_by_spending,0,fused_spectral 0.3,0.6973244358911052,6,0.03871681415929203,0.32632743362831856,0.10595853339181276,243.03658357091842,2.339156950787571,0.6391408945898293,0.7777755991779912,0.10698000559953137,0.7180308128949008,0.5903677557557082,22.420151531735517,0.8095666323186372,0.6124171423919316,-0.0074406423995028725,0.5918098300715714
pairs_by_spending,0,refined_spectral 0.0,0.505186953592793,6,0.035398230088495575,0.3473451327433628,0.1072594300748001,276.0531514440436,2.495822644921215,0.5884458206824038,0.6583181118125256,0.09885765698984408,0.6180927667688165,0.44926874602439043,18.163976723219776,0.675664604265097,0.49278765641504374,-0.000888057376315643,0.45081553548935077
pairs_by_spending,0,refined_spectral 0.1,0.7239173108749942,6,0.03761061946902655,0.3202433628318584,0.11934698429337078,286.1370390342583,2.335782266429956,0.5859688166691179,0.7177242671293523,0.10661311837807112,0.6667085166485128,0.5485999938405776,20.401339115367637,0.7719828855560711,0.5515598385144658,-0.008553477284431815,0.5495676480038603
pairs_by_spending,0,refined_spectral 0.2,0.7566594716917264,6,0.03816371681415929,0.33849557522123896,0.12120627931998393,285.6739123711907,2.3192564444875945,0.587845847232918,0.7177232355207304,0.10743989017125503,0.6663403296562667,0.5453889018855101,20.382155726408563,0.7721348800461232,0.551597248025717,-0.009348529123206203,0.5459571966886436
pairs_by_spending,0,refined_spectral 0.3,0.7440151979083013,6,0.03871681415929203,0.336283185840708,0.12111381694043698,285.6025515817717,2.3187045064291607,0.5897230810282249,0.7158641346844815,0.10748996982868624,0.6647154665561584,0.5444647218137518,20.31668998797233,0.7704345565087468,0.5497909750693629,-0.009308452949193538,0.5454327672046213
pairs_by_spending,0,refined_spectral 0.5,0.7376664211941503,6,0.04092920353982301,0.3301991150442478,0.11911623242359351,283.9044467428655,2.343919769944659,0.5951568578371843,0.7157946470468382,0.10842999480465584,0.6642405408553692,0.5513327402413574,20.36452874066778,0.7744362265051724,0.5499454990462054,-0.009567130361806259,0.552159321824668
pairs_by_spending,0,refined_spectral 0.7,0.7033219987079121,6,0.05309734513274336,0.3174778761061947,0.11568448188569051,275.5478584183153,2.3515781983868633,0.6206302595388928,0.718784646224219,0.11079029220241497,0.665766737516498,0.558876317624049,20.531455194590773,0.7739616911842361,0.5511986480245458,-0.009843352471825426,0.5576500286388449
pairs_by_spending,0,refined_spectral 1.0,0.5485280046337935,6,0.11559734513274336,0.20741150442477876,0.0921668967684845,260.73500390927666,2.94021070043884,0.6017747799329907,0.7497045448042202,0.11517947794118308,0.6901128971908553,0.5891991266805641,21.79466704521017,0.7642835221512626,0.5839008469296932,-0.005840258842123955,0.5900018194365754
pairs_by_spending,1,truth,1.0,6,0.03373893805309734,0.3633849557522124,0.11493536813462567,286.4821112695443,2.3838439860189635,0.5648804864579031,0.722070491584628,0.10219190700523942,0.6724505281462944,0.5268270237649293,20.38059441252687,0.7667871040013993,0.5553808156301013,-0.005646779048491105,0.5269898614168922
pairs_by_spending,1,kmeans,0.7137530461206706,6,0.043694690265486724,0.31360619469026546,0.12200911198422519,301.04189980777585,2.3520450272748787,0.5773742782732252,0.7071597405553373,0.10242175976900185,0.6594003337650504,0.5378488065517283,20.004599511799846,0.7595415112106734,0.5403103385967851,-0.003066539923051337,0.5376900859294776
pairs_by_spending,1,ward,0.6343333885266467,6,0.030420353982300884,0.398783185840708,0.09925864608416582,273.59814584551333,2.501992354929988,0.5608888397987546,0.6650356065510342,0.1013759228220331,0.6230316837232096,0.4556373768059244,18.236359434942074,0.7123358372280784,0.4984828710356476,-0.00648333012785246,0.45542672916420124
pairs_by_spending,1,gmm,0.3816295529511758,6,0.07798672566371681,0.3467920353982301,0.04389702855667887,233.46621207984148,6.642195843374878,0.663981294953254,0.4802990362277449,0.11458126931132392,0.4552453921778823,0.2857856362295306,11.750138548069376,0.5017644864809842,0.31332852067778677,-0.012465335923716458,0.2857112714699941
pairs_by_spending,1,spectral,0.44982256146731525,6,0.12389380530973451,0.21736725663716813,0.05419183370956011,190.39061520156687,3.2388006836861414,0.6905509351739569,0.8652919795641051,0.11782828616905663,0.7852328776000784,0.6919853574550155,25.863561924816242,0.867189278926425,0.6998917822983077,-0.008171569342045437,0.6934691111967577
pairs_by_spending,1,louvain,0.43983079313781215,6,0.125,0.22013274336283187,0.04980435219449262,184.36874746751397,3.4937411052114533,0.6966545165019192,0.8847446433033611,0.12063638216271234,0.799420572646545,0.7114257873797822,26.582316746294225,0.8865827273607302,0.7188645273876966,-0.010898042926839907,0.7121777608950524
pairs_by_spending,1,leiden,0.394649892341377,6,0.1338495575221239,0.20353982300884957,0.03978832397640239,173.0185901799562,3.562242030243445,0.6993514118766103,0.8812852419315994,0.11870192979065596,0.7978246035833404,0.7103839731104084,26.568577276443804,0.880858193653017,0.7120252553560606,-0.008225610593277366,0.7077365890331959
pairs_by_spending,1,kefrin_euclidean 0.3,0.7199496271569436,6,0.03871681415929203,0.31526548672566373,0.12267824806868678,300.8677457521684,2.3329201771435826,0.5704865898758775,0.7243459819012258,0.10170028322855963,0.6746472857446075,0.5472201800044165,20.588055230334035,0.7713845989722631,0.558892785407471,-0.003303609142127295,0.5487085365463409
pairs_by_spending,1,kefrin_cosine 0.3,0.6025987738719163,6,0.1277654867256637,0.21902654867256638,0.10346889036831854,293.5610727584779,2.59519373133935,0.5709799067645178,0.6875202164490198,0.12036047456854068,0.6349758038840758,0.5244094443048157,19.2800271839721,0.6998383118665596,0.520600282946588,-0.010429363803733091,0.5238560394524691
pairs_by_spending,1,canus_euclidean 0.3,0.7256691450533077,6,0.040376106194690266,0.3467920353982301,0.12230228063865446,297.762799397499,2.3267498918081695,0.5741475651884572,0.7059097887134241,0.10184332511179336,0.6585641621797126,0.5256846785549596,19.930053733482787,0.7562007317959644,0.5398133522786938,-0.0031649778800923317,0.5261330601096599
pairs_by_spending,1,canus_cosine 0.3,0.5835586821091433,6,0.12112831858407079,0.2051991150442478,0.10107532487565538,291.4001321197549,2.576897184218942,0.5703791467717408,0.6622618856057152,0.11860142173412153,0.6140325735751059,0.4941286294563149,18.329484880909185,0.6694204162019093,0.49734801671200723,-0.008769389257416535,0.4959782974538306
pairs_by_spending,1,dmon 0.3,0.5980343956982856,6,0.13163716814159293,0.18528761061946902,0.09766338526087784,288.0131849093241,2.706577896567239,0.5751685818630489,0.6942914130276554,0.12058841220640579,0.6406536479099051,0.5266981297323706,19.576074785582716,0.6978945132150572,0.5263603574072875,-0.010158728438837819,0.5252934865641178
pairs_by_spending,1,fused_spectral 0.3,0.7811667729257183,6,0.03982300884955752,0.34292035398230086,0.1172671269140401,272.1069759126803,2.3378104750142525,0.6116917392967204,0.7938590690056945,0.10718432858082223,0.7316071632404533,0.6044895957943284,22.90054651332961,0.8330681796256011,0.6269428178123668,-0.00827714530791232,0.6048574134558881
pairs_by_spending,1,refined_spectral 0.0,0.5554079806237037,6,0.03595132743362832,0.4756637168141593,0.10328095631303344,271.0240498438405,2.5950502496345504,0.5940830927735322,0.6331287149294855,0.09675893018904859,0.5965816139139846,0.41610422550932186,17.147961372982014,0.7112847097049962,0.46851712526272954,-0.003935523000690971,0.41801395710417627
pairs_by_spending,1,refined_spectral 0.1,0.8031962329528748,6,0.03650442477876106,0.351216814159292,0.1246477868502988,299.49361170397555,2.3094025853261466,0.5678620400712748,0.745777427177813,0.10690434765534505,0.6907093471166271,0.5697600410852045,21.246257067056874,0.803942222753653,0.5805295848879366,-0.009013963843851669,0.5707090927492479
pairs_by_spending,1,refined_spectral 0.2,0.8100686062531322,6,0.03595132743362832,0.353429203539823,0.125289651861388,299.23882536053014,2.2971358633216337,0.5658439287703121,0.754129605192038,0.10683856058769539,0.6978997384589178,0.5754772274166198,21.5439173508621,0.8111164498693162,0.5891680550853824,-0.00925339706157624,0.5761633299768054
pairs_by_spending,1,refined_spectral 0.3,0.8057131903164313,6,0.03595132743362832,0.35398230088495575,0.1254682251120058,298.99395856668156,2.2986822279240324,0.5662616729484439,0.7552845699290818,0.10653052510708765,0.6990392679684586,0.5761654516837594,21.59744997581034,0.8117328064751466,0.588820986698603,-0.0091167021386684,0.5764038130189507
pairs_by_spending,1,refined_spectral 0.5,0.7897973980791934,6,0.03816371681415929,0.34845132743362833,0.12450191798563663,296.7650905958981,2.3095465735369642,0.5731265631799906,0.7569316114703121,0.1065822723079969,0.7004245193691304,0.5765135253599897,21.648874406946632,0.8094766300161385,0.5907123802844323,-0.008667890480876947,0.5766683850146455
pairs_by_spending,1,refined_spectral 0.7,0.7703945063151887,6,0.04535398230088496,0.3368362831858407,0.12248683396364275,292.1938661212281,2.3224655851121994,0.5892952966174622,0.7521359257655026,0.10931687187325492,0.6949928192670173,0.5814123696523117,21.51757143516378,0.8079705299102514,0.5863161294163103,-0.009844039552329056,0.5822236959216239
pairs_by_spending,1,refined_spectral 1.0,0.5684902344118906,6,0.11449115044247787,0.2013274336283186,0.09358268109038309,279.41603506277363,2.941264389527442,0.5789135663907483,0.7719104781673399,0.11485679422700507,0.7090469675319259,0.6097280179261282,22.564086568708962,0.7834756816502965,0.6045997598221835,-0.005038087515250353,0.6088920277373636
pairs_by_spending,2,truth,1.0,6,0.03373893805309734,0.3633849557522124,0.11394216477802634,277.3730355003997,2.368439168514382,0.5624675699423629,0.7071448719943131,0.10233334418329375,0.6594258503295533,0.5016660151677278,19.742175981648938,0.741953271400315,0.5417242670117971,-0.005794237042712744,0.502743983313902
pairs_by_spending,2,kmeans,0.5599616366213492,6,0.12665929203539822,0.21626106194690264,0.11324974535020693,293.6025033839223,2.4175105055074275,0.5725273722447123,0.6412137581475656,0.11893719874524676,0.595777298082251,0.4703166557316193,17.70752016458689,0.644482316765004,0.474790118800394,-0.008901312916449647,0.47045739864703173
pairs_by_spending,2,ward,0.49221625201537395,6,0.030973451327433628,0.31305309734513276,0.08592031126115533,259.01196044122145,2.658334363657262,0.5633730545028205,0.6318933431590504,0.09660518916865553,0.5955391467024576,0.3802236133144697,16.90072763314444,0.6077404978504093,0.46649232669869944,-0.00040867701201839635,0.3817578267402154
pairs_by_spending,2,gmm,0.3617201922340314,6,0.103429203539823,0.2975663716814159,0.04843189658020925,228.81105269635017,4.79929947569871,0.6775503660308467,0.46972109906697557,0.11436094819648372,0.4457750654227942,0.2850222635207251,11.35764745397523,0.4757814423576806,0.30166565127613887,-0.008205761376835152,0.28359322231069967
pairs_by_spending,2,spectral,0.44124870620218526,6,0.11006637168141593,0.206858407079646,0.057469251238605745,184.8896043021654,3.090660073650726,0.690608443166566,0.8720189018298817,0.1170182757420405,0.7912754545457514,0.6963358260424621,26.09056841810297,0.8752092487512277,0.7065858537491778,-0.008241658741340696,0.6976473413091762
pairs_by_spending,2,louvain,0.39924651997655564,6,0.10674778761061947,0.2831858407079646,0.04231030729711519,159.03079748119887,3.2485333107783263,0.7317099847785289,0.8662020693761651,0.11573922749820188,0.7872749538404868,0.6876448239745189,25.923844199585957,0.8789178576693801,0.700003248405743,-0.00892949438244818,0.687702867316074
pairs_by_spending,2,leiden,0.4031741155665918,6,0.06139380530973451,0.2472345132743363,0.036600711415743684,166.6047487349877,3.256387636322918,0.7177139878848714,0.8719032712031684,0.11581125250586746,0.7919365226618081,0.6886093401204627,26.087208916169722,0.8857732161355708,0.70481962908111,-0.01242596338413618,0.6877134641760743
pairs_by_spending,2,kefrin_euclidean 0.3,0.573223112809577,6,0.12444690265486726,0.2140486725663717,0.11292996162336168,293.284944496115,2.4289929870786215,0.572657955850234,0.6604888172076274,0.11926499362558478,0.6122592038157073,0.4904768118303906,18.41937525708732,0.6645048159071882,0.49336332601434507,-0.009290720783988848,0.4902448781278613
pairs_by_spending,2,kefrin_cosine 0.3,0.5705179294581982,6,0.13108407079646017,0.20188053097345132,0.10583026528743038,285.2761423045384,2.5002224660951313,0.5731482213815468,0.6911018573108304,0.11989767229302015,0.6382181421652213,0.5255518462539319,19.465205920014718,0.6998721392845995,0.523458420096885,-0.009752374442945744,0.524504517884544
pairs_by_spending,2,canus_euclidean 0.3,0.6852509602621055,6,0.03484513274336283,0.32079646017699115,0.11451029995277424,285.4640727551494,2.390362525390142,0.5663716480073671,0.6934824717521159,0.10152652446223413,0.6478681091664071,0.49859514231998003,19.40879363182928,0.721561421169599,0.5274019196530857,-0.003198643519394251,0.499533213808663
pairs_by_spending,2,canus_cosine 0.3,0.4074719725015318,6,0.12168141592920353,0.3086283185840708,0.12371312230978461,261.8914241405744,2.6228273700346354,0.5758533773167661,0.638244214925296,0.11428502121829466,0.5948544855831527,0.4727484874279153,17.63178490545572,0.6647737742246776,0.4723209320591321,-0.007234725144925569,0.47346604926080044
pairs_by_spending,2,dmon 0.3,0.58340752571512,6,0.12942477876106195,0.18971238938053098,0.10624682391092304,283.9543603599768,2.515559645510048,0.5748533442451845,0.7125237131179358,0.11783983662794013,0.6573317239441152,0.5477241606779761,20.316207929680882,0.720175609809194,0.546110467581853,-0.0074568867577829295,0.5480166076117996
pairs_by_spending,2,fused_spectral 0.3,0.7107887632575743,6,0.03705752212389381,0.3401548672566372,0.11424001535686693,266.87879828614126,2.3669985278731236,0.5972035127402093,0.7895512255911904,0.10932595435126428,0.7268137919898306,0.5979879139248647,22.730346550764494,0.826306390190033,0.6228247543780066,-0.010864066912073575,0.5970592958311526
pairs_by_spending,2,refined_spectral 0.0,0.5095899606807682,6,0.03705752212389381,0.353429203539823,0.10677156741426723,280.1796377653336,2.468611854833998,0.5700641022135338,0.6778157004048694,0.10183725559816562,0.6340492519712441,0.4670984737834622,18.709643915452094,0.6974358107528614,0.5125279956070679,-0.0036842903487538797,0.46819867369813767
pairs_by_spending,2,refined_spectral 0.1,0.639774342648004,6,0.034292035398230086,0.27986725663716816,0.11496122992758268,287.1050425008856,2.364597670521123,0.5623587129439288,0.7293567240410335,0.10381613565852411,0.6780178897480539,0.5408279874796135,20.672894349512795,0.7601680886061627,0.563698456565244,-0.005629519222727711,0.5418016641111194
pairs_by_spending,2,refined_spectral 0.2,0.761220514175426,6,0.03484513274336283,0.34126106194690264,0.12373210608778255,290.2441368856573,2.2830443768256523,0.5630880314562684,0.7501333874452181,0.10874371518803799,0.6935582516156278,0.5693595278047776,21.359296578671305,0.7999822103002808,0.5842339537577429,-0.010900909665539402,0.5708197363488751
pairs_by_spending,2,refined_spectral 0.3,0.761228837137003,6,0.034292035398230086,0.3407079646017699,0.12372659172012684,290.21098212102385,2.278973956211659,0.562339837033851,0.7517926675739092,0.10855756906435966,0.6950663660734597,0.5695022885639287,21.397072272809012,0.8001502874445142,0.5840358459068253,-0.010793042730768698,0.5696667430644106
pairs_by_spending,2,refined_spectral 0.5,0.7465875928564812,6,0.034292035398230086,0.33738938053097345,0.12315760517486016,289.05695179022314,2.288710387505481,0.5639102578899284,0.7542967729252816,0.10878192014158744,0.6970972581524564,0.572120756775895,21.482661183897513,0.8016447635924439,0.5873614751498573,-0.010900052166159899,0.5721862019119799
pairs_by_spending,2,refined_spectral 0.7,0.7337584210269118,6,0.03871681415929203,0.3346238938053097,0.12283124581145526,287.45969258623734,2.308447925444597,0.5763743280306208,0.7520534557023116,0.11014652405147965,0.6945219814222843,0.5745387391309912,21.445078457766144,0.8015256529361185,0.588279223851583,-0.011449676802157902,0.5772125891375994
pairs_by_spending,2,refined_spectral 1.0,0.5779991109104596,6,0.1172566371681416,0.2002212389380531,0.10067607643206873,273.0913034775097,2.782639936620585,0.5805009942359537,0.7659521424124572,0.11741374921030005,0.7027513825368433,0.6068832235156035,22.311609941062905,0.782721149336159,0.6007385472887994,-0.007890434641676672,0.6080208593195179
pairs_by_spending,3,truth,1.0,6,0.03373893805309734,0.3633849557522124,0.11654043629495585,290.8146041218196,2.370784026351005,0.5576232309702748,0.7402376093412167,0.10124720135324382,0.6886270846726915,0.5357037934123923,20.999564732286924,0.7744653824911578,0.5746452174649964,-0.004554162634463635,0.5366285456229766
pairs_by_spending,3,kmeans,0.7080294129166275,6,0.03816371681415929,0.314712389380531,0.12198093460390452,301.5033432391729,2.344784712736063,0.5660098109624536,0.732111239207939,0.10353371573051337,0.6805284125793686,0.5518815689160139,20.858271156184568,0.7748315889649142,0.5656561956418291,-0.005192425483067253,0.5525287409222179
pairs_by_spending,3,ward,0.5306305626252494,6,0.0293141592920354,0.29148230088495575,0.08343931811402748,269.325619610556,2.6970222712435574,0.5646662809631613,0.6289324963323509,0.10045102399964631,0.5915595875667764,0.4073577965910308,16.80926093237626,0.6305811285206109,0.4613657192451387,-0.0035789896494575757,0.4062612322164913
pairs_by_spending,3,gmm,0.41647566780408124,6,0.09292035398230089,0.31194690265486724,0.053672553341415914,242.00676583988584,7.16287701176644,0.6231447647924497,0.5148699127178433,0.12222259293224844,0.4843879889577409,0.3041997760923659,12.866247251435597,0.5139683288777077,0.3489953224523606,-0.01958624463489672,0.3052998416315697
pairs_by_spending,3,spectral,0.455658104175763,6,0.10730088495575221,0.2361725663716814,0.05580665158920452,184.73648290456887,3.230381554845968,0.6907986033117279,0.8738478782522633,0.11448054177718589,0.794379302058195,0.6978180586734896,26.177446229702515,0.8772248465082065,0.7069166485624113,-0.005584814284140677,0.697442315063619
pairs_by_spending,3,louvain,0.5861625551082841,6,0.03761061946902655,0.42201327433628316,0.08963066036355224,183.05037694078942,2.471371973033952,0.714987007052681,0.8878708516912065,0.10892851331148984,0.8095734036907007,0.6573975585076733,26.209198435903005,0.9186066036621146,0.7226349437424948,-0.012591612384797335,0.6581399711323983
pairs_by_spending,3,leiden,0.6004328883008057,6,0.0293141592920354,0.43694690265486724,0.09148446865812108,189.57301918380935,2.4251001148192692,0.6822516366827053,0.8891303801344855,0.1072753655316925,0.8117082017107984,0.6500078622822704,26.15736878517849,0.9251526319323441,0.7227437636735242,-0.013530221514489862,0.6492517735428196
pairs_by_spending,3,kefrin_euclidean 0.3,0.6693840995693262,6,0.07853982300884955,0.31360619469026546,0.10702555704206043,290.3541709410325,2.6340455660487847,0.5662454269260278,0.6957664858203811,0.12215549740973795,0.641264338776798,0.5338293881743215,19.886494764654785,0.7453206005184989,0.5293922986024813,-0.01961100910387864,0.5343652558126251
pairs_by_spending,3,kefrin_cosine 0.3,0.610692531220489,6,0.125,0.20851769911504425,0.10558720831351241,294.8908341731416,2.5430420204029773,0.570643604996733,0.7203816245843838,0.11788339185491205,0.663994525965916,0.5593606169225871,20.549778201106722,0.7336700170890617,0.5556974159265015,-0.007838704613574485,0.5613757771611423
pairs_by_spending,3,canus_euclidean 0.3,0.6726337837813414,6,0.03871681415929203,0.29646017699115046,0.11942479975317047,299.2641173568172,2.3588850861648343,0.5678689263664927,0.7173779085121196,0.1011394696515055,0.6688493928592983,0.5331984511659215,20.391262592509115,0.7541466930242061,0.551733197864382,-0.002809414367828056,0.5334484269063356
pairs_by_spending,3,canus_cosine 0.3,0.6007174536511846,6,0.12444690265486726,0.1913716814159292,0.10392068236921909,294.26512412928685,2.5397110807229044,0.5703131611837796,0.7019680663820798,0.11860750235793582,0.6480151785838221,0.5387825382870692,19.868709964528737,0.7121219452113329,0.5358806362358374,-0.008418073697644135,0.5394344406874713
pairs_by_spending,3,dmon 0.3,0.6138155701569706,6,0.13329646017699115,0.1886061946902655,0.10357329302355499,291.9097306637007,2.587128083600303,0.5727276594045476,0.710544359596129,0.11898858164430003,0.6551533301150501,0.5463320652646352,20.21922597186831,0.718545322044675,0.5453569619318894,-0.008641643979344318,0.5478123989053638
pairs_by_spending,3,fused_spectral 0.3,0.7343081177621065,6,0.03761061946902655,0.3252212389380531,0.11568701661995873,274.0643545842754,2.3683254244304623,0.5982835834615116,0.7995948322203658,0.10615220322535661,0.7370361249264614,0.6116882698790914,23.061913758440312,0.8360940018366476,0.6342889202855448,-0.007621913455469045,0.6129577122285402
pairs_by_spending,3,refined_spectral 0.0,0.6841440664655029,6,0.035398230088495575,0.29867256637168144,0.11757644963745452,298.63587241063317,2.361867164121652,0.5631995048614037,0.7411828567603727,0.1022922661524923,0.6889486482859384,0.5489099679696926,21.095243375640866,0.7698113179834366,0.5763589487692924,-0.004153354908617596,0.5497539043363793
pairs_by_spending,3,refined_spectral 0.1,0.7760367634952724,6,0.03650442477876106,0.3313053097345133,0.12213125575230789,300.22660579467913,2.332458921136661,0.5628764641004104,0.7633922951481532,0.10691810590471275,0.7057857396452901,0.5858378175387773,21.889151798131625,0.8134233200357109,0.5970658290721859,-0.008858569335526187,0.5852845728411225
pairs_by_spending,3,refined_spectral 0.2,0.7797904589247799,6,0.03484513274336283,0.33351769911504425,0.12229534948852527,299.6130414864118,2.31763777940666,0.5601953389998136,0.7717440871122029,0.10647610647389878,0.7131434459427201,0.5894259972007014,22.156915554786465,0.8181550810616742,0.6048193791595546,-0.008788969467970364,0.5887181490275636
pairs_by_spending,3,refined_spectral 0.3,0.7720267761368853,6,0.03373893805309734,0.3313053097345133,0.12192460847386057,299.4122585560205,2.308879300870041,0.5575881755193959,0.7748395368195191,0.1060929618106623,0.7159822043931082,0.5900446201562737,22.247756454763966,0.818546195215661,0.6089269543399984,-0.00859318020345097,0.5913944751319233
pairs_by_spending,3,refined_spectral 0.5,0.7675473322172092,6,0.03484513274336283,0.3329646017699115,0.1216411613586905,298.7989053655449,2.320327958274282,0.5611015905598377,0.7750165659907209,0.10605586080631993,0.7161523855375505,0.5903150511873887,22.264422845936192,0.8185213421677027,0.6082532335949069,-0.008335204690328724,0.5900701234832703
pairs_by_spending,3,refined_spectral 0.7,0.744607035803393,6,0.03263274336283186,0.3241150442477876,0.1202203871592037,297.58958185121105,2.322094791601452,0.5590733153520198,0.7815699978099433,0.10439702491964156,0.7226096848467777,0.5932030789822296,22.5185542469073,0.8191705497086771,0.6151104775081226,-0.006710293968598277,0.5937513240636165
pairs_by_spending,3,refined_spectral 1.0,0.6082467177217236,6,0.11559734513274336,0.23783185840707965,0.09541241152312775,279.5806046941565,2.9900909220181595,0.5795878813954178,0.7718325739126578,0.11707641980212101,0.7078672833737378,0.6094876709638748,22.462176317849764,0.7887250114475391,0.6070179299924557,-0.007967455895387818,0.6109788731822855
pairs_by_spending,4,truth,1.0,6,0.03373893805309734,0.3633849557522124,0.11355601421100703,287.32025199386277,2.3919991561250913,0.5613138383448295,0.7162611383161566,0.09594687429189376,0.6702027809412185,0.5093959610451799,20.447510790452643,0.7471748128177673,0.5493349892253208,0.0008458621641715541,0.5092681412005404
pairs_by_spending,4,kmeans,0.5738643121864478,6,0.1288716814159292,0.2361725663716814,0.11644918395004286,307.2495427058654,2.3565517165060172,0.5697348807036916,0.6438154998398342,0.11255478704064435,0.6003140336560292,0.4882046338124559,17.99190047538266,0.6674824000543881,0.478472871830078,-0.0031010996386736933,0.48928707171738434
pairs_by_spending,4,ward,0.6145041599482907,6,0.04314159292035398,0.46017699115044247,0.08725734373103539,268.70533421434135,2.499191804692266,0.5893070152651458,0.6407932372581834,0.10101644816476693,0.6018359978123463,0.43354717556486005,17.722661590139356,0.7180877452760545,0.47392664856243233,-0.0065682839374065355,0.4332591970600945
pairs_by_spending,4,gmm,0.4714066155407138,6,0.14214601769911506,0.20741150442477876,0.08010059450565037,271.46831568821955,4.286845878100954,0.6003481202701958,0.5674035076397506,0.11184245692526366,0.5335448564950754,0.3922666611698118,15.100415825208131,0.5641091956480231,0.40062288232203574,-0.0014660804887203366,0.39215333491606924
pairs_by_spending,4,spectral,0.4134354258421139,6,0.09955752212389381,0.24778761061946902,0.04560887682205306,181.25198411594934,3.135725811180261,0.7049373317454691,0.8711349811785939,0.11331653944310292,0.7928678254986998,0.6936010484534614,26.3187405194169,0.8747576683627519,0.7045231946489714,-0.005065750070886846,0.693633165947141
pairs_by_spending,4,louvain,0.3846899643264201,6,0.07466814159292036,0.3241150442477876,0.02469714479582719,162.1286703839125,3.192649591829838,0.7074474976381929,0.8758949644820788,0.11212311041331556,0.7975674101778236,0.6815544710875185,26.422600878440427,0.8864145990918211,0.7090561914723403,-0.008202769869404075,0.6814859460792816
pairs_by_spending,4,kefrin_euclidean 0.3,0.5888614789022781,6,0.1277654867256637,0.23672566371681417,0.11705809735958168,307.11836163563447,2.351695742673256,0.5702651617954086,0.6543654694213431,0.11234040395995942,0.609555984250489,0.49884738399110945,18.357688116694945,0.6788102081830758,0.48854729623140936,-0.0031315045979601053,0.49939907046378035
pairs_by_spending,4,kefrin_cosine 0.3,0.7545704730122056,6,0.05088495575221239,0.33738938053097345,0.11966660762248772,298.8970705029627,2.414519252870665,0.5969970532771057,0.7168253754229763,0.10819953162077901,0.6652300219173464,0.5618450023118153,20.384563100801916,0.7848420943312332,0.5506355944528019,-0.007576839552494094,0.5618780721990396
pairs_by_spending,4,canus_euclidean 0.3,0.6354966832751093,6,0.03650442477876106,0.29646017699115046,0.11674681092009773,300.92272905961863,2.391909189454265,0.5730902188884054,0.6927734645568301,0.09455491089371225,0.6501831318909629,0.49716439541484847,19.76031768221433,0.7136242844342697,0.5279731336644227,0.004190273307147441,0.4988254644195541
pairs_by_spending,4,canus_cosine 0.3,0.423612224865643,6,0.11172566371681415,0.30807522123893805,0.12873184174438937,278.02750105727273,2.5508747785189225,0.5653992997052621,0.6748445637223627,0.11465547416665302,0.6263787442534443,0.4997493174639643,19.150770856766673,0.6916967165658687,0.5075158401023614,-0.00786456576113885,0.4989473633355931
pairs_by_spending,4,dmon 0.3,0.5967567570555613,6,0.1277654867256637,0.18971238938053098,0.10382479750514588,296.82500405298066,2.5145802042817365,0.5708195624375821,0.6906997899252577,0.1191178797414699,0.6381926819748499,0.5273723775061598,19.67780951121709,0.6991929085517374,0.5243126120916487,-0.008758697822555644,0.5272510969768851
pairs_by_spending,4,fused_spectral 0.3,0.7119322740195385,6,0.03650442477876106,0.33849557522123896,0.11764922439031003,270.78061098402344,2.3443814565580716,0.6140266229204009,0.7801848946809559,0.10345644074827992,0.7219153844557697,0.5889983483152591,22.60055307875578,0.8140379393886709,0.6148089366944047,-0.004373403078735058,0.5902075544260535
pairs_by_spending,4,refined_spectral 0.0,0.5554223429505859,6,0.034292035398230086,0.30586283185840707,0.11184465851573917,297.1968339585174,2.43622315546459,0.5664469488389138,0.7077780496764899,0.09672711008172748,0.662427392457598,0.49554452529116483,20.096311209412917,0.7146687404345662,0.5405155897687255,0.0012964821490055317,0.4954669694555472
pairs_by_spending,4,refined_spectral 0.1,0.7423650693756388,6,0.03373893805309734,0.34845132743362833,0.12518321965253065,304.2230746263418,2.306610782344215,0.5619439666295603,0.7492894450216955,0.10196383190756302,0.6961066058649904,0.5640057477671918,21.573791913479415,0.7957279814587379,0.5827091145392292,-0.004432026073053111,0.564495282082494
pairs_by_spending,4,refined_spectral 0.2,0.7508444097874708,6,0.033185840707964605,0.34900442477876104,0.12459763857120583,304.0280956029594,2.301321807970272,0.5616588750844216,0.7528198548677988,0.10269825759991445,0.698793808342938,0.5676651817426885,21.687162131584735,0.7994630504396314,0.5870576658988901,-0.005133052991337844,0.5688029033775249
pairs_by_spending,4,refined_spectral 0.3,0.7561775404350495,6,0.03373893805309734,0.3467920353982301,0.12513510775708558,304.0816029243175,2.306841018952238,0.5638027010203553,0.7512734801295204,0.10287532477769307,0.6973750998247513,0.5686122739592894,21.66372711574848,0.7996640337484578,0.5855771158002022,-0.005345575733354466,0.5707118490865836
pairs_by_spending,4,refined_spectral 0.5,0.7519886890822592,6,0.03595132743362832,0.3434734513274336,0.1254499797482779,303.4451490598637,2.31464336550169,0.5699509640535462,0.7517873902607753,0.10400467059238558,0.6972683930529642,0.5718250141178496,21.68517840784697,0.8014709157760587,0.5857399491916999,-0.005955155641943377,0.5721657826454437
pairs_by_spending,4,refined_spectral 0.7,0.7295445534440181,6,0.03705752212389381,0.3418141592920354,0.12448672907930958,299.4182864768597,2.320558213663825,0.5823266154792929,0.7498252043560342,0.10497355748942923,0.6951116980571905,0.5715652722137139,21.58392774276569,0.8001633391937854,0.5844618533979256,-0.006743389206555858,0.573512406014905
pairs_by_spending,4,refined_spectral 1.0,0.5531212695611819,6,0.12555309734513273,0.22400442477876106,0.09323165999498628,281.608157753734,2.918023846503335,0.5813277728488607,0.7540889768133945,0.11430365365450292,0.694248168949819,0.5954212515330006,22.072038121675426,0.7712332484298249,0.5888739218170328,-0.004785746649794129,0.596867341059765
spending_only,0,truth,1.0,6,0.03373893805309734,0.3633849557522124,0.05943099577041762,101.72296073626485,3.011165839407323,0.7569782135746207,0.7173370176066022,0.10109647131674489,0.6688330812175117,0.5213612334821408,20.192588671040586,0.7634018543850554,0.5523509926477849,-0.0044274955287468,0.5226497298600706
spending_only,0,kmeans,0.30106344073317,6,0.06858407079646017,0.21460176991150443,0.07405164765479666,134.96016119617673,2.6001058684056297,0.7466451315896687,0.5661533653207811,0.10860720156578324,0.5333580670638431,0.4405882266150025,15.133750107668693,0.6261587581495343,0.4004618900433659,-0.0019444824210765321,0.4417426087321881
spending_only,0,ward,0.232048864230497,6,0.04480088495575221,0.31139380530973454,0.042440070243045955,92.72550208753353,3.0752640700436973,0.8047898290158397,0.42861929171452817,0.09584987640754285,0.41170516473469443,0.2819714107989429,9.933777980425093,0.5279273012141502,0.2628111038155886,-0.002644143223014553,0.28139708700134225
spending_only,0,gmm,0.12269424858760933,6,0.08960176991150443,0.2461283185840708,-0.032373373029593325,60.596759353031764,6.065280978218039,0.851878259031386,0.3738233719254365,0.10872039694443537,0.3592237205134657,0.18524051180611276,8.081177178456112,0.36598672794259085,0.20634375518856707,-0.0018804826839446676,0.1845474569428076
spending_only,0,spectral,0.45986720987197915,6,0.10730088495575221,0.23008849557522124,0.05612031912523602,118.34506022017206,3.196929942684728,0.745275495417548,0.867791103950697,0.11624273260444906,0.788274390481554,0.6898654569617373,26.00706552774283,0.8728257577628409,0.7017592449338177,-0.007993398226590218,0.6905607407028198
spending_only,0,louvain,0.4303082502380959,6,0.11891592920353983,0.23893805309734514,0.046905733511850144,111.89206825280635,3.5945315706412866,0.7569629211416694,0.8716975668768047,0.11655955261400484,0.7912979891616526,0.6973876744761913,26.29691416183696,0.8808690541062527,0.7032101127962177,-0.008426437838402717,0.6954923736881328
spending_only,0,leiden,0.39674746009459244,6,0.10785398230088496,0.24059734513274336,0.04785099728702661,110.27869298614667,3.437955144851229,0.7505747784063074,0.8748393575217182,0.11351356829865118,0.7958104916811525,0.6979252980998943,26.3394429710067,0.8816394167333258,0.7094492584931795,-0.005609069241689274,0.6988579373863815
spending_only,0,kefrin_euclidean 0.3,0.3170006134219274,6,0.06360619469026549,0.22787610619469026,0.07456570634752543,134.77371479257945,2.568018808861163,0.7527012914947886,0.5883180088383767,0.1069709467574779,0.5534855396784886,0.46363391125510683,15.940772939477764,0.6527045727619363,0.42284815301932466,-0.0011617379428292413,0.46448059169469913
spending_only,0,kefrin_cosine 0.3,0.38295302256289,6,0.10564159292035398,0.22566371681415928,0.06282649000391971,127.47746724583794,2.876545488564407,0.7267412184173354,0.7766885107728445,0.11814958510002398,0.7114060335438709,0.6069100031864237,22.641882614518835,0.7890105111424488,0.6085427663863772,-0.009638234546852087,0.6053884622561572
spending_only,0,canus_euclidean 0.3,0.3283348588427067,6,0.1288716814159292,0.23008849557522124,0.05465414292754528,118.94023759624042,3.08915479613252,0.7386920691374433,0.6318162931873629,0.11853861219721927,0.5877937032865596,0.46381616521478836,17.454078615858016,0.6411212076342019,0.46560513455005553,-0.009065778057436122,0.46402472803425204
spending_only,0,canus_cosine 0.3,0.40857307952900307,6,0.12997787610619468,0.24225663716814158,0.0652987558093962,127.22277314633556,2.8021041216328513,0.7271658799868372,0.7046954336590309,0.11098581974264346,0.6535782909831487,0.5489665180967583,20.098148289804126,0.7331309291897709,0.540008083708897,-0.0022458050105252925,0.5506769191101327
spending_only,0,dmon 0.3,0.2302397701053553,6,0.15210176991150443,0.1902654867256637,0.04986537066237765,120.37995759135482,3.0922971383067615,0.7494190730780358,0.5985771831976853,0.11722492101216803,0.5593300229643249,0.4291677634489155,16.230063587193154,0.5970141449662677,0.43119653769549227,-0.006327330331859976,0.428389482723497
spending_only,0,fused_spectral 0.3,0.3967272247915279,6,0.10785398230088496,0.21736725663716813,0.055297013091864675,117.26953011326468,2.9972004118647906,0.7479128284443356,0.764079634263267,0.1115586769847316,0.7040653092891846,0.5979953611005081,22.36286954350422,0.7795693367640857,0.59846943274582,-0.0032798966803187085,0.5992950764328063
spending_only,0,refined_spectral 0.0,0.24263533307620913,6,0.07798672566371681,0.2870575221238938,0.05962626200738635,117.92841309334221,2.671218802213185,0.772090860301239,0.4622688922039779,0.11396558879802704,0.4391341016544594,0.35549745981450387,11.121940233369918,0.554654799848378,0.2971092135714575,-0.009268678630284716,0.3570931993111961
spending_only,0,refined_spectral 0.1,0.27894041368612227,6,0.07411504424778761,0.22511061946902655,0.06800601473625915,129.21574316901987,2.7193501503177164,0.7520008538413384,0.5775832177302885,0.10830601635478423,0.5435792188460624,0.44954510361004146,15.508137112097145,0.6318665249880354,0.41121515846747264,-0.001220182462659744,0.4496245671397055
spending_only,0,refined_spectral 0.2,0.4121382749746877,6,0.11172566371681415,0.22123893805309736,0.06478688357043719,128.24699094147604,2.8408083374932773,0.7290105220080947,0.7499972253859605,0.10791002069095432,0.6938429757282254,0.586723592953241,21.851709653641763,0.7671659816734256,0.5830284287264672,0.0010047647278488975,0.5868319038319403
spending_only,0,refined_spectral 0.3,0.43577149099149903,6,0.10398230088495575,0.21349557522123894,0.061824286682942514,125.92867346617125,2.9184318471786876,0.7299351048051856,0.8060604423021981,0.11183838805026787,0.7394042572220918,0.6367297340674258,23.8775824208389,0.8179237556195521,0.6400174081238661,-0.003367634517861845,0.6375076327973812
spending_only,0,refined_spectral 0.5,0.4303328841652097,6,0.09734513274336283,0.2140486725663717,0.061592235025346165,124.25492690634425,2.970838711631925,0.7344348178098851,0.8385924478675851,0.11211650903972012,0.7665238328290573,0.665216297562033,25.072621224779358,0.8472515091715951,0.6740028887716759,-0.00397733786819067,0.6672237602542951
spending_only,0,refined_spectral 0.7,0.44411050234410826,6,0.09679203539823009,0.21626106194690264,0.06190684244837731,123.10678415919818,3.015203640756882,0.7359312542379224,0.8546745482593412,0.112775111799973,0.7795379861072229,0.6775057132712706,25.566407154931532,0.8627628909316913,0.6896619236229125,-0.005327070324908215,0.6794818300983747
spending_only,0,refined_spectral 1.0,0.4535761413321487,6,0.10951327433628319,0.22289823008849557,0.05996580575660864,122.36969731678566,3.099343555928573,0.7378628745469266,0.8543635792011002,0.11624779346748458,0.7771760962359484,0.6785512696074694,25.53912135876952,0.8606619600975365,0.6875082232209497,-0.00786299717307655,0.6784349298463668
spending_only,1,truth,1.0,6,0.03373893805309734,0.3633849557522124,0.05950252407227867,99.40376279871722,3.089063829633501,0.7682324596238909,0.7105199724896215,0.10275609063521261,0.6621744474325206,0.5135562344723655,20.188534062632716,0.7512150643910263,0.5445973257478842,-0.00605957411176411,0.5142468263285763
spending_only,1,kmeans,0.2663027385943832,6,0.1277654867256637,0.20851769911504425,0.06483830214237789,132.38252965241156,2.764949997188131,0.7285833505414457,0.585823010600488,0.12070210000535576,0.5471350539438069,0.42369011371180265,15.905465626859758,0.5973165049237511,0.4201771194906599,-0.011106664232044636,0.4245209606357349
spending_only,1,ward,0.15818238003083537,6,0.0752212389380531,0.24944690265486727,0.03145316276641012,92.94482657640377,3.3150270051078583,0.8486919791490304,0.40553560985388,0.11039725733484128,0.38815777869581936,0.24880948593704674,9.238480024175617,0.436474469670912,0.23932890398648057,-0.005494115359015464,0.2494586787397525
spending_only,1,gmm,0.12988766290419393,6,0.11172566371681415,0.24944690265486727,-0.007762404057794506,72.79596192224338,4.327876323511933,0.8829131793378584,0.37624976346471906,0.10387186514292299,0.3620983220475716,0.19885789942217752,8.366157477546636,0.3759080601061605,0.21085340915634926,0.004564654836918952,0.20039782022841926
spending_only,1,spectral,0.4520963167501372,6,0.1172566371681416,0.21626106194690264,0.05337272214747102,117.44898664554717,3.231100592716943,0.7489406645713511,0.8726426195108022,0.11704825997081128,0.7917701835148349,0.7007380545621689,26.367394962709525,0.8768473792087279,0.7055521898219508,-0.0078903378783199,0.7005318779534697
spending_only,1,louvain,0.41830914356742693,6,0.10619469026548672,0.2234513274336283,0.0463321852631956,111.35458781410728,3.495424243114432,0.7605125722449348,0.8813890121406306,0.12024361979285197,0.796929322630969,0.7079707222056907,26.7613060230676,0.8850068584608893,0.7154136077350719,-0.011414404560162059,0.7086185549560573
spending_only,1,leiden,0.44713269236889147,6,0.10951327433628319,0.30420353982300885,0.040263959150680116,109.77421030001182,3.4317655507534663,0.7581629009509886,0.8785870711852959,0.11913423511447858,0.7953390888513163,0.6933626735097834,26.733008693270296,0.8862429970064427,0.7129688286862896,-0.012617806710020482,0.6946467895406966
spending_only,1,kefrin_euclidean 0.3,0.3131068342281733,6,0.06360619469026549,0.22400442477876106,0.07391714669204019,132.92505791628432,2.5474256502285098,0.7680032233162974,0.5720540447157721,0.10760208778933408,0.5388834970225338,0.44421709636712114,15.428439556696322,0.6300588125078429,0.40486349085550305,-0.0016337007040868323,0.44395647333867944
spending_only,1,kefrin_cosine 0.3,0.392660102947589,6,0.10785398230088496,0.2334070796460177,0.06330762840672367,128.22116844747555,2.873624784585625,0.7351710593833203,0.7342718731263812,0.12111196422262381,0.6743064054158946,0.561698428437038,21.024506165232932,0.7422252241407872,0.5681639024589799,-0.012156685875288273,0.5615997693959431
spending_only,1,canus_euclidean 0.3,0.29701427660547663,6,0.09734513274336283,0.21847345132743362,0.06113798430388104,118.79483971852851,3.101514005894878,0.7683692677891844,0.5290566797494934,0.11299507171970155,0.4992133099707639,0.40158756530119427,13.707123304521172,0.5839470996458833,0.3624835419037135,-0.004749094549360899,0.4016394978528319
spending_only,1,canus_cosine 0.3,0.3908838111958973,6,0.12444690265486726,0.23561946902654868,0.05572493247461176,124.28913651772218,2.953376102556368,0.7365807278121907,0.7288723638776173,0.1229253291426389,0.6689376414758925,0.5527496768084649,20.918748488211435,0.7316882281649418,0.5619832273490043,-0.01393334219567513,0.5526467811594928
spending_only,1,dmon 0.3,0.2987912857495076,6,0.15210176991150443,0.18528761061946902,0.05497618462056863,120.82365319877468,3.052994931551201,0.743970937893367,0.7370100406142179,0.11807316190816972,0.6780089518460751,0.5725032854865862,21.387701266475993,0.7413413101658334,0.5700881685720983,-0.007161046842740881,0.5721368245890859
spending_only,1,fused_spectral 0.3,0.3483499349315457,6,0.048672566371681415,0.230641592920354,0.05373340348875937,109.64676386855258,3.0742149462913626,0.7633787875191501,0.767024641437631,0.1063954027935649,0.709152220968746,0.5830059661815276,22.44799136708549,0.7733709346389499,0.6016434321052573,-0.0027479031267279713,0.5844880078195875
spending_only,1,refined_spectral 0.0,0.23250920181099116,6,0.04092920353982301,0.29535398230088494,0.07243679891369323,116.68159442596038,2.685077855246981,0.7880883209278605,0.48296489960284245,0.10222701105353017,0.46024181400771985,0.3400592387429794,11.953917223593706,0.5579987492410944,0.3162964768426558,-0.002966645617313274,0.34033693871533094
spending_only,1,refined_spectral 0.1,0.30694770979747305,6,0.05254424778761062,0.30918141592920356,0.07386233974305921,123.50937707369033,2.7656433306867445,0.7737105858013946,0.6153070469382141,0.10897620659115252,0.5766410567776548,0.46030058856127626,16.722159578922813,0.6753344351045452,0.44937518231789864,-0.008726818434389674,0.4599329213150203
spending_only,1,refined_spectral 0.2,0.3773451930404488,6,0.054756637168141595,0.24059734513274336,0.06496777648662992,124.45438950217368,2.872195551624843,0.7455459492327493,0.7462213877818158,0.10668565078181724,0.6911946142833214,0.5637814339446026,21.70834724644044,0.7558420905482149,0.5815965988275629,-0.002552070542135243,0.565906751147062
spending_only,1,refined_spectral 0.3,0.398021529103437,6,0.05143805309734513,0.2245575221238938,0.0620577110870285,120.75824080726169,2.990165039966153,0.7466295442829393,0.799081584768499,0.1094333784197393,0.7348240185484137,0.6183346296133825,23.658627710312583,0.8090110878355791,0.6333133985523078,-0.005684907388670057,0.618890265818465
spending_only,1,refined_spectral 0.5,0.4269823736094712,6,0.08904867256637168,0.24446902654867256,0.05772528288958466,121.62983374605719,3.0834089695575044,0.7438904693802362,0.8411954826459341,0.11541209195487379,0.7667556747384042,0.6650353957594133,25.167080358296808,0.8499854158852336,0.6755229789775525,-0.008628537604263103,0.6661701025185129
spending_only,1,refined_spectral 0.7,0.4378345676279672,6,0.10785398230088496,0.2345132743362832,0.05788595345156657,121.98552845723735,3.1022999419496955,0.7424885976979797,0.8466525229633036,0.11662144288458705,0.7705682766414668,0.6725227097219936,25.40596792306288,0.8533737215508664,0.6808465437147939,-0.008625714174511856,0.6736994866727635
spending_only,1,refined_spectral 1.0,0.4506689906861905,6,0.11172566371681415,0.21073008849557523,0.05660241877204028,121.12578459200711,3.169374186176548,0.7436202735485712,0.8611904709835043,0.11611242794814239,0.7829040462427858,0.6893516067894382,25.995646665241875,0.8656050588261176,0.6940781485800211,-0.007080624538009728,0.6889159063526047
spending_only,2,truth,1.0,6,0.03373893805309734,0.3633849557522124,0.06570606591604755,108.68649298169093,2.914279460568043,0.7479630235231638,0.7417286121018113,0.1001698717713766,0.6904304190801072,0.5427820156842678,21.535943937039796,0.7828025687008119,0.5768468961085383,-0.0034793844258881323,0.5444293458783959
spending_only,2,kmeans,0.3683747774228952,6,0.09734513274336283,0.2040929203539823,0.075942721845865,137.65705480391225,2.6711642088215526,0.715855720708946,0.6610987887844297,0.11246402326445343,0.6153477857896439,0.4926273423001709,18.957900446469417,0.668113137889338,0.49484651791602785,-0.0032479612849142525,0.4932178878977819
spending_only,2,ward,0.22213264012730793,6,0.10730088495575221,0.2195796460176991,0.03631703100316686,95.32062732990605,3.4520614360115602,0.8038587604426645,0.460774269234084,0.10886694615535239,0.43876448781430394,0.28530440308557575,11.335735370820988,0.4610296836884349,0.2957425612818279,0.00032845423000037177,0.28683292432466445
spending_only,2,gmm,0.0981887798136742,6,0.13108407079646017,0.23672566371681417,-0.015520301399021412,60.18893925823841,5.423978240084815,0.8990671262465093,0.3434202140794278,0.11188392189715284,0.33071315620052266,0.16733018954093878,6.883912756511505,0.3405610122772595,0.1772652386960582,-0.0025152900683192703,0.16776407210656405
spending_only,2,spectral,0.462342904280257,6,0.11338495575221239,0.19856194690265486,0.05788881917253727,124.00892169730629,3.0751865188019782,0.7319073573927619,0.8817588125654084,0.11290181917058263,0.8019253960010182,0.7100605670294805,27.124251138485185,0.8832700359223232,0.716264379931874,-0.003158072393224229,0.7112756850966957
spending_only,2,louvain,0.4037677524755669,6,0.09513274336283185,0.22787610619469026,0.056049940452114685,116.33830647027033,3.094820824737578,0.7402156128528325,0.8843008134360701,0.11253589631517422,0.8042640102420561,0.7066868599726116,26.903305238825457,0.8925869240768695,0.7161727863533967,-0.005660202282143312,0.7055638577460525
spending_only,2,leiden,0.4301640075609476,6,0.11449115044247787,0.21626106194690264,0.052710286740158624,117.31006477254905,3.2844667854137106,0.7431418708959554,0.8868377204406395,0.11262291144353183,0.8063053557267313,0.7133875912925817,27.243477641050887,0.889911345861696,0.7182869349836739,-0.0034534274868649045,0.7112775887313131
spending_only,2,kefrin_euclidean 0.3,0.3822340939283547,6,0.10619469026548672,0.18971238938053098,0.07502454092767331,137.9267689617158,2.6805707165288086,0.7125359236512221,0.7130739957299849,0.10986048666637549,0.6612709204386612,0.5426172648300737,20.88597849757876,0.7161118618588933,0.5468525282326673,-0.0001077781790031207,0.5430794890019952
spending_only,2,kefrin_cosine 0.3,0.4147297748997201,6,0.11449115044247787,0.20353982300884957,0.06808897393223753,133.39467996136216,2.806655142305784,0.7185122593719693,0.7776413551392561,0.11881079825664591,0.7118701160105393,0.6013373584431181,22.936262694824794,0.7810213630136579,0.6124097192236497,-0.009828783520661605,0.6026342502385696
spending_only,2,canus_euclidean 0.3,0.26085413385780576,6,0.13329646017699115,0.20907079646017698,0.052439118174999674,121.39607255471144,3.058694002635591,0.7256207643752378,0.5549527716905585,0.11082751442523044,0.522798550648719,0.39942054524092635,14.992579834025637,0.5729714536567648,0.38741421546245675,-0.0009369531790144464,0.39853965772220457
spending_only,2,canus_cosine 0.3,0.4184644866502024,6,0.1122787610619469,0.23838495575221239,0.06341307562654121,130.68740327667928,2.8315510369371624,0.719376815826518,0.7350975284629925,0.11759819350004726,0.6766074271478143,0.5677443165802404,21.42901170775442,0.7495792928400625,0.5696773423266385,-0.009031669967863448,0.5691482778489817
spending_only,2,dmon 0.3,0.322165076688103,6,0.14712389380530974,0.19247787610619468,0.05628898230282684,121.99896229686199,3.0650702826872265,0.7382684994420597,0.7531645850226999,0.11290918520955433,0.6941358296400435,0.5894586894114631,22.234399819350458,0.7593211067063379,0.5876369739454967,-0.0020943827701222634,0.5905269174090906
spending_only,2,fused_spectral 0.3,0.40027608832544437,6,0.08849557522123894,0.19856194690265486,0.06383096516864045,127.48976838034989,2.7981873357123503,0.7275581547821054,0.7772428766092472,0.11290820620294979,0.7145371676605622,0.6039629441472548,23.169349488961103,0.781050053984517,0.6098012661108199,-0.004313089560653155,0.6030170410900476
spending_only,2,refined_spectral 0.0,0.2527231421617285,6,0.07798672566371681,0.21183628318584072,0.06490394751751948,126.40946773972948,2.904248831666521,0.7504508229282791,0.5374184023595098,0.10646649307420404,0.5083330816802077,0.40498144021524624,14.154594140386154,0.5860836791286663,0.37094054310581936,0.0010201306214224909,0.4048945806222311
spending_only,2,refined_spectral 0.1,0.3751475675048298,6,0.07411504424778761,0.21626106194690264,0.07282786170868964,132.19394602361712,2.7307094886641323,0.748115527947909,0.6410802291883171,0.11325420965707327,0.5976852694687244,0.5084100208028798,18.06789287604691,0.6969467091832396,0.4735767174295906,-0.0076800368169390315,0.507484023309557
spending_only,2,refined_spectral 0.2,0.4142391180057168,6,0.09623893805309734,0.19524336283185842,0.06712233240742076,133.12099210570426,2.82561111353569,0.7178327821008819,0.7762442029559763,0.11548495900617214,0.7123829667520123,0.6013746425465308,23.132275293903916,0.7765042894790268,0.6096827261297656,-0.0063081817650831595,0.6012216441011947
spending_only,2,refined_spectral 0.3,0.4411116360070378,6,0.0918141592920354,0.19192477876106195,0.0704641726098615,133.650142372317,2.7412346267596153,0.7182531884759439,0.8073582772571708,0.11423640911849822,0.7391835888741239,0.6331371842976701,24.293197179373593,0.8092518554001978,0.6411862061065006,-0.005293160128694477,0.6335418425185816
spending_only,2,refined_spectral 0.5,0.443811795052884,6,0.09623893805309734,0.2168141592920354,0.07024198324490619,130.62251269798065,2.832244819440676,0.7217117325334578,0.8221819183320607,0.11045029382536727,0.7537350607466807,0.645981269474067,24.74671673205126,0.8262514510067149,0.6552760962848942,-0.001934659050860349,0.6458250828658587
spending_only,2,refined_spectral 0.7,0.46387177843640726,6,0.09734513274336283,0.19966814159292035,0.06820567445575998,130.7339549282927,2.8519624021570356,0.722925177035613,0.8537361278972431,0.11405585902312242,0.7779812837707117,0.6798682309257239,26.01665133206257,0.8564421837707457,0.6883936959788958,-0.005053745993234146,0.6811069364149741
spending_only,2,refined_spectral 1.0,0.45650492541876697,6,0.10951327433628319,0.2040929203539823,0.0626707549414642,128.52333604886405,2.990301302825021,0.7253754870157415,0.8635892057229061,0.11384293857204182,0.7862865929037428,0.6921035762362201,26.48676179538767,0.865106955613711,0.7008028695116604,-0.004140474647419401,0.6958692872380637
spending_only,3,truth,1.0,6,0.03373893805309734,0.3633849557522124,0.06150052858551894,101.74322336326546,3.113662550320361,0.7606977231641353,0.7210462111601359,0.10162946875743198,0.6718158522642097,0.5266888464017834,20.677686423705936,0.7665239531342508,0.5547473236221905,-0.005040315418157193,0.5274625113235666
spending_only,3,kmeans,0.30678836387555,6,0.0956858407079646,0.22511061946902655,0.07505041066357505,134.23274736431728,2.6360930644549865,0.737019496579647,0.5499876062562922,0.10984630087276002,0.5186536129081601,0.41030464712256914,14.708947358193303,0.5906459043262328,0.38377587018611187,-0.0012592970500366757,0.41089163670984674
spending_only,3,ward,0.25734076424212504,6,0.06028761061946902,0.30807522123893805,0.0446800086820949,91.82300789497575,3.1893216640057944,0.8423460652121991,0.3733515657665951,0.10697004077845754,0.35901348888987356,0.2538043436453784,7.972918334727552,0.4669613353360326,0.21027139672557074,-0.005972201209699532,0.25804259037126565
spending_only,3,gmm,0.08967761323729741,6,0.10619469026548672,0.24280973451327434,-0.010212694116961402,63.705008306083236,4.99631782139946,0.9313415594377344,0.316961111081743,0.1102755908193663,0.3062565048680247,0.14972175093120782,5.817449818868357,0.33131835496002016,0.1506089431933138,-0.00286860606135117,0.15041317406502172
spending_only,3,spectral,0.4531127058224694,6,0.11504424778761062,0.20741150442477876,0.055812276437433375,117.69697033866667,3.212792257666744,0.745986608360123,0.8714510835363942,0.11902072848745979,0.7895575843965034,0.6976699872422363,26.436202570769808,0.8747737112081875,0.7040961658614211,-0.009851502046358665,0.6970318709471711
spending_only,3,louvain,0.4732078508275009,6,0.1288716814159292,0.25,0.04224520454578331,112.53311369077998,3.567763416296676,0.7506714844618229,0.8751297963513597,0.12204187757714839,0.7906828990908585,0.7015406405617101,26.68643480539799,0.8802293865065102,0.7087146800802337,-0.012943523164670748,0.7022480396441023
spending_only,3,leiden,0.5456343290652077,6,0.08960176991150443,0.30973451327433627,0.06839212809533496,113.6167911358531,3.1760026126928227,0.7670433513520093,0.8746066668217326,0.11648147562537654,0.7937436548427385,0.6903983598897988,26.329583627945986,0.8951432564198282,0.7069125891820897,-0.011415687584541992,0.6892165654041689
spending_only,3,kefrin_euclidean 0.3,0.3278786670282133,6,0.1277654867256637,0.23285398230088494,0.07454000641508093,133.5002108057348,2.682126003983701,0.7368789477757569,0.5822105354598209,0.10981974722679147,0.5472221299018339,0.42958686907071914,15.938765887809009,0.6069941526383432,0.41445150604358016,-9.52713793950094e-05,0.4284877554800184
spending_only,3,kefrin_cosine 0.3,0.39927929968162507,6,0.11061946902654868,0.21460176991150443,0.06560650363839635,128.33846888667796,2.8273865984596385,0.7311389813353779,0.752676772361332,0.12346901275935591,0.6886765093122567,0.5789122367704882,21.94089097443981,0.7580885614916157,0.5872796611703154,-0.014576423402992464,0.5800244276231613
spending_only,3,canus_euclidean 0.3,0.31023086628170726,6,0.11283185840707964,0.19800884955752213,0.05703294428636871,121.7489266825416,3.0282537818819377,0.7413641786190296,0.6249895589900217,0.11598789648386389,0.5827456158575804,0.4676683711591,17.48926862482511,0.6403366573759278,0.4587393708903413,-0.005996742149750378,0.46835241530230043
spending_only,3,canus_cosine 0.3,0.37921129550624255,6,0.11338495575221239,0.22621681415929204,0.058529222601813764,125.70311135571167,3.0019040745404943,0.734912972791103,0.6965648563039286,0.12448115053912992,0.6409855181836126,0.5252660202429765,19.880874974846666,0.7061381969824599,0.5307855526037526,-0.015810668115475962,0.526190046283745
spending_only,3,dmon 0.3,0.26595895862318536,6,0.1554203539823009,0.17975663716814158,0.05428726816455885,124.94039092722649,2.9497522906303235,0.7340345723274782,0.6659590890710937,0.12167757940679721,0.6160399603852224,0.5040593357120298,18.968284106071597,0.6721109072645273,0.5017516484958475,-0.010664114115292014,0.5065096301593089
spending_only,3,fused_spectral 0.3,0.3216872886896033,6,0.14214601769911506,0.19247787610619468,0.05166643638680261,114.02705491183002,2.95608758881799,0.744231548543435,0.7440526953529719,0.1098830464576273,0.6878175719468753,0.5729131694290107,21.978887829124506,0.7416022602770393,0.576904644115221,0.0007419559354215205,0.5724287621120329
spending_only,3,refined_spectral 0.0,0.24253920706874307,6,0.07688053097345132,0.27488938053097345,0.04593874701141024,119.79048276015781,2.5626498821199193,0.7756904306810749,0.4227201534729408,0.11239272054055137,0.4035473493070081,0.32117131483399125,9.734039869419378,0.5365443463888716,0.25589553462587394,-0.010975613841415197,0.32077359937358907
spending_only,3,refined_spectral 0.1,0.36354420928616854,6,0.06913716814159292,0.2853982300884956,0.06011117377404317,119.74349989953518,2.723977869767386,0.7796559612707054,0.5538762697739553,0.11150059978282689,0.5216598430860028,0.45697661322662714,14.637197463515907,0.6587281512138566,0.386951974521548,-0.007650038690894714,0.45745151067639356
spending_only,3,refined_spectral 0.2,0.36061670085028813,6,0.13108407079646017,0.21349557522123894,0.05693305467438231,123.7275955894306,2.974986132935984,0.7356476982794251,0.7312842757750334,0.11468718825807915,0.674698065916725,0.5754937228779546,21.438581206331484,0.7503908005704536,0.5634495948187058,-0.004646346222324335,0.574328485500381
spending_only,3,refined_spectral 0.3,0.3784931984407576,6,0.1388274336283186,0.19247787610619468,0.06179972900720431,125.36157212100493,2.862664595523142,0.7329747988424711,0.7819553449187349,0.11517448169455227,0.7173498809655668,0.6144106905266621,23.35932176842944,0.7843162942969363,0.6143431214393245,-0.004505478860691636,0.6133930210523685
spending_only,3,refined_spectral 0.5,0.41818825504566026,6,0.1172566371681416,0.19579646017699115,0.06410064376426759,124.81749666485483,2.9427517293267176,0.7351097155035111,0.8182187000336928,0.11725100529035856,0.7465928480105446,0.6483120373234131,24.570803978134364,0.8218529258523328,0.6521455399892329,-0.0072374798452527755,0.6487640538512227
spending_only,3,refined_spectral 0.7,0.4340440909595372,6,0.12002212389380532,0.19358407079646017,0.06188227635047162,123.07912672142858,3.0405652191297254,0.7374542624784951,0.8391341997365487,0.1192174180933194,0.7628219407673719,0.6684822465335064,25.30721043613198,0.8425876077142318,0.6723877619547824,-0.009313512186349945,0.6684128059504862
spending_only,3,refined_spectral 1.0,0.4495760374989557,6,0.11836283185840708,0.1963495575221239,0.059362636196914585,121.84144840489088,3.1122023164594146,0.7408970879420426,0.8588290397056011,0.11886588075959151,0.7792762566129097,0.687156191332498,26.02616245176743,0.8625657463671473,0.692343699919203,-0.009298381530594924,0.6870093700534092
spending_only,4,truth,1.0,6,0.03373893805309734,0.3633849557522124,0.06253803457984519,98.1487403559018,3.0542130355134414,0.7881325691018363,0.7216935228644549,0.10316462047060027,0.6716844410567093,0.5297140642194057,20.575000216139976,0.7684326277394722,0.5552430288577878,-0.006492937395459905,0.5285927947273145
spending_only,4,kmeans,0.26718309359989345,6,0.05420353982300885,0.21349557522123894,0.06909646520613266,131.1408479619271,2.6044683887086486,0.7774341961471712,0.5235497025652437,0.11094121332938114,0.494809560484949,0.4063616456684843,13.638341763193978,0.591425459556184,0.35881627512082076,-0.0056891167434238304,0.4088864125904518
spending_only,4,ward,0.17288263562771308,6,0.06969026548672566,0.2588495575221239,0.028898013128686048,92.73985585058101,3.1007917388444515,0.8256490242544342,0.445887555334671,0.10461263114734778,0.42601584582557167,0.2883133127245139,10.774501743320716,0.4814658447992839,0.2789853787711336,-0.0006562936825008914,0.28760803309616606
spending_only,4,gmm,0.0850716439794353,6,0.13938053097345132,0.23396017699115043,-0.020961621075406826,56.545560139168444,5.811571283975776,0.9048277017284515,0.3202744319303405,0.11178183822120295,0.30920463849181967,0.14652672340381523,5.883644206343896,0.3179995905503275,0.15332417220539346,-0.0018796214151625135,0.14610184389370015
spending_only,4,spectral,0.4467099179002627,6,0.12997787610619468,0.21515486725663716,0.05534693633973504,115.62629596844742,3.169960934026299,0.7512854960187496,0.8676934064183057,0.11692671362533967,0.7877690822388822,0.693165694005831,26.172893614529748,0.8677451844486156,0.7014489841144288,-0.006996154652216063,0.6934629924466125
spending_only,4,louvain,0.558008742308413,6,0.03595132743362832,0.35398230088495575,0.060088237665271584,107.40612776468201,2.992424149078913,0.7569476110453974,0.8790136127944916,0.1079771552023587,0.8028156577403103,0.673768257918402,26.079218025323673,0.9065878756713985,0.7133520165673604,-0.010167516709846641,0.674579717884478
spending_only,4,leiden,0.39604800555811565,6,0.09402654867256637,0.20188053097345132,0.045345418247397906,104.01288384802963,3.465174620562877,0.7734885603041335,0.875592758401946,0.11375425295411352,0.7962812361114993,0.7011689662968777,26.496051272284777,0.8794432380753974,0.7079539617087498,-0.0050670576184248806,0.7003939987056211
spending_only,4,kefrin_euclidean 0.3,0.2860460721136541,6,0.05254424778761062,0.22842920353982302,0.07255473734092684,131.03092320842336,2.6241341136029916,0.77841301973524,0.5682525318368903,0.11360208322593232,0.533793657663001,0.45220293685113816,15.17219654406139,0.6399144325342381,0.40319133003443836,-0.008818322880763979,0.45333517459168626
spending_only,4,kefrin_cosine 0.3,0.3907158232474494,6,0.12665929203539822,0.20851769911504425,0.0650146139671258,127.24624993308838,2.8520935565742906,0.7360464454790897,0.7618548505518064,0.11596053540447766,0.7000122048535071,0.5886607082860906,22.224888836393138,0.7641656624901141,0.593961121546093,-0.006259580587617844,0.5874615737921802
spending_only,4,canus_euclidean 0.3,0.3280381007412895,6,0.1504424778761062,0.19579646017699115,0.054800914389273814,121.05466829105484,2.9560370709146153,0.7328493643609008,0.6641422818300714,0.1194754514507635,0.6153176285630905,0.4952967580919209,18.83779553038668,0.6635637787485177,0.49844585018534165,-0.008710263164751098,0.4962752140230143
spending_only,4,canus_cosine 0.3,0.3604689308229346,6,0.12223451327433628,0.20353982300884957,0.05786033258522302,122.40396976382377,2.98294254622331,0.7451868762041728,0.6974018122654112,0.11924420137345043,0.6438578693514815,0.5272881884046436,19.86750989550249,0.7020228404401377,0.5312386567827236,-0.009461617503486938,0.5276677160648621
spending_only,4,dmon 0.3,0.3431860357712554,6,0.15265486725663716,0.1886061946902655,0.05582519782323162,120.7226680588532,2.8461673958429183,0.7407299173326536,0.7389111177492209,0.11281932992394676,0.6820528354113915,0.5758584297636948,21.510854466789294,0.7451229575900524,0.5737650883054419,-0.00197798711877252,0.5773833015270882
spending_only,4,fused_spectral 0.3,0.35315911637414077,6,0.11006637168141593,0.21460176991150443,0.04491253183239498,115.84092497901047,2.946672107704332,0.7427454686291983,0.7564717853164842,0.11357181759014817,0.6966222665574819,0.588236305590323,22.175764257497768,0.7631692141882281,0.5923993827283379,-0.004238910112555741,0.5903394771198283
spending_only,4,refined_spectral 0.0,0.23580865126584588,6,0.07411504424778761,0.2903761061946903,0.05899511029821038,120.12633970052876,2.6273489646112647,0.794436377066488,0.42409412892217135,0.11492589995723503,0.4043846632933535,0.3352020787294212,9.67472694263502,0.5514518636414051,0.2587701331786165,-0.013518870030013827,0.3364171558762042
spending_only,4,refined_spectral 0.1,0.30597296082895153,6,0.11006637168141593,0.23285398230088494,0.06284294439904069,126.5245312781918,2.7628637490362067,0.7560788325273783,0.653161143320224,0.11295495858938855,0.608283342667691,0.4920052588879404,18.176833477910883,0.672622834968324,0.48746791861007743,-0.004295432287946502,0.4926154908051828
spending_only,4,refined_spectral 0.2,0.3448023870962721,6,0.13108407079646017,0.21460176991150443,0.053103364838083505,121.69596327429603,3.2390076030469106,0.7435192480216242,0.7187612949009234,0.11741881219095461,0.6628217277437308,0.5586423751173222,20.80108661658356,0.7314952424820713,0.5539689582396402,-0.007136331931862722,0.5606711483856621
spending_only,4,refined_spectral 0.3,0.39280573443271805,6,0.11670353982300885,0.20630530973451328,0.059426702647965624,125.88098656561907,2.8285306231151406,0.7335728777250995,0.7926953662492034,0.1132199095646949,0.7274110282996944,0.619671091613507,23.514593130057268,0.7920998606353006,0.6285890093857012,-0.0031967169464729855,0.6222531517833634
spending_only,4,refined_spectral 0.5,0.40426191225424646,6,0.12334070796460177,0.2013274336283186,0.05924957619653282,123.68857393487521,2.9024509299373342,0.7381023236053615,0.8265395075242683,0.11367545948442155,0.7555500923398212,0.6543036115570585,24.762772749992475,0.8260838787867114,0.6610806569244876,-0.0034425071077740788,0.6556144616699804
spending_only,4,refined_spectral 0.7,0.4141777030512765,6,0.12112831858407079,0.19192477876106195,0.05948625289366838,122.48638433561207,2.9672935914243728,0.7412575891652654,0.8399963268162537,0.11457148288033113,0.7662524760376591,0.667612774912113,25.265606876761,0.839396843969598,0.6734131400735093,-0.0043127514765419345,0.6675709364187403
spending_only,4,refined_spectral 1.0,0.4346503943164119,6,0.1261061946902655,0.2051991150442478,0.05778403990128057,120.18862159720025,3.0464776865868135,0.74422382838814,0.850986033712148,0.11645830758178008,0.7742540553283102,0.677932442875136,25.597992149243243,0.8511184025188646,0.6851439272651338,-0.006266610969082362,0.6785502447741038
noisier,0,truth,1.0,6,0.03373893805309734,0.3633849557522124,0.04596223375159885,115.37349711718322,2.886569175314308,0.7710544160333873,0.5053141456033741,0.10115404933214739,0.48074126175973025,0.32956223510272137,12.033742854682089,0.5685323750007544,0.33809664100034653,-0.004386058593025335,0.3287013700394539
noisier,0,kmeans,0.3586659623199049,6,0.0956858407079646,0.23119469026548672,0.08365959225126102,167.45096743447579,2.3415989189802944,0.7199327671418253,0.5195040179825838,0.11185374179986876,0.49097425599613,0.3701954563333765,12.814982984710456,0.5516752061199511,0.3540871337844815,-0.0038112827729769178,0.37138769198833127
noisier,0,ward,0.1712948285742549,6,0.05641592920353982,0.27101769911504425,0.05363516952574735,117.8650938469808,2.976638971564707,0.7986682245312465,0.3950526970221184,0.10592362735013827,0.3791855216350782,0.240414500502502,8.348959335334587,0.43883452568821973,0.229352281242384,-0.004418428088356491,0.24163653498621765
noisier,0,gmm,0.28732705964509586,6,0.10398230088495575,0.2079646017699115,0.03364855476644773,135.81446503265644,4.48715510970022,0.7743915443727415,0.45860077752874856,0.11491894152906898,0.4356416290171863,0.2913612735543054,10.58695995055441,0.46830760133544697,0.2916797229252903,-0.005825361974825277,0.290942831668833
noisier,0,spectral,0.22311811353953326,6,0.13108407079646017,0.20464601769911506,0.040083223077158246,113.40412369192892,3.173774230499578,0.7949875432744636,0.8273553976420714,0.11700839456396225,0.7543305251076567,0.6594313593322703,23.79269696416986,0.8310362707567502,0.6609581726256823,-0.006746179970086211,0.659773583872195
noisier,0,leiden,0.20534335909479137,6,0.061946902654867256,0.22787610619469026,0.023670557624916076,99.32389272316112,3.3766074748098034,0.8100677779148653,0.8431358304224537,0.11266133606084462,0.7699949290692784,0.6675768650971973,24.22587095305014,0.8540480469460769,0.6760602650748562,-0.006974971778740666,0.6670956097153586
noisier,0,kefrin_euclidean 0.3,0.34804760687342273,6,0.11504424778761062,0.24280973451327434,0.07783604263507454,165.97687425342667,2.4943849151181845,0.7172262472693156,0.544076119576243,0.11442017967984777,0.5121905726718857,0.3894821333321154,13.670459629708501,0.5684611861011519,0.37744933963808625,-0.005173168147809021,0.38932026154240645
noisier,0,kefrin_cosine 0.3,0.28031479054703184,6,0.12112831858407079,0.23949115044247787,0.07748438188749183,158.9671245422364,2.5441300521054244,0.7123385970162673,0.5966154856516109,0.11750397531703219,0.5575300159902601,0.4326930946127132,15.399884512610917,0.6114883679689251,0.4295778160355361,-0.008416939703922613,0.4322141148499208
noisier,0,canus_euclidean 0.3,0.2880196579929364,6,0.11891592920353983,0.21736725663716813,0.06334889994018944,154.2918537914119,2.931288503513775,0.7311191148559473,0.5117677992941867,0.11353805485386127,0.48366441990895154,0.3510254821775443,12.488718566349425,0.5268492270654707,0.34576806877319033,-0.004279540061343276,0.3516154250369797
noisier,0,canus_cosine 0.3,0.29926864175663426,6,0.1277654867256637,0.230641592920354,0.07259100840891357,159.09537628295405,2.501880682482796,0.7137681676702992,0.559373929043713,0.1156018216443881,0.5253991776446002,0.406603863946657,14.07624183268628,0.58711527757295,0.3933282409959773,-0.006702657443514018,0.4071804182025429
noisier,0,dmon 0.3,0.2550585626213693,6,0.1554203539823009,0.18196902654867256,0.06222621347674172,149.19807018332793,2.736597487332862,0.7287409672896116,0.6842749740004798,0.1176874306731168,0.6332768336912765,0.5197347149432612,18.68474565870687,0.6879474448040764,0.5174956402002411,-0.006688308463582607,0.5196362030803585
noisier,0,fused_spectral 0.3,0.2602055090232535,6,0.12721238938053098,0.21515486725663716,0.06509212517218542,133.28184863711624,3.0609253145468514,0.7589722382346675,0.6919133694627898,0.11387319025753591,0.6413788818648313,0.5279506389826375,18.88300472623456,0.7031310030338604,0.5259806896524494,-0.00424151210046024,0.5289602867942284
noisier,0,refined_spectral 0.0,0.31812392356285407,6,0.05143805309734513,0.310287610619469,0.09983438788436645,154.5058697036391,2.4049969934568405,0.7546335895778615,0.4830117326012812,0.11143411002761215,0.4583419438131133,0.372101838346559,11.317434004642136,0.588691332182642,0.31726045288664817,-0.010629071305726864,0.3729969858916259
noisier,0,refined_spectral 0.1,0.33407579205766685,6,0.053650442477876106,0.33517699115044247,0.09932670764727644,153.56425204631464,2.39189804660892,0.7598166882912091,0.5135590133146303,0.11149826625314854,0.485744809136092,0.4015928785861803,12.386057769355679,0.6272604608390777,0.34776241917355494,-0.011908512359160794,0.403108487733149
noisier,0,refined_spectral 0.2,0.27990611988006137,6,0.0956858407079646,0.2234513274336283,0.08045086520776283,156.41244890965143,2.698678412483904,0.737049403698862,0.6258785632488125,0.11637048068494825,0.5833881907122317,0.4649396241167481,16.443753713465377,0.647000147631742,0.4595473403718151,-0.008365676540591865,0.4652145484963319
noisier,0,refined_spectral 0.3,0.3138131359984934,6,0.12389380530973451,0.20630530973451328,0.08030564170575867,156.8969974168946,2.644016306000817,0.7296497469310883,0.6622085011992106,0.11465887599295181,0.6154765471958523,0.5049528612622779,17.85582512375584,0.681102374416503,0.4973828667315803,-0.005170480377831924,0.5071497048134143
noisier,0,refined_spectral 0.5,0.31332918483637556,6,0.13329646017699115,0.19690265486725664,0.07049171582885548,153.07983707183718,2.817918498319551,0.7286887225752607,0.7095488777637823,0.11502493633449287,0.6560082316267695,0.5453482821283467,19.58907751189312,0.7166578524088324,0.5442271253153704,-0.004615819161028184,0.546640576744353
noisier,0,refined_spectral 0.7,0.27010835370664016,6,0.13716814159292035,0.18971238938053098,0.06823748855033997,148.83570030411533,2.8761632114629143,0.7337178966232442,0.7237403988754524,0.11517328218818405,0.6680543558130043,0.5603598149297295,20.052130679517962,0.7315042203465131,0.5596422544857247,-0.004610866742052813,0.56291049322721
noisier,0,refined_spectral 1.0,0.28442338751566626,6,0.13938053097345132,0.20353982300884957,0.06553854029456528,147.65899253537563,2.885782702924903,0.7366085019517078,0.7336621770579937,0.11682779495814924,0.6757428178421139,0.5708145468613812,20.41282207095553,0.7422427803852899,0.5668972858066066,-0.006358328250475873,0.5708204822646361
noisier,1,truth,1.0,6,0.03373893805309734,0.3633849557522124,0.04146878026001032,104.45518939777611,3.0242559691393325,0.7952400672225294,0.4642054641326101,0.10199336825233027,0.44322078647331964,0.3100478031734222,10.550891733913975,0.5492235423938103,0.29911812484980005,-0.005509254607248701,0.3116650907936836
noisier,1,kmeans,0.29280077975466684,6,0.10508849557522124,0.2323008849557522,0.08090909592475315,156.96548848502786,2.4654385824024785,0.736088639097318,0.48811223824992317,0.11150411397910413,0.4629172614360327,0.3420087265973666,11.721485406277866,0.5218077297605561,0.3203199209775982,-0.003243156255132093,0.3410301491470703
noisier,1,ward,0.17367349372856905,6,0.11836283185840708,0.23949115044247787,0.027428562415716087,109.06559634913904,3.282257352457053,0.8051220004385997,0.4158167510226058,0.11106349775591488,0.3974611741211382,0.2507042094772929,9.073635777142288,0.42726341021194575,0.2502939598637286,-0.0019162598371502276,0.25156826237728286
noisier,1,gmm,0.22328888590137294,6,0.1454646017699115,0.22013274336283187,0.03353199067067685,125.62513567948588,3.9004389145685434,0.8000231946030407,0.4409297090068896,0.11443067857998636,0.4197508100664718,0.27035183422529746,10.065535080519428,0.44067932315239594,0.27377181347702373,-0.0044130968374761215,0.26984433298907534
noisier,1,spectral,0.20572826569255276,6,0.1515486725663717,0.17311946902654868,0.03392508973767836,104.71851449553378,3.3059488264081964,0.801899725945087,0.819289311028574,0.11574770134485314,0.748325010817988,0.6529806439403507,23.43935781228833,0.8206201058333324,0.6531597311188082,-0.004715741284824826,0.6534823046208424
noisier,1,louvain,0.15445115512527557,6,0.09292035398230089,0.2704646017699115,0.028612302911904197,94.71225801455813,3.4874591485783095,0.8067121335560553,0.8406295523571582,0.11465030351310904,0.7667330246653333,0.6637924681707027,23.985894817016174,0.8517766628270707,0.675043418094224,-0.007627719777004674,0.6655797983321438
noisier,1,leiden,0.21423407885179047,6,0.08517699115044247,0.22842920353982302,0.03276904069196438,102.28879094000152,3.4681484601230004,0.8185738819918545,0.8426019850286259,0.11406254092670573,0.7687207535223264,0.6685381202456591,24.086653018607223,0.8497080302513481,0.6770938082803394,-0.006546233570947982,0.6695573407607853
noisier,1,kefrin_euclidean 0.3,0.31700306332229417,6,0.12002212389380532,0.2079646017699115,0.07544806212604235,156.70124752971554,2.599391749561358,0.7289085130978887,0.5505681332871878,0.11500273060062544,0.5177837058945441,0.39638234973617104,13.901858737790766,0.5701534497760083,0.38423220601419333,-0.0049736032865126956,0.3968361250166638
noisier,1,kefrin_cosine 0.3,0.286992861117925,6,0.11946902654867257,0.22123893805309736,0.07152859164104484,151.17615640964524,2.6382379470685797,0.7299938617970757,0.6072089800672544,0.11676505476867298,0.567007687213448,0.4462552808337208,15.733792228265791,0.6215445981700108,0.4404310760582145,-0.0070416053244792415,0.4460699965181078
noisier,1,canus_euclidean 0.3,0.22748844771787305,6,0.11891592920353983,0.19192477876106195,0.06453295974639231,144.82970341934086,2.8130101904620677,0.7351788363463492,0.5406956603513781,0.11380165843089525,0.509354054645783,0.37354126195468246,13.635453042925931,0.543406051064226,0.37339216161531996,-0.003681870334917847,0.3727034819349072
noisier,1,canus_cosine 0.3,0.2555360818648876,6,0.1277654867256637,0.24336283185840707,0.06651349144070196,147.4792064486052,2.6662505164333337,0.7308753553956953,0.5885253249697358,0.11676411616194542,0.5506831295608191,0.42733388786072857,15.154368576156912,0.6035573419794397,0.42218557600230566,-0.007235392039737845,0.42791925985660506
noisier,1,dmon 0.3,0.22057186663095255,6,0.1426991150442478,0.19413716814159293,0.05768779917637378,131.1631032015461,3.0934813603282607,0.7621472607734759,0.6883212791952027,0.1179744541310244,0.6366246063688972,0.5260964989660869,18.72123203691335,0.6954461759951186,0.5218297792263523,-0.007184801787884165,0.5262442327015663
noisier,1,fused_spectral 0.3,0.23286551450189621,6,0.12721238938053098,0.19247787610619468,0.05851973794591234,130.51318596101902,2.8117792129249657,0.7661860513847873,0.7152050646011877,0.11340911301552985,0.6615465159760404,0.549986925855355,19.653738008289576,0.7214419425971883,0.5493999237484999,-0.00306781234624047,0.5507242989357733
noisier,1,refined_spectral 0.0,0.2362822570440386,6,0.0459070796460177,0.23174778761061948,0.07415392303088739,143.10055593151293,2.7087666029961177,0.7738128692863361,0.46437535071130603,0.10947871808480839,0.44190904061256536,0.3340202434327417,10.69210070372426,0.52656569990549,0.29743775759485724,-0.005844433482480052,0.33324768336420985
noisier,1,refined_spectral 0.1,0.24500046705638356,6,0.1377212389380531,0.21460176991150443,0.07153111829281356,145.19738704885074,2.724940532202354,0.7452975959921407,0.6227959900603393,0.11598161057426595,0.5808402265248221,0.4611005547957424,16.358079829876022,0.6349163241865033,0.45613357544381206,-0.0060521805568249515,0.4609542350796197
noisier,1,refined_spectral 0.2,0.24764967789236098,6,0.1404867256637168,0.20575221238938052,0.07355287807573084,145.5151158070112,2.6942755240810037,0.7433983955865153,0.6552522009778977,0.11752766271763466,0.6083992191288371,0.4929758596881418,17.50478627600574,0.6649902687823169,0.4888415129431552,-0.007263338658864818,0.4933770387932197
noisier,1,refined_spectral 0.3,0.26146361980439564,6,0.14103982300884957,0.18694690265486727,0.06780229202237895,145.77451397180565,2.722422627075187,0.7419015940170948,0.6931989648949038,0.11407884935765722,0.6423985141888479,0.5320727167881838,18.93625173550006,0.7023916432054434,0.5255600465388687,-0.0034476469254582504,0.5310581968493037
noisier,1,refined_spectral 0.5,0.25702332272647865,6,0.1504424778761062,0.18805309734513273,0.06581083984430729,144.25816321635614,2.734197372112382,0.7421469891922068,0.7098820681940364,0.11438836023298388,0.656567326780287,0.5472265662223309,19.551535610281785,0.716612166449245,0.5425232845990505,-0.0036095259458532314,0.5467518619556082
noisier,1,refined_spectral 0.7,0.25356513581872353,6,0.14823008849557523,0.1836283185840708,0.06409834992088628,143.76302031061158,2.7565727023551987,0.7423509331843784,0.7154393443556152,0.11385905419764779,0.6615499809952325,0.5523288531283529,19.774766291460956,0.7214665559315643,0.5501411958948914,-0.0030713039835981587,0.5538804994262967
noisier,1,refined_spectral 1.0,0.2618655738941084,6,0.1570796460176991,0.17643805309734514,0.05964511729700225,140.44347567893226,2.789928792320735,0.7477979161495197,0.730876681061632,0.11588677665678486,0.6738060233018343,0.5660807240168031,20.29799512562712,0.7339414353963439,0.5645408190790048,-0.0048727970400245235,0.5665311748632628
noisier,2,truth,1.0,6,0.03373893805309734,0.3633849557522124,0.04381134735926572,111.70666899778935,2.9563344293998877,0.7835006989969175,0.4651737201426229,0.10236597107994519,0.44402992129656066,0.3180964618782937,10.75591256886571,0.5558840687389177,0.30035099588046504,-0.005682215548334146,0.32048259873582996
noisier,2,kmeans,0.2934537635446457,6,0.12997787610619468,0.20741150442477876,0.0821453570451536,168.8276040633169,2.492016819341132,0.7098481874398174,0.49132275617975646,0.1122105735209729,0.46565068502913437,0.32987454244017467,11.894749058651511,0.502379274542554,0.3258850882763651,-0.0023519431203277985,0.3313789620330015
noisier,2,ward,0.16420423608575,6,0.055862831858407076,0.28650442477876104,0.05184849269864315,124.5799233454324,2.716929370120379,0.8085296673679189,0.43496570176027566,0.09837737435558704,0.41711694097240204,0.25818877477462565,9.884826685308235,0.4606596956217277,0.2690518124831329,0.003028661365741328,0.2594932146423439
noisier,2,gmm,0.2368843237190434,6,0.11449115044247787,0.19745575221238937,0.042790624154971715,133.15379287075294,3.5251862903845264,0.7895838850267849,0.4726433994863688,0.10918074340688769,0.4494501716122854,0.30343446648114925,11.318953087006136,0.47467033048174373,0.3054361536917744,0.0005842717029135025,0.3028347187457485
noisier,2,spectral,0.23961393214642807,6,0.1122787610619469,0.2345132743362832,0.039975935869817875,115.49528957706193,3.0262411365318003,0.7831160411623223,0.8324926782909482,0.11265640492102509,0.7611113674727502,0.6616294228066927,24.123341685279144,0.8379370011500674,0.665702248914259,-0.0033780764434304944,0.6610652302472517
noisier,2,louvain,0.2110184484194751,6,0.13219026548672566,0.23561946902654868,0.03266506152661783,99.6847820379128,3.5864703777329083,0.8175008646656089,0.8466276244665396,0.11730937450167009,0.7701394133621302,0.6766804865320707,24.565355559889124,0.851651553528425,0.6815518641597462,-0.0074730940166463505,0.6780063310338869
noisier,2,leiden,0.2056702919029476,6,0.10896017699115045,0.20353982300884957,0.03218725459095799,104.0601839064632,3.213238145670695,0.8137936226486899,0.8448027072717051,0.11516452781625738,0.7698982973016858,0.6733306140158061,24.52071686446497,0.8488885532406499,0.6804965236685143,-0.006194884487792859,0.6755113907414937
noisier,2,kefrin_euclidean 0.3,0.29563458404673254,6,0.12278761061946902,0.2206858407079646,0.08293479744802702,168.62063451110436,2.4911194775733367,0.7103779371066008,0.5076805867827364,0.11185313753515208,0.48040071215710056,0.3483141816411074,12.498007971848686,0.5229694933994878,0.34131703488693865,-0.0023711093047785597,0.34850394913853017
noisier,2,kefrin_cosine 0.3,0.3180919251277953,6,0.11670353982300885,0.2411504424778761,0.07477470893773838,159.74039423156654,2.5863776410613504,0.7141886603781656,0.6076652488260875,0.11654637977758762,0.567475931008384,0.44985085954186244,15.820763318682037,0.6367596082544517,0.4402309055450697,-0.00880231517322648,0.4490216054343934
noisier,2,canus_euclidean 0.3,0.2734726990433865,6,0.10121681415929204,0.24557522123893805,0.07313018003342113,156.80835290572273,2.6295776987541095,0.7262447494544033,0.48090303445255816,0.11301632415733881,0.4561133239927974,0.32870574265723784,11.37245686835201,0.5112822122109036,0.3158084921941601,-0.004847582471733308,0.3300795827884391
noisier,2,canus_cosine 0.3,0.31066351290675137,6,0.11393805309734513,0.22013274336283187,0.06089866547317364,155.58849843553247,2.8662807730521838,0.720681724938346,0.5910745310619252,0.11790942187796126,0.5525645110049515,0.4272433713404842,15.247764289763753,0.6078944560348517,0.42521738990154345,-0.009329885856094941,0.4279550446271763
noisier,2,dmon 0.3,0.23165255767798437,6,0.14988938053097345,0.18971238938053098,0.06546003227440056,147.69479374440687,2.7096255785427625,0.7381278615184582,0.6641258830845268,0.11746239835046023,0.6160666362759256,0.5017177258522346,18.003600680036673,0.6706267412382146,0.49731241043808794,-0.006584494256687001,0.5014921966160112
noisier,2,fused_spectral 0.3,0.27076618492177,6,0.05088495575221239,0.23949115044247787,0.06302970016429646,136.51557457286472,2.760613422217393,0.7555144906779753,0.6965116030408235,0.10873379440740776,0.6474754695697955,0.5267388237969807,18.885706639816366,0.7223342477552593,0.5293028502718726,-0.005316303124270713,0.5261860941611938
noisier,2,refined_spectral 0.0,0.2956321700280091,6,0.06360619469026549,0.30586283185840707,0.10171710008460606,157.1282894417242,2.427558340827624,0.7721814768732944,0.48061910274777114,0.11146187852405418,0.45618115526273384,0.37011928680857825,11.284282307404524,0.5856375605007278,0.3146226432384858,-0.009968286305423235,0.3705477440733582
noisier,2,refined_spectral 0.1,0.2965217303412712,6,0.06139380530973451,0.2831858407079646,0.08169362017524645,154.01831195227243,2.7790461270972187,0.7308816645370001,0.5943809928189637,0.1101234084465325,0.5578657449657104,0.4293922214203966,15.189161164189098,0.6356840679538684,0.4278979252896211,-0.007414239870964415,0.42957211088889746
noisier,2,refined_spectral 0.2,0.3066579741587661,6,0.04701327433628318,0.252212389380531,0.07521264302364407,155.81088621292736,2.6112684916453017,0.7251652104055638,0.6369690430253158,0.10836971626292523,0.5958393521885498,0.4682652081519545,16.76790928593054,0.6680263001477263,0.47207113114600807,-0.005998027717457638,0.47012182694410626
noisier,2,refined_spectral 0.3,0.30987137335844084,6,0.054756637168141595,0.2411504424778761,0.07493072519557716,155.1274271982155,2.588928900548367,0.7287764247855353,0.6594859290382441,0.10932650763567707,0.6151351214046182,0.4904576407091138,17.595996994781515,0.6864613833029717,0.49285592436763503,-0.005661939586801126,0.4907399467355826
noisier,2,refined_spectral 0.5,0.28160701728369303,6,0.07411504424778761,0.21349557522123894,0.07288260348202583,151.2687408682519,2.7347199482696443,0.727541761299018,0.6965555793594295,0.11132878960671694,0.646427283493647,0.5325104308006705,19.05589663551379,0.7146558279151627,0.5287193981930317,-0.004212565382435335,0.5312203377012346
noisier,2,refined_spectral 0.7,0.2885782671169828,6,0.11006637168141593,0.22400442477876106,0.07116034523590634,150.46887896360025,2.742451042966529,0.7300394867208322,0.7184306143812078,0.11385289200266531,0.6641095093294871,0.552390841062032,19.92531617273918,0.7308993376694811,0.5544658614187867,-0.0051591119562760385,0.5547477172525922
noisier,2,refined_spectral 1.0,0.30075276074964163,6,0.10674778761061947,0.23396017699115043,0.0643153963597931,149.1381043919265,2.8391236250188374,0.7310040553156391,0.7444671359451811,0.11138282756873226,0.6874621841104794,0.5740536965457251,20.991338691206966,0.7514955836699302,0.5798034972222748,-0.0024638724938646217,0.5760982644350112
noisier,3,truth,1.0,6,0.03373893805309734,0.3633849557522124,0.042839164573733254,110.2054729156331,2.9132456635605073,0.7899592666083722,0.4868410066161934,0.10186226380638445,0.46383889841098624,0.3270912399932907,11.366549942899692,0.5649594465710768,0.3206970732917157,-0.0052608744933234225,0.3279340459387384
noisier,3,kmeans,0.30255516780576164,6,0.11559734513274336,0.22621681415929204,0.07991308781220675,160.61798873907975,2.448509994985944,0.7311087356689524,0.4969922888429943,0.1103034237468714,0.471163148132776,0.3369116321750931,12.019224537103515,0.5134953070850629,0.33092423368562557,-0.0014396132369982467,0.3377252448972033
noisier,3,ward,0.19501649602847404,6,0.07190265486725664,0.24391592920353983,0.039215063317389005,112.02392038822093,3.081726415010355,0.8404333329460988,0.40055729629463815,0.10841198785026897,0.38388692491250354,0.24761179155251628,8.446709828639124,0.4412468805653667,0.2357126022540234,-0.004059057020159712,0.24927137560739293
noisier,3,gmm,0.23383796216072777,6,0.1415929203539823,0.20630530973451328,0.029357402125334164,128.5009281250974,3.879436067353106,0.7979777914873734,0.4567634743843043,0.11331915566204688,0.4342848673891894,0.28845205992918205,10.532860993593745,0.4588330834538597,0.28985848438023976,-0.0029682224717721417,0.28831889034643193
noisier,3,spectral,0.2017329092754222,6,0.1454646017699115,0.19303097345132744,0.03156997575212307,101.04733386429729,3.381163398580311,0.8113449723150147,0.8239477290507696,0.11091090005087763,0.7549562179728326,0.657067333495255,23.57653789616345,0.8257270644562908,0.6571407113544525,-0.00020496872179771863,0.6569351151113768
noisier,3,louvain,0.18300182882997754,6,0.03650442477876106,0.22400442477876106,0.013412617514730784,91.671821288237,3.60956890168695,0.811052710621914,0.8427589099805717,0.11115937681020154,0.770571357373845,0.667069063569978,24.33588667558243,0.8548281662209661,0.6782408286934236,-0.0083543742775459,0.669068169258388
noisier,3,leiden,0.18949589949422385,6,0.12223451327433628,0.2079646017699115,0.012006566208906817,89.49938476218115,4.109651452970817,0.8226712516019389,0.842192559684741,0.11690101439939846,0.7667077549293915,0.6755888547304888,24.169867799601,0.8476053256116404,0.6746630752147842,-0.006835548643653586,0.6744955263335223
noisier,3,kefrin_euclidean 0.3,0.2961511395826887,6,0.11504424778761062,0.21626106194690264,0.07733583637900397,160.22749545960568,2.536731146945636,0.7280885629180266,0.5138825567678783,0.11101729667341644,0.4861478913877026,0.345529622707131,12.602664390979982,0.5177179179918778,0.3490183189951589,-0.0013054700621070725,0.3476879965727266
noisier,3,kefrin_cosine 0.3,0.25642199058151544,6,0.11891592920353983,0.24668141592920353,0.07517306788801863,152.42555986092881,2.577251922690623,0.7223230749904617,0.5536794973357483,0.11525657290874915,0.520465863461703,0.3969360165849126,13.771280411115262,0.5769534570332961,0.3862576001806712,-0.006306165084447299,0.3960130928959273
noisier,3,canus_euclidean 0.3,0.195592112748047,6,0.11117256637168142,0.23838495575221239,0.05113549697360664,137.20551641188234,2.8287612035544694,0.7336501808896336,0.4923210449403786,0.11306387700615596,0.466361619501628,0.3435076117939867,11.79990058280086,0.521998533555786,0.32614167087727314,-0.004660564213595411,0.3439025413168965
noisier,3,canus_cosine 0.3,0.31052335617829185,6,0.12112831858407079,0.22123893805309736,0.06365913617794212,149.74771691405417,2.696270804724206,0.7324360153599883,0.5699094237965671,0.1157630564745146,0.534637035769899,0.4079407099940505,14.345736352970523,0.5871455052509286,0.40471468616264394,-0.006651281474317983,0.40905715878637916
noisier,3,dmon 0.3,0.22145785813606605,6,0.1515486725663717,0.1963495575221239,0.06349178490352896,140.26129277468925,2.8516865554423627,0.7460910865473672,0.6452657581780894,0.11596161953757456,0.600344354106,0.48343530142940744,17.158425308694287,0.6526967508476459,0.48152210785331717,-0.005133019321162474,0.4865155765916265
noisier,3,fused_spectral 0.3,0.2305504465892707,6,0.11006637168141593,0.25055309734513276,0.051236014066905984,125.69096894611378,3.0303438454110503,0.7574549497822635,0.6883963986755797,0.11038419486305094,0.6397806909337059,0.5177874005148377,18.763367992254235,0.6966650984290845,0.522160521726231,-0.0018404905850966796,0.517889091678813
noisier,3,refined_spectral 0.0,0.2758012554393373,6,0.059734513274336286,0.2782079646017699,0.05853513842386229,145.32077917131357,2.6365775803640275,0.7659091893555021,0.5049571827717237,0.11157767205656902,0.47802435966266804,0.37678088842315494,12.1138841891021,0.5779434976147463,0.3386116443371965,-0.00839107262525754,0.37708791887859855
noisier,3,refined_spectral 0.1,0.27128716931440944,6,0.05088495575221239,0.23893805309734514,0.053315807089399536,144.26885622834345,2.745461939862558,0.7174844230783383,0.5992785767633437,0.10840246309471527,0.5627222942857106,0.4255907158393577,15.511006649970462,0.616928472073444,0.43334059253530066,-0.0042371859358238395,0.42582246087782427
noisier,3,refined_spectral 0.2,0.2871694277869029,6,0.08960176991150443,0.22013274336283187,0.06358706610083334,146.7345882339144,2.8322403743849094,0.7258898776591906,0.6344879669872131,0.1113547478431758,0.5926176083855952,0.46690582159422506,16.8020067850645,0.6471835606884816,0.467904165395315,-0.003434740394761271,0.46707088223042675
noisier,3,refined_spectral 0.3,0.2722912198695349,6,0.1172566371681416,0.21238938053097345,0.06550414015759055,145.41579070824693,2.8696196191614827,0.7321018077044147,0.6603479818877528,0.11231052895906375,0.6147552540789988,0.49261233624227924,17.70451089598277,0.6681145892099851,0.4926190791471199,-0.0028640748667414506,0.4914204688477465
noisier,3,refined_spectral 0.5,0.26785010307035645,6,0.14988938053097345,0.2040929203539823,0.06593577829626932,141.183144751346,2.9684150032095147,0.7428616421587219,0.7074057725287339,0.11471900134401657,0.6543068821703841,0.5420000152567539,19.354904340734503,0.7128705152909972,0.5411999419263598,-0.0041708958020063025,0.5425105236875046
noisier,3,refined_spectral 0.7,0.2669615233636281,6,0.14712389380530974,0.18086283185840707,0.0603779752550749,139.4950511631503,2.959493049946787,0.7461991351009658,0.7218456373350741,0.11392915263808394,0.6669926538577368,0.5557221691045383,19.904187087946536,0.7240260684201,0.5549157474666273,-0.0030248162870429585,0.5554521516028196
noisier,3,refined_spectral 1.0,0.2843880965349825,6,0.14601769911504425,0.19358407079646017,0.05268990521360517,137.01559550885463,2.9431213930778064,0.7508091752825287,0.7314482503978951,0.11253030802136176,0.6758213311324793,0.5676315981773998,20.303740382581154,0.7360214144826873,0.5649671762896075,-0.001805364072295576,0.5680614259891946
noisier,4,truth,1.0,6,0.03373893805309734,0.3633849557522124,0.03941727056583718,104.69129418544125,2.9975224226672523,0.793656938672296,0.47359314951188186,0.10210855627675103,0.45174757947446775,0.3095683117757574,10.980275002783387,0.5461769967258413,0.30632366108841624,-0.005487254040228581,0.30950537571879355
noisier,4,kmeans,0.2785240352775383,6,0.13606194690265486,0.20188053097345132,0.0804795666022544,161.11404912362363,2.481339754809252,0.7202645277279168,0.4889710156515334,0.11192713003052514,0.46359866741493083,0.32602812307094775,11.669644121031775,0.4982025968746617,0.32350887254887883,-0.0018658673608234894,0.3274043392354082
noisier,4,ward,0.20760792437889247,6,0.0702433628318584,0.26603982300884954,0.03869049085927884,111.700898476729,3.3712833611663124,0.8517492962396865,0.38895965937542915,0.10924146558168032,0.3731061824578495,0.229577109915261,7.988285463473011,0.4273687853017118,0.22095300845164756,-0.00483703049233572,0.22816836251965328
noisier,4,gmm,0.287141904609074,6,0.08960176991150443,0.20962389380530974,0.036450658859715254,128.3286365476681,3.787627625554156,0.8414885762140867,0.4268609331073179,0.1134864160044415,0.4071379814872452,0.27038525263775476,9.419347189931017,0.4486980520443764,0.26078913512259727,-0.0052635864646033426,0.2708679321933587
noisier,4,spectral,0.19770531628045285,6,0.1426991150442478,0.18086283185840707,0.03956177731129654,109.89309623027432,3.289183780001182,0.794996722676255,0.8315634958500402,0.1158147342956787,0.7585131393481926,0.6635953732441553,23.959680960327336,0.8320284629442879,0.6643524739443925,-0.004969918871021384,0.6631120402516806
noisier,4,louvain,0.2185303229228651,6,0.07577433628318585,0.29148230088495575,0.018976663400111386,95.66166418417367,3.37625585108432,0.8083960619881989,0.8365525899606404,0.11084282956397747,0.7655649266942645,0.649009485304669,23.89216450155529,0.855686143581874,0.6698688085053175,-0.008285352960966705,0.6493331452406608
noisier,4,leiden,0.20806487549912328,6,0.09457964601769911,0.27323008849557523,0.01612646403286257,95.9444002350308,3.8919376919452042,0.8158472084472007,0.83672024067207,0.11607135673478135,0.7626520434953248,0.6581475290827759,23.983949850926393,0.8543431948717676,0.6701963733202942,-0.010857678931496514,0.6582499603096732
noisier,4,kefrin_euclidean 0.3,0.29660189425194255,6,0.11393805309734513,0.2195796460176991,0.0803206081618658,161.20407445370532,2.4249867721310974,0.7189429030839658,0.48826129664307943,0.11147723892120766,0.46305708943803486,0.33429586909627756,11.705887524983915,0.5099471530366443,0.3233723323129386,-0.0020699776990976,0.33597516728885307
noisier,4,kefrin_cosine 0.3,0.29269879570769086,6,0.12997787610619468,0.20962389380530974,0.07105014072327355,156.3441645091984,2.6507833588852745,0.719422820645073,0.5918947941831847,0.11539085611883157,0.5540533664392427,0.4333645317511876,15.343704024626634,0.6055812182758996,0.4284531733591977,-0.005186722406773869,0.43664732167635223
noisier,4,canus_euclidean 0.3,0.25298671303834364,6,0.13716814159292035,0.19745575221238937,0.07057896909620567,153.774942446288,2.6452154962297048,0.7209536321719777,0.5241232844873466,0.11480587569547245,0.49437550755612597,0.36409034076155744,13.006719873239744,0.5329581380313095,0.35875007453583485,-0.004234910878793921,0.3654452938979439
noisier,4,canus_cosine 0.3,0.2689454434870028,6,0.13938053097345132,0.2217920353982301,0.07031372882903282,153.81487602044572,2.65752837367118,0.720288673920057,0.5553555221585686,0.11607538326458225,0.5217235989738169,0.39778852182237207,14.004879758665883,0.5715241221025374,0.3895300549679361,-0.006232889205833869,0.3986332022599305
noisier,4,dmon 0.3,0.2535185353672875,6,0.1543141592920354,0.18252212389380532,0.06387402332868838,148.17567472720435,2.7080010639796277,0.7332813256873308,0.661883320511349,0.11595770142065692,0.6147044648710152,0.4986111775481337,17.884039591303548,0.6671554276996723,0.4972346260838827,-0.0050159242603124155,0.5005765575762989
noisier,4,fused_spectral 0.3,0.241009929637841,6,0.11504424778761062,0.19303097345132744,0.062207735845817964,130.35658657705034,2.922091778272401,0.7624081298862203,0.69525169562657,0.1142621745853043,0.6440849611471643,0.5306203273600908,19.048445724960363,0.7031882907823396,0.5292818644853979,-0.004254389496771746,0.5306551223566993
noisier,4,refined_spectral 0.0,0.25681880893868897,6,0.051991150442477874,0.2616150442477876,0.08408170810102011,149.33100162630632,2.7167847826278604,0.7435113878505738,0.46053740793662956,0.11149184606596987,0.4380454534583591,0.33075980792057474,10.543933701186488,0.5285950712481641,0.296136991835278,-0.008162388791975395,0.3329464647662309
noisier,4,refined_spectral 0.1,0.25917055875095346,6,0.048672566371681415,0.25829646017699115,0.0795189731621827,147.40302600186735,2.808978347337155,0.7498133346765593,0.5056907457148108,0.11119450598897697,0.478769519973463,0.3764809369433873,12.179260171086227,0.5747361145961605,0.33991443717783426,-0.008429075087485624,0.37797983905549154
noisier,4,refined_spectral 0.2,0.28379461340160494,6,0.11946902654867257,0.20353982300884957,0.07126726242567993,151.90282068397835,2.757726104527764,0.7296073653772661,0.6520771307938941,0.11483218944293547,0.606651410128713,0.4893605984033599,17.512603082354037,0.6612640202533724,0.48701276201475685,-0.004716016943823106,0.49098718192003965
noisier,4,refined_spectral 0.3,0.2811835079234075,6,0.12002212389380532,0.19579646017699115,0.07334559877676351,149.80182417555824,2.7405665549388565,0.7356878291387791,0.667022214270311,0.11490244668271217,0.6195391914475535,0.5061056154701765,18.057054359722702,0.678180698493217,0.5021003712974719,-0.004792436232592845,0.508090884081505
noisier,4,refined_spectral 0.5,0.2721190331420781,6,0.13329646017699115,0.19413716814159293,0.07060207617230801,146.64960393923033,2.787167713309263,0.7391473887284937,0.6971871356535065,0.11495239145772608,0.6454579843564419,0.5348919316794714,19.146346912716638,0.7053622171347074,0.5300842952808773,-0.004441698970290106,0.5346018376627304
noisier,4,refined_spectral 0.7,0.26039988349101206,6,0.13716814159292035,0.19524336283185842,0.0683203162858573,144.57244143377426,2.804562358440476,0.7414891690765358,0.706742195520634,0.11531317495960695,0.6534853082581462,0.5426127177368066,19.47374322966618,0.7126304287686959,0.5410739419119209,-0.004680330828529269,0.5435467512525409
noisier,4,refined_spectral 1.0,0.26241342697385434,6,0.14491150442477876,0.1902654867256637,0.06459269757921968,142.55363391790038,2.893405205122988,0.7416054798945361,0.7290752661742844,0.11559274952814089,0.672407570414216,0.5640813977462602,20.307228667840043,0.7329951842296378,0.5617219330513836,-0.004795696279851228,0.563285842826269
independent_graph,0,truth,1.0,6,0.03373893805309734,0.3633849557522124,0.04529412847661249,111.44896490062408,2.9334648915148844,0.7734552959646466,0.7827323893784461,0.09445019592556032,0.7288491357812587,0.5603125578911464,23.92369066942941,0.7887860171324739,0.6165417405932407,0.00218346848238192,0.560863117270251
independent_graph,0,kmeans,0.3090065850542175,6,0.11338495575221239,0.22289823008849557,0.08207424626712792,163.60987680260646,2.4984380681253424,0.7210990290964657,0.3642245964201975,0.10695420733877978,0.35056809262043653,0.1881023791029589,7.615938577554939,0.3644544431946007,0.19729132437227045,0.0017945176131485274,0.18824021576312686
independent_graph,0,ward,0.20280587704860573,6,0.05254424778761062,0.2771017699115044,0.06218102622730183,117.9244106956212,2.9169648440919604,0.8251291040821621,0.29258208212121334,0.1018238253324482,0.28411769689724353,0.13189136787644423,4.857134431385603,0.3343428225317989,0.12731544881924003,0.00017890636784999303,0.1330836936761423
independent_graph,0,gmm,0.31656682895357285,6,0.07577433628318585,0.21460176991150443,0.04108863171794233,131.90690254659893,4.3885828218467,0.8255511791966634,0.34351253166391477,0.10698597723937973,0.3313356087883873,0.18253790728086228,6.808128541170999,0.3637622220299386,0.17630485549309766,-0.00016699788272628302,0.1824816804083554
independent_graph,0,spectral,0.9949770804177647,6,0.034292035398230086,0.3622787610619469,0.044357783802875105,110.54507513243946,2.9542427440200236,0.7765160830598484,0.7810562697420415,0.09472848649421134,0.7272484118530077,0.5601605374204589,23.843580017409383,0.7881803236133945,0.6140228501151765,0.0019820442875895378,0.5600703793123561
independent_graph,0,louvain,0.9460327831538543,6,0.03373893805309734,0.3639380530973451,0.03462651026820489,94.54295023644605,3.1847252106005435,0.8110453069214759,0.7508829060902347,0.09803664326793277,0.6993974355716733,0.536814952630026,22.623633504310856,0.7631738340399757,0.5848758587249328,-0.0004683679162772181,0.5362452852185018
independent_graph,0,leiden,0.9843946644054081,6,0.03484513274336283,0.35951327433628316,0.04588645155310437,110.04381098968437,3.0113693604686067,0.7839549803359973,0.7721351745241867,0.09503360718387671,0.7193501316523773,0.5571397777259991,23.521919047405778,0.7841135242710046,0.6081911720680048,0.0019092110116177563,0.5592209012458117
independent_graph,0,kefrin_euclidean 0.3,0.3147888244283379,6,0.11891592920353983,0.2157079646017699,0.08062374315667883,163.61098390156164,2.533513576792565,0.719728603932751,0.37035231796592827,0.10736706118909217,0.3561889488378573,0.19404154325758233,7.859314450963067,0.36791554901791124,0.20302353184049465,0.001831409300718706,0.19376319444584306
independent_graph,0,kefrin_cosine 0.3,0.37674638039442926,6,0.10287610619469026,0.2461283185840708,0.07735860693738363,159.0681592622742,2.432507624114092,0.7141828287599753,0.3723660069657398,0.1094869567641626,0.35777961097073263,0.22499499473096277,7.90383568246612,0.40399757722592367,0.20652568858629866,-0.0015428726999422715,0.2263297074354081
independent_graph,0,canus_euclidean 0.3,0.2933420305195511,6,0.09734513274336283,0.2040929203539823,0.0764978536991402,154.8657066435073,2.4682642391149767,0.734334125687278,0.3541765932533651,0.10522980602913394,0.3414507463997365,0.18389962646366542,7.185351904779436,0.36358916673877306,0.18780646967382236,0.0023113483200369878,0.18426467924062523
independent_graph,0,canus_cosine 0.3,0.3403223196771688,6,0.12665929203539822,0.20464601769911506,0.06546705066156211,154.49260068660925,2.7445821308446585,0.7215449984715819,0.37728888454151094,0.11074655236638177,0.36215672940558824,0.2152760429177422,8.11500443689356,0.387038158691702,0.20892845290166026,-0.0009432940882212609,0.21370468530092962
independent_graph,0,dmon 0.3,0.3454971787251038,6,0.1454646017699115,0.19081858407079647,0.06634182213149636,150.22553136655068,2.815426943635036,0.7302532955556449,0.4067349888405764,0.11003311829557835,0.38931161268094866,0.2423423950820852,9.260986073291354,0.41005451241671714,0.24099872575745865,0.0007975647592275981,0.2432111286756084
independent_graph,0,fused_spectral 0.3,0.5483798018780892,6,0.059734513274336286,0.30807522123893805,0.07181032087479179,142.5770506493656,2.6389990923612245,0.780879100012504,0.4759449992920704,0.10407251061063169,0.45348273382065635,0.3310600952804369,11.952783045736146,0.5322315479795795,0.31127576744553165,-0.0008383143311054275,0.3332746834072342
independent_graph,0,refined_spectral 0.0,0.3543582212581795,6,0.04535398230088496,0.336283185840708,0.10259361954476971,149.27240055180476,2.376150268240696,0.7535880063885948,0.34789272635361784,0.10053289557769028,0.3361364666660147,0.21341168923130022,6.980852185904443,0.435753223154798,0.18300318871128501,-0.0019294047554954397,0.2156510613105757
independent_graph,0,refined_spectral 0.1,0.3642908400097617,6,0.0459070796460177,0.3506637168141593,0.104229258311078,148.64083779743945,2.3635205995931843,0.7539638973904109,0.35489793674474557,0.0994565194879129,0.342798217685855,0.22007477465021347,7.27000186750312,0.4492515358657091,0.18779737959064363,-0.0019941275318599294,0.22004375287581635
independent_graph,0,refined_spectral 0.2,0.3838450294228732,6,0.08296460176991151,0.3346238938053097,0.09235602221941469,148.11960221240352,2.548461780977996,0.7624807651922636,0.3768487180659816,0.10288079876076413,0.3627834243544692,0.22991366499578791,8.12536025047404,0.4413775201176776,0.2104671113756301,-0.0006730303488427236,0.22966460246409204
independent_graph,0,refined_spectral 0.3,0.47208656549565237,6,0.07190265486725664,0.28207964601769914,0.0827637913678946,158.35622893151412,2.386808469426968,0.7312612508278454,0.43313311715017905,0.10433642148246242,0.4144054869427294,0.2778906951365406,10.288024671314353,0.4693259496409103,0.2675578054487573,0.0006527871069111763,0.2790750554813511
independent_graph,0,refined_spectral 0.5,0.6158346683220682,6,0.03816371681415929,0.3202433628318584,0.07087423162115014,145.05766157317623,2.5920553283991583,0.7358462097534136,0.5900294323533181,0.09507401323641734,0.5586889562785403,0.3670064322377165,16.36278620015419,0.577831617201696,0.42324427090103195,0.004607452244927049,0.36706444439334956
independent_graph,0,refined_spectral 0.7,0.6481242409848101,6,0.03152654867256637,0.3230088495575221,0.06998801873399443,142.7259799312531,2.6119018711691293,0.7403895460413908,0.6199344916030401,0.09349983603718441,0.5859694889725715,0.38650142075069804,17.64339869535968,0.5998961668253007,0.45426742231489764,0.004903388438952119,0.3874834455139264
independent_graph,0,refined_spectral 1.0,0.6585592059773377,6,0.032079646017699116,0.32964601769911506,0.0702160182767337,142.19596470643097,2.642462060376542,0.743973820099221,0.6248413221827537,0.09336490488059596,0.5903985061694459,0.39034983081438207,17.81808024629965,0.6051743532058492,0.458298270149837,0.00485923405414132,0.3905061383604231
independent_graph,1,truth,1.0,6,0.03373893805309734,0.3633849557522124,0.042402809889347436,105.21225882353589,3.075813560601794,0.794101621337833,0.7781526212536551,0.09579303410784541,0.7241717033823716,0.5637350186270456,23.865392349894826,0.7921616231682996,0.6120101709279901,0.0007323643752728815,0.5647555171547926
independent_graph,1,kmeans,0.31076253919742597,6,0.0956858407079646,0.230641592920354,0.08059158705749823,159.974074896052,2.384451828096703,0.7349252456343327,0.3484010571420118,0.10693886824945095,0.335886719160662,0.1842959258526622,6.985363521597596,0.36469262117402235,0.18209798108051645,0.0007026975801414093,0.18480562403051995
independent_graph,1,ward,0.18613314310363943,6,0.10398230088495575,0.2411504424778761,0.032576938834208216,116.53036928738682,2.9355285504857753,0.792011450028373,0.2903041083209961,0.10664651858114195,0.2815862207543746,0.11339046619238034,4.7505085340508995,0.29125119223098933,0.12414939119801938,0.0016884520440032802,0.11380946072444174
independent_graph,1,gmm,0.27156103555384115,6,0.10176991150442478,0.26327433628318586,0.03924355294548712,132.0836153080572,5.415134591161716,0.8186280884442406,0.33565720595442294,0.10705461521595726,0.324014192388997,0.16025843723779482,6.497406448934411,0.34284227867857453,0.1697413173079326,0.00042704667605905633,0.16098287476523682
independent_graph,1,spectral,0.9859289221035855,6,0.03484513274336283,0.3600663716814159,0.04120922257088225,103.72173358233566,3.1182410106367064,0.7966414704947901,0.7769146296379913,0.09599726942370221,0.7229926230029703,0.5636920331659954,23.722383385319127,0.7915546692100928,0.6126550913982464,0.0008391990298301927,0.5656107958848144
independent_graph,1,leiden,0.9492988479250019,6,0.03373893805309734,0.3506637168141593,0.03404995212447935,93.33404340256861,3.198145701908093,0.8184105497270436,0.7563766515314617,0.09601910228964741,0.7051630516564792,0.5483180227027741,22.988709844978683,0.771004942339374,0.5896275596265228,0.001526019674601184,0.5481334295626251
independent_graph,1,kefrin_euclidean 0.3,0.30974515685215337,6,0.09789823008849557,0.23285398230088494,0.08012507025585748,159.85804055581514,2.3919120808186523,0.7330291837402487,0.3525060697841072,0.10669834783786865,0.33972827275447703,0.1868051227302013,7.1422282502159655,0.36729385242348045,0.18714205287818178,0.0009577554774677227,0.18797511856412635
independent_graph,1,kefrin_cosine 0.3,0.3212553684319425,6,0.10121681415929204,0.24834070796460178,0.07104193064394208,152.67096344518694,2.436544369852213,0.7253761422766355,0.34290769362356,0.10863174670113337,0.33059288972291423,0.19594694053621756,6.769014877189572,0.3829012399202289,0.1755870082876237,-0.0022038042074504077,0.19554822529289492
independent_graph,1,canus_euclidean 0.3,0.2877675685928417,6,0.09015486725663717,0.22289823008849557,0.06592737286658659,150.39428368665656,2.8476987553056694,0.7416417777602088,0.3649201008574108,0.10582661266459728,0.3513515172566397,0.17528814299191997,7.637642879320236,0.35159975721841674,0.19846725142517416,0.002471967105590847,0.1753440274744873
independent_graph,1,canus_cosine 0.3,0.3096770003000683,6,0.11946902654867257,0.21847345132743362,0.06710479131553747,151.51418749194994,2.6715624602698624,0.7284033306781919,0.3544512352271276,0.11037416581410212,0.3411063828315927,0.20021375972464764,7.21641588352254,0.37457729992196304,0.18710513536280407,-0.0009885940182266933,0.19954377107438817
independent_graph,1,dmon 0.3,0.33376818772519706,6,0.1570796460176991,0.18252212389380532,0.060476676217483157,145.03677651037958,2.715853627283968,0.7369657819153613,0.39041335941842065,0.1105978929180046,0.3742535065846411,0.2272835596704247,8.597467202764292,0.39478019595942077,0.22196080384878467,0.0003538213947161667,0.22547801918995786
independent_graph,1,fused_spectral 0.3,0.444580303891682,6,0.07411504424778761,0.24668141592920353,0.07014288029791975,137.45436484499845,2.5387557162936143,0.7779375433753467,0.4539522507290032,0.10523107262759294,0.4332556779999051,0.2956105344760727,11.022714418636513,0.48443596635740915,0.28920858453055165,0.00019810823582404324,0.29693114858377395
independent_graph,1,refined_spectral 0.0,0.29901473625290115,6,0.05088495575221239,0.29258849557522126,0.09763051893114359,147.5886390420759,2.3661155402207403,0.7657471187382228,0.316282277126754,0.10305225527312362,0.3062988929295646,0.18197698897863304,5.754738491111125,0.39174542616838637,0.1514783176997912,-0.0025330795410275775,0.1833702520866669
independent_graph,1,refined_spectral 0.1,0.3109589371122891,6,0.05143805309734513,0.3053097345132743,0.0995275175913527,148.4937079559716,2.3299388532228344,0.7581876265428878,0.3372866154558562,0.10141299100151961,0.32613121742534057,0.19454168999165167,6.551512912103503,0.40813318303997226,0.1712978481170812,-0.0013658953176875627,0.19572429915447992
independent_graph,1,refined_spectral 0.2,0.3186977850908517,6,0.05309734513274336,0.3064159292035398,0.09891895658040102,148.00706090301242,2.3512351108413543,0.7610816772487455,0.34451696611766663,0.10119592842188672,0.33291047060197393,0.20066109045307082,6.830081471548004,0.4145495534553022,0.17726706692952443,-0.0011689431988120974,0.20031606286647927
independent_graph,1,refined_spectral 0.3,0.41421009408477544,6,0.07743362831858407,0.2472345132743363,0.07999851751817313,155.2608041395548,2.388692704151723,0.74698912917181,0.4220744475671072,0.10505413911964014,0.40415398979252426,0.2624509220499807,9.833462991055937,0.4497528830313015,0.2565778571339459,0.0007343934094849042,0.26356221293859894
independent_graph,1,refined_spectral 0.5,0.5599977941275359,6,0.04092920353982301,0.3008849557522124,0.07272716422797315,143.77549854536875,2.621120195795068,0.7525460072900015,0.5541154817690211,0.0973685650336104,0.5257494936233389,0.3439104420116582,15.11940171701767,0.5480794242608168,0.3880535143379476,0.0029819112408612514,0.34501527173626656
independent_graph,1,refined_spectral 0.7,0.6023320412824105,6,0.034292035398230086,0.32853982300884954,0.07003661366967395,140.14664765604698,2.693789325957344,0.7606984627811373,0.5875621125976423,0.09526725873372291,0.5564164609345492,0.36353068299954305,16.528436203699243,0.5772999219630626,0.42130338332058875,0.003361554236799444,0.36425292219750344
independent_graph,1,refined_spectral 1.0,0.614867302897423,6,0.034292035398230086,0.3307522123893805,0.06926204592718155,139.64012708903138,2.705854104535053,0.7614126077818956,0.590805169708856,0.0955072660254566,0.5592488876664268,0.3682928781440031,16.649444028956495,0.5826757998786092,0.42394327901180573,0.0030061232808842736,0.36884208385124834
independent_graph,2,truth,1.0,6,0.03373893805309734,0.3633849557522124,0.04369272608583781,108.58625111773853,3.0226305583259205,0.7897995602525637,0.7878378950330207,0.09434907978814717,0.7333282970797459,0.5655059014952192,23.717685414356154,0.7982873453853473,0.6206108771720122,0.002193705456019976,0.5653182210717259
independent_graph,2,kmeans,0.3183448599120923,6,0.13108407079646017,0.2295353982300885,0.08014415885968958,162.26733700283174,2.5888400840161707,0.7226192036375783,0.36097002725856564,0.10874619479726551,0.34733567217922107,0.19117380561805045,7.475219917168275,0.36329037280512066,0.19446521210339818,0.0011139008314873244,0.19122298271854207
independent_graph,2,ward,0.20412801001394432,6,0.10287610619469026,0.2616150442477876,0.03226512634953389,117.62809534463965,3.210642069399309,0.7917894331389721,0.2794628845567378,0.10912824813938836,0.27119225437032957,0.10891416002940846,4.343875206353951,0.2905458005362858,0.11355084749961344,-0.0014549807180726515,0.10947843430933786
independent_graph,2,gmm,0.2742534745172774,6,0.09457964601769911,0.2549778761061947,0.0353230005551501,131.65231816512065,4.726393485415197,0.8290227407819677,0.33341126879849314,0.10707139997692253,0.32191913822329804,0.16799777319091944,6.394966093768641,0.3526511547443993,0.1668457429014014,3.905965683953516e-05,0.1680258189186012
independent_graph,2,spectral,0.9770705211998393,6,0.03595132743362832,0.3567477876106195,0.04119542917094235,104.22587226692411,3.0754060641586585,0.797867327014658,0.7838951500864302,0.0950068369191159,0.7295608173487373,0.5654164896054872,23.47708485341738,0.7962978981057002,0.6177685012275496,0.0020490406602351463,0.5649449476618539
independent_graph,2,louvain,0.9867457070410677,6,0.03373893805309734,0.35951327433628316,0.04142906829358272,105.73330187722236,3.0544610749102468,0.7934036028281893,0.7877863334518976,0.09445846890216472,0.7332248090971425,0.5661458655715488,23.668412533638147,0.7982008476775365,0.6202640708027718,0.0023766929321031166,0.5654520994870135
independent_graph,2,leiden,0.9114032897857098,6,0.006084070796460177,0.39491150442477874,0.02064522071296703,96.9408191486677,3.5679891855886243,0.786879707411678,0.6815639055476407,0.09496695910735593,0.6401307684330961,0.5409184099316636,19.789848021551087,0.7949139347807284,0.5164871267106976,-0.004652435765291965,0.5427575684727444
independent_graph,2,kefrin_euclidean 0.3,0.3131607284966177,6,0.11117256637168142,0.2195796460176991,0.07674626815786129,161.7700777973397,2.5576524240322063,0.7296269384861427,0.3668976083862807,0.10713312053217926,0.35302143518310625,0.18930623399028318,7.705949922947708,0.3615604186489058,0.1992197991748991,0.0025517663599830542,0.18811921773840312
independent_graph,2,kefrin_cosine 0.3,0.33329242085863586,6,0.11670353982300885,0.2323008849557522,0.07075516260556361,155.47059526013356,2.672035509908802,0.724224646518217,0.3659539541137547,0.10999778066467256,0.351792841864912,0.20806833200703764,7.671614976750436,0.38595277225153535,0.19911786432608033,-0.00140215213352958,0.20774137314052468
independent_graph,2,canus_euclidean 0.3,0.2746844610127875,6,0.1288716814159292,0.2051991150442478,0.06335379654984127,151.48213558705586,2.858306904083783,0.7262091011074574,0.34142779070132145,0.10941452121731413,0.32913234172630157,0.17870506863624164,6.718015303945561,0.35022921892569847,0.17426849130127428,0.0005961299305330819,0.178492966694881
independent_graph,2,canus_cosine 0.3,0.2965679828585532,6,0.12665929203539822,0.2345132743362832,0.06391563108028918,153.03494807196373,2.7181653568928312,0.7200028979060034,0.3519149955990299,0.11081275215554363,0.33870656762966594,0.19666732285015426,7.135530422671943,0.3711616642158983,0.1844587830118284,-0.0011527646078305226,0.19568664339745392
independent_graph,2,dmon 0.3,0.31711280273455345,6,0.15265486725663716,0.1875,0.0654965648229747,151.25962079158853,2.647603269423192,0.7307789466657265,0.3780093020261774,0.11046063000425625,0.36285810884147884,0.21431585920770868,8.131804467786534,0.3818008822766197,0.21253573605685278,0.00047115661918939455,0.21548177812921207
independent_graph,2,fused_spectral 0.3,0.48386545217231136,6,0.07964601769911504,0.2920353982300885,0.0674783886350083,139.92676505950544,2.538260730736857,0.777616192921494,0.44871895912131937,0.10514652143139003,0.4285017177422653,0.28962625830092,10.810150322362743,0.48430066603235017,0.2825375956599758,-0.0005026099314308363,0.28968054101821034
independent_graph,2,refined_spectral 0.0,0.33478652181913454,6,0.06637168141592921,0.32245575221238937,0.07214293014009827,145.92424636280379,2.5261657009489498,0.7591156239041674,0.30151947676276103,0.10547370534813708,0.2922259956412525,0.18058232178238162,5.186571445263348,0.39295908658420553,0.1347929025285672,-0.004617283857907703,0.18056541765677464
independent_graph,2,refined_spectral 0.1,0.3443812398377569,6,0.06526548672566372,0.3174778761061947,0.09853862596247287,151.8396759754584,2.4197392839598537,0.7587981935555871,0.33921932787197734,0.10323315100238602,0.32774222764766126,0.2005035945779337,6.671660283065851,0.4128535593806764,0.17566248532863568,-0.002292440729881995,0.20414785089632714
independent_graph,2,refined_spectral 0.2,0.3596190018542747,6,0.06526548672566372,0.29148230088495575,0.09004569722612468,151.5883653049127,2.5016645566109075,0.761264727089703,0.35512368426349966,0.10505392257490377,0.34235152919341477,0.21086205234677274,7.278750721699908,0.4102586281463541,0.18950869970501294,-0.0018107597287680827,0.21208765476148408
independent_graph,2,refined_spectral 0.3,0.4473354458773462,6,0.061946902654867256,0.28207964601769914,0.08293489696209211,155.87162680671148,2.443869957875803,0.7546489316832483,0.4238520082769696,0.1033403540473221,0.4060659086709797,0.26541919279914106,9.874708267121777,0.4618977597093677,0.25823763339559813,0.00015893844906676724,0.2663517115611418
independent_graph,2,refined_spectral 0.5,0.5819644936674269,6,0.046460176991150445,0.31139380530973454,0.07363704143503874,147.206947669865,2.6064732428340704,0.746677369800319,0.5486540471772823,0.09867693987930332,0.5204757490954904,0.3517506874944209,14.67865716719714,0.5583427039183462,0.38273050722163715,0.0026066071358215176,0.3514180566348025
independent_graph,2,refined_spectral 0.7,0.6267725639789085,6,0.03152654867256637,0.32798672566371684,0.07091438111163581,142.7404873775008,2.6562136636049103,0.7569406352762563,0.6114300516092022,0.09358130234655912,0.5783384395690838,0.3795806834135936,16.99881949848086,0.5962286999394516,0.4454060005204745,0.004976634017303333,0.3796454321215916
independent_graph,2,refined_spectral 1.0,0.6332125859078314,6,0.03152654867256637,0.3301991150442478,0.07060360738766183,142.3013968139787,2.654562208645497,0.7575402368103344,0.6143579662300351,0.09354953925597906,0.5809680451495738,0.3827347036293072,17.113381496705944,0.6002075944987458,0.44759999815714363,0.004987174642702277,0.38202688288305386
independent_graph,3,truth,1.0,6,0.03373893805309734,0.3633849557522124,0.04409985331398144,113.49919319867391,3.0071289571307545,0.7673890895607536,0.7823251759176842,0.09395388366769342,0.728759536422612,0.5624225461412602,21.75694256424336,0.7932485505891154,0.6148967189108585,0.00279176515968306,0.5622109323444796
independent_graph,3,kmeans,0.3078294592562932,6,0.10951327433628319,0.22511061946902655,0.08175634584672364,165.98949148350354,2.395055975082925,0.7199186951699902,0.359784530814226,0.10582160994829888,0.3465888606488319,0.18539094701303505,6.879955943593167,0.36375537684683,0.1923520314005958,0.0023499434515922984,0.18503922941431164
independent_graph,3,ward,0.2225966848481789,6,0.03152654867256637,0.34900442477876104,0.04971526703983392,116.83474837309092,2.706420467319274,0.8313174952868791,0.2974487234053748,0.09609321108779241,0.2891830609530527,0.12204946945669788,4.717438262185118,0.35197306901066017,0.1295163814848427,0.00013346618472107052,0.12169579097311971
independent_graph,3,gmm,0.27472623338133556,6,0.07577433628318585,0.271570796460177,0.039935308290753396,134.39305411814416,4.867440299416311,0.8312985532975847,0.3311709141309063,0.10512101409918542,0.3200297125987906,0.16087412390637712,5.872500770649214,0.3488872264821395,0.16521139188779388,0.0008337942917876484,0.161159127261873
independent_graph,3,spectral,0.9805108037022701,6,0.03761061946902655,0.3567477876106195,0.0434619403757275,111.61011402892672,3.1566742166301087,0.7772904357550631,0.7779355670459672,0.09485412476698553,0.7244761817344088,0.5626916005293944,21.428018260648393,0.7913783429960726,0.6138086875485675,0.0024451689819101202,0.564840414664932
independent_graph,3,louvain,0.9861810870595065,6,0.03373893805309734,0.3622787610619469,0.04376892181330987,112.35417689396084,3.0141992216296196,0.7699137098689207,0.7825041387632927,0.09407381129581284,0.7288511147400664,0.5628819265929355,21.761898690557363,0.793622592107724,0.6183141277365767,0.002473384422999103,0.5642763937899594
independent_graph,3,leiden,0.9330655433762011,6,0.023230088495575223,0.3700221238938053,0.0382999145135644,104.4544570817275,3.136728802860913,0.7866817932694934,0.7382830276717399,0.09421696616359573,0.6902687693462792,0.542666620299136,20.196302738448555,0.7777258275668599,0.5708555417935006,0.0008549505261640777,0.5419412039540953
independent_graph,3,kefrin_euclidean 0.3,0.33942364339636943,6,0.10121681415929204,0.22013274336283187,0.07714443139660965,164.89883266595365,2.5701334785821426,0.7247857264682553,0.3873778627997803,0.10560069598368342,0.3721540198962395,0.20461875431722576,7.858755587188528,0.38479521226856184,0.21930671596774243,0.002198963161391565,0.20339982850542643
independent_graph,3,kefrin_cosine 0.3,0.3620255233617091,6,0.12223451327433628,0.2040929203539823,0.06536836602091721,158.93315362973516,2.7093745750847336,0.7188373759360087,0.3886133315431111,0.10985070549237506,0.37270285227525346,0.2232973083735878,7.911183814737076,0.3978866654198616,0.22204001723813435,-0.0005569825863278866,0.2234964437724553
independent_graph,3,canus_euclidean 0.3,0.3416802994941321,6,0.08573008849557522,0.2627212389380531,0.07405183139767549,156.00124889583816,2.6869490716164246,0.7323333407436229,0.37606284455331024,0.10511648616484676,0.3617622368889656,0.1956347494014514,7.433594915085837,0.38058724518421544,0.2096599968386359,0.0017148470668448684,0.19592309478678674
independent_graph,3,canus_cosine 0.3,0.30926882483534024,6,0.13053097345132744,0.24834070796460178,0.07340214060633843,158.14325375588186,2.6026758060348443,0.7153974637326693,0.3672319788731519,0.10993576770029488,0.35298143716934677,0.211294756224019,7.1179525465115905,0.3899382831494296,0.2001022469880908,-0.0009086827358704419,0.210815632263253
independent_graph,3,dmon 0.3,0.3376229070692215,6,0.14601769911504425,0.19303097345132744,0.06521461184444356,150.4810910482753,2.7420313630530413,0.7374726858661418,0.400451566218793,0.11035978770188509,0.38350312505022877,0.2380665050996647,8.339717814303965,0.40677015148681506,0.23376791924009566,0.0003708336755941788,0.23816557984532505
independent_graph,3,fused_spectral 0.3,0.4707156683058215,6,0.06305309734513274,0.30586283185840707,0.07282383161721036,141.3666317981789,2.514652530709343,0.7632063376607124,0.4540982852521567,0.10203549068471184,0.4339897431466699,0.3006914880091432,10.248744145712944,0.505984664297737,0.28836041232292847,0.000514325745765945,0.301321444894335
independent_graph,3,refined_spectral 0.0,0.31791555455240467,6,0.07356194690265487,0.30973451327433627,0.09656524133910259,152.72128728537723,2.649384298138769,0.7575641410630894,0.3490047029599333,0.10239258304637372,0.336963158362434,0.2032384094260421,6.479129160222626,0.4135964092014214,0.1820372835772715,-0.0004898715608195325,0.20355854475534083
independent_graph,3,refined_spectral 0.1,0.30978705643703036,6,0.07743362831858407,0.30586283185840707,0.09267057855029188,157.70816414940444,2.4272744586336854,0.7348695751947592,0.34925123572703565,0.10452630335304947,0.33695053934839125,0.20084308692470962,6.490015613727812,0.4064896203478586,0.1830435801772043,-0.0009748373026207541,0.20022952146294934
independent_graph,3,refined_spectral 0.2,0.3072185376834129,6,0.07245575221238938,0.29701327433628316,0.09192420062747303,157.4910462291304,2.4390581496586923,0.7403214545728771,0.3678334258308425,0.10256874297587314,0.35446027344889275,0.20671601357644098,7.141174410514331,0.41079109781185713,0.20272964433119894,0.0003681877305771325,0.20797098032070827
independent_graph,3,refined_spectral 0.3,0.4407981784506971,6,0.0702433628318584,0.2936946902654867,0.08315769939052188,160.12141257317592,2.3915176807469014,0.7335286409651092,0.42003904737084824,0.10367763289442798,0.4025102669612604,0.26470866943526405,9.04380758174719,0.462969889657752,0.25452280074206607,0.00034409915200478425,0.26583282570389244
independent_graph,3,refined_spectral 0.5,0.5715960956687258,6,0.0459070796460177,0.3030973451327434,0.07372167196525654,151.66502357935383,2.6089180463922834,0.7396123561413891,0.5617616732631046,0.09663563115342547,0.5328360330791925,0.352545962179135,13.976914775845588,0.5592855806994577,0.395438016547147,0.004385164511206685,0.3525363085921576
independent_graph,3,refined_spectral 0.7,0.6220972746114056,6,0.035398230088495575,0.3274336283185841,0.06835134770171629,147.82976345661842,2.6356257882749294,0.7317516263218652,0.6090436507715271,0.09285268141958491,0.5764449203515888,0.3764912911878945,15.599148346686132,0.5923882550963157,0.4424074818293998,0.005985869169108676,0.3771254745778558
independent_graph,3,refined_spectral 1.0,0.623856613669956,6,0.03484513274336283,0.3274336283185841,0.06866462158673489,147.6766118984171,2.631700923769183,0.733693221478223,0.6124912850477837,0.09272576588374326,0.5795750593762342,0.3783915787983306,15.71959706528689,0.5942584626893586,0.4464227427847356,0.005962035057900411,0.37828653789108085
independent_graph,4,truth,1.0,6,0.03373893805309734,0.3633849557522124,0.044945147939424925,112.11045818337975,2.91409936543593,0.7733253483173101,0.7952309140951684,0.09400241501268217,0.7399192657258479,0.57208593251967,24.317262140365067,0.8018010217334834,0.6288666329354713,0.002535108049623161,0.5724381649457251
independent_graph,4,kmeans,0.32634509876015033,6,0.10674778761061947,0.21460176991150443,0.07974439764980171,165.59545245311938,2.531206544375889,0.7274491592376987,0.3699051588104552,0.10828068085193623,0.3556597131662044,0.1945438673847396,7.819776480630458,0.369555805697463,0.20330654354853162,0.0006612044433307318,0.19473870519181596
independent_graph,4,ward,0.1636076116386119,6,0.09845132743362832,0.3064159292035398,0.032789328583881845,119.6732900728353,3.151050008461729,0.7828510977414651,0.28799567139018273,0.1042876827889906,0.27959810958581804,0.10584879969583912,4.715294119088776,0.3003723266083644,0.12159644834782493,0.0015762111335410334,0.10548359712606599
independent_graph,4,gmm,0.29295496271511806,6,0.11338495575221239,0.22511061946902655,0.04615640731974001,135.2128735917423,4.4275539768229635,0.799151721654607,0.3585091042771003,0.10934280325532496,0.3449855365435372,0.19018898203029114,7.357595758108586,0.36557277686379774,0.19148443872847543,-0.0002370796842744577,0.18964515030323156
independent_graph,4,spectral,0.9936240201708717,6,0.03373893805309734,0.36117256637168144,0.04457969333138878,111.17661640657941,2.922874264751085,0.7749028342647398,0.7949650571137598,0.09414225751927513,0.7396125946608788,0.5723652560113087,24.28822213185935,0.8015412589834617,0.6308950991916745,0.0025812122204993126,0.5756409417373227
independent_graph,4,louvain,0.9953002698308026,6,0.03373893805309734,0.36172566371681414,0.044884778514510254,111.63282110607412,2.920244175263646,0.7743989465218533,0.7950169878361955,0.09412945958726135,0.7396645469290432,0.5723633816589115,24.294869985463336,0.8016278465668023,0.6279058450386739,0.0025861543646097246,0.5719251471972048
independent_graph,4,leiden,0.6414393831519416,6,0.0022123893805309734,0.5707964601769911,0.027618843762608394,84.07661042064396,3.0266270263660435,0.7955857415911455,0.6673860440410867,0.08479575330372821,0.6316405560308332,0.4560640252088101,19.336348863746725,0.8341847779028487,0.5021039545536439,-0.004813703705603467,0.45735482835164326
independent_graph,4,kefrin_euclidean 0.3,0.3521033715395311,6,0.10121681415929204,0.2195796460176991,0.08001014038250101,165.50095299259866,2.5462568117311037,0.7266074851165453,0.383206249552317,0.10771764865800243,0.36801528652954585,0.20458246772303318,8.3407303986702,0.38098536669841543,0.21794074907301553,0.0007985380262010289,0.20600195265534293
independent_graph,4,kefrin_cosine 0.3,0.4002992803834637,6,0.12831858407079647,0.24668141592920353,0.07052937757242934,159.66283527798822,2.5661862331029552,0.7207851250678864,0.3962596275062174,0.11021937210762765,0.37967704742968383,0.24038746057946384,8.800130787959782,0.41969001645164083,0.2312697771466804,-0.001765236773968809,0.24174461767150984
independent_graph,4,canus_euclidean 0.3,0.2741871497775706,6,0.13053097345132744,0.20907079646017698,0.06426956628583533,149.2552899089485,2.6773887265578895,0.7388056409658061,0.3113487184261267,0.11082617950313225,0.3009637857444766,0.15312674481121713,5.575034630913207,0.32435708719369644,0.14544015141367522,-0.0008145674231741229,0.15396843774999408
independent_graph,4,canus_cosine 0.3,0.3586118512312661,6,0.12168141592920353,0.22898230088495575,0.0621774636009159,155.84234338531073,2.81025770210087,0.7245865180222817,0.38762471392312925,0.109591469393931,0.3718292718625351,0.21501174308017776,8.490712057107354,0.3905965884492164,0.22065827270839172,-0.000511334114620246,0.21474473295917715
independent_graph,4,dmon 0.3,0.3166603445767352,6,0.15210176991150443,0.17699115044247787,0.06262037410836874,153.1019194947366,2.7293318443203383,0.7268554599643036,0.384908240240754,0.1110441781541376,0.3691309134750282,0.2183504070467373,8.379069596955489,0.385487921032124,0.21878622190310154,-2.7304769745190027e-05,0.21890790730121812
independent_graph,4,fused_spectral 0.3,0.5127161174409296,6,0.06803097345132743,0.2776548672566372,0.07166788353228692,143.34715391903438,2.5350980297285943,0.7517490555057483,0.4700663864354648,0.10515991638593478,0.4479245180992532,0.3176778361750178,11.652661738915155,0.5112130920426011,0.30352998983052243,-0.0007536276252248092,0.3181453109089912
independent_graph,4,refined_spectral 0.0,0.315285333929498,6,0.05752212389380531,0.314712389380531,0.1033176206242571,150.23238951384852,2.3584696921834385,0.755846111290998,0.33077985816036953,0.10221231380421576,0.3199620145479744,0.19440091802481552,6.26491981958367,0.41120443328426703,0.1637335114673873,-0.0027780310982833123,0.195282208157465
independent_graph,4,refined_spectral 0.1,0.3119029550022001,6,0.0586283185840708,0.3125,0.09925684268845995,150.3480322201243,2.4300146018548596,0.7523174695000671,0.34558461198442797,0.10128693027580751,0.3338971420401458,0.19892947712368272,6.838614639738858,0.41302277253441855,0.17767590693202837,-0.0007964077941802761,0.19795504404761877
independent_graph,4,refined_spectral 0.2,0.3508000176364822,6,0.08794247787610619,0.21460176991150443,0.08065706795312179,159.66500191334507,2.3773483523066488,0.7266422031511998,0.39066049215899507,0.10597849082885392,0.3751295260524173,0.2261590378562279,8.611374560151722,0.40687505411723957,0.2241310759385824,0.0011697603994136885,0.22642785635242133
independent_graph,4,refined_spectral 0.3,0.4620542138757154,6,0.08019911504424779,0.27488938053097345,0.08170874132393173,161.35308779479163,2.373003178757077,0.7234856485285622,0.4306550443699489,0.10549465644321607,0.4119398720398139,0.2695158002696384,10.138814524240487,0.458048315871504,0.26643708861661874,4.5648300389514174e-05,0.27197371204268644
independent_graph,4,refined_spectral 0.5,0.6127608170337719,6,0.03816371681415929,0.3163716814159292,0.07169100905217758,149.00039347632207,2.5950607263015515,0.7312295401906207,0.5915941797106943,0.09569061880696031,0.5598983280057231,0.37238786220070064,16.437458871213337,0.5822149103818512,0.4236669256150042,0.00411762035871302,0.37056771794919063
independent_graph,4,refined_spectral 0.7,0.6478938089202427,6,0.03373893805309734,0.33517699115044247,0.07021132680319322,146.25535222886958,2.62273540582361,0.7364639846156924,0.6183952124111717,0.0940408363727153,0.5844092418528688,0.38673401299800414,17.562255710331893,0.603169105550264,0.4511194933942882,0.00444510173017218,0.3861814111760781
independent_graph,4,refined_spectral 1.0,0.6532777765186433,6,0.03373893805309734,0.336283185840708,0.07005809143085133,145.93286178746015,2.6214079327597983,0.7373391740493549,0.6209776556985235,0.09412745366467938,0.5866852872701571,0.39009980634116054,17.659444452240415,0.6071521343839293,0.4541528253131878,0.004301100615553111,0.3896561741194204
no_spending,0,truth,1.0,6,0.03373893805309734,0.3633849557522124,0.059417047249657136,136.03982076613923,3.0378103950452204,0.7113608998790092,0.1690399189299805,0.09625465674162201,0.16633352618978767,-0.0026581990981289698,0.09190541722503,0.2281832772673084,0.0022552023638793828,0.0004400214971644334,-0.00286265831356574
no_spending,0,kmeans,0.36514710047171417,6,0.11006637168141593,0.21183628318584072,0.09491174253312568,184.0351239313952,2.414230745591446,0.669388008639359,0.22916955587459983,0.10905521131629864,0.22358177023617434,0.06286623890559812,2.2578665336819164,0.23756386663946316,0.06317330695048887,-0.0002846243416524258,0.06353602373441113
no_spending,0,ward,0.20832300245131916,6,0.09070796460176991,0.2782079646017699,0.06420775219369075,143.5598309096685,2.6363625149388636,0.7159728102150749,0.24150581981386685,0.10356567567080974,0.23561274144958483,0.07622602652552425,2.7110796431588438,0.27980438791551915,0.07623036763412164,-0.0006846327159177878,0.07765478263292756
no_spending,0,gmm,0.3287767031007272,6,0.12334070796460177,0.23119469026548672,0.0458659546588517,147.97938845357376,3.6069130971590244,0.724110775007452,0.23242290866065055,0.10964216209610338,0.22664717921493185,0.06775644930781428,2.36700695617206,0.2425223423078282,0.0666302729171751,-0.0004087020459205143,0.06902706336302222
no_spending,0,spectral,-0.0013950411005494551,6,0.11006637168141593,0.2245575221238938,0.002054488105848226,31.977122105803637,4.856339112817186,0.9475115760927513,0.8317897893191852,0.1100701548880796,0.7620226313233031,0.6603211811539231,23.97861896575048,0.8363661729776193,0.6653836942521627,-0.0009704939717971456,0.6604563686161634
no_spending,0,louvain,-0.003098416096257751,6,0.07466814159292036,0.27876106194690264,-0.000805530493505988,34.8585054369626,4.890829097578465,0.9374816899761869,0.8691577109513188,0.11064342984597143,0.7929065880209634,0.6871903354480555,25.175770371712566,0.8798722183641747,0.7001219134629704,-0.005403188944229018,0.6849943605804367
no_spending,0,kefrin_euclidean 0.3,0.3645764062851774,6,0.11006637168141593,0.20907079646017698,0.09489413929456247,184.07484607762433,2.432009350300131,0.6718170812921026,0.236034708766627,0.10904628686138036,0.23011192499273442,0.06901705081076372,2.510155328494953,0.2434520771491144,0.06846343289522777,-0.000221393726961866,0.06836912165842728
no_spending,0,kefrin_cosine 0.3,0.29973527742103306,6,0.12555309734513273,0.2179203539823009,0.08201822638458141,172.63572153382484,2.5214926027299125,0.6770409017724893,0.27663317067395216,0.10932703398148713,0.2685124195945359,0.10830950862089378,3.9721630861821233,0.2825817394390671,0.1120051313623095,3.6682806395418877e-05,0.1101846848181868
no_spending,0,canus_euclidean 0.3,0.37111194105000733,6,0.10508849557522124,0.2002212389380531,0.07876937629905063,174.33519268603925,2.7610014156653513,0.6760835976425293,0.22670132820465727,0.10995316704766664,0.2211878820461697,0.06165130011513991,2.16264234481534,0.2338081790472829,0.06165235852727893,-0.0004224338100160957,0.06309957930467291
no_spending,0,canus_cosine 0.3,0.2785087526934523,6,0.11780973451327434,0.252212389380531,0.07682285677119868,168.98272213246545,2.539992995308614,0.6777621516894894,0.2527545222051886,0.10809974432679957,0.24603225685090868,0.08046118357196451,3.110937308838882,0.2583591983160518,0.0874326563209687,0.000672379615580615,0.0814793879507715
no_spending,0,dmon 0.3,0.2146380797814648,6,0.15873893805309736,0.1886061946902655,0.06219332316623216,149.16337597840663,2.66811675303807,0.7202069805572705,0.32702413579350903,0.11102788749716731,0.3155663023631674,0.15759816621840994,5.795725799827484,0.325043738050113,0.16031272091719784,-5.842270273223593e-05,0.157517957164083
no_spending,0,fused_spectral 0.3,0.03103520219174909,6,0.1377212389380531,0.23119469026548672,0.008711932492715638,62.69136798166505,3.528292393816356,0.8766856934893186,0.5515558063059968,0.11064993776750691,0.5198307362718726,0.3915310814819509,13.873644482877545,0.5656750549685308,0.3868375508193444,-0.0009917486272141562,0.3933705823713962
no_spending,0,refined_spectral 0.0,0.2969625383872574,6,0.061946902654867256,0.26548672566371684,0.10486492722129519,169.2989341388142,2.43756727094062,0.7106850106789293,0.24613469107224736,0.10305952902588265,0.24004556906215666,0.08177118681671007,2.8780261474304116,0.2848034196824882,0.07905782587069962,-0.001407459253378096,0.08097295768240767
no_spending,0,refined_spectral 0.1,0.27993615242599657,6,0.08904867256637168,0.2345132743362832,0.08521354052795493,172.43304348159097,2.437599518505315,0.6908978738010099,0.2952746566393703,0.10666935667720993,0.2862584438047744,0.12581248562140424,4.645648819854486,0.3084571805660037,0.1323955762552768,0.00032105660031951644,0.12981914772835826
no_spending,0,refined_spectral 0.2,0.2584166856313449,6,0.08628318584070796,0.23561946902654868,0.08062410283281785,164.09723348637087,2.4474508866735647,0.7086862003199857,0.3313762521415531,0.10567541231447304,0.32016462421341546,0.1529580230932364,5.96763192955331,0.3357102426082558,0.16547555782272824,0.001349309071699098,0.1538110819234192
no_spending,0,refined_spectral 0.3,0.17435493310395203,6,0.11504424778761062,0.230641592920354,0.06724371083787566,137.17934828446764,2.838881134177477,0.7320055907357306,0.4219063479567802,0.10424626935756973,0.4041317591367009,0.23506020368930214,9.224880456964497,0.41140738692840184,0.256112549975013,0.004733020714782904,0.2357856148270787
no_spending,0,refined_spectral 0.5,0.08152661280699128,6,0.12997787610619468,0.2206858407079646,0.03473160445887324,98.15591415227505,3.6647869930164396,0.8011439989460367,0.534595801717299,0.10518852329042802,0.506134184544215,0.3524838700986116,13.194123337236313,0.5292114800947247,0.3698803115521324,0.004085287084875502,0.3546627893709075
no_spending,0,refined_spectral 0.7,0.04973707464058957,6,0.12721238938053098,0.2013274336283186,0.019434067586940114,83.05014186064264,3.2141470096789866,0.8246481130093394,0.6342328696628071,0.10761031387697836,0.5937120250372365,0.4636587432134621,16.866137042486653,0.6349241420012417,0.4672986623022991,0.002647143681154332,0.4634053313788251
no_spending,0,refined_spectral 1.0,0.01868503961511474,6,0.10619469026548672,0.21017699115044247,0.009647088929602109,64.05088090735863,3.57350229251916,0.8675326200986888,0.723247630370674,0.10865434619992934,0.670552902167197,0.5509791977462997,20.02802599329115,0.7251091780690216,0.5577637289947799,0.0007692787782192095,0.5522526426992386
no_spending,1,truth,1.0,6,0.03373893805309734,0.3633849557522124,0.06616517642135454,139.47576860560517,2.7767733761052695,0.7158709910312953,0.15984697182609237,0.0967591850446107,0.15741232843334022,-0.004134300824959134,-0.2428844399080555,0.2280696443916291,-0.008270505199068606,8.173674968292577e-05,-0.006372985234294138
no_spending,1,kmeans,0.3856353345031932,6,0.10398230088495575,0.21515486725663716,0.08696162383880349,179.05897741370134,2.551411717035727,0.6723401374893133,0.2095172902373336,0.10909970067824437,0.20483511316706146,0.04550512704882824,1.5244648270426517,0.22116698571019425,0.04434696661552903,-0.0002513731318802559,0.04724669482868924
no_spending,1,ward,0.30529578236684973,6,0.06858407079646017,0.25,0.05775332104256396,143.11568806642728,3.0455746328901903,0.720262954221615,0.23468893407961988,0.10343688109963733,0.22912676917199626,0.06076661829169038,2.4348180236634347,0.2552621120383828,0.06855011528775629,0.000525398714442793,0.06125441347517561
no_spending,1,gmm,0.3369318925764833,6,0.12444690265486726,0.20575221238938052,0.03071423949132602,131.63489958630507,3.8441679946134237,0.7781043462382532,0.2258945012314458,0.1099857946677975,0.22041817073136374,0.059747130650710606,2.1187256503766974,0.23099533290816956,0.06255620825020738,-4.202188223911829e-05,0.06318907210874913
no_spending,1,spectral,-0.0017328359616337423,6,0.07853982300884955,0.23893805309734514,0.004258195581464396,37.55798020221657,4.613374986371099,0.9446428843931091,0.8457079426198869,0.1098611021175518,0.773812690845738,0.6719921961524153,24.178127736814897,0.8555278760919462,0.6777725368551557,-0.0031201282369116567,0.6708771265339883
no_spending,1,leiden,-0.0012183457780363626,6,0.1084070796460177,0.24391592920353983,-0.006138764921486741,32.78614087262806,4.83187601092505,0.9451190652372266,0.8739330239704449,0.11198582348002897,0.7960273338145396,0.6990472736034234,25.29217820671968,0.8797601747160588,0.7095443086427728,-0.00449888826894046,0.7016773488626276
no_spending,1,kefrin_euclidean 0.3,0.3812259727630294,6,0.10453539823008849,0.21847345132743362,0.0903457051076052,179.06090815978385,2.5083342372416624,0.6770476561816727,0.21391537161691598,0.10885540624192382,0.20904752345525918,0.05024773818262977,1.6822551143287325,0.2276322119158215,0.04923130988587318,-0.00029919766485798915,0.05221710714057439
no_spending,1,kefrin_cosine 0.3,0.3186933392712196,6,0.1388274336283186,0.22234513274336284,0.07339185139070845,168.81763838210506,2.716357406259118,0.6811441407951364,0.25299692586537875,0.11000492382518137,0.24614644685720846,0.08555858229430843,3.093347284952021,0.256511563150552,0.0853554368329775,-7.246838843451286e-05,0.08482542832730477
no_spending,1,canus_euclidean 0.3,0.3690559695307524,6,0.1084070796460177,0.21073008849557523,0.0823262908388552,170.00329169710355,2.7153669190697483,0.6834192692463819,0.2396867929726263,0.10958794325738615,0.23355212993404026,0.07495135328421944,2.631901913206166,0.24991144893725342,0.07450209300667829,-0.0007775735082172636,0.0763345365775006
no_spending,1,canus_cosine 0.3,0.31716144665497564,6,0.144358407079646,0.2195796460176991,0.0709838805841977,167.0005942847958,2.756005086209153,0.6817402886984417,0.26254097178645647,0.10964087173642506,0.2551951237478839,0.09149999592846583,3.408263247826557,0.26183328121280636,0.09853190810346094,0.0007112135163491462,0.0939548529565378
no_spending,1,dmon 0.3,0.24091131609817065,6,0.15597345132743362,0.1786504424778761,0.06666562563885432,155.81369959161572,2.733734407881228,0.7127825475486557,0.3188477630801316,0.11037614989983133,0.3080079801764464,0.15231344467583144,5.444779484343298,0.3196413280592712,0.15225671229496285,0.0006484136307062099,0.15239464653213927
no_spending,1,fused_spectral 0.3,0.01685761335134828,6,0.03705752212389381,0.3108407079646018,0.02122896715291034,57.87905618580377,3.614660266245409,0.943843732516361,0.6182646046618671,0.10005707467226937,0.5822458582690169,0.4385635191883677,15.845289221602677,0.6565990165253127,0.4524345033944901,-0.0013817409947959325,0.43925491854693655
no_spending,1,refined_spectral 0.0,0.31487503543566187,6,0.054756637168141595,0.2936946902654867,0.10481465698815284,163.56399947854595,2.5768612527965087,0.7139650730170717,0.24964554854742035,0.10131300530454562,0.24348718762150096,0.07722902999140878,2.988296926700816,0.28492587638426237,0.08246985841206114,5.6385573882669626e-05,0.0770675242722011
no_spending,1,refined_spectral 0.1,0.29600356326375643,6,0.08296460176991151,0.2831858407079646,0.09654916144342421,163.70456936431893,2.5741787467406723,0.7222293847074471,0.2915501146900434,0.10256861671535421,0.28308477806917187,0.10918093303577689,4.44641546479244,0.31117762228289086,0.12631437602252069,0.0010331474258226253,0.11121386239412982
no_spending,1,refined_spectral 0.2,0.2825671677572075,6,0.08185840707964602,0.31194690265486724,0.07854009386057008,152.134505518336,2.660353939582347,0.7345970496581771,0.36532624289324006,0.09749097915654695,0.3527622576911062,0.15972672063331722,7.024917691831859,0.37469897341771735,0.19869997299435832,0.004514891320167552,0.15926486090931896
no_spending,1,refined_spectral 0.3,0.12390463999386306,6,0.0586283185840708,0.3235619469026549,0.04573452965589985,108.5479691171517,2.9037867985288845,0.8240692982922697,0.4976252243158292,0.09682735174317877,0.47474999737566154,0.2976581163301483,11.738452101404514,0.51271140397286,0.3312644412812599,0.00361196429319377,0.29786466230742564
no_spending,1,refined_spectral 0.5,0.06625342469738423,6,0.08130530973451328,0.3053097345132743,0.03383149579385183,90.00281925402388,3.206127228194395,0.8432922186368221,0.6101717866440363,0.09899680118065907,0.5754138795728007,0.41462592564498807,15.69971756078342,0.6177144488058341,0.4449588508282088,0.004373392265113921,0.41604269030914803
no_spending,1,refined_spectral 0.7,0.05160785341746365,6,0.084070796460177,0.28650442477876104,0.026514092300218676,82.79738084717245,3.4008831151637486,0.8355647991134929,0.6758815300115968,0.09856962308171018,0.6336658329097049,0.48062908389797887,18.112780311752882,0.67032139236158,0.50947960232214,0.00780285987672269,0.4811028118604405
no_spending,1,refined_spectral 1.0,0.03347559943284015,6,0.07300884955752213,0.25995575221238937,0.01697194583302275,70.8179202923449,3.58685096238383,0.865342316834111,0.7244278595268888,0.09817923215055915,0.6763250701202461,0.5309026471373309,19.94697122341416,0.7166490723673612,0.5579670754753641,0.007992094743891218,0.5304320177898603
no_spending,2,truth,1.0,6,0.03373893805309734,0.3633849557522124,0.06636800220838315,142.3043111761277,2.732613552901593,0.6974674298756945,0.16250752925674386,0.09646663607869477,0.15999929161224594,-0.003938384717211007,-0.14819831903971264,0.22954309588438374,-0.002050713430234913,0.0001146327760986332,-0.002355121840578331
no_spending,2,kmeans,0.41779025623664884,6,0.08960176991150443,0.22898230088495575,0.09604693591803934,184.60707478626858,2.3713995083121433,0.6682089400705774,0.20784000570401073,0.10753550249233236,0.2032962969846018,0.04283698112514109,1.4823488259858881,0.224316930003705,0.04166910866185394,-0.0006081964962065117,0.043637516337642325
no_spending,2,ward,0.26118764328239086,6,0.07964601769911504,0.28263274336283184,0.05511064476149786,140.75631934412237,2.9874357973955923,0.7217473929991512,0.23792051535085337,0.10380384526576751,0.23218619787811437,0.08148077061140353,2.5357841998984565,0.28594707690424453,0.0716474065378295,-0.0013725876852557217,0.08241681369187169
no_spending,2,gmm,0.27043941543318517,6,0.09623893805309734,0.25276548672566373,0.035547691529235016,127.54567216666774,5.860437779755061,0.7734943324371683,0.22412004942606686,0.10718117499889042,0.218862651142623,0.06270072268883525,2.0742905227382176,0.2478057839387332,0.058890325950348044,-0.0005685220252286405,0.06377046761727684
no_spending,2,spectral,0.0003465602016090538,6,0.11338495575221239,0.22289823008849557,0.0012483061223342706,29.29620733243128,5.578595712944633,0.9615451017273587,0.8186683874514523,0.11086742002318759,0.7505460839036133,0.651065521529894,23.223499539304132,0.8279211526057982,0.6549841320224759,-0.0019331255422850163,0.6541176613362754
no_spending,2,louvain,0.0010891041856367105,6,0.08185840707964602,0.2665929203539823,0.0013340774110312185,30.910156290154323,5.484164328986227,0.9542893775337954,0.8730767692798703,0.10640547355992049,0.7988623403565706,0.6801595224961496,24.83506344348651,0.8817783494711948,0.7054558400688696,-0.0027921302219550276,0.6792058619382816
no_spending,2,kefrin_euclidean 0.3,0.4038542904230793,6,0.103429203539823,0.2234513274336283,0.09497339015131041,184.45651265898633,2.387757836693305,0.6658233587151177,0.21136333691943424,0.10855519809074884,0.2066224693020578,0.04669464334403173,1.606850138267446,0.2248052697870339,0.046128271435585205,-0.0006129074715447436,0.048238232205735455
no_spending,2,kefrin_cosine 0.3,0.30471822785358177,6,0.11836283185840708,0.22234513274336284,0.0788587483040785,173.52108265416982,2.6834382884171855,0.6738366738456439,0.23898591859802268,0.10956040700026169,0.23288811715023597,0.0727360192794104,2.6020563459267967,0.2465845527476934,0.07190698391973391,-0.00031554831463161126,0.07192687236158499
no_spending,2,canus_euclidean 0.3,0.34673400800176674,6,0.10176991150442478,0.24004424778761063,0.07780380519134723,170.23058018768032,2.8327992588034303,0.6705907664351543,0.2207274604373506,0.10867040217059241,0.21555699357990898,0.060924769431826134,1.9416892366156144,0.2406807461382382,0.053919050946633434,-0.0008414865336773825,0.06087705162126667
no_spending,2,canus_cosine 0.3,0.32270628415488994,6,0.11946902654867257,0.2179203539823009,0.07160251402247766,170.30086159442348,2.7543901840055476,0.6745966758245541,0.23480748705219964,0.11004478879223499,0.22889304184714687,0.06924333788664092,2.4497151917010305,0.2419175500308462,0.07046461945292226,-0.0005256523931023854,0.07171157587773172
no_spending,2,dmon 0.3,0.22205113234825355,6,0.15265486725663716,0.18307522123893805,0.06069893947004288,158.53819954753402,2.983819499556714,0.703722727883571,0.32923264428007265,0.11449469345903064,0.3172729176942761,0.16594969430551273,5.811333158090631,0.33341966877576257,0.16267044975152936,-0.003516324007392699,0.16593217555641387
no_spending,2,fused_spectral 0.3,0.05693376267326192,6,0.029867256637168143,0.25110619469026546,0.025215372134503568,67.97493366919795,3.5707818708524806,0.8779585668026076,0.5645168596507685,0.09852740341781878,0.5347726040061127,0.3718025222796934,13.710166358334192,0.5776109803634917,0.39754066251884823,0.0007289800842271571,0.3715437843395739
no_spending,2,refined_spectral 0.0,0.2849196316352365,6,0.06747787610619468,0.23893805309734514,0.09591151331143062,171.15358780877966,2.676898254425709,0.7136367783571218,0.23624572106673805,0.10491381789047363,0.2305318866925351,0.06787521304768661,2.499312868880016,0.2566861256494289,0.07080321551032187,-0.0002644322417386519,0.06922833209327808
no_spending,2,refined_spectral 0.1,0.27277148240137183,6,0.11117256637168142,0.2361725663716814,0.08577030516501022,168.92512789601523,2.7242042075188,0.6815379191409965,0.2900123399748535,0.10833243278561382,0.2811783509952624,0.12091240820886631,4.3958355494134596,0.2959606061119616,0.12414680798768374,0.0009478228556041302,0.1219885203600313
no_spending,2,refined_spectral 0.2,0.25263834300097904,6,0.07079646017699115,0.25829646017699115,0.0812322894035384,158.06438218554112,2.9087324316331373,0.6964125124213099,0.3278486037210307,0.10394093186252537,0.3170447063345655,0.1594239408587514,5.73105538398896,0.3490407968915622,0.1614521741362765,0.0017097603988401322,0.15956975308299406
no_spending,2,refined_spectral 0.3,0.1886741535493751,6,0.03595132743362832,0.26935840707964603,0.07233425850456057,126.69290033662944,2.851505725693729,0.773181710288939,0.4452921259865212,0.09580062634737925,0.42707348518803556,0.23955519400480926,9.61230173934366,0.4448593023445123,0.2783733435430633,0.004743937099716072,0.23890737987383068
no_spending,2,refined_spectral 0.5,0.09688719771825453,6,0.053650442477876106,0.2665929203539823,0.04145331167082855,94.94229834937116,3.1818255657391017,0.8326365001074824,0.574859035247337,0.10125908078649702,0.5432373532489282,0.3868183855171914,14.307346497350995,0.5884799777788242,0.4087846786947866,0.0016837779235947675,0.38727178548493635
no_spending,2,refined_spectral 0.7,0.06726591768159076,6,0.07798672566371681,0.27599557522123896,0.022175867977505922,77.76576473715315,3.81739674941242,0.855539368247001,0.6126084002378086,0.10389488077783751,0.5759509228616086,0.42614580103035155,15.585063000422352,0.6290971580107878,0.446698714322579,0.0005064303730289016,0.4270537650719382
no_spending,2,refined_spectral 1.0,0.05377540125439208,6,0.103429203539823,0.22732300884955753,0.009925680309631844,67.16359926841591,4.1205744911299185,0.869065436102876,0.6749824552323745,0.10768218845038578,0.629246557715545,0.503810234830865,18.074959277929082,0.6825642481239466,0.5087549487099894,0.0007953381165976409,0.5042759783843552
no_spending,3,truth,1.0,6,0.03373893805309734,0.3633849557522124,0.06360774928316884,145.18494282286952,2.6965799914126602,0.6955767250185633,0.1667905553534359,0.09707993515143096,0.16413291255832185,0.0028904574124984945,0.005346106525100506,0.2353843234440512,0.0013254841487247704,-0.000311747261676279,0.0034659051287046164
no_spending,3,kmeans,0.39095001178714855,6,0.10121681415929204,0.21847345132743362,0.09515159367317455,185.91657629817445,2.413111847475745,0.6736684519557673,0.2011650224755915,0.10802951882687145,0.19688633576472095,0.037598239017886434,1.2277743392775347,0.21748023045521953,0.03325047245726437,-0.00021863307497914375,0.03649761446963359
no_spending,3,ward,0.2395993783817568,6,0.10287610619469026,0.2754424778761062,0.045389066302777746,142.23450900389852,3.214265765528584,0.7185081524129572,0.2322641631828136,0.10692774746111176,0.22663555942167443,0.0702566474449618,2.330671068427429,0.2600616567556698,0.06537421943284782,-0.0008739163584296078,0.07031082791011878
no_spending,3,gmm,0.3526549171429999,6,0.12278761061946902,0.22234513274336284,0.045491656520880316,151.95939654645903,3.755618094261427,0.7221935530351916,0.21204816131585344,0.11007256308463992,0.207211698414939,0.04834805097012155,1.6181013981425267,0.22112705013436976,0.04396380940479375,-0.00032350987716553425,0.04706047738929221
no_spending,3,spectral,-0.00023111062641832032,6,0.049778761061946904,0.2461283185840708,-0.005651297026328681,28.000579409042388,5.76776738801387,0.9567340057914687,0.8061342996907287,0.10921246343136794,0.7409050810196937,0.6366134525682653,22.745014582996134,0.8277781871847856,0.6384437197823782,-0.005275249925356301,0.6357979876391022
no_spending,3,louvain,-0.0010992543306632507,6,0.06969026548672566,0.2295353982300885,0.003100028950253829,32.122935199739295,5.002300490223214,0.9603944668738034,0.8696572113861212,0.10750666708232234,0.7953013482497563,0.6866341918492294,24.882026728890832,0.8743328692669686,0.7045849769960063,-0.0019279735581140267,0.6881947776204729
no_spending,3,leiden,-0.0005881809023363056,6,0.06526548672566372,0.2488938053097345,0.002614630431305506,31.643031363183386,4.887150420338596,0.9464783386925354,0.8755437593349337,0.10862067949932287,0.7995087516562875,0.6954287414949814,25.309135937782134,0.8812450200024791,0.7099881610863498,-0.0031372024454374564,0.6967721838456759
no_spending,3,kefrin_euclidean 0.3,0.3739745300103514,6,0.11117256637168142,0.2195796460176991,0.08913942982874172,185.35143173842624,2.6109772003780374,0.6755681207088754,0.23252036871936108,0.10914937430750797,0.22676519223552755,0.06481287924843553,2.328276510733759,0.23912778142836452,0.06659347553933959,0.0002641210774434466,0.06554354472011512
no_spending,3,kefrin_cosine 0.3,0.27199346222584025,6,0.11449115044247787,0.2605088495575221,0.08625711661320948,170.46346190855687,2.7040552435542544,0.6845346350619897,0.28457163713130196,0.10699908491657813,0.2761627828561298,0.10687689600711214,4.1929425152685855,0.2866561360120129,0.11728837455461699,0.0015174217200777107,0.10626623719328387
no_spending,3,canus_euclidean 0.3,0.38873872593918163,6,0.09955752212389381,0.26216814159292035,0.08582510394509776,178.6057752400649,2.5199000269012277,0.6772529126326597,0.22721849383687284,0.10758597509436685,0.2217965608585305,0.05980275195940635,2.185952411916525,0.24239676870306748,0.06347167068601117,-0.00033501130354793296,0.06299449926839537
no_spending,3,canus_cosine 0.3,0.3199776985717552,6,0.1377212389380531,0.23008849557522124,0.07592890006827523,173.25406981605101,2.7869648128354547,0.6840376381223433,0.2682374847375923,0.1090929964003107,0.26061126144836266,0.09762116581895769,3.599405520556874,0.27066845499290704,0.10128605141951127,0.000793258595229912,0.09733663521320471
no_spending,3,dmon 0.3,0.24220145002237098,6,0.1515486725663717,0.18307522123893805,0.06095476183908706,156.4838297998368,3.112339428673381,0.7089559182823273,0.3512909688779371,0.10939259490426118,0.3382909123541547,0.1840425004451991,6.613799720483726,0.3512768920143543,0.18513154092007328,0.0015265879105525182,0.18461604000870577
no_spending,3,fused_spectral 0.3,0.046630766713103664,6,0.13219026548672566,0.21349557522123894,0.020763761886257583,80.46959420996615,3.4982116602648268,0.8395852774203655,0.5705866411244263,0.1101329630357074,0.5368507280024131,0.4015692471917653,14.363285611144287,0.572821344631666,0.40600172973800996,0.00018078730579434987,0.4035865604005577
no_spending,3,refined_spectral 0.0,0.32514277537540526,6,0.0420353982300885,0.28263274336283184,0.10726960760200303,169.0194646088068,2.452922797783343,0.7253383429874858,0.24096206105184068,0.0992239445525148,0.23533537895379344,0.07361206461178822,2.6419181396852434,0.28660490358331187,0.07472392902923261,-0.00021917832846575502,0.07390962153351982
no_spending,3,refined_spectral 0.1,0.2906893062003734,6,0.11504424778761062,0.21515486725663716,0.08290880152110772,176.45973301699394,2.7525407742298005,0.6860534393844344,0.29315779758024857,0.10912971726981952,0.2840697727654905,0.12995768860150406,4.540077915397976,0.3021167207716686,0.1265424381634919,0.0005931371069807095,0.1299310726839645
no_spending,3,refined_spectral 0.2,0.2421768951521553,6,0.12278761061946902,0.24944690265486727,0.08581570803616517,165.2025890133899,2.777689909065053,0.6933832215575482,0.3472770377533784,0.10758738191190205,0.3347691815933264,0.17911655639959753,6.436304880854923,0.35648454379209654,0.18116045586919083,0.0013612036417025575,0.17954806804705656
no_spending,3,refined_spectral 0.3,0.18880122626840742,6,0.12334070796460177,0.24446902654867256,0.06704590538001763,148.5103477254011,2.9504419188737567,0.7131539502433207,0.4249087194935548,0.1048646620793425,0.40678330585300604,0.2414197929957741,9.235307416902037,0.41717769134475985,0.2589273320935056,0.004394013391480031,0.24199846684546206
no_spending,3,refined_spectral 0.5,0.045396327577434135,6,0.10121681415929204,0.24778761061946902,0.022728862814816418,78.08320000796022,3.8435468239803363,0.8467601564427918,0.6367398772943318,0.10646167414898469,0.5963165373113946,0.452316788990356,16.653406334279317,0.6339805331198435,0.47052154362573173,0.0014711492860383646,0.4523414929193045
no_spending,3,refined_spectral 0.7,0.03213204423473644,6,0.10453539823008849,0.24336283185840707,0.012685235569318644,71.43914933864376,3.6148912043327073,0.8562144599091535,0.6886420421139351,0.1068278713972093,0.6414528191351416,0.5043011498387778,18.526073243913412,0.6858517916516937,0.5247950360665828,0.001169344547722953,0.5074432655620089
no_spending,3,refined_spectral 1.0,0.025756831903187387,6,0.08738938053097345,0.22013274336283187,0.0035683765680244693,62.08938550144977,3.84472704941767,0.8673179757124267,0.6815521971556654,0.11269028375287386,0.6329396999215293,0.5314342696177953,18.289812136326745,0.7113558470076087,0.5154570586792495,-0.004870876227025325,0.5320125696504551
no_spending,4,truth,1.0,6,0.03373893805309734,0.3633849557522124,0.06769685797699398,142.60065110046213,2.7186573500230913,0.7196694235424651,0.16416969696222192,0.0963737750606681,0.16161271656808335,-0.0020995504474778707,-0.08791752593362193,0.231215897201792,-0.0011777294803567429,0.0002772240693129785,-0.0014850088686577056
no_spending,4,kmeans,0.3731292782721282,6,0.10896017699115045,0.19524336283185842,0.08914434695981231,184.9859247065285,2.500390440252005,0.6685238285595976,0.21439574370067796,0.11010112478324027,0.2094515943023843,0.05006686156727391,1.70868674716206,0.2211440766377891,0.04756985479479636,-0.0002495927560571265,0.049902076798097855
no_spending,4,ward,0.20701830663171328,6,0.08130530973451328,0.3086283185840708,0.05079441082882341,136.9168663001934,2.6866157108074877,0.7282216565998353,0.22930878201018523,0.10269915234962775,0.2240328492867902,0.06107053854421487,2.282509603690753,0.26974250041097025,0.06457582499291037,-0.0003934581689515604,0.06274710649765215
no_spending,4,gmm,0.33958734675569,6,0.10785398230088496,0.23561946902654868,0.05590189514142481,142.49164958368246,4.237281597865628,0.7694403747754742,0.24281962515512912,0.10847504654883419,0.2365879298069274,0.06979332970828916,2.7433107862489674,0.24599767214398527,0.07801878557863642,0.000288938250219431,0.07138765248203062
no_spending,4,spectral,0.002142655806725821,6,0.1388274336283186,0.19911504424778761,0.004461201645589096,31.781856952779606,5.250437415430761,0.9587576507731855,0.828055920047413,0.11158841222569589,0.7580143028650576,0.6588398046244794,23.707764151755416,0.8281383821933725,0.660299757983537,-0.0012087598936732363,0.6578578245353363
no_spending,4,leiden,-0.0028624824458425772,6,0.035398230088495575,0.28207964601769914,-0.013386592495841143,33.07103178950673,4.993987242451019,0.9178325821490139,0.8764019644663087,0.10637037044748743,0.8016679148106765,0.6807658502083976,25.117682251423492,0.8906394092259041,0.7107407488214146,-0.007119678827132325,0.682217098565473
no_spending,4,kefrin_euclidean 0.3,0.38231597566105535,6,0.11117256637168142,0.19247787610619468,0.08996093708787439,184.66051023982138,2.4771778886686326,0.6694125180863348,0.22775389529594792,0.11030215712545041,0.22217253335702525,0.06386213780577404,2.200158140397899,0.23493085385139154,0.061602898001812095,-0.0004703949758523007,0.0645387884775357
no_spending,4,kefrin_cosine 0.3,0.3109903088395797,6,0.11946902654867257,0.25663716814159293,0.08144509516524763,173.81196348381664,2.561191174373475,0.6749987795605595,0.2621561607154671,0.10886439539186915,0.2548819640556788,0.08989034457280831,3.4307290610191106,0.26801956389188064,0.09453501397729774,-4.105484294000816e-05,0.08907207705351813
no_spending,4,canus_euclidean 0.3,0.3195463530997487,6,0.11504424778761062,0.22013274336283187,0.07780262800241144,171.7269100828613,2.9061885168181814,0.6932190430603955,0.22284262734562676,0.10867643104159203,0.217573488851925,0.05428819415177314,2.0062386121728752,0.2305923649125073,0.05658862504650852,0.00035964573278005063,0.0545676534848739
no_spending,4,canus_cosine 0.3,0.28861454698783845,6,0.10896017699115045,0.2372787610619469,0.0692977335724566,169.42580619150945,2.683261921420536,0.6780119721150735,0.2512400667908331,0.10931369515497726,0.24452445211096785,0.08220816221946861,3.0408386454633085,0.2573904891845718,0.0852575320697056,-0.00022553020454915695,0.08257790423601118
no_spending,4,dmon 0.3,0.17997429068489343,6,0.1592920353982301,0.18307522123893805,0.06956469302392518,150.31193602374097,2.8625308508005816,0.7210614343046672,0.360257583346572,0.11036499168183139,0.3464815379657142,0.19226667676909978,6.976339357919242,0.3595527283926995,0.1934420454983736,0.0006693327978753161,0.19211214303832957
no_spending,4,fused_spectral 0.3,0.024678766087470286,6,0.0790929203539823,0.2665929203539823,0.011862299968412636,54.87078741416198,4.411371985094923,0.9195387481545664,0.6082740941261363,0.10664534127281498,0.5712193258831972,0.43990116585620564,15.880817094501314,0.6314095626278806,0.4428706078635472,-0.0012424816461774901,0.4411716623412376
no_spending,4,refined_spectral 0.0,0.3205879711301865,6,0.07079646017699115,0.29314159292035397,0.08307895087840364,166.84513435959627,2.6394721953343563,0.7046249991869594,0.27125492135882195,0.10105166342881373,0.2640179874020704,0.0893282835854143,3.929404322587187,0.2946106739721961,0.10552359168178582,0.001043363598537489,0.09040644808300634
no_spending,4,refined_spectral 0.1,0.2925893773961458,6,0.08738938053097345,0.2776548672566372,0.08683581128647704,165.55537363718497,2.7251663100456347,0.7101293668623093,0.2909887350572473,0.10337160786117944,0.2824914012193494,0.11616472030949722,4.562554329883148,0.3138740805147624,0.12318108698651667,0.0007541600581818242,0.11480443522342744
no_spending,4,refined_spectral 0.2,0.26036064458056485,6,0.10785398230088496,0.2461283185840708,0.09047471128425928,167.06411164854896,2.523164725354461,0.7005959068992399,0.3719564710461021,0.10445105303703861,0.35804594046164273,0.19190086508097634,7.5047554060320145,0.37393458673971147,0.205805910868267,0.0028636524812929026,0.19244231711189702
no_spending,4,refined_spectral 0.3,0.13558108768037463,6,0.08130530973451328,0.25055309734513276,0.04300446679892733,114.54880478280647,3.2504900261735554,0.782373671283571,0.48278134426607283,0.10249697487425938,0.46001798570420843,0.2922791269934245,11.580585036517443,0.48419640640395084,0.31879285563853144,0.0018716244825534578,0.2951168360574744
no_spending,4,refined_spectral 0.5,0.07276628412747495,6,0.09347345132743363,0.24668141592920353,0.02344556636990952,83.48293281765393,4.027889809790027,0.8463141097344289,0.6129783395558658,0.10350506569162446,0.5764073870654228,0.4242618424971073,16.082838791685628,0.6129713423944381,0.4455857598597051,0.0024192827533432992,0.42339697992860853
no_spending,4,refined_spectral 0.7,0.04739258969408973,6,0.10785398230088496,0.26382743362831856,0.016594239390842494,72.23882716666476,4.2261511379015095,0.8586964317086934,0.6572352484453708,0.10716901442869012,0.613988792033587,0.4859469090131165,17.636841377879787,0.667758399440911,0.4930464264402419,0.0007659994918623458,0.4883478844308353
no_spending,4,refined_spectral 1.0,0.034949063653178083,6,0.11946902654867257,0.1963495575221239,0.012961643514168009,64.86927175096089,3.8087293717540196,0.8748108888935081,0.7020381421042262,0.10616725966840403,0.6533422778297087,0.5264952109398877,19.10738499871045,0.6973033505464226,0.5369955001611477,0.003972167289041165,0.528120987600064
