territory_id,period,type,name,region
1,2023Q4,2,городской округ город Майкоп,Республика Адыгея
2,2023Q4,5,городской округ город Адыгейск,Республика Адыгея
3,2023Q4,1,Гиагинский муниципальный район,Республика Адыгея
4,2023Q4,5,Кошехабльский муниципальный район,Республика Адыгея
5,2023Q4,5,Красногвардейский муниципальный район,Республика Адыгея
6,2023Q4,3,Майкопский муниципальный район,Республика Адыгея
7,2023Q4,2,Тахтамукайский муниципальный район,Республика Адыгея
8,2023Q4,2,Теучежский муниципальный район,Республика Адыгея
9,2023Q4,3,Шовгеновский муниципальный район,Республика Адыгея
10,2023Q4,2,городской округ город Горно-Алтайск,Республика Алтай
11,2023Q4,3,Кош-Агачский муниципальный район,Республика Алтай
12,2023Q4,3,Майминский муниципальный район,Республика Алтай
13,2023Q4,3,Онгудайский муниципальный район,Республика Алтай
14,2023Q4,3,Турочакский муниципальный район,Республика Алтай
15,2023Q4,3,Улаганский муниципальный район,Республика Алтай
16,2023Q4,3,Усть-Канский муниципальный район,Республика Алтай
17,2023Q4,3,Усть-Коксинский муниципальный район,Республика Алтай
18,2023Q4,3,Чемальский муниципальный район,Республика Алтай
19,2023Q4,3,Чойский муниципальный район,Республика Алтай
20,2023Q4,3,Шебалинский муниципальный район,Республика Алтай
21,2023Q4,2,городской округ город Уфа,Республика Башкортостан
22,2023Q4,1,городской округ город Агидель,Республика Башкортостан
23,2023Q4,2,городской округ город Кумертау,Республика Башкортостан
25,2023Q4,2,городской округ город Нефтекамск,Республика Башкортостан
26,2023Q4,2,городской округ город Октябрьский,Республика Башкортостан
27,2023Q4,2,городской округ город Салават,Республика Башкортостан
28,2023Q4,2,городской округ город Сибай,Республика Башкортостан
29,2023Q4,2,городской округ город Стерлитамак,Республика Башкортостан
30,2023Q4,3,Абзелиловский муниципальный район,Республика Башкортостан
31,2023Q4,3,Альшеевский муниципальный район,Республика Башкортостан
32,2023Q4,3,Архангельский муниципальный район,Республика Башкортостан
33,2023Q4,3,Аскинский муниципальный район,Республика Башкортостан
34,2023Q4,0,Аургазинский муниципальный район,Республика Башкортостан
35,2023Q4,3,Баймакский муниципальный район,Республика Башкортостан
36,2023Q4,3,Бакалинский муниципальный район,Республика Башкортостан
37,2023Q4,3,Балтачевский муниципальный район,Республика Башкортостан
38,2023Q4,2,Белебеевский муниципальный район,Республика Башкортостан
39,2023Q4,3,Белокатайский муниципальный район,Республика Башкортостан
40,2023Q4,2,Белорецкий муниципальный район,Республика Башкортостан
41,2023Q4,3,Бижбулякский муниципальный район,Республика Башкортостан
42,2023Q4,2,Бирский муниципальный район,Республика Башкортостан
43,2023Q4,3,Благоварский муниципальный район,Республика Башкортостан
44,2023Q4,2,Благовещенский муниципальный район,Республика Башкортостан
45,2023Q4,3,Буздякский муниципальный район,Республика Башкортостан
46,2023Q4,3,Бураевский муниципальный район,Республика Башкортостан
47,2023Q4,3,Бурзянский муниципальный район,Республика Башкортостан
48,2023Q4,3,Гафурийский муниципальный район,Республика Башкортостан
49,2023Q4,1,Давлекановский муниципальный район,Республика Башкортостан
50,2023Q4,3,Дуванский муниципальный район,Республика Башкортостан
51,2023Q4,2,Дюртюлинский муниципальный район,Республика Башкортостан
52,2023Q4,0,Ермекеевский муниципальный район,Республика Башкортостан
53,2023Q4,3,Зианчуринский муниципальный район,Республика Башкортостан
54,2023Q4,3,Зилаирский муниципальный район,Республика Башкортостан
55,2023Q4,2,Иглинский муниципальный район,Республика Башкортостан
56,2023Q4,3,Илишевский муниципальный район,Республика Башкортостан
57,2023Q4,2,Ишимбайский муниципальный район,Республика Башкортостан
58,2023Q4,3,Калтасинский муниципальный район,Республика Башкортостан
59,2023Q4,3,Караидельский муниципальный район,Республика Башкортостан
60,2023Q4,3,Кармаскалинский муниципальный район,Республика Башкортостан
61,2023Q4,3,Кигинский муниципальный район,Республика Башкортостан
62,2023Q4,3,Краснокамский муниципальный район,Республика Башкортостан
63,2023Q4,3,Кугарчинский муниципальный район,Республика Башкортостан
65,2023Q4,0,Кушнаренковский муниципальный район,Республика Башкортостан
66,2023Q4,2,Мелеузовский муниципальный район,Республика Башкортостан
67,2023Q4,3,Мечетлинский муниципальный район,Республика Башкортостан
68,2023Q4,3,Мишкинский муниципальный район,Республика Башкортостан
69,2023Q4,3,Миякинский муниципальный район,Республика Башкортостан
70,2023Q4,3,Нуримановский муниципальный район,Республика Башкортостан
71,2023Q4,3,Салаватский муниципальный район,Республика Башкортостан
72,2023Q4,0,Стерлибашевский муниципальный район,Республика Башкортостан
73,2023Q4,2,Стерлитамакский муниципальный район,Республика Башкортостан
74,2023Q4,3,Татышлинский муниципальный район,Республика Башкортостан
75,2023Q4,2,Туймазинский муниципальный район,Республика Башкортостан
76,2023Q4,2,Уфимский муниципальный район,Республика Башкортостан
77,2023Q4,2,Учалинский муниципальный район,Республика Башкортостан
78,2023Q4,0,Федоровский муниципальный район,Республика Башкортостан
79,2023Q4,3,Хайбуллинский муниципальный район,Республика Башкортостан
80,2023Q4,3,Чекмагушевский муниципальный район,Республика Башкортостан
81,2023Q4,2,Чишминский муниципальный район,Республика Башкортостан
82,2023Q4,3,Шаранский муниципальный район,Республика Башкортостан
83,2023Q4,3,Янаульский муниципальный район,Республика Башкортостан
85,2023Q4,2,городской округ город Северобайкальск,Республика Бурятия
86,2023Q4,3,Баргузинский муниципальный район,Республика Бурятия
87,2023Q4,4,Баунтовский эвенкийский муниципальный район,Республика Бурятия
88,2023Q4,3,Бичурский муниципальный район,Республика Бурятия
89,2023Q4,3,Джидинский муниципальный район,Республика Бурятия
90,2023Q4,4,Еравнинский муниципальный район,Республика Бурятия
91,2023Q4,3,Заиграевский муниципальный район,Республика Бурятия
92,2023Q4,3,Закаменский муниципальный район,Республика Бурятия
93,2023Q4,3,Иволгинский муниципальный район,Республика Бурятия
94,2023Q4,4,Кабанский муниципальный район,Республика Бурятия
95,2023Q4,3,Кижингинский муниципальный район,Республика Бурятия
96,2023Q4,3,Курумканский муниципальный район,Республика Бурятия
97,2023Q4,3,Кяхтинский муниципальный район,Республика Бурятия
98,2023Q4,4,Муйский муниципальный район,Республика Бурятия
99,2023Q4,3,Мухоршибирский муниципальный район,Республика Бурятия
101,2023Q4,3,Прибайкальский муниципальный район,Республика Бурятия
102,2023Q4,4,Северо-Байкальский муниципальный район,Республика Бурятия
103,2023Q4,4,Селенгинский муниципальный район,Республика Бурятия
104,2023Q4,3,Тарбагатайский муниципальный район,Республика Бурятия
105,2023Q4,3,Тункинский муниципальный район,Республика Бурятия
106,2023Q4,3,Хоринский муниципальный район,Республика Бурятия
158,2023Q4,5,городской округ город Магас,Республика Ингушетия
160,2023Q4,5,городской округ город Назрань,Республика Ингушетия
167,2023Q4,5,городской округ Нальчик,Кабардино-Балкарская Республика
168,2023Q4,5,городской округ Баксан,Кабардино-Балкарская Республика
169,2023Q4,5,городской округ Прохладный,Кабардино-Балкарская Республика
173,2023Q4,5,Майский муниципальный район,Кабардино-Балкарская Республика
181,2023Q4,0,Городовиковский муниципальный район,Республика Калмыкия
184,2023Q4,0,Лаганский муниципальный район,Республика Калмыкия
185,2023Q4,5,Малодербетовский муниципальный район,Республика Калмыкия
188,2023Q4,0,Сарпинский муниципальный район,Республика Калмыкия
191,2023Q4,3,Юстинский муниципальный район,Республика Калмыкия
194,2023Q4,5,городской округ Черкесский,Карачаево-Черкесская Республика
195,2023Q4,5,городской округ Карачаевский,Карачаево-Черкесская Республика
196,2023Q4,5,Абазинский муниципальный район,Карачаево-Черкесская Республика
198,2023Q4,5,Зеленчукский муниципальный район,Карачаево-Черкесская Республика
201,2023Q4,5,Ногайский муниципальный район,Карачаево-Черкесская Республика
203,2023Q4,5,Урупский муниципальный район,Карачаево-Черкесская Республика
204,2023Q4,5,Усть-Джегутинский муниципальный район,Карачаево-Черкесская Республика
205,2023Q4,5,Хабезский муниципальный район,Карачаево-Черкесская Республика
206,2023Q4,2,городской округ Петрозаводский,Республика Карелия
207,2023Q4,1,городской округ Костомукшский,Республика Карелия
208,2023Q4,1,Беломорский муниципальный округ,Республика Карелия
209,2023Q4,3,Калевальский муниципальный район,Республика Карелия
210,2023Q4,1,Кемский муниципальный район,Республика Карелия
211,2023Q4,1,Кондопожский муниципальный район,Республика Карелия
212,2023Q4,1,Лахденпохский муниципальный район,Республика Карелия
213,2023Q4,1,Лоухский муниципальный район,Республика Карелия
214,2023Q4,1,Медвежьегорский муниципальный район,Республика Карелия
215,2023Q4,0,Муезерский муниципальный район,Республика Карелия
216,2023Q4,1,Олонецкий муниципальный район,Республика Карелия
217,2023Q4,1,Питкярантский муниципальный округ,Республика Карелия
218,2023Q4,2,Прионежский муниципальный район,Республика Карелия
219,2023Q4,1,Пряжинский муниципальный район,Республика Карелия
220,2023Q4,0,Пудожский муниципальный район,Республика Карелия
221,2023Q4,1,Сегежский муниципальный округ,Республика Карелия
222,2023Q4,1,Сортавальский муниципальный район,Республика Карелия
223,2023Q4,1,Суоярвский муниципальный округ,Республика Карелия
224,2023Q4,2,городской округ Сыктывкар,Республика Коми
225,2023Q4,4,городской округ Воркута,Республика Коми
226,2023Q4,4,муниципальный округ Вуктыл,Республика Коми
227,2023Q4,1,городской округ Инта,Республика Коми
228,2023Q4,4,муниципальный округ Усинск,Республика Коми
229,2023Q4,2,городской округ Ухта,Республика Коми
230,2023Q4,3,Ижемский муниципальный район,Республика Коми
231,2023Q4,1,Княжпогостский муниципальный район,Республика Коми
232,2023Q4,0,Койгородский муниципальный район,Республика Коми
233,2023Q4,0,Корткеросский муниципальный район,Республика Коми
234,2023Q4,1,муниципальный район Печора,Республика Коми
235,2023Q4,0,Прилузский муниципальный район,Республика Коми
236,2023Q4,1,муниципальный район Сосногорск,Республика Коми
237,2023Q4,3,Сыктывдинский муниципальный район,Республика Коми
238,2023Q4,0,Сысольский муниципальный район,Республика Коми
239,2023Q4,0,Троицко-Печорский муниципальный район,Республика Коми
240,2023Q4,3,Удорский муниципальный район,Республика Коми
241,2023Q4,1,Усть-Вымский муниципальный район,Республика Коми
242,2023Q4,3,Усть-Куломский муниципальный район,Республика Коми
243,2023Q4,3,Усть-Цилемский муниципальный район,Республика Коми
269,2023Q4,2,городской округ город Йошкар-Ола,Республика Марий Эл
270,2023Q4,1,городской округ город Волжск,Республика Марий Эл
271,2023Q4,1,городской округ город Козьмодемьянск,Республика Марий Эл
272,2023Q4,3,Волжский муниципальный район,Республика Марий Эл
273,2023Q4,0,Горномарийский муниципальный район,Республика Марий Эл
274,2023Q4,1,Звениговский муниципальный район,Республика Марий Эл
275,2023Q4,0,Килемарский муниципальный район,Республика Марий Эл
276,2023Q4,0,Куженерский муниципальный район,Республика Марий Эл
277,2023Q4,0,Мари-Турекский муниципальный район,Республика Марий Эл
278,2023Q4,2,Медведевский муниципальный район,Республика Марий Эл
279,2023Q4,3,Моркинский муниципальный район,Республика Марий Эл
280,2023Q4,0,Новоторъяльский муниципальный район,Республика Марий Эл
281,2023Q4,0,Оршанский муниципальный район,Республика Марий Эл
282,2023Q4,0,Параньгинский муниципальный район,Республика Марий Эл
283,2023Q4,3,Сернурский муниципальный район,Республика Марий Эл
284,2023Q4,1,Советский муниципальный район,Республика Марий Эл
285,2023Q4,0,Юринский муниципальный район,Республика Марий Эл
287,2023Q4,0,Ардатовский муниципальный район,Республика Мордовия
288,2023Q4,0,Атюрьевский муниципальный район,Республика Мордовия
289,2023Q4,0,Атяшевский муниципальный район,Республика Мордовия
290,2023Q4,0,Большеберезниковский муниципальный район,Республика Мордовия
292,2023Q4,0,Дубенский муниципальный район,Республика Мордовия
293,2023Q4,0,Ельниковский муниципальный район,Республика Мордовия
294,2023Q4,0,Зубово-Полянский муниципальный район,Республика Мордовия
295,2023Q4,0,Инсарский муниципальный район,Республика Мордовия
296,2023Q4,0,Ичалковский муниципальный район,Республика Мордовия
297,2023Q4,0,Кадошкинский муниципальный район,Республика Мордовия
298,2023Q4,1,Ковылкинский муниципальный район,Республика Мордовия
300,2023Q4,0,Краснослободский муниципальный район,Республика Мордовия
301,2023Q4,0,Лямбирский муниципальный район,Республика Мордовия
302,2023Q4,0,Ромодановский муниципальный район,Республика Мордовия
303,2023Q4,1,Рузаевский муниципальный район,Республика Мордовия
304,2023Q4,0,Старошайговский муниципальный район,Республика Мордовия
305,2023Q4,0,Темниковский муниципальный район,Республика Мордовия
306,2023Q4,0,Теньгушевский муниципальный район,Республика Мордовия
307,2023Q4,0,Торбеевский муниципальный район,Республика Мордовия
308,2023Q4,1,Чамзинский муниципальный район,Республика Мордовия
309,2023Q4,2,городской округ город Якутск,Республика Саха (Якутия)
311,2023Q4,4,Абыйский муниципальный район,Республика Саха (Якутия)
312,2023Q4,4,Алданский муниципальный район,Республика Саха (Якутия)
314,2023Q4,4,Амгинский муниципальный район,Республика Саха (Якутия)
315,2023Q4,4,Анабарский национальный (долгано-эвенкийский) муниципальный район,Республика Саха (Якутия)
316,2023Q4,4,Булунский муниципальный район,Республика Саха (Якутия)
317,2023Q4,4,Верхневилюйский муниципальный район,Республика Саха (Якутия)
318,2023Q4,4,Верхнеколымский муниципальный район,Республика Саха (Якутия)
319,2023Q4,4,Верхоянский муниципальный район,Республика Саха (Якутия)
320,2023Q4,4,Вилюйский муниципальный район,Республика Саха (Якутия)
321,2023Q4,3,Горный муниципальный район,Республика Саха (Якутия)
322,2023Q4,4,Жиганский муниципальный район,Республика Саха (Якутия)
323,2023Q4,4,Кобяйский муниципальный район,Республика Саха (Якутия)
324,2023Q4,4,Нюрбинский муниципальный район,Республика Саха (Якутия)
325,2023Q4,4,Ленский муниципальный район,Республика Саха (Якутия)
326,2023Q4,4,Мегино-Кангаласский муниципальный район,Республика Саха (Якутия)
327,2023Q4,4,Мирнинский муниципальный район,Республика Саха (Якутия)
328,2023Q4,4,Момский муниципальный район,Республика Саха (Якутия)
329,2023Q4,3,Намский муниципальный район,Республика Саха (Якутия)
330,2023Q4,4,Нерюнгринский муниципальный район,Республика Саха (Якутия)
331,2023Q4,4,Нижнеколымский муниципальный район,Республика Саха (Якутия)
332,2023Q4,4,Оймяконский муниципальный район,Республика Саха (Якутия)
333,2023Q4,4,Олекминский муниципальный район,Республика Саха (Якутия)
334,2023Q4,4,Оленекский эвенкийский национальный муниципальный район,Республика Саха (Якутия)
335,2023Q4,4,Среднеколымский муниципальный район,Республика Саха (Якутия)
336,2023Q4,4,Сунтарский муниципальный район,Республика Саха (Якутия)
337,2023Q4,4,Таттинский муниципальный район,Республика Саха (Якутия)
338,2023Q4,4,Томпонский муниципальный район,Республика Саха (Якутия)
339,2023Q4,4,Усть-Алданский муниципальный район,Республика Саха (Якутия)
340,2023Q4,4,Усть-Майский муниципальный район,Республика Саха (Якутия)
341,2023Q4,4,Усть-Янский муниципальный район,Республика Саха (Якутия)
342,2023Q4,4,Хангаласский муниципальный район,Республика Саха (Якутия)
343,2023Q4,4,Чурапчинский муниципальный район,Республика Саха (Якутия)
345,2023Q4,2,городской округ город Владикавказ,Республика Северная Осетия — Алания
346,2023Q4,5,Алагирский муниципальный район,Республика Северная Осетия — Алания
347,2023Q4,5,Ардонский муниципальный район,Республика Северная Осетия — Алания
348,2023Q4,5,Дигорский муниципальный район,Республика Северная Осетия — Алания
349,2023Q4,5,Ирафский муниципальный район,Республика Северная Осетия — Алания
351,2023Q4,5,Моздокский муниципальный район,Республика Северная Осетия — Алания
352,2023Q4,5,Правобережный муниципальный район,Республика Северная Осетия — Алания
354,2023Q4,2,городской округ город Казань,Республика Татарстан
355,2023Q4,2,городской округ город Набережные Челны,Республика Татарстан
356,2023Q4,1,Агрызский муниципальный район,Республика Татарстан
357,2023Q4,2,Азнакаевский муниципальный район,Республика Татарстан
358,2023Q4,3,Аксубаевский муниципальный район,Республика Татарстан
359,2023Q4,3,Актанышский муниципальный район,Республика Татарстан
360,2023Q4,1,Алексеевский муниципальный район,Республика Татарстан
361,2023Q4,3,Алькеевский муниципальный район,Республика Татарстан
362,2023Q4,2,Альметьевский муниципальный район,Республика Татарстан
363,2023Q4,0,Апастовский муниципальный район,Республика Татарстан
364,2023Q4,3,Арский муниципальный район,Республика Татарстан
365,2023Q4,0,Атнинский муниципальный район,Республика Татарстан
366,2023Q4,3,Бавлинский муниципальный район,Республика Татарстан
367,2023Q4,3,Балтасинский муниципальный район,Республика Татарстан
368,2023Q4,2,Бугульминский муниципальный район,Республика Татарстан
369,2023Q4,3,Буинский муниципальный район,Республика Татарстан
370,2023Q4,2,Верхнеуслонский муниципальный район,Республика Татарстан
371,2023Q4,2,Высокогорский муниципальный район,Республика Татарстан
372,2023Q4,0,Дрожжановский муниципальный район,Республика Татарстан
373,2023Q4,2,Елабужский муниципальный район,Республика Татарстан
374,2023Q4,1,Заинский муниципальный район,Республика Татарстан
375,2023Q4,2,Зеленодольский муниципальный район,Республика Татарстан
376,2023Q4,3,Кайбицкий муниципальный район,Республика Татарстан
377,2023Q4,0,Камско-Устьинский муниципальный район,Республика Татарстан
378,2023Q4,3,Кукморский муниципальный район,Республика Татарстан
379,2023Q4,2,Лаишевский муниципальный район,Республика Татарстан
380,2023Q4,2,Лениногорский муниципальный район,Республика Татарстан
381,2023Q4,3,Мамадышский муниципальный район,Республика Татарстан
382,2023Q4,1,Менделеевский муниципальный район,Республика Татарстан
383,2023Q4,3,Мензелинский муниципальный район,Республика Татарстан
384,2023Q4,3,Муслюмовский муниципальный район,Республика Татарстан
385,2023Q4,2,Нижнекамский муниципальный район,Республика Татарстан
386,2023Q4,3,Новошешминский муниципальный район,Республика Татарстан
387,2023Q4,1,Нурлатский муниципальный район,Республика Татарстан
388,2023Q4,2,Пестречинский муниципальный район,Республика Татарстан
390,2023Q4,3,Сабинский муниципальный район,Республика Татарстан
391,2023Q4,1,Сармановский муниципальный район,Республика Татарстан
392,2023Q4,0,Спасский муниципальный район,Республика Татарстан
393,2023Q4,0,Тетюшский муниципальный район,Республика Татарстан
395,2023Q4,3,Тюлячинский муниципальный район,Республика Татарстан
396,2023Q4,3,Черемшанский муниципальный район,Республика Татарстан
397,2023Q4,2,Чистопольский муниципальный район,Республика Татарстан
398,2023Q4,1,Ютазинский муниципальный район,Республика Татарстан
401,2023Q4,3,Бай-Тайгинский муниципальный район,Республика Тыва
402,2023Q4,3,Барун-Хемчикский муниципальный район,Республика Тыва
403,2023Q4,3,Дзун-Хемчикский муниципальный район,Республика Тыва
404,2023Q4,3,Каа-Хемский муниципальный район,Республика Тыва
405,2023Q4,3,Кызылский муниципальный район,Республика Тыва
408,2023Q4,3,Пий-Хемский муниципальный район,Республика Тыва
410,2023Q4,3,Тандинский муниципальный район,Республика Тыва
413,2023Q4,3,Тоджинский муниципальный район,Республика Тыва
414,2023Q4,3,Улуг-Хемский муниципальный район,Республика Тыва
416,2023Q4,3,Чеди-Хольский муниципальный район,Республика Тыва
418,2023Q4,2,городской округ город Ижевск,Удмуртская Республика
419,2023Q4,2,городской округ город Воткинск,Удмуртская Республика
420,2023Q4,2,городской округ город Глазов,Удмуртская Республика
421,2023Q4,2,городской округ город Можга,Удмуртская Республика
422,2023Q4,2,городской округ город Сарапул,Удмуртская Республика
423,2023Q4,3,муниципальный округ Алнашский район,Удмуртская Республика
424,2023Q4,3,муниципальный округ Балезинский район,Удмуртская Республика
425,2023Q4,3,муниципальный округ Вавожский район,Удмуртская Республика
428,2023Q4,0,муниципальный округ Граховский район,Удмуртская Республика
429,2023Q4,3,муниципальный округ Дебёсский район,Удмуртская Республика
430,2023Q4,2,муниципальный округ Завьяловский район,Удмуртская Республика
431,2023Q4,3,муниципальный округ Игринский район,Удмуртская Республика
432,2023Q4,1,муниципальный округ Камбарский район,Удмуртская Республика
433,2023Q4,0,муниципальный округ Каракулинский район,Удмуртская Республика
434,2023Q4,0,муниципальный округ Кезский район,Удмуртская Республика
435,2023Q4,3,муниципальный округ Кизнерский район,Удмуртская Республика
436,2023Q4,0,муниципальный округ Киясовский район,Удмуртская Республика
437,2023Q4,0,муниципальный округ Красногорский район,Удмуртская Республика
438,2023Q4,3,муниципальный округ Малопургинский район,Удмуртская Республика
440,2023Q4,3,муниципальный округ Сарапульский район,Удмуртская Республика
441,2023Q4,0,муниципальный округ Селтинский район,Удмуртская Республика
442,2023Q4,0,муниципальный округ Сюмсинский район,Удмуртская Республика
443,2023Q4,3,муниципальный округ Увинский район,Удмуртская Республика
444,2023Q4,3,муниципальный округ Шарканский район,Удмуртская Республика
445,2023Q4,0,муниципальный округ Юкаменский район,Удмуртская Республика
446,2023Q4,3,муниципальный округ Якшур-Бодьинский район,Удмуртская Республика
447,2023Q4,0,муниципальный округ Ярский район,Удмуртская Республика
448,2023Q4,2,городской округ город Абакан,Республика Хакасия
449,2023Q4,1,городской округ город Абаза,Республика Хакасия
450,2023Q4,2,городской округ город Саяногорск,Республика Хакасия
451,2023Q4,1,городской округ город Сорск,Республика Хакасия
452,2023Q4,2,городской округ город Черногорск,Республика Хакасия
453,2023Q4,3,Алтайский муниципальный район,Республика Хакасия
455,2023Q4,3,Бейский муниципальный район,Республика Хакасия
456,2023Q4,0,Боградский муниципальный район,Республика Хакасия
457,2023Q4,0,Орджоникидзевский муниципальный район,Республика Хакасия
458,2023Q4,3,Таштыпский муниципальный район,Республика Хакасия
459,2023Q4,3,Усть-Абаканский муниципальный район,Республика Хакасия
460,2023Q4,3,Ширинский муниципальный район,Республика Хакасия
478,2023Q4,2,городской округ город Чебоксары,Чувашская Республика
479,2023Q4,1,городской округ город Алатырь,Чувашская Республика
480,2023Q4,2,городской округ город Канаш,Чувашская Республика
481,2023Q4,2,городской округ город Новочебоксарск,Чувашская Республика
482,2023Q4,1,городской округ город Шумерля,Чувашская Республика
484,2023Q4,0,Аликовский муниципальный округ,Чувашская Республика
485,2023Q4,3,Батыревский муниципальный округ,Чувашская Республика
486,2023Q4,3,Вурнарский муниципальный округ,Чувашская Республика
487,2023Q4,3,Ибресинский муниципальный округ,Чувашская Республика
489,2023Q4,0,Козловский муниципальный округ,Чувашская Республика
490,2023Q4,3,Комсомольский муниципальный округ,Чувашская Республика
491,2023Q4,0,Красноармейский муниципальный округ,Чувашская Республика
492,2023Q4,0,Красночетайский муниципальный округ,Чувашская Республика
493,2023Q4,0,Мариинско-Посадский муниципальный округ,Чувашская Республика
494,2023Q4,3,Моргаушский муниципальный округ,Чувашская Республика
495,2023Q4,0,Порецкий муниципальный округ,Чувашская Республика
496,2023Q4,0,Урмарский муниципальный округ,Чувашская Республика
497,2023Q4,1,Цивильский муниципальный округ,Чувашская Республика
498,2023Q4,3,Чебоксарский муниципальный округ,Чувашская Республика
499,2023Q4,3,Шемуршинский муниципальный округ,Чувашская Республика
500,2023Q4,1,Шумерлинский муниципальный округ,Чувашская Республика
501,2023Q4,0,Ядринский муниципальный округ,Чувашская Республика
502,2023Q4,0,Яльчикский муниципальный округ,Чувашская Республика
503,2023Q4,0,Янтиковский муниципальный округ,Чувашская Республика
504,2023Q4,2,городской округ город Барнаул,Алтайский край
505,2023Q4,1,городской округ город Алейск,Алтайский край
506,2023Q4,1,городской округ город Белокуриха,Алтайский край
507,2023Q4,2,городской округ город Бийск,Алтайский край
508,2023Q4,1,городской округ город Заринск,Алтайский край
509,2023Q4,2,городской округ город Новоалтайск,Алтайский край
510,2023Q4,2,городской округ город Рубцовск,Алтайский край
511,2023Q4,3,муниципальный округ город Славгород,Алтайский край
512,2023Q4,1,городской округ город Яровое,Алтайский край
515,2023Q4,3,Алтайский муниципальный район,Алтайский край
516,2023Q4,0,Баевский муниципальный район,Алтайский край
517,2023Q4,3,Бийский муниципальный район,Алтайский край
518,2023Q4,1,Благовещенский муниципальный район,Алтайский край
519,2023Q4,0,Бурлинский муниципальный район,Алтайский край
520,2023Q4,0,Быстроистокский муниципальный район,Алтайский край
521,2023Q4,0,Волчихинский муниципальный район,Алтайский край
522,2023Q4,0,Егорьевский муниципальный район,Алтайский край
523,2023Q4,0,Ельцовский муниципальный район,Алтайский край
524,2023Q4,0,Завьяловский муниципальный район,Алтайский край
525,2023Q4,0,Залесовский муниципальный округ,Алтайский край
527,2023Q4,1,Змеиногорский муниципальный район,Алтайский край
528,2023Q4,0,Калманский муниципальный район,Алтайский край
529,2023Q4,0,Каменский муниципальный район,Алтайский край
530,2023Q4,0,Ключевский муниципальный район,Алтайский край
531,2023Q4,0,Косихинский муниципальный район,Алтайский край
532,2023Q4,0,Красногорский муниципальный район,Алтайский край
533,2023Q4,0,Краснощёковский муниципальный район,Алтайский край
534,2023Q4,0,Крутихинский муниципальный район,Алтайский край
535,2023Q4,3,Кулундинский муниципальный район,Алтайский край
536,2023Q4,0,Курьинский муниципальный район,Алтайский край
537,2023Q4,0,Кытмановский муниципальный район,Алтайский край
538,2023Q4,0,Локтевский муниципальный район,Алтайский край
539,2023Q4,0,Мамонтовский муниципальный район,Алтайский край
540,2023Q4,0,Михайловский муниципальный район,Алтайский край
541,2023Q4,0,Новичихинский муниципальный район,Алтайский край
542,2023Q4,0,Зональный муниципальный район,Алтайский край
543,2023Q4,3,Павловский муниципальный район,Алтайский край
544,2023Q4,0,Панкрушихинский муниципальный район,Алтайский край
545,2023Q4,3,Первомайский муниципальный район,Алтайский край
546,2023Q4,0,Петропавловский муниципальный район,Алтайский край
547,2023Q4,0,Поспелихинский муниципальный район,Алтайский край
548,2023Q4,0,Ребрихинский муниципальный район,Алтайский край
549,2023Q4,0,Родинский муниципальный район,Алтайский край
550,2023Q4,0,Романовский муниципальный район,Алтайский край
552,2023Q4,0,Смоленский муниципальный район,Алтайский край
553,2023Q4,0,муниципальный округ Суетский район,Алтайский край
554,2023Q4,0,Советский муниципальный район,Алтайский край
555,2023Q4,0,Солонешенский муниципальный район,Алтайский край
556,2023Q4,0,Солтонский муниципальный район,Алтайский край
557,2023Q4,0,Шелаболихинский муниципальный район,Алтайский край
558,2023Q4,3,Табунский муниципальный район,Алтайский край
559,2023Q4,0,Тальменский муниципальный район,Алтайский край
560,2023Q4,0,Тогульский муниципальный район,Алтайский край
561,2023Q4,0,Топчихинский муниципальный район,Алтайский край
562,2023Q4,0,Третьяковский муниципальный район,Алтайский край
563,2023Q4,0,Троицкий муниципальный район,Алтайский край
564,2023Q4,0,Тюменцевский муниципальный район,Алтайский край
565,2023Q4,0,Угловский муниципальный район,Алтайский край
566,2023Q4,0,Усть-Калманский муниципальный район,Алтайский край
567,2023Q4,0,Усть-Пристанский муниципальный район,Алтайский край
568,2023Q4,0,Хабарский муниципальный район,Алтайский край
569,2023Q4,0,Целинный муниципальный район,Алтайский край
570,2023Q4,0,муниципальный округ Чарышский район,Алтайский край
571,2023Q4,0,Шипуновский муниципальный район,Алтайский край
572,2023Q4,0,Немецкий национальный муниципальный район,Алтайский край
573,2023Q4,2,городской округ город Чита,Забайкальский край
574,2023Q4,3,городской округ город Петровск-Забайкальский,Забайкальский край
576,2023Q4,3,Акшинский муниципальный район,Забайкальский край
577,2023Q4,3,Александрово-Заводский муниципальный район,Забайкальский край
578,2023Q4,3,Балейский муниципальный район,Забайкальский край
579,2023Q4,4,Борзинский муниципальный район,Забайкальский край
580,2023Q4,4,Газимуро-Заводский муниципальный округ,Забайкальский край
581,2023Q4,4,Забайкальский муниципальный район,Забайкальский край
582,2023Q4,4,Каларский муниципальный округ,Забайкальский край
583,2023Q4,4,Калганский муниципальный округ,Забайкальский край
584,2023Q4,4,Карымский муниципальный район,Забайкальский край
585,2023Q4,4,муниципальный район Город Краснокаменск и Краснокаменский район,Забайкальский край
586,2023Q4,3,Красночикойский муниципальный район,Забайкальский край
587,2023Q4,3,Кыринский муниципальный район,Забайкальский край
588,2023Q4,4,Могочинский муниципальный округ,Забайкальский край
589,2023Q4,3,Нерчинский муниципальный район,Забайкальский край
590,2023Q4,3,Нерчинско-Заводский муниципальный район,Забайкальский край
591,2023Q4,3,Оловяннинский муниципальный район,Забайкальский край
592,2023Q4,3,Ононский муниципальный округ,Забайкальский край
593,2023Q4,3,Петровск-Забайкальский муниципальный район,Забайкальский край
594,2023Q4,3,Приаргунский муниципальный округ,Забайкальский край
595,2023Q4,4,Сретенский муниципальный район,Забайкальский край
597,2023Q4,4,Тунгокоченский муниципальный район,Забайкальский край
598,2023Q4,3,Улётовский муниципальный район,Забайкальский край
599,2023Q4,3,Хилокский муниципальный район,Забайкальский край
600,2023Q4,4,Чернышевский муниципальный район,Забайкальский край
601,2023Q4,3,Читинский муниципальный район,Забайкальский край
602,2023Q4,3,Шелопугинский муниципальный район,Забайкальский край
603,2023Q4,4,Шилкинский муниципальный район,Забайкальский край
604,2023Q4,3,городской округ поселок Агинское,Забайкальский край
605,2023Q4,3,Агинский муниципальный район,Забайкальский край
606,2023Q4,3,Дульдургинский муниципальный район,Забайкальский край
607,2023Q4,3,Могойтуйский муниципальный район,Забайкальский край
608,2023Q4,2,городской округ Петропавловск-Камчатский,Камчатский край
611,2023Q4,4,Быстринский муниципальный район,Камчатский край
612,2023Q4,4,Елизовский муниципальный район,Камчатский край
613,2023Q4,4,Мильковский муниципальный округ,Камчатский край
614,2023Q4,4,Соболевский муниципальный район,Камчатский край
615,2023Q4,4,Усть-Большерецкий муниципальный район,Камчатский край
616,2023Q4,4,Усть-Камчатский муниципальный район,Камчатский край
618,2023Q4,4,Карагинский муниципальный район,Камчатский край
619,2023Q4,4,Олюторский муниципальный район,Камчатский край
621,2023Q4,4,Тигильский муниципальный район,Камчатский край
666,2023Q4,2,городской округ город Красноярск,Красноярский край
667,2023Q4,2,городской округ город Ачинск,Красноярский край
668,2023Q4,1,городской округ город Боготол,Красноярский край
669,2023Q4,1,городской округ город Бородино,Красноярский край
670,2023Q4,1,городской округ город Дивногорск,Красноярский край
671,2023Q4,1,городской округ город Енисейск,Красноярский край
674,2023Q4,2,городской округ город Канск,Красноярский край
675,2023Q4,1,городской округ город Лесосибирск,Красноярский край
676,2023Q4,2,городской округ город Минусинск,Красноярский край
677,2023Q4,1,городской округ город Назарово,Красноярский край
678,2023Q4,4,городской округ город Норильск,Красноярский край
679,2023Q4,2,городской округ город Сосновоборск,Красноярский край
680,2023Q4,1,городской округ город Шарыпово,Красноярский край
683,2023Q4,0,Абанский муниципальный район,Красноярский край
685,2023Q4,3,Балахтинский муниципальный район,Красноярский край
686,2023Q4,2,Березовский муниципальный район,Красноярский край
687,2023Q4,0,Бирилюсский муниципальный район,Красноярский край
689,2023Q4,4,Богучанский муниципальный район,Красноярский край
690,2023Q4,0,Большемуртинский муниципальный район,Красноярский край
691,2023Q4,0,Большеулуйский муниципальный район,Красноярский край
692,2023Q4,0,Дзержинский муниципальный район,Красноярский край
693,2023Q4,2,Емельяновский муниципальный район,Красноярский край
694,2023Q4,4,Енисейский муниципальный район,Красноярский край
695,2023Q4,3,Ермаковский муниципальный район,Красноярский край
696,2023Q4,3,Идринский муниципальный район,Красноярский край
697,2023Q4,1,Иланский муниципальный район,Красноярский край
698,2023Q4,3,Ирбейский муниципальный район,Красноярский край
699,2023Q4,0,Казачинский муниципальный район,Красноярский край
701,2023Q4,0,Каратузский муниципальный район,Красноярский край
702,2023Q4,4,Кежемский муниципальный район,Красноярский край
703,2023Q4,0,Козульский муниципальный район,Красноярский край
704,2023Q4,3,Краснотуранский муниципальный район,Красноярский край
705,2023Q4,3,Курагинский муниципальный район,Красноярский край
706,2023Q4,0,Манский муниципальный район,Красноярский край
708,2023Q4,4,Мотыгинский муниципальный район,Красноярский край
710,2023Q4,0,Нижнеингашский муниципальный район,Красноярский край
711,2023Q4,3,Новоселовский муниципальный район,Красноярский край
712,2023Q4,0,Партизанский муниципальный район,Красноярский край
713,2023Q4,0,Пировский муниципальный округ,Красноярский край
714,2023Q4,3,Рыбинский муниципальный район,Красноярский край
715,2023Q4,0,Саянский муниципальный район,Красноярский край
716,2023Q4,4,Северо-Енисейский муниципальный район,Красноярский край
717,2023Q4,0,Сухобузимский муниципальный район,Красноярский край
718,2023Q4,4,Таймырский Долгано-Ненецкий муниципальный район,Красноярский край
719,2023Q4,0,Тасеевский муниципальный район,Красноярский край
720,2023Q4,4,Туруханский муниципальный район,Красноярский край
721,2023Q4,0,Тюхтетский муниципальный округ,Красноярский край
722,2023Q4,3,Ужурский муниципальный район,Красноярский край
723,2023Q4,0,Уярский муниципальный район,Красноярский край
725,2023Q4,3,Шушенский муниципальный район,Красноярский край
726,2023Q4,4,Эвенкийский муниципальный район,Красноярский край
727,2023Q4,2,городской округ Пермский,Пермский край
731,2023Q4,1,городской округ Лысьвенский,Пермский край
734,2023Q4,1,муниципальный округ Александровский,Пермский край
735,2023Q4,3,муниципальный округ Бардымский,Пермский край
736,2023Q4,0,муниципальный округ Березовский,Пермский край
737,2023Q4,0,муниципальный округ Большесосновский,Пермский край
738,2023Q4,3,городской округ Верещагинский,Пермский край
739,2023Q4,1,городской округ Горнозаводский,Пермский край
741,2023Q4,1,городской округ Добрянский,Пермский край
742,2023Q4,0,муниципальный округ Еловский,Пермский край
743,2023Q4,0,городской округ Ильинский,Пермский край
744,2023Q4,3,муниципальный округ Карагайский,Пермский край
745,2023Q4,1,городской округ город Кизел,Пермский край
746,2023Q4,0,муниципальный округ Кишертский,Пермский край
747,2023Q4,0,городской округ Красновишерский,Пермский край
748,2023Q4,2,городской округ Краснокамский,Пермский край
749,2023Q4,0,муниципальный округ Куединский,Пермский край
751,2023Q4,1,городской округ Нытвенский,Пермский край
752,2023Q4,3,городской округ Октябрьский,Пермский край
753,2023Q4,0,муниципальный округ Ординский,Пермский край
754,2023Q4,1,городской округ Осинский,Пермский край
755,2023Q4,0,городской округ Оханский,Пермский край
756,2023Q4,1,городской округ Очерский,Пермский край
757,2023Q4,2,муниципальный округ Пермский,Пермский край
758,2023Q4,3,муниципальный округ Сивинский,Пермский край
760,2023Q4,0,городской округ Суксунский,Пермский край
761,2023Q4,0,муниципальный округ Уинский,Пермский край
763,2023Q4,2,городской округ Чайковский,Пермский край
764,2023Q4,3,муниципальный округ Частинский,Пермский край
765,2023Q4,0,городской округ Чердынский,Пермский край
766,2023Q4,2,городской округ Чернушинский,Пермский край
767,2023Q4,1,городской округ Чусовской,Пермский край
769,2023Q4,0,муниципальный округ Гайнский,Пермский край
770,2023Q4,0,муниципальный округ Косинский,Пермский край
771,2023Q4,3,муниципальный округ Кочевский,Пермский край
773,2023Q4,3,муниципальный округ Юрлинский,Пермский край
774,2023Q4,0,муниципальный округ Юсьвинский,Пермский край
775,2023Q4,2,городской округ Владивостокский,Приморский край
776,2023Q4,2,городской округ Арсеньевский,Приморский край
777,2023Q4,2,городской округ Артемовский,Приморский край
778,2023Q4,4,городской округ Большой Камень,Приморский край
779,2023Q4,4,городской округ Дальнегорский,Приморский край
780,2023Q4,4,городской округ Дальнереченский,Приморский край
781,2023Q4,4,городской округ Лесозаводский,Приморский край
782,2023Q4,2,городской округ Находкинский,Приморский край
783,2023Q4,4,городской округ Партизанский,Приморский край
784,2023Q4,1,городской округ Спасск-Дальний,Приморский край
785,2023Q4,2,городской округ Уссурийский,Приморский край
787,2023Q4,3,Анучинский муниципальный округ,Приморский край
788,2023Q4,3,Дальнереченский муниципальный район,Приморский край
789,2023Q4,3,Кавалеровский муниципальный округ,Приморский край
790,2023Q4,3,Кировский муниципальный район,Приморский край
791,2023Q4,4,Красноармейский муниципальный округ,Приморский край
792,2023Q4,4,Лазовский муниципальный округ,Приморский край
793,2023Q4,4,Михайловский муниципальный район,Приморский край
794,2023Q4,2,Надеждинский муниципальный район,Приморский край
795,2023Q4,4,Октябрьский муниципальный округ,Приморский край
796,2023Q4,3,Ольгинский муниципальный округ,Приморский край
797,2023Q4,4,Партизанский муниципальный округ,Приморский край
798,2023Q4,4,Пограничный муниципальный округ,Приморский край
799,2023Q4,4,Пожарский муниципальный округ,Приморский край
800,2023Q4,3,Спасский муниципальный район,Приморский край
801,2023Q4,4,Тернейский муниципальный округ,Приморский край
802,2023Q4,3,Ханкайский муниципальный округ,Приморский край
803,2023Q4,4,Хасанский муниципальный округ,Приморский край
804,2023Q4,0,Хорольский муниципальный округ,Приморский край
805,2023Q4,4,Черниговский муниципальный округ,Приморский край
806,2023Q4,3,Чугуевский муниципальный округ,Приморский край
807,2023Q4,4,Шкотовский муниципальный округ,Приморский край
808,2023Q4,0,Яковлевский муниципальный округ,Приморский край
809,2023Q4,2,городской округ город Ставрополь,Ставропольский край
810,2023Q4,5,Благодарненский муниципальный округ,Ставропольский край
811,2023Q4,5,Георгиевский муниципальный округ,Ставропольский край
812,2023Q4,2,городской округ город-курорт Ессентуки,Ставропольский край
813,2023Q4,5,городской округ город-курорт Железноводск,Ставропольский край
814,2023Q4,5,Изобильненский муниципальный округ,Ставропольский край
815,2023Q4,5,Ипатовский муниципальный округ,Ставропольский край
817,2023Q4,1,Кировский муниципальный округ,Ставропольский край
818,2023Q4,2,городской округ город Лермонтов,Ставропольский край
819,2023Q4,2,Минераловодский муниципальный округ,Ставропольский край
820,2023Q4,2,городской округ город Невинномысск,Ставропольский край
821,2023Q4,5,Нефтекумский муниципальный округ,Ставропольский край
822,2023Q4,5,Новоалександровский муниципальный округ,Ставропольский край
823,2023Q4,5,Петровский муниципальный округ,Ставропольский край
824,2023Q4,2,городской округ город-курорт Пятигорск,Ставропольский край
825,2023Q4,5,Советский муниципальный округ,Ставропольский край
826,2023Q4,5,Александровский муниципальный округ,Ставропольский край
827,2023Q4,5,Андроповский муниципальный округ,Ставропольский край
828,2023Q4,0,Апанасенковский муниципальный округ,Ставропольский край
829,2023Q4,0,Арзгирский муниципальный округ,Ставропольский край
830,2023Q4,5,Будённовский муниципальный округ,Ставропольский край
831,2023Q4,5,Грачёвский муниципальный округ,Ставропольский край
832,2023Q4,5,Кочубеевский муниципальный округ,Ставропольский край
833,2023Q4,0,Красногвардейский муниципальный округ,Ставропольский край
834,2023Q4,5,Курский муниципальный округ,Ставропольский край
835,2023Q4,5,Левокумский муниципальный округ,Ставропольский край
836,2023Q4,5,Новоселицкий муниципальный округ,Ставропольский край
838,2023Q4,0,Степновский муниципальный округ,Ставропольский край
839,2023Q4,0,Труновский муниципальный округ,Ставропольский край
840,2023Q4,5,Туркменский муниципальный округ,Ставропольский край
841,2023Q4,2,Шпаковский муниципальный округ,Ставропольский край
842,2023Q4,2,городской округ город Хабаровск,Хабаровский край
843,2023Q4,2,городской округ город Комсомольск-на-Амуре,Хабаровский край
844,2023Q4,4,Амурский муниципальный район,Хабаровский край
846,2023Q4,4,Бикинский муниципальный район,Хабаровский край
847,2023Q4,4,Ванинский муниципальный район,Хабаровский край
848,2023Q4,4,Верхнебуреинский муниципальный район,Хабаровский край
849,2023Q4,3,Вяземский муниципальный район,Хабаровский край
851,2023Q4,3,муниципальный район имени Лазо,Хабаровский край
852,2023Q4,4,Нанайский муниципальный район,Хабаровский край
853,2023Q4,4,Николаевский муниципальный район,Хабаровский край
854,2023Q4,4,Охотский муниципальный округ,Хабаровский край
855,2023Q4,4,муниципальный район имени Полины Осипенко,Хабаровский край
856,2023Q4,4,Советско-Гаванский муниципальный район,Хабаровский край
857,2023Q4,4,Солнечный муниципальный район,Хабаровский край
859,2023Q4,4,Ульчский муниципальный район,Хабаровский край
860,2023Q4,2,Хабаровский муниципальный район,Хабаровский край
862,2023Q4,2,городской округ город Белогорск,Амурская область
863,2023Q4,4,городской округ город Зея,Амурская область
864,2023Q4,4,городской округ город Райчихинск,Амурская область
865,2023Q4,4,городской округ город Свободный,Амурская область
866,2023Q4,4,городской округ город Тында,Амурская область
867,2023Q4,4,городской округ город Шимановск,Амурская область
868,2023Q4,1,городской округ рабочий поселок (поселок городского типа) Прогресс,Амурская область
870,2023Q4,4,Архаринский муниципальный округ,Амурская область
871,2023Q4,4,Белогорский муниципальный округ,Амурская область
872,2023Q4,2,Благовещенский муниципальный округ,Амурская область
873,2023Q4,4,Бурейский муниципальный округ,Амурская область
874,2023Q4,4,Завитинский муниципальный округ,Амурская область
875,2023Q4,4,Зейский муниципальный округ,Амурская область
876,2023Q4,4,Ивановский муниципальный округ,Амурская область
877,2023Q4,4,Константиновский муниципальный район,Амурская область
878,2023Q4,4,Магдагачинский муниципальный район,Амурская область
879,2023Q4,4,Мазановский муниципальный район,Амурская область
880,2023Q4,4,Михайловский муниципальный район,Амурская область
881,2023Q4,4,Октябрьский муниципальный район,Амурская область
882,2023Q4,3,Ромненский муниципальный округ,Амурская область
883,2023Q4,4,Свободненский муниципальный район,Амурская область
884,2023Q4,4,Селемджинский муниципальный район,Амурская область
885,2023Q4,4,Серышевский муниципальный округ,Амурская область
886,2023Q4,4,Сковородинский муниципальный округ,Амурская область
887,2023Q4,4,Тамбовский муниципальный округ,Амурская область
888,2023Q4,4,Тындинский муниципальный округ,Амурская область
889,2023Q4,4,Шимановский муниципальный округ,Амурская область
890,2023Q4,2,городской округ город Архангельск,Архангельская область
891,2023Q4,1,городской округ город Коряжма,Архангельская область
892,2023Q4,2,городской округ Котлас,Архангельская область
895,2023Q4,1,городской округ город Новодвинск,Архангельская область
896,2023Q4,2,городской округ Северодвинск,Архангельская область
897,2023Q4,1,Вельский муниципальный район,Архангельская область
898,2023Q4,0,Верхнетоемский муниципальный округ,Архангельская область
899,2023Q4,0,муниципальный округ Вилегодский,Архангельская область
900,2023Q4,0,Виноградовский муниципальный округ,Архангельская область
901,2023Q4,0,муниципальный округ Каргопольский,Архангельская область
902,2023Q4,1,Коношский муниципальный район,Архангельская область
903,2023Q4,1,Котласский муниципальный округ,Архангельская область
904,2023Q4,0,Красноборский муниципальный округ,Архангельская область
905,2023Q4,1,Ленский муниципальный район,Архангельская область
907,2023Q4,0,Мезенский муниципальный округ,Архангельская область
908,2023Q4,1,Няндомский муниципальный округ,Архангельская область
909,2023Q4,1,Онежский муниципальный район,Архангельская область
910,2023Q4,0,Пинежский муниципальный округ,Архангельская область
911,2023Q4,1,Плесецкий муниципальный округ,Архангельская область
912,2023Q4,4,Приморский муниципальный округ,Архангельская область
913,2023Q4,1,Устьянский муниципальный округ,Архангельская область
914,2023Q4,0,Холмогорский муниципальный округ,Архангельская область
915,2023Q4,0,Шенкурский муниципальный округ,Архангельская область
916,2023Q4,4,городской округ город Нарьян-Мар,Ненецкий автономный округ
917,2023Q4,4,муниципальный район Заполярный район,Ненецкий автономный округ
918,2023Q4,2,городской округ город Астрахань,Астраханская область
920,2023Q4,1,Ахтубинский муниципальный район,Астраханская область
922,2023Q4,0,Енотаевский муниципальный район,Астраханская область
923,2023Q4,0,Икрянинский муниципальный район,Астраханская область
924,2023Q4,0,Камызякский муниципальный район,Астраханская область
925,2023Q4,1,Красноярский муниципальный район,Астраханская область
926,2023Q4,0,Лиманский муниципальный район,Астраханская область
927,2023Q4,2,Наримановский муниципальный район,Астраханская область
928,2023Q4,2,Приволжский муниципальный район,Астраханская область
929,2023Q4,0,Харабалинский муниципальный район,Астраханская область
930,2023Q4,0,Черноярский муниципальный район,Астраханская область
986,2023Q4,2,городской округ город Владимир,Владимирская область
987,2023Q4,1,городской округ город Гусь-Хрустальный,Владимирская область
988,2023Q4,2,городской округ город Ковров,Владимирская область
989,2023Q4,2,городской округ округ Муром,Владимирская область
991,2023Q4,2,Александровский муниципальный район,Владимирская область
992,2023Q4,1,Вязниковский муниципальный район,Владимирская область
993,2023Q4,1,Гороховецкий муниципальный район,Владимирская область
994,2023Q4,1,Гусь-Хрустальный муниципальный район,Владимирская область
995,2023Q4,1,Камешковский муниципальный район,Владимирская область
996,2023Q4,1,Киржачский муниципальный район,Владимирская область
998,2023Q4,1,Кольчугинский муниципальный район,Владимирская область
999,2023Q4,0,Меленковский муниципальный район,Владимирская область
1001,2023Q4,1,Петушинский муниципальный район,Владимирская область
1002,2023Q4,0,Селивановский муниципальный район,Владимирская область
1003,2023Q4,1,Собинский муниципальный район,Владимирская область
1004,2023Q4,1,Судогодский муниципальный район,Владимирская область
1005,2023Q4,1,Суздальский муниципальный район,Владимирская область
1006,2023Q4,1,Юрьев-Польский муниципальный район,Владимирская область
1007,2023Q4,2,городской округ город-герой Волгоград,Волгоградская область
1008,2023Q4,2,городской округ город Волжский,Волгоградская область
1009,2023Q4,2,городской округ город Камышин,Волгоградская область
1010,2023Q4,5,городской округ город Михайловка,Волгоградская область
1011,2023Q4,5,городской округ город Урюпинск,Волгоградская область
1012,2023Q4,1,городской округ город Фролово,Волгоградская область
1013,2023Q4,0,Алексеевский муниципальный район,Волгоградская область
1014,2023Q4,0,Быковский муниципальный район,Волгоградская область
1015,2023Q4,1,Городищенский муниципальный район,Волгоградская область
1016,2023Q4,0,Даниловский муниципальный район,Волгоградская область
1017,2023Q4,0,Дубовский муниципальный район,Волгоградская область
1018,2023Q4,0,Еланский муниципальный район,Волгоградская область
1019,2023Q4,1,Жирновский муниципальный район,Волгоградская область
1020,2023Q4,1,Иловлинский муниципальный район,Волгоградская область
1021,2023Q4,5,Калачевский муниципальный район,Волгоградская область
1023,2023Q4,0,Киквидзенский муниципальный район,Волгоградская область
1024,2023Q4,0,Клетский муниципальный район,Волгоградская область
1025,2023Q4,1,Котельниковский муниципальный район,Волгоградская область
1026,2023Q4,1,Котовский муниципальный район,Волгоградская область
1027,2023Q4,0,Кумылженский муниципальный район,Волгоградская область
1028,2023Q4,0,Ленинский муниципальный район,Волгоградская область
1029,2023Q4,0,Нехаевский муниципальный район,Волгоградская область
1030,2023Q4,0,Николаевский муниципальный район,Волгоградская область
1031,2023Q4,0,Новоаннинский муниципальный район,Волгоградская область
1032,2023Q4,0,Новониколаевский муниципальный район,Волгоградская область
1033,2023Q4,0,Октябрьский муниципальный район,Волгоградская область
1034,2023Q4,0,Ольховский муниципальный район,Волгоградская область
1035,2023Q4,0,Палласовский муниципальный район,Волгоградская область
1036,2023Q4,0,Руднянский муниципальный район,Волгоградская область
1037,2023Q4,5,Светлоярский муниципальный район,Волгоградская область
1038,2023Q4,0,Серафимовичский муниципальный район,Волгоградская область
1039,2023Q4,1,Среднеахтубинский муниципальный район,Волгоградская область
1040,2023Q4,3,Старополтавский муниципальный район,Волгоградская область
1041,2023Q4,0,Суровикинский муниципальный район,Волгоградская область
1044,2023Q4,0,Чернышковский муниципальный район,Волгоградская область
1047,2023Q4,1,Бабаевский муниципальный округ,Вологодская область
1048,2023Q4,3,Бабушкинский муниципальный округ,Вологодская область
1049,2023Q4,1,Белозерский муниципальный округ,Вологодская область
1051,2023Q4,1,Великоустюгский муниципальный округ,Вологодская область
1052,2023Q4,0,Верховажский муниципальный округ,Вологодская область
1053,2023Q4,0,Вожегодский муниципальный округ,Вологодская область
1054,2023Q4,3,Вологодский муниципальный округ,Вологодская область
1055,2023Q4,3,Вытегорский муниципальный район,Вологодская область
1056,2023Q4,1,Грязовецкий муниципальный округ,Вологодская область
1057,2023Q4,1,Кадуйский муниципальный округ,Вологодская область
1058,2023Q4,0,Кирилловский муниципальный округ,Вологодская область
1059,2023Q4,3,Кичменгско-Городецкий муниципальный округ,Вологодская область
1060,2023Q4,0,Междуреченский муниципальный округ,Вологодская область
1061,2023Q4,3,Никольский муниципальный округ,Вологодская область
1062,2023Q4,3,Нюксенский муниципальный округ,Вологодская область
1063,2023Q4,1,Сокольский муниципальный округ,Вологодская область
1064,2023Q4,0,Сямженский муниципальный округ,Вологодская область
1065,2023Q4,0,Тарногский муниципальный округ,Вологодская область
1066,2023Q4,1,Тотемский муниципальный округ,Вологодская область
1067,2023Q4,0,Усть-Кубинский муниципальный округ,Вологодская область
1068,2023Q4,0,Устюженский муниципальный округ,Вологодская область
1069,2023Q4,0,Харовский муниципальный округ,Вологодская область
1070,2023Q4,1,Чагодощенский муниципальный округ,Вологодская область
1071,2023Q4,3,Череповецкий муниципальный район,Вологодская область
1072,2023Q4,1,Шекснинский муниципальный район,Вологодская область
1107,2023Q4,2,городской округ Иваново,Ивановская область
1108,2023Q4,1,городской округ Вичуга,Ивановская область
1109,2023Q4,2,городской округ Кинешма,Ивановская область
1110,2023Q4,1,городской округ Кохма,Ивановская область
1111,2023Q4,1,городской округ Тейково,Ивановская область
1112,2023Q4,1,городской округ Шуя,Ивановская область
1113,2023Q4,0,Вичугский муниципальный район,Ивановская область
1115,2023Q4,0,Гаврилово-Посадский муниципальный район,Ивановская область
1116,2023Q4,0,Заволжский муниципальный район,Ивановская область
1117,2023Q4,2,Ивановский муниципальный район,Ивановская область
1118,2023Q4,0,Ильинский муниципальный район,Ивановская область
1119,2023Q4,1,Кинешемский муниципальный район,Ивановская область
1120,2023Q4,1,Комсомольский муниципальный район,Ивановская область
1121,2023Q4,1,Лежневский муниципальный район,Ивановская область
1122,2023Q4,0,Лухский муниципальный район,Ивановская область
1123,2023Q4,0,Палехский муниципальный район,Ивановская область
1124,2023Q4,0,Пестяковский муниципальный район,Ивановская область
1125,2023Q4,1,Приволжский муниципальный район,Ивановская область
1126,2023Q4,0,Пучежский муниципальный район,Ивановская область
1127,2023Q4,1,Родниковский муниципальный район,Ивановская область
1128,2023Q4,0,Савинский муниципальный район,Ивановская область
1129,2023Q4,0,Тейковский муниципальный район,Ивановская область
1130,2023Q4,1,Фурмановский муниципальный район,Ивановская область
1131,2023Q4,1,Шуйский муниципальный район,Ивановская область
1132,2023Q4,0,Южский муниципальный район,Ивановская область
1133,2023Q4,0,Юрьевецкий муниципальный район,Ивановская область
1134,2023Q4,2,городской округ город Иркутск,Иркутская область
1135,2023Q4,2,городской округ Ангарский,Иркутская область
1136,2023Q4,2,городской округ город Братск,Иркутская область
1137,2023Q4,3,городской округ Зима,Иркутская область
1138,2023Q4,2,городской округ город Саянск,Иркутская область
1139,2023Q4,3,городской округ город Тулун,Иркутская область
1140,2023Q4,2,городской округ город Усолье-Сибирское,Иркутская область
1141,2023Q4,2,городской округ город Усть-Илимск,Иркутская область
1142,2023Q4,2,городской округ город Черемхово,Иркутская область
1143,2023Q4,1,городской округ город Свирск,Иркутская область
1144,2023Q4,3,Балаганский муниципальный район,Иркутская область
1146,2023Q4,1,Братский муниципальный район,Иркутская область
1147,2023Q4,4,Жигаловский муниципальный район,Иркутская область
1148,2023Q4,3,Заларинский муниципальный район,Иркутская область
1149,2023Q4,3,Зиминский муниципальный район,Иркутская область
1150,2023Q4,2,Иркутский муниципальный район,Иркутская область
1151,2023Q4,4,Казачинско-Ленский муниципальный район,Иркутская область
1152,2023Q4,4,Катангский муниципальный район,Иркутская область
1153,2023Q4,3,Качугский муниципальный район,Иркутская область
1154,2023Q4,4,Киренский муниципальный район,Иркутская область
1155,2023Q4,3,Куйтунский муниципальный район,Иркутская область
1157,2023Q4,1,Нижнеилимский муниципальный район,Иркутская область
1158,2023Q4,4,Нижнеудинский муниципальный район,Иркутская область
1159,2023Q4,3,Ольхонский муниципальный район,Иркутская область
1160,2023Q4,4,Слюдянский муниципальный район,Иркутская область
1161,2023Q4,4,Тайшетский муниципальный район,Иркутская область
1163,2023Q4,3,Усольский муниципальный район,Иркутская область
1164,2023Q4,4,Усть-Илимский муниципальный район,Иркутская область
1165,2023Q4,4,Усть-Кутский муниципальный район,Иркутская область
1166,2023Q4,3,Усть-Удинский муниципальный район,Иркутская область
1167,2023Q4,3,Черемховский муниципальный район,Иркутская область
1168,2023Q4,3,Чунский муниципальный район,Иркутская область
1169,2023Q4,2,Шелеховский муниципальный район,Иркутская область
1170,2023Q4,3,Аларский муниципальный район,Иркутская область
1171,2023Q4,3,Баяндаевский муниципальный район,Иркутская область
1172,2023Q4,3,Боханский муниципальный район,Иркутская область
1173,2023Q4,3,Нукутский муниципальный район,Иркутская область
1174,2023Q4,3,Осинский муниципальный район,Иркутская область
1175,2023Q4,3,Эхирит-Булагатский муниципальный район,Иркутская область
1176,2023Q4,2,городской округ город Калининград,Калининградская область
1178,2023Q4,1,городской округ Мамоновский,Калининградская область
1179,2023Q4,1,городской округ Пионерский,Калининградская область
1180,2023Q4,1,городской округ Светловский,Калининградская область
1181,2023Q4,1,городской округ Советский,Калининградская область
1184,2023Q4,1,городской округ Балтийский,Калининградская область
1185,2023Q4,1,муниципальный округ Гвардейский,Калининградская область
1186,2023Q4,2,муниципальный округ Гурьевский,Калининградская область
1187,2023Q4,1,городской округ Гусевский,Калининградская область
1188,2023Q4,2,муниципальный округ Зеленоградский,Калининградская область
1189,2023Q4,3,муниципальный округ Краснознаменский,Калининградская область
1190,2023Q4,2,городской округ Светлогорский,Калининградская область
1191,2023Q4,3,муниципальный округ Неманский,Калининградская область
1192,2023Q4,3,муниципальный округ Нестеровский,Калининградская область
1193,2023Q4,3,муниципальный округ Озерский,Калининградская область
1194,2023Q4,5,муниципальный округ Полесский,Калининградская область
1195,2023Q4,0,муниципальный округ Правдинский,Калининградская область
1196,2023Q4,3,муниципальный округ Славский,Калининградская область
1197,2023Q4,1,муниципальный округ Черняховский,Калининградская область
1198,2023Q4,2,городской округ город Калуга,Калужская область
1200,2023Q4,1,Бабынинский муниципальный район,Калужская область
1201,2023Q4,0,Барятинский муниципальный район,Калужская область
1203,2023Q4,1,Дзержинский муниципальный район,Калужская область
1204,2023Q4,0,Думиничский муниципальный район,Калужская область
1205,2023Q4,0,Жиздринский муниципальный район,Калужская область
1206,2023Q4,1,Жуковский муниципальный район,Калужская область
1207,2023Q4,1,Кировский муниципальный район,Калужская область
1208,2023Q4,0,Износковский муниципальный район,Калужская область
1209,2023Q4,1,Козельский муниципальный район,Калужская область
1210,2023Q4,0,Куйбышевский муниципальный район,Калужская область
1211,2023Q4,1,Людиновский муниципальный район,Калужская область
1212,2023Q4,2,Малоярославецкий муниципальный район,Калужская область
1213,2023Q4,1,Медынский муниципальный район,Калужская область
1214,2023Q4,0,Мещовский муниципальный район,Калужская область
1215,2023Q4,0,Мосальский муниципальный район,Калужская область
1217,2023Q4,0,Спас-Деменский муниципальный район,Калужская область
1218,2023Q4,0,Сухиничский муниципальный район,Калужская область
1219,2023Q4,1,Тарусский муниципальный район,Калужская область
1220,2023Q4,0,Ульяновский муниципальный район,Калужская область
1221,2023Q4,1,Ферзиковский муниципальный район,Калужская область
1222,2023Q4,0,Хвастовичский муниципальный район,Калужская область
1223,2023Q4,0,Юхновский муниципальный район,Калужская область
1224,2023Q4,2,городской округ Кемеровский,Кемеровская область
1225,2023Q4,2,городской округ Анжеро-Судженский,Кемеровская область
1226,2023Q4,2,городской округ Беловский,Кемеровская область
1227,2023Q4,1,городской округ Березовский,Кемеровская область
1228,2023Q4,1,городской округ Калтанский,Кемеровская область
1229,2023Q4,2,городской округ Киселевский,Кемеровская область
1230,2023Q4,2,городской округ Ленинск-Кузнецкий,Кемеровская область
1231,2023Q4,2,городской округ Междуреченский,Кемеровская область
1232,2023Q4,2,городской округ Мысковский,Кемеровская область
1233,2023Q4,2,городской округ Новокузнецкий,Кемеровская область
1234,2023Q4,2,городской округ Осинниковский,Кемеровская область
1235,2023Q4,2,городской округ Полысаевский,Кемеровская область
1236,2023Q4,2,городской округ Прокопьевский,Кемеровская область
1237,2023Q4,1,городской округ Тайгинский,Кемеровская область
1238,2023Q4,2,городской округ Юргинский,Кемеровская область
1240,2023Q4,3,Беловский муниципальный округ,Кемеровская область
1241,2023Q4,1,Гурьевский муниципальный округ,Кемеровская область
1242,2023Q4,0,Ижморский муниципальный округ,Кемеровская область
1243,2023Q4,2,Кемеровский муниципальный округ,Кемеровская область
1244,2023Q4,0,Крапивинский муниципальный округ,Кемеровская область
1246,2023Q4,3,Мариинский муниципальный округ,Кемеровская область
1247,2023Q4,2,Новокузнецкий муниципальный округ,Кемеровская область
1249,2023Q4,3,Промышленновский муниципальный округ,Кемеровская область
1250,2023Q4,1,Таштагольский муниципальный район,Кемеровская область
1251,2023Q4,0,Тисульский муниципальный округ,Кемеровская область
1252,2023Q4,1,Топкинский муниципальный округ,Кемеровская область
1253,2023Q4,0,Тяжинский муниципальный округ,Кемеровская область
1254,2023Q4,3,Чебулинский муниципальный округ,Кемеровская область
1256,2023Q4,3,Яйский муниципальный округ,Кемеровская область
1257,2023Q4,1,Яшкинский муниципальный округ,Кемеровская область
1258,2023Q4,2,городской округ город Киров,Кировская область
1259,2023Q4,1,городской округ город Вятские Поляны,Кировская область
1260,2023Q4,1,городской округ город Кирово-Чепецк,Кировская область
1261,2023Q4,1,городской округ город Котельнич,Кировская область
1262,2023Q4,1,городской округ город Слободской,Кировская область
1264,2023Q4,0,муниципальный округ Арбажский,Кировская область
1265,2023Q4,3,муниципальный округ Афанасьевский,Кировская область
1266,2023Q4,0,Белохолуницкий муниципальный район,Кировская область
1267,2023Q4,0,муниципальный округ Богородский,Кировская область
1268,2023Q4,0,муниципальный округ Верхнекамский,Кировская область
1269,2023Q4,0,Верхошижемский муниципальный район,Кировская область
1270,2023Q4,1,Вятскополянский муниципальный район,Кировская область
1271,2023Q4,0,Даровской муниципальный район,Кировская область
1272,2023Q4,0,Зуевский муниципальный район,Кировская область
1273,2023Q4,0,муниципальный округ Кикнурский,Кировская область
1274,2023Q4,0,Кильмезский муниципальный район,Кировская область
1275,2023Q4,3,Кирово-Чепецкий муниципальный район,Кировская область
1276,2023Q4,0,Котельничский муниципальный район,Кировская область
1277,2023Q4,0,Куменский муниципальный район,Кировская область
1278,2023Q4,0,муниципальный округ Лебяжский,Кировская область
1279,2023Q4,0,муниципальный округ Лузский,Кировская область
1280,2023Q4,0,Малмыжский муниципальный район,Кировская область
1281,2023Q4,0,муниципальный округ Мурашинский,Кировская область
1282,2023Q4,0,Нагорский муниципальный район,Кировская область
1284,2023Q4,0,Нолинский муниципальный район,Кировская область
1285,2023Q4,1,Омутнинский муниципальный район,Кировская область
1286,2023Q4,0,муниципальный округ Опаринский,Кировская область
1287,2023Q4,1,Оричевский муниципальный район,Кировская область
1288,2023Q4,0,Орловский муниципальный район,Кировская область
1289,2023Q4,0,муниципальный округ Пижанский,Кировская область
1290,2023Q4,0,Подосиновский муниципальный район,Кировская область
1291,2023Q4,0,муниципальный округ Санчурский,Кировская область
1292,2023Q4,0,муниципальный округ Свечинский,Кировская область
1293,2023Q4,1,Слободской муниципальный район,Кировская область
1294,2023Q4,1,Советский муниципальный район,Кировская область
1295,2023Q4,0,Сунский муниципальный район,Кировская область
1296,2023Q4,0,Тужинский муниципальный район,Кировская область
1297,2023Q4,0,муниципальный округ Унинский,Кировская область
1298,2023Q4,0,Уржумский муниципальный район,Кировская область
1299,2023Q4,0,муниципальный округ Фаленский,Кировская область
1300,2023Q4,0,Шабалинский муниципальный район,Кировская область
1301,2023Q4,1,Юрьянский муниципальный район,Кировская область
1302,2023Q4,1,Яранский муниципальный район,Кировская область
1303,2023Q4,2,городской округ город Кострома,Костромская область
1304,2023Q4,1,городской округ город Буй,Костромская область
1305,2023Q4,1,городской округ город Волгореченск,Костромская область
1306,2023Q4,1,городской округ город Галич,Костромская область
1308,2023Q4,1,городской округ город Шарья,Костромская область
1309,2023Q4,0,Антроповский муниципальный район,Костромская область
1310,2023Q4,0,Буйский муниципальный район,Костромская область
1311,2023Q4,0,Вохомский муниципальный район,Костромская область
1312,2023Q4,0,Галичский муниципальный район,Костромская область
1313,2023Q4,0,Кадыйский муниципальный район,Костромская область
1314,2023Q4,0,Кологривский муниципальный округ,Костромская область
1315,2023Q4,3,Костромской муниципальный район,Костромская область
1316,2023Q4,1,Красносельский муниципальный район,Костромская область
1317,2023Q4,0,Макарьевский муниципальный район,Костромская область
1319,2023Q4,0,Межевской муниципальный округ,Костромская область
1320,2023Q4,0,Нейский муниципальный округ,Костромская область
1321,2023Q4,1,муниципальный район город Нерехта и Нерехтский район,Костромская область
1322,2023Q4,0,Октябрьский муниципальный район,Костромская область
1323,2023Q4,0,Островский муниципальный округ,Костромская область
1324,2023Q4,0,Павинский муниципальный округ,Костромская область
1325,2023Q4,0,Парфеньевский муниципальный округ,Костромская область
1326,2023Q4,0,Поназыревский муниципальный округ,Костромская область
1327,2023Q4,0,Пыщугский муниципальный округ,Костромская область
1328,2023Q4,0,Солигаличский муниципальный округ,Костромская область
1329,2023Q4,0,Судиславский муниципальный район,Костромская область
1330,2023Q4,0,Сусанинский муниципальный район,Костромская область
1331,2023Q4,0,Чухломский муниципальный район,Костромская область
1333,2023Q4,2,городской округ город Курган,Курганская область
1334,2023Q4,1,городской округ город Шадринск,Курганская область
1335,2023Q4,0,Альменевский муниципальный округ,Курганская область
1336,2023Q4,0,Белозерский муниципальный округ,Курганская область
1337,2023Q4,0,Варгашинский муниципальный округ,Курганская область
1338,2023Q4,0,Далматовский муниципальный округ,Курганская область
1339,2023Q4,0,Звериноголовский муниципальный округ,Курганская область
1340,2023Q4,0,Каргапольский муниципальный округ,Курганская область
1341,2023Q4,0,Катайский муниципальный округ,Курганская область
1343,2023Q4,0,Куртамышский муниципальный округ,Курганская область
1344,2023Q4,0,Лебяжьевский муниципальный округ,Курганская область
1345,2023Q4,0,муниципальный округ Макушинский,Курганская область
1346,2023Q4,0,Мишкинский муниципальный округ,Курганская область
1347,2023Q4,0,Мокроусовский муниципальный округ,Курганская область
1348,2023Q4,0,Петуховский муниципальный округ,Курганская область
1349,2023Q4,0,Половинский муниципальный округ,Курганская область
1350,2023Q4,0,Притобольный муниципальный округ,Курганская область
1351,2023Q4,0,Сафакулевский муниципальный округ,Курганская область
1352,2023Q4,0,Целинный муниципальный округ,Курганская область
1353,2023Q4,0,Частоозерский муниципальный округ,Курганская область
1355,2023Q4,0,Шатровский муниципальный округ,Курганская область
1356,2023Q4,0,муниципальный округ Шумихинский,Курганская область
1357,2023Q4,0,Щучанский муниципальный округ,Курганская область
1358,2023Q4,0,Юргамышский муниципальный округ,Курганская область
1392,2023Q4,1,Бокситогорский муниципальный район,Ленинградская область
1393,2023Q4,1,Волосовский муниципальный район,Ленинградская область
1394,2023Q4,1,Волховский муниципальный район,Ленинградская область
1395,2023Q4,2,Всеволожский муниципальный район,Ленинградская область
1396,2023Q4,2,Выборгский муниципальный район,Ленинградская область
1397,2023Q4,2,Гатчинский муниципальный район,Ленинградская область
1398,2023Q4,2,Кингисеппский муниципальный район,Ленинградская область
1399,2023Q4,1,Киришский муниципальный район,Ленинградская область
1400,2023Q4,2,Кировский муниципальный район,Ленинградская область
1401,2023Q4,1,Лодейнопольский муниципальный район,Ленинградская область
1402,2023Q4,2,Ломоносовский муниципальный район,Ленинградская область
1403,2023Q4,2,Лужский муниципальный район,Ленинградская область
1404,2023Q4,1,Подпорожский муниципальный район,Ленинградская область
1405,2023Q4,1,Приозерский муниципальный район,Ленинградская область
1406,2023Q4,1,Сланцевский муниципальный район,Ленинградская область
1407,2023Q4,1,Тихвинский муниципальный район,Ленинградская область
1408,2023Q4,2,Тосненский муниципальный район,Ленинградская область
1409,2023Q4,2,городской округ Сосновоборский,Ленинградская область
1410,2023Q4,2,городской округ город Липецк,Липецкая область
1411,2023Q4,2,городской округ город Елец,Липецкая область
1412,2023Q4,0,Воловский муниципальный район,Липецкая область
1413,2023Q4,1,Грязинский муниципальный район,Липецкая область
1414,2023Q4,1,Данковский муниципальный район,Липецкая область
1415,2023Q4,0,Добринский муниципальный район,Липецкая область
1416,2023Q4,0,Добровский муниципальный район,Липецкая область
1417,2023Q4,0,Долгоруковский муниципальный район,Липецкая область
1419,2023Q4,0,Задонский муниципальный район,Липецкая область
1420,2023Q4,0,Измалковский муниципальный район,Липецкая область
1421,2023Q4,0,Краснинский муниципальный район,Липецкая область
1422,2023Q4,1,Лебедянский муниципальный район,Липецкая область
1423,2023Q4,0,Лев-Толстовский муниципальный район,Липецкая область
1425,2023Q4,0,Становлянский муниципальный район,Липецкая область
1426,2023Q4,0,Тербунский муниципальный район,Липецкая область
1427,2023Q4,1,Усманский муниципальный район,Липецкая область
1428,2023Q4,0,Хлевенский муниципальный район,Липецкая область
1429,2023Q4,0,Чаплыгинский муниципальный район,Липецкая область
1430,2023Q4,4,городской округ город Магадан,Магаданская область
1431,2023Q4,4,муниципальный округ Ольский,Магаданская область
1434,2023Q4,4,муниципальный округ Среднеканский,Магаданская область
1435,2023Q4,4,муниципальный округ Сусуманский,Магаданская область
1437,2023Q4,4,муниципальный округ Хасынский,Магаданская область
1438,2023Q4,4,муниципальный округ Ягоднинский,Магаданская область
1439,2023Q4,2,городской округ Балашиха,Московская область
1440,2023Q4,2,городской округ Бронницы,Московская область
1443,2023Q4,2,городской округ Дзержинский,Московская область
1444,2023Q4,2,городской округ Долгопрудный,Московская область
1445,2023Q4,2,городской округ Домодедово,Московская область
1446,2023Q4,2,городской округ Дубна,Московская область
1447,2023Q4,2,городской округ Егорьевск,Московская область
1448,2023Q4,2,городской округ Жуковский,Московская область
1449,2023Q4,1,городской округ Зарайск,Московская область
1453,2023Q4,2,городской округ Истра,Московская область
1454,2023Q4,2,городской округ Кашира,Московская область
1456,2023Q4,2,городской округ Королёв,Московская область
1457,2023Q4,2,городской округ Котельники,Московская область
1459,2023Q4,2,городской округ Красногорск,Московская область
1461,2023Q4,2,городской округ Лобня,Московская область
1463,2023Q4,2,городской округ Луховицы,Московская область
1464,2023Q4,2,городской округ Лыткарино,Московская область
1465,2023Q4,2,городской округ Люберцы,Московская область
1467,2023Q4,2,городской округ Мытищи,Московская область
1468,2023Q4,2,городской округ Наро-Фоминский,Московская область
1471,2023Q4,2,городской округ Павловский Посад,Московская область
1472,2023Q4,2,городской округ Подольск,Московская область
1473,2023Q4,1,городской округ Протвино,Московская область
1474,2023Q4,1,городской округ Пущино,Московская область
1475,2023Q4,2,городской округ Реутов,Московская область
1477,2023Q4,2,городской округ Рузский,Московская область
1478,2023Q4,1,городской округ Серебряные Пруды,Московская область
1480,2023Q4,2,городской округ Ступино,Московская область
1481,2023Q4,2,городской округ Фрязино,Московская область
1483,2023Q4,1,городской округ Черноголовка,Московская область
1484,2023Q4,2,городской округ Чехов,Московская область
1486,2023Q4,1,городской округ Шаховская,Московская область
1487,2023Q4,1,городской округ Электрогорск,Московская область
1488,2023Q4,2,городской округ Электросталь,Московская область
1489,2023Q4,2,городской округ Волоколамский,Московская область
1490,2023Q4,2,городской округ Воскресенск,Московская область
1491,2023Q4,2,городской округ Дмитровский,Московская область
1492,2023Q4,2,городской округ Клин,Московская область
1493,2023Q4,2,городской округ Ленинский,Московская область
1494,2023Q4,0,городской округ Лотошино,Московская область
1495,2023Q4,2,городской округ Можайский,Московская область
1496,2023Q4,2,городской округ Богородский,Московская область
1500,2023Q4,2,городской округ Раменский,Московская область
1501,2023Q4,2,городской округ Сергиево-Посадский,Московская область
1504,2023Q4,1,городской округ Талдомский,Московская область
1506,2023Q4,2,городской округ город Мурманск,Мурманская область
1507,2023Q4,2,муниципальный округ город Апатиты,Мурманская область
1508,2023Q4,4,муниципальный округ город Кировск,Мурманская область
1509,2023Q4,1,муниципальный округ город Мончегорск,Мурманская область
1510,2023Q4,1,муниципальный округ город Оленегорск,Мурманская область
1511,2023Q4,1,муниципальный округ город Полярные Зори,Мурманская область
1512,2023Q4,1,Ковдорский муниципальный округ,Мурманская область
1518,2023Q4,1,Кандалакшский муниципальный район,Мурманская область
1519,2023Q4,4,Кольский муниципальный район,Мурманская область
1520,2023Q4,1,Ловозерский муниципальный район,Мурманская область
1521,2023Q4,1,Печенгский муниципальный округ,Мурманская область
1522,2023Q4,1,Терский муниципальный район,Мурманская область
1523,2023Q4,2,городской округ город Нижний Новгород,Нижегородская область
1525,2023Q4,2,городской округ город Бор,Нижегородская область
1526,2023Q4,2,городской округ город Выкса,Нижегородская область
1527,2023Q4,2,городской округ город Дзержинск,Нижегородская область
1528,2023Q4,1,городской округ город Кулебаки,Нижегородская область
1529,2023Q4,1,городской округ Навашинский,Нижегородская область
1530,2023Q4,0,городской округ Перевозский,Нижегородская область
1532,2023Q4,1,городской округ Семеновский,Нижегородская область
1533,2023Q4,1,городской округ город Шахунья,Нижегородская область
1534,2023Q4,0,городской округ город Первомайск,Нижегородская область
1535,2023Q4,0,городской округ Сокольский,Нижегородская область
1536,2023Q4,0,городской округ город Чкаловск,Нижегородская область
1537,2023Q4,0,Ардатовский муниципальный округ,Нижегородская область
1539,2023Q4,1,Балахнинский муниципальный округ,Нижегородская область
1540,2023Q4,2,Богородский муниципальный округ,Нижегородская область
1541,2023Q4,0,Большеболдинский муниципальный округ,Нижегородская область
1542,2023Q4,0,Большемурашкинский муниципальный округ,Нижегородская область
1543,2023Q4,0,Бутурлинский муниципальный округ,Нижегородская область
1544,2023Q4,0,Вадский муниципальный округ,Нижегородская область
1545,2023Q4,0,Варнавинский муниципальный округ,Нижегородская область
1546,2023Q4,0,Вачский муниципальный округ,Нижегородская область
1547,2023Q4,0,Ветлужский муниципальный округ,Нижегородская область
1548,2023Q4,0,Вознесенский муниципальный округ,Нижегородская область
1549,2023Q4,1,Володарский муниципальный округ,Нижегородская область
1550,2023Q4,0,городской округ Воротынский,Нижегородская область
1551,2023Q4,0,Воскресенский муниципальный округ,Нижегородская область
1552,2023Q4,0,Гагинский муниципальный округ,Нижегородская область
1553,2023Q4,1,Городецкий муниципальный округ,Нижегородская область
1554,2023Q4,0,Дальнеконстантиновский муниципальный округ,Нижегородская область
1555,2023Q4,0,Дивеевский муниципальный округ,Нижегородская область
1556,2023Q4,1,Княгининский муниципальный округ,Нижегородская область
1557,2023Q4,0,Ковернинский муниципальный округ,Нижегородская область
1558,2023Q4,0,Краснобаковский муниципальный округ,Нижегородская область
1559,2023Q4,0,Краснооктябрьский муниципальный округ,Нижегородская область
1560,2023Q4,2,Кстовский муниципальный округ,Нижегородская область
1561,2023Q4,0,Лукояновский муниципальный округ,Нижегородская область
1562,2023Q4,1,Лысковский муниципальный округ,Нижегородская область
1563,2023Q4,2,Павловский муниципальный округ,Нижегородская область
1564,2023Q4,0,Пильнинский муниципальный округ,Нижегородская область
1565,2023Q4,0,Починковский муниципальный округ,Нижегородская область
1566,2023Q4,1,Сергачский муниципальный округ,Нижегородская область
1567,2023Q4,0,Сеченовский муниципальный округ,Нижегородская область
1568,2023Q4,0,Сосновский муниципальный округ,Нижегородская область
1569,2023Q4,0,Спасский муниципальный округ,Нижегородская область
1570,2023Q4,0,Тонкинский муниципальный округ,Нижегородская область
1571,2023Q4,0,Тоншаевский муниципальный округ,Нижегородская область
1572,2023Q4,3,Уренский муниципальный округ,Нижегородская область
1573,2023Q4,0,Шарангский муниципальный округ,Нижегородская область
1574,2023Q4,0,Шатковский муниципальный округ,Нижегородская область
1575,2023Q4,2,городской округ Великий Новгород,Новгородская область
1577,2023Q4,2,Боровичский муниципальный район,Новгородская область
1578,2023Q4,1,Валдайский муниципальный район,Новгородская область
1579,2023Q4,0,муниципальный округ Волотовский,Новгородская область
1580,2023Q4,0,муниципальный округ Демянский,Новгородская область
1581,2023Q4,0,муниципальный округ Крестецкий,Новгородская область
1582,2023Q4,0,Любытинский муниципальный район,Новгородская область
1583,2023Q4,1,Маловишерский муниципальный район,Новгородская область
1584,2023Q4,0,муниципальный округ Марёвский,Новгородская область
1585,2023Q4,0,муниципальный округ Мошенской,Новгородская область
1586,2023Q4,2,Новгородский муниципальный район,Новгородская область
1587,2023Q4,1,Окуловский муниципальный район,Новгородская область
1588,2023Q4,1,Парфинский муниципальный район,Новгородская область
1589,2023Q4,1,муниципальный округ Пестовский,Новгородская область
1590,2023Q4,0,Поддорский муниципальный район,Новгородская область
1591,2023Q4,0,муниципальный округ Солецкий,Новгородская область
1592,2023Q4,1,Старорусский муниципальный район,Новгородская область
1593,2023Q4,0,муниципальный округ Хвойнинский,Новгородская область
1594,2023Q4,0,Холмский муниципальный район,Новгородская область
1595,2023Q4,1,Чудовский муниципальный район,Новгородская область
1596,2023Q4,0,Шимский муниципальный район,Новгородская область
1597,2023Q4,2,городской округ город Новосибирск,Новосибирская область
1598,2023Q4,2,городской округ город Бердск,Новосибирская область
1599,2023Q4,2,городской округ город Искитим,Новосибирская область
1600,2023Q4,2,городской округ город Обь,Новосибирская область
1601,2023Q4,2,городской округ рабочий поселок Кольцово,Новосибирская область
1602,2023Q4,3,Баганский муниципальный район,Новосибирская область
1603,2023Q4,3,Барабинский муниципальный район,Новосибирская область
1604,2023Q4,3,Болотнинский муниципальный район,Новосибирская область
1605,2023Q4,0,Венгеровский муниципальный район,Новосибирская область
1606,2023Q4,0,Доволенский муниципальный район,Новосибирская область
1607,2023Q4,0,Здвинский муниципальный район,Новосибирская область
1608,2023Q4,1,Искитимский муниципальный район,Новосибирская область
1609,2023Q4,3,Карасукский муниципальный район,Новосибирская область
1610,2023Q4,0,Каргатский муниципальный район,Новосибирская область
1611,2023Q4,0,Колыванский муниципальный район,Новосибирская область
1612,2023Q4,1,Коченевский муниципальный район,Новосибирская область
1613,2023Q4,0,Кочковский муниципальный район,Новосибирская область
1614,2023Q4,0,Краснозерский муниципальный район,Новосибирская область
1615,2023Q4,1,Куйбышевский муниципальный район,Новосибирская область
1616,2023Q4,0,Купинский муниципальный район,Новосибирская область
1617,2023Q4,0,Кыштовский муниципальный район,Новосибирская область
1618,2023Q4,3,Маслянинский муниципальный район,Новосибирская область
1619,2023Q4,3,Мошковский муниципальный район,Новосибирская область
1620,2023Q4,2,Новосибирский муниципальный район,Новосибирская область
1621,2023Q4,0,Ордынский муниципальный район,Новосибирская область
1622,2023Q4,0,Северный муниципальный район,Новосибирская область
1623,2023Q4,3,Сузунский муниципальный район,Новосибирская область
1624,2023Q4,1,Татарский муниципальный район,Новосибирская область
1625,2023Q4,3,Тогучинский муниципальный район,Новосибирская область
1626,2023Q4,0,Убинский муниципальный район,Новосибирская область
1627,2023Q4,0,Усть-Таркский муниципальный район,Новосибирская область
1628,2023Q4,0,Чановский муниципальный район,Новосибирская область
1629,2023Q4,1,Черепановский муниципальный район,Новосибирская область
1630,2023Q4,0,Чистоозерный муниципальный район,Новосибирская область
1631,2023Q4,1,Чулымский муниципальный район,Новосибирская область
1632,2023Q4,2,городской округ город Омск,Омская область
1633,2023Q4,3,Азовский немецкий национальный муниципальный район,Омская область
1634,2023Q4,1,Большереченский муниципальный район,Омская область
1635,2023Q4,0,Большеуковский муниципальный район,Омская область
1636,2023Q4,0,Горьковский муниципальный район,Омская область
1637,2023Q4,0,Знаменский муниципальный район,Омская область
1638,2023Q4,3,Исилькульский муниципальный район,Омская область
1639,2023Q4,1,Калачинский муниципальный район,Омская область
1640,2023Q4,0,Колосовский муниципальный район,Омская область
1641,2023Q4,1,Кормиловский муниципальный район,Омская область
1642,2023Q4,0,Крутинский муниципальный район,Омская область
1643,2023Q4,1,Любинский муниципальный район,Омская область
1644,2023Q4,3,Марьяновский муниципальный район,Омская область
1645,2023Q4,3,Москаленский муниципальный район,Омская область
1646,2023Q4,0,Муромцевский муниципальный район,Омская область
1647,2023Q4,0,Называевский муниципальный район,Омская область
1648,2023Q4,0,Нижнеомский муниципальный район,Омская область
1649,2023Q4,0,Нововаршавский муниципальный район,Омская область
1650,2023Q4,3,Одесский муниципальный район,Омская область
1651,2023Q4,0,Оконешниковский муниципальный район,Омская область
1652,2023Q4,2,Омский муниципальный район,Омская область
1653,2023Q4,0,Павлоградский муниципальный район,Омская область
1654,2023Q4,3,Полтавский муниципальный район,Омская область
1655,2023Q4,0,Русско-Полянский муниципальный район,Омская область
1656,2023Q4,0,Саргатский муниципальный район,Омская область
1657,2023Q4,0,Седельниковский муниципальный район,Омская область
1658,2023Q4,3,Таврический муниципальный район,Омская область
1659,2023Q4,3,Тарский муниципальный район,Омская область
1660,2023Q4,0,Тевризский муниципальный район,Омская область
1661,2023Q4,0,Тюкалинский муниципальный район,Омская область
1662,2023Q4,3,Усть-Ишимский муниципальный район,Омская область
1663,2023Q4,0,Черлакский муниципальный район,Омская область
1664,2023Q4,0,Шербакульский муниципальный район,Омская область
1665,2023Q4,2,городской округ город Оренбург,Оренбургская область
1666,2023Q4,0,городской округ Абдулинский,Оренбургская область
1667,2023Q4,2,городской округ город Бугуруслан,Оренбургская область
1668,2023Q4,2,городской округ город Бузулук,Оренбургская область
1669,2023Q4,1,городской округ Гайский,Оренбургская область
1670,2023Q4,1,городской округ Кувандыкский,Оренбургская область
1671,2023Q4,1,городской округ город Медногорск,Оренбургская область
1672,2023Q4,1,городской округ город Новотроицк,Оренбургская область
1673,2023Q4,2,городской округ город Орск,Оренбургская область
1674,2023Q4,1,городской округ Соль-Илецкий,Оренбургская область
1675,2023Q4,1,городской округ Сорочинский,Оренбургская область
1676,2023Q4,1,городской округ Ясненский,Оренбургская область
1678,2023Q4,0,Адамовский муниципальный район,Оренбургская область
1679,2023Q4,0,Акбулакский муниципальный район,Оренбургская область
1680,2023Q4,0,Александровский муниципальный район,Оренбургская область
1681,2023Q4,0,Асекеевский муниципальный район,Оренбургская область
1682,2023Q4,0,Беляевский муниципальный район,Оренбургская область
1683,2023Q4,5,Бугурусланский муниципальный район,Оренбургская область
1685,2023Q4,0,Грачёвский муниципальный район,Оренбургская область
1686,2023Q4,0,Домбаровский муниципальный район,Оренбургская область
1687,2023Q4,3,Илекский муниципальный район,Оренбургская область
1688,2023Q4,0,Кваркенский муниципальный район,Оренбургская область
1689,2023Q4,0,Красногвардейский муниципальный район,Оренбургская область
1690,2023Q4,0,Курманаевский муниципальный район,Оренбургская область
1691,2023Q4,0,Матвеевский муниципальный район,Оренбургская область
1692,2023Q4,1,Новоорский муниципальный район,Оренбургская область
1693,2023Q4,0,Новосергиевский муниципальный район,Оренбургская область
1694,2023Q4,0,Октябрьский муниципальный район,Оренбургская область
1696,2023Q4,3,Первомайский муниципальный район,Оренбургская область
1697,2023Q4,3,Переволоцкий муниципальный район,Оренбургская область
1698,2023Q4,0,Пономарёвский муниципальный район,Оренбургская область
1699,2023Q4,0,Сакмарский муниципальный район,Оренбургская область
1700,2023Q4,3,Саракташский муниципальный район,Оренбургская область
1701,2023Q4,0,Светлинский муниципальный район,Оренбургская область
1702,2023Q4,0,Северный муниципальный район,Оренбургская область
1703,2023Q4,3,Ташлинский муниципальный район,Оренбургская область
1704,2023Q4,3,Тоцкий муниципальный район,Оренбургская область
1705,2023Q4,0,Тюльганский муниципальный район,Оренбургская область
1706,2023Q4,0,Шарлыкский муниципальный район,Оренбургская область
1707,2023Q4,2,городской округ город Орёл,Орловская область
1708,2023Q4,1,городской округ город Ливны,Орловская область
1709,2023Q4,1,городской округ город Мценск,Орловская область
1710,2023Q4,0,Болховский муниципальный район,Орловская область
1711,2023Q4,0,Верховский муниципальный район,Орловская область
1712,2023Q4,0,Глазуновский муниципальный район,Орловская область
1713,2023Q4,0,Дмитровский муниципальный район,Орловская область
1714,2023Q4,0,Должанский муниципальный район,Орловская область
1715,2023Q4,0,Залегощенский муниципальный район,Орловская область
1717,2023Q4,0,Колпнянский муниципальный район,Орловская область
1718,2023Q4,0,Краснозоренский муниципальный район,Орловская область
1719,2023Q4,1,Кромской муниципальный район,Орловская область
1722,2023Q4,0,Малоархангельский муниципальный район,Орловская область
1724,2023Q4,0,Новодеревеньковский муниципальный район,Орловская область
1725,2023Q4,0,Новосильский муниципальный район,Орловская область
1726,2023Q4,2,муниципальный округ Орловский,Орловская область
1727,2023Q4,0,Покровский муниципальный район,Орловская область
1728,2023Q4,0,Свердловский муниципальный район,Орловская область
1730,2023Q4,0,Троснянский муниципальный район,Орловская область
1731,2023Q4,1,Урицкий муниципальный район,Орловская область
1732,2023Q4,0,Хотынецкий муниципальный район,Орловская область
1733,2023Q4,0,Шаблыкинский муниципальный район,Орловская область
1737,2023Q4,0,Башмаковский муниципальный район,Пензенская область
1738,2023Q4,0,Бековский муниципальный район,Пензенская область
1739,2023Q4,0,Белинский муниципальный район,Пензенская область
1740,2023Q4,5,Бессоновский муниципальный район,Пензенская область
1741,2023Q4,0,Вадинский муниципальный район,Пензенская область
1742,2023Q4,5,Городищенский муниципальный район,Пензенская область
1743,2023Q4,0,Земетчинский муниципальный район,Пензенская область
1744,2023Q4,0,Иссинский муниципальный район,Пензенская область
1745,2023Q4,0,Каменский муниципальный район,Пензенская область
1746,2023Q4,0,Камешкирский муниципальный район,Пензенская область
1747,2023Q4,0,Колышлейский муниципальный район,Пензенская область
1749,2023Q4,0,Лопатинский муниципальный район,Пензенская область
1750,2023Q4,0,Лунинский муниципальный район,Пензенская область
1751,2023Q4,0,Малосердобинский муниципальный район,Пензенская область
1752,2023Q4,0,Мокшанский муниципальный район,Пензенская область
1753,2023Q4,0,Наровчатский муниципальный район,Пензенская область
1754,2023Q4,0,Неверкинский муниципальный район,Пензенская область
1755,2023Q4,0,Нижнеломовский муниципальный район,Пензенская область
1756,2023Q4,0,Никольский муниципальный район,Пензенская область
1757,2023Q4,0,Пачелмский муниципальный район,Пензенская область
1758,2023Q4,2,Пензенский муниципальный район,Пензенская область
1759,2023Q4,0,Сердобский муниципальный район,Пензенская область
1760,2023Q4,5,Сосновоборский муниципальный район,Пензенская область
1761,2023Q4,0,Спасский муниципальный район,Пензенская область
1762,2023Q4,0,Тамалинский муниципальный район,Пензенская область
1763,2023Q4,0,Шемышейский муниципальный район,Пензенская область
1764,2023Q4,2,городской округ город Псков,Псковская область
1765,2023Q4,2,городской округ город Великие Луки,Псковская область
1766,2023Q4,0,Бежаницкий муниципальный район,Псковская область
1768,2023Q4,0,Гдовский муниципальный район,Псковская область
1769,2023Q4,0,Дедовичский муниципальный район,Псковская область
1770,2023Q4,1,Дновский муниципальный район,Псковская область
1771,2023Q4,0,муниципальный округ Красногородский,Псковская область
1773,2023Q4,0,муниципальный округ Локнянский,Псковская область
1774,2023Q4,0,муниципальный округ Невельский,Псковская область
1775,2023Q4,0,муниципальный округ Новоржевский,Псковская область
1776,2023Q4,0,Новосокольнический муниципальный район,Псковская область
1777,2023Q4,0,муниципальный округ Опочецкий,Псковская область
1778,2023Q4,1,Островский муниципальный район,Псковская область
1780,2023Q4,0,муниципальный округ Печорский,Псковская область
1781,2023Q4,0,Плюсский муниципальный район,Псковская область
1782,2023Q4,0,Порховский муниципальный район,Псковская область
1783,2023Q4,2,Псковский муниципальный район,Псковская область
1784,2023Q4,0,Пустошкинский муниципальный район,Псковская область
1785,2023Q4,1,Пушкиногорский муниципальный район,Псковская область
1786,2023Q4,1,муниципальный округ Пыталовский,Псковская область
1787,2023Q4,0,Себежский муниципальный район,Псковская область
1788,2023Q4,1,муниципальный округ Струго-Красненский,Псковская область
1845,2023Q4,2,городской округ город Рязань,Рязанская область
1846,2023Q4,1,городской округ город Касимов,Рязанская область
1847,2023Q4,1,городской округ город Сасово,Рязанская область
1848,2023Q4,0,городской округ город Скопин,Рязанская область
1849,2023Q4,0,Ермишинский муниципальный район,Рязанская область
1850,2023Q4,0,Захаровский муниципальный район,Рязанская область
1851,2023Q4,0,Кадомский муниципальный район,Рязанская область
1852,2023Q4,0,Касимовский муниципальный район,Рязанская область
1853,2023Q4,0,Клепиковский муниципальный район,Рязанская область
1854,2023Q4,0,Кораблинский муниципальный район,Рязанская область
1855,2023Q4,0,Милославский муниципальный район,Рязанская область
1856,2023Q4,0,Михайловский муниципальный район,Рязанская область
1857,2023Q4,0,Александро-Невский муниципальный район,Рязанская область
1858,2023Q4,0,Пителинский муниципальный район,Рязанская область
1859,2023Q4,1,Пронский муниципальный район,Рязанская область
1860,2023Q4,0,Путятинский муниципальный округ,Рязанская область
1861,2023Q4,1,Рыбновский муниципальный район,Рязанская область
1862,2023Q4,0,Ряжский муниципальный округ,Рязанская область
1863,2023Q4,2,Рязанский муниципальный район,Рязанская область
1864,2023Q4,0,Сапожковский муниципальный район,Рязанская область
1865,2023Q4,0,Сараевский муниципальный район,Рязанская область
1868,2023Q4,0,Спасский муниципальный район,Рязанская область
1869,2023Q4,0,Старожиловский муниципальный район,Рязанская область
1870,2023Q4,0,Ухоловский муниципальный район,Рязанская область
1871,2023Q4,0,Чучковский муниципальный район,Рязанская область
1872,2023Q4,0,Шацкий муниципальный район,Рязанская область
1873,2023Q4,0,Шиловский муниципальный район,Рязанская область
1874,2023Q4,2,городской округ Самара,Самарская область
1875,2023Q4,2,городской округ Жигулевск,Самарская область
1876,2023Q4,2,городской округ Кинель,Самарская область
1877,2023Q4,2,городской округ Новокуйбышевск,Самарская область
1878,2023Q4,1,городской округ Октябрьск,Самарская область
1879,2023Q4,1,городской округ Отрадный,Самарская область
1880,2023Q4,1,городской округ Похвистнево,Самарская область
1881,2023Q4,2,городской округ Сызрань,Самарская область
1882,2023Q4,2,городской округ Тольятти,Самарская область
1883,2023Q4,1,городской округ Чапаевск,Самарская область
1884,2023Q4,0,Алексеевский муниципальный район,Самарская область
1885,2023Q4,1,Безенчукский муниципальный район,Самарская область
1886,2023Q4,0,Богатовский муниципальный район,Самарская область
1887,2023Q4,0,Большеглушицкий муниципальный район,Самарская область
1888,2023Q4,0,Большечерниговский муниципальный район,Самарская область
1889,2023Q4,0,Борский муниципальный район,Самарская область
1890,2023Q4,2,Волжский муниципальный район,Самарская область
1891,2023Q4,0,Елховский муниципальный район,Самарская область
1892,2023Q4,0,Исаклинский муниципальный район,Самарская область
1893,2023Q4,0,Камышлинский муниципальный район,Самарская область
1894,2023Q4,1,Кинельский муниципальный район,Самарская область
1895,2023Q4,0,Кинель-Черкасский муниципальный район,Самарская область
1896,2023Q4,0,Клявлинский муниципальный район,Самарская область
1897,2023Q4,0,Кошкинский муниципальный район,Самарская область
1898,2023Q4,0,Красноармейский муниципальный район,Самарская область
1899,2023Q4,1,Красноярский муниципальный район,Самарская область
1900,2023Q4,1,Нефтегорский муниципальный район,Самарская область
1901,2023Q4,0,Пестравский муниципальный район,Самарская область
1902,2023Q4,0,Похвистневский муниципальный район,Самарская область
1903,2023Q4,0,Приволжский муниципальный район,Самарская область
1904,2023Q4,1,Сергиевский муниципальный район,Самарская область
1905,2023Q4,2,Ставропольский муниципальный район,Самарская область
1906,2023Q4,1,Сызранский муниципальный район,Самарская область
1907,2023Q4,0,Хворостянский муниципальный район,Самарская область
1908,2023Q4,0,Челно-Вершинский муниципальный район,Самарская область
1909,2023Q4,0,Шенталинский муниципальный район,Самарская область
1910,2023Q4,0,Шигонский муниципальный район,Самарская область
1912,2023Q4,1,городской округ город Шиханы,Саратовская область
1915,2023Q4,0,Александрово-Гайский муниципальный район,Саратовская область
1916,2023Q4,0,Аркадакский муниципальный район,Саратовская область
1917,2023Q4,0,Аткарский муниципальный район,Саратовская область
1918,2023Q4,0,Базарно-Карабулакский муниципальный район,Саратовская область
1919,2023Q4,2,Балаковский муниципальный район,Саратовская область
1920,2023Q4,5,Балашовский муниципальный район,Саратовская область
1921,2023Q4,0,Балтайский муниципальный район,Саратовская область
1922,2023Q4,1,Вольский муниципальный район,Саратовская область
1923,2023Q4,0,Воскресенский муниципальный район,Саратовская область
1924,2023Q4,0,Дергачевский муниципальный район,Саратовская область
1925,2023Q4,0,Духовницкий муниципальный район,Саратовская область
1926,2023Q4,0,Екатериновский муниципальный район,Саратовская область
1927,2023Q4,0,Ершовский муниципальный район,Саратовская область
1928,2023Q4,0,Ивантеевский муниципальный район,Саратовская область
1929,2023Q4,0,Калининский муниципальный район,Саратовская область
1930,2023Q4,0,Красноармейский муниципальный район,Саратовская область
1931,2023Q4,0,Краснокутский муниципальный район,Саратовская область
1932,2023Q4,0,Краснопартизанский муниципальный район,Саратовская область
1933,2023Q4,0,Лысогорский муниципальный район,Саратовская область
1934,2023Q4,1,Марксовский муниципальный район,Саратовская область
1935,2023Q4,0,Новобурасский муниципальный район,Саратовская область
1936,2023Q4,5,Новоузенский муниципальный район,Саратовская область
1937,2023Q4,0,Озинский муниципальный район,Саратовская область
1938,2023Q4,0,Перелюбский муниципальный район,Саратовская область
1939,2023Q4,1,Петровский муниципальный район,Саратовская область
1940,2023Q4,0,Питерский муниципальный район,Саратовская область
1941,2023Q4,0,Пугачевский муниципальный район,Саратовская область
1942,2023Q4,0,Ровенский муниципальный район,Саратовская область
1943,2023Q4,0,Романовский муниципальный район,Саратовская область
1944,2023Q4,1,Ртищевский муниципальный район,Саратовская область
1945,2023Q4,0,Самойловский муниципальный район,Саратовская область
1947,2023Q4,1,Советский муниципальный район,Саратовская область
1948,2023Q4,0,Татищевский муниципальный район,Саратовская область
1949,2023Q4,0,Турковский муниципальный район,Саратовская область
1950,2023Q4,0,Федоровский муниципальный район,Саратовская область
1951,2023Q4,0,Хвалынский муниципальный район,Саратовская область
1952,2023Q4,2,Энгельсский муниципальный район,Саратовская область
1954,2023Q4,4,городской округ Александровск-Сахалинский район,Сахалинская область
1955,2023Q4,4,городской округ Анивский,Сахалинская область
1956,2023Q4,4,городской округ Долинский,Сахалинская область
1957,2023Q4,4,городской округ Корсаковский,Сахалинская область
1958,2023Q4,4,городской округ Курильский,Сахалинская область
1959,2023Q4,4,городской округ Макаровский,Сахалинская область
1960,2023Q4,4,городской округ Невельский,Сахалинская область
1961,2023Q4,4,городской округ Ногликский,Сахалинская область
1962,2023Q4,4,городской округ Охинский,Сахалинская область
1963,2023Q4,4,городской округ Поронайский,Сахалинская область
1964,2023Q4,4,городской округ Северо-Курильский,Сахалинская область
1965,2023Q4,4,городской округ Смирныховский,Сахалинская область
1966,2023Q4,4,городской округ Томаринский,Сахалинская область
1967,2023Q4,4,городской округ Тымовский,Сахалинская область
1968,2023Q4,4,городской округ Углегорский,Сахалинская область
1969,2023Q4,4,городской округ Холмский,Сахалинская область
1970,2023Q4,4,городской округ Южно-Курильский,Сахалинская область
1971,2023Q4,2,городской округ город Екатеринбург,Свердловская область
1972,2023Q4,1,городской округ город Алапаевск,Свердловская область
1973,2023Q4,1,городской округ Артемовский,Свердловская область
1974,2023Q4,2,городской округ Асбестовский,Свердловская область
1975,2023Q4,1,городской округ Малышевский,Свердловская область
1976,2023Q4,1,городской округ Рефтинский,Свердловская область
1977,2023Q4,2,городской округ Березовский,Свердловская область
1978,2023Q4,1,городской округ Богданович,Свердловская область
1979,2023Q4,2,городской округ Верхняя Пышма,Свердловская область
1980,2023Q4,2,городской округ Среднеуральск,Свердловская область
1981,2023Q4,1,городской округ Верхнесалдинский,Свердловская область
1982,2023Q4,1,городской округ Заречный,Свердловская область
1983,2023Q4,1,городской округ Ивдельский,Свердловская область
1984,2023Q4,1,городской округ Пелым,Свердловская область
1985,2023Q4,2,городской округ город Ирбит,Свердловская область
1986,2023Q4,2,городской округ город Каменск-Уральский,Свердловская область
1987,2023Q4,2,городской округ Камышловский,Свердловская область
1988,2023Q4,1,городской округ Карпинск,Свердловская область
1989,2023Q4,1,городской округ Волчанский,Свердловская область
1990,2023Q4,1,городской округ Качканарский,Свердловская область
1991,2023Q4,1,городской округ Кировградский,Свердловская область
1992,2023Q4,1,городской округ Верхний Тагил,Свердловская область
1993,2023Q4,2,городской округ Краснотурьинск,Свердловская область
1994,2023Q4,1,городской округ Красноуральск,Свердловская область
1995,2023Q4,2,городской округ Красноуфимск,Свердловская область
1996,2023Q4,1,городской округ Кушвинский,Свердловская область
1997,2023Q4,1,городской округ Верхняя Тура,Свердловская область
1999,2023Q4,1,городской округ Невьянский,Свердловская область
2000,2023Q4,2,городской округ город Нижний Тагил,Свердловская область
2001,2023Q4,1,городской округ Нижняя Салда,Свердловская область
2002,2023Q4,1,городской округ Нижнетуринский,Свердловская область
2004,2023Q4,2,городской округ Первоуральск,Свердловская область
2005,2023Q4,1,городской округ Полевской,Свердловская область
2006,2023Q4,2,городской округ Ревда,Свердловская область
2007,2023Q4,1,городской округ Дегтярск,Свердловская область
2008,2023Q4,1,городской округ Режевской,Свердловская область
2009,2023Q4,1,городской округ Североуральский,Свердловская область
2010,2023Q4,2,городской округ Серовский,Свердловская область
2011,2023Q4,1,городской округ Сухой Лог,Свердловская область
2012,2023Q4,1,городской округ Тавдинский,Свердловская область
2015,2023Q4,1,городской округ Алапаевское,Свердловская область
2016,2023Q4,0,городской округ Махнёвское,Свердловская область
2017,2023Q4,0,городской округ Артинский,Свердловская область
2018,2023Q4,0,городской округ Ачитский,Свердловская область
2019,2023Q4,3,городской округ Белоярский,Свердловская область
2020,2023Q4,1,городской округ Верхнее Дуброво,Свердловская область
2021,2023Q4,3,городской округ Верхотурский,Свердловская область
2022,2023Q4,0,городской округ Гаринский,Свердловская область
2023,2023Q4,3,городской округ Ирбитское,Свердловская область
2024,2023Q4,3,городской округ Каменский,Свердловская область
2025,2023Q4,3,городской округ Красноуфимский округ,Свердловская область
2027,2023Q4,1,городской округ Бисертский,Свердловская область
2028,2023Q4,0,городской округ Новолялинский,Свердловская область
2030,2023Q4,3,городской округ Пышминский,Свердловская область
2031,2023Q4,1,городской округ Сосьвинский,Свердловская область
2032,2023Q4,2,городской округ Сысертский,Свердловская область
2033,2023Q4,2,городской округ Арамильский,Свердловская область
2034,2023Q4,1,городской округ Талицкий,Свердловская область
2035,2023Q4,0,городской округ Тугулымский,Свердловская область
2036,2023Q4,3,городской округ Туринский,Свердловская область
2037,2023Q4,0,городской округ Шалинский,Свердловская область
2039,2023Q4,3,Байкаловский муниципальный район,Свердловская область
2040,2023Q4,3,Камышловский муниципальный район,Свердловская область
2041,2023Q4,0,Слободо-Туринский муниципальный район,Свердловская область
2042,2023Q4,1,Нижнесергинский муниципальный район,Свердловская область
2043,2023Q4,0,Таборинский муниципальный район,Свердловская область
2044,2023Q4,2,городской округ город Смоленск,Смоленская область
2045,2023Q4,1,городской округ город Десногорск,Смоленская область
2046,2023Q4,0,Велижский муниципальный район,Смоленская область
2047,2023Q4,1,Вяземский муниципальный район,Смоленская область
2048,2023Q4,1,Гагаринский муниципальный район,Смоленская область
2049,2023Q4,0,Глинковский муниципальный район,Смоленская область
2050,2023Q4,0,Демидовский муниципальный район,Смоленская область
2051,2023Q4,1,Дорогобужский муниципальный район,Смоленская область
2052,2023Q4,0,Духовщинский муниципальный район,Смоленская область
2053,2023Q4,0,Ельнинский муниципальный район,Смоленская область
2054,2023Q4,0,Ершичский муниципальный район,Смоленская область
2055,2023Q4,1,Кардымовский муниципальный район,Смоленская область
2056,2023Q4,0,Краснинский муниципальный район,Смоленская область
2057,2023Q4,0,Монастырщинский муниципальный район,Смоленская область
2058,2023Q4,0,Новодугинский муниципальный район,Смоленская область
2059,2023Q4,0,Починковский муниципальный район,Смоленская область
2060,2023Q4,1,Рославльский муниципальный район,Смоленская область
2061,2023Q4,0,Руднянский муниципальный район,Смоленская область
2062,2023Q4,1,Сафоновский муниципальный район,Смоленская область
2063,2023Q4,2,Смоленский муниципальный район,Смоленская область
2064,2023Q4,0,Сычевский муниципальный район,Смоленская область
2065,2023Q4,0,Темкинский муниципальный район,Смоленская область
2066,2023Q4,0,Угранский муниципальный район,Смоленская область
2067,2023Q4,0,Хиславичский муниципальный район,Смоленская область
2068,2023Q4,0,Холм-Жирковский муниципальный район,Смоленская область
2069,2023Q4,0,Шумячский муниципальный район,Смоленская область
2070,2023Q4,1,Ярцевский муниципальный район,Смоленская область
2072,2023Q4,0,городской округ город Кирсанов,Тамбовская область
2073,2023Q4,1,городской округ город Котовск,Тамбовская область
2074,2023Q4,5,городской округ город Мичуринск,Тамбовская область
2075,2023Q4,1,городской округ город Моршанск,Тамбовская область
2076,2023Q4,5,городской округ город Рассказово,Тамбовская область
2077,2023Q4,0,городской округ город Уварово,Тамбовская область
2078,2023Q4,0,Бондарский муниципальный округ,Тамбовская область
2079,2023Q4,0,Гавриловский муниципальный округ,Тамбовская область
2080,2023Q4,0,Жердевский муниципальный округ,Тамбовская область
2081,2023Q4,0,Знаменский муниципальный округ,Тамбовская область
2082,2023Q4,0,Инжавинский муниципальный округ,Тамбовская область
2085,2023Q4,0,Мордовский муниципальный округ,Тамбовская область
2087,2023Q4,0,Мучкапский муниципальный округ,Тамбовская область
2088,2023Q4,0,Никифоровский муниципальный округ,Тамбовская область
2089,2023Q4,0,Первомайский муниципальный округ,Тамбовская область
2090,2023Q4,0,Петровский муниципальный округ,Тамбовская область
2091,2023Q4,0,Пичаевский муниципальный округ,Тамбовская область
2093,2023Q4,0,Ржаксинский муниципальный округ,Тамбовская область
2094,2023Q4,0,Сампурский муниципальный округ,Тамбовская область
2095,2023Q4,0,Сосновский муниципальный округ,Тамбовская область
2096,2023Q4,0,Староюрьевский муниципальный округ,Тамбовская область
2098,2023Q4,0,Токарёвский муниципальный округ,Тамбовская область
2100,2023Q4,0,Умётский муниципальный округ,Тамбовская область
2101,2023Q4,2,городской округ город Тверь,Тверская область
2105,2023Q4,1,городской округ Осташковский,Тверская область
2108,2023Q4,1,городской округ город Торжок,Тверская область
2109,2023Q4,1,городской округ Удомельский,Тверская область
2110,2023Q4,0,муниципальный округ Андреапольский,Тверская область
2111,2023Q4,1,муниципальный округ Бежецкий,Тверская область
2112,2023Q4,0,муниципальный округ Бельский,Тверская область
2113,2023Q4,1,муниципальный округ Бологовский,Тверская область
2114,2023Q4,0,муниципальный округ Весьегонский,Тверская область
2116,2023Q4,0,муниципальный округ Жарковский,Тверская область
2117,2023Q4,0,муниципальный округ Западнодвинский,Тверская область
2118,2023Q4,0,муниципальный округ Зубцовский,Тверская область
2119,2023Q4,2,муниципальный округ Калининский,Тверская область
2120,2023Q4,1,муниципальный округ Калязинский,Тверская область
2121,2023Q4,0,городской округ Кашинский,Тверская область
2122,2023Q4,1,муниципальный округ Кесовогорский,Тверская область
2124,2023Q4,1,муниципальный округ Конаковский,Тверская область
2125,2023Q4,0,муниципальный округ Краснохолмский,Тверская область
2126,2023Q4,1,муниципальный округ Кувшиновский,Тверская область
2127,2023Q4,0,муниципальный округ Лесной,Тверская область
2128,2023Q4,1,муниципальный округ Лихославльский,Тверская область
2129,2023Q4,0,муниципальный округ Максатихинский,Тверская область
2130,2023Q4,0,муниципальный округ Молоковский,Тверская область
2131,2023Q4,1,городской округ Нелидовский,Тверская область
2132,2023Q4,0,муниципальный округ Оленинский,Тверская область
2133,2023Q4,0,муниципальный округ Пеновский,Тверская область
2134,2023Q4,0,муниципальный округ Рамешковский,Тверская область
2136,2023Q4,0,муниципальный округ Сандовский,Тверская область
2137,2023Q4,0,муниципальный округ Селижаровский,Тверская область
2138,2023Q4,0,муниципальный округ Сонковский,Тверская область
2139,2023Q4,0,муниципальный округ Спировский,Тверская область
2140,2023Q4,0,муниципальный округ Старицкий,Тверская область
2142,2023Q4,0,муниципальный округ Торопецкий,Тверская область
2143,2023Q4,0,муниципальный округ Фировский,Тверская область
2144,2023Q4,2,городской округ город Томск,Томская область
2145,2023Q4,1,городской округ город Кедровый,Томская область
2146,2023Q4,1,городской округ город Стрежевой,Томская область
2148,2023Q4,4,Александровский муниципальный район,Томская область
2149,2023Q4,1,Асиновский муниципальный район,Томская область
2150,2023Q4,0,Бакчарский муниципальный район,Томская область
2151,2023Q4,3,Верхнекетский муниципальный район,Томская область
2152,2023Q4,0,Зырянский муниципальный район,Томская область
2153,2023Q4,4,Каргасокский муниципальный район,Томская область
2154,2023Q4,0,Кожевниковский муниципальный район,Томская область
2155,2023Q4,4,Колпашевский муниципальный район,Томская область
2156,2023Q4,0,Кривошеинский муниципальный район,Томская область
2157,2023Q4,0,Молчановский муниципальный район,Томская область
2158,2023Q4,4,Парабельский муниципальный район,Томская область
2159,2023Q4,0,Первомайский муниципальный район,Томская область
2160,2023Q4,0,Тегульдетский муниципальный район,Томская область
2161,2023Q4,2,Томский муниципальный район,Томская область
2162,2023Q4,0,Чаинский муниципальный район,Томская область
2163,2023Q4,0,Шегарский муниципальный район,Томская область
2164,2023Q4,2,городской округ город Тула,Тульская область
2165,2023Q4,1,городской округ город Алексин,Тульская область
2167,2023Q4,1,городской округ город Донской,Тульская область
2168,2023Q4,1,городской округ город Ефремов,Тульская область
2169,2023Q4,2,городской округ город Новомосковск,Тульская область
2171,2023Q4,0,Арсеньевский муниципальный район,Тульская область
2172,2023Q4,0,Белевский муниципальный район,Тульская область
2173,2023Q4,1,Богородицкий муниципальный район,Тульская область
2174,2023Q4,1,Веневский муниципальный район,Тульская область
2175,2023Q4,0,Воловский муниципальный район,Тульская область
2176,2023Q4,0,Дубенский муниципальный район,Тульская область
2177,2023Q4,1,Заокский муниципальный район,Тульская область
2178,2023Q4,0,Каменский муниципальный район,Тульская область
2179,2023Q4,1,Кимовский муниципальный район,Тульская область
2180,2023Q4,1,Киреевский муниципальный район,Тульская область
2181,2023Q4,0,Куркинский муниципальный район,Тульская область
2182,2023Q4,0,Одоевский муниципальный район,Тульская область
2183,2023Q4,1,Плавский муниципальный район,Тульская область
2184,2023Q4,0,Суворовский муниципальный район,Тульская область
2185,2023Q4,0,Тепло-Огаревский муниципальный район,Тульская область
2186,2023Q4,1,Узловский муниципальный район,Тульская область
2187,2023Q4,0,Чернский муниципальный район,Тульская область
2188,2023Q4,1,Щекинский муниципальный район,Тульская область
2189,2023Q4,1,Ясногорский муниципальный район,Тульская область
2190,2023Q4,2,городской округ город Тюмень,Тюменская область
2191,2023Q4,3,городской округ Заводоуковский,Тюменская область
2192,2023Q4,2,городской округ город Ишим,Тюменская область
2193,2023Q4,2,городской округ город Тобольск,Тюменская область
2194,2023Q4,2,городской округ город Ялуторовск,Тюменская область
2195,2023Q4,3,Абатский муниципальный район,Тюменская область
2196,2023Q4,0,Армизонский муниципальный район,Тюменская область
2197,2023Q4,0,Аромашевский муниципальный район,Тюменская область
2198,2023Q4,0,Бердюжский муниципальный район,Тюменская область
2199,2023Q4,3,Вагайский муниципальный район,Тюменская область
2200,2023Q4,0,Викуловский муниципальный район,Тюменская область
2201,2023Q4,3,городской округ Голышмановский,Тюменская область
2202,2023Q4,3,Исетский муниципальный район,Тюменская область
2203,2023Q4,3,Ишимский муниципальный район,Тюменская область
2204,2023Q4,3,Казанский муниципальный район,Тюменская область
2205,2023Q4,3,Нижнетавдинский муниципальный район,Тюменская область
2206,2023Q4,3,Омутинский муниципальный район,Тюменская область
2207,2023Q4,0,Сладковский муниципальный район,Тюменская область
2208,2023Q4,3,Сорокинский муниципальный район,Тюменская область
2210,2023Q4,2,Тюменский муниципальный район,Тюменская область
2211,2023Q4,4,Уватский муниципальный район,Тюменская область
2212,2023Q4,3,Упоровский муниципальный район,Тюменская область
2213,2023Q4,0,Юргинский муниципальный район,Тюменская область
2215,2023Q4,3,Ярковский муниципальный район,Тюменская область
2216,2023Q4,2,городской округ город Ханты-Мансийск,Ханты-Мансийский автономный округ — Югра
2217,2023Q4,2,городской округ город Когалым,Ханты-Мансийский автономный округ — Югра
2218,2023Q4,2,городской округ город Лангепас,Ханты-Мансийский автономный округ — Югра
2219,2023Q4,2,городской округ город Мегион,Ханты-Мансийский автономный округ — Югра
2220,2023Q4,2,городской округ город Нефтеюганск,Ханты-Мансийский автономный округ — Югра
2221,2023Q4,2,городской округ город Нижневартовск,Ханты-Мансийский автономный округ — Югра
2222,2023Q4,2,городской округ город Нягань,Ханты-Мансийский автономный округ — Югра
2223,2023Q4,1,городской округ город Покачи,Ханты-Мансийский автономный округ — Югра
2224,2023Q4,2,городской округ город Пыть-Ях,Ханты-Мансийский автономный округ — Югра
2225,2023Q4,1,городской округ город Радужный,Ханты-Мансийский автономный округ — Югра
2226,2023Q4,2,городской округ город Сургут,Ханты-Мансийский автономный округ — Югра
2227,2023Q4,2,городской округ город Урай,Ханты-Мансийский автономный округ — Югра
2228,2023Q4,2,городской округ город Югорск,Ханты-Мансийский автономный округ — Югра
2229,2023Q4,4,Белоярский муниципальный район,Ханты-Мансийский автономный округ — Югра
2230,2023Q4,4,Березовский муниципальный район,Ханты-Мансийский автономный округ — Югра
2231,2023Q4,4,Кондинский муниципальный район,Ханты-Мансийский автономный округ — Югра
2232,2023Q4,4,Нефтеюганский муниципальный район,Ханты-Мансийский автономный округ — Югра
2233,2023Q4,4,Нижневартовский муниципальный район,Ханты-Мансийский автономный округ — Югра
2234,2023Q4,4,Октябрьский муниципальный район,Ханты-Мансийский автономный округ — Югра
2235,2023Q4,2,Советский муниципальный район,Ханты-Мансийский автономный округ — Югра
2236,2023Q4,4,Сургутский муниципальный район,Ханты-Мансийский автономный округ — Югра
2237,2023Q4,4,Ханты-Мансийский муниципальный район,Ханты-Мансийский автономный округ — Югра
2238,2023Q4,2,городской округ город Салехард,Ямало-Ненецкий автономный округ
2241,2023Q4,2,городской округ город Муравленко,Ямало-Ненецкий автономный округ
2242,2023Q4,2,городской округ город Новый Уренгой,Ямало-Ненецкий автономный округ
2243,2023Q4,2,городской округ город Ноябрьск,Ямало-Ненецкий автономный округ
2244,2023Q4,4,муниципальный округ Красноселькупский район,Ямало-Ненецкий автономный округ
2245,2023Q4,4,муниципальный округ Надымский район,Ямало-Ненецкий автономный округ
2248,2023Q4,4,муниципальный округ Тазовский район,Ямало-Ненецкий автономный округ
2249,2023Q4,4,муниципальный округ Шурышкарский район,Ямало-Ненецкий автономный округ
2250,2023Q4,4,муниципальный округ Ямальский район,Ямало-Ненецкий автономный округ
2251,2023Q4,2,городской округ город Ульяновск,Ульяновская область
2252,2023Q4,2,городской округ город Димитровград,Ульяновская область
2253,2023Q4,1,городской округ город Новоульяновск,Ульяновская область
2254,2023Q4,0,Базарносызганский муниципальный район,Ульяновская область
2255,2023Q4,0,Барышский муниципальный район,Ульяновская область
2256,2023Q4,0,Вешкаймский муниципальный район,Ульяновская область
2257,2023Q4,0,Инзенский муниципальный район,Ульяновская область
2258,2023Q4,0,Карсунский муниципальный район,Ульяновская область
2259,2023Q4,0,Кузоватовский муниципальный район,Ульяновская область
2260,2023Q4,0,Майнский муниципальный район,Ульяновская область
2262,2023Q4,0,Николаевский муниципальный район,Ульяновская область
2264,2023Q4,1,Новоспасский муниципальный район,Ульяновская область
2265,2023Q4,0,Павловский муниципальный район,Ульяновская область
2266,2023Q4,0,Радищевский муниципальный район,Ульяновская область
2267,2023Q4,0,Сенгилеевский муниципальный район,Ульяновская область
2268,2023Q4,0,Старокулаткинский муниципальный район,Ульяновская область
2269,2023Q4,0,Старомайнский муниципальный район,Ульяновская область
2270,2023Q4,0,Сурский муниципальный район,Ульяновская область
2271,2023Q4,0,Тереньгульский муниципальный район,Ульяновская область
2272,2023Q4,0,Ульяновский муниципальный район,Ульяновская область
2274,2023Q4,0,Чердаклинский муниципальный район,Ульяновская область
2275,2023Q4,2,городской округ Челябинский,Челябинская область
2276,2023Q4,1,городской округ Верхнеуфалейский,Челябинская область
2278,2023Q4,1,городской округ Карабашский,Челябинская область
2279,2023Q4,2,городской округ Копейский,Челябинская область
2280,2023Q4,2,городской округ Кыштымский,Челябинская область
2281,2023Q4,2,городской округ Магнитогорский,Челябинская область
2282,2023Q4,2,городской округ Миасский,Челябинская область
2286,2023Q4,2,городской округ Троицкий,Челябинская область
2287,2023Q4,1,городской округ Усть-Катавский,Челябинская область
2288,2023Q4,2,городской округ Чебаркульский,Челябинская область
2289,2023Q4,2,городской округ Южноуральский,Челябинская область
2292,2023Q4,3,Аргаяшский муниципальный район,Челябинская область
2293,2023Q4,1,Ашинский муниципальный район,Челябинская область
2294,2023Q4,0,Брединский муниципальный район,Челябинская область
2295,2023Q4,3,Варненский муниципальный район,Челябинская область
2296,2023Q4,1,Верхнеуральский муниципальный район,Челябинская область
2297,2023Q4,1,Еманжелинский муниципальный район,Челябинская область
2298,2023Q4,0,Еткульский муниципальный район,Челябинская область
2299,2023Q4,1,Карталинский муниципальный район,Челябинская область
2300,2023Q4,1,Каслинский муниципальный район,Челябинская область
2301,2023Q4,1,Катав-Ивановский муниципальный район,Челябинская область
2302,2023Q4,0,Кизильский муниципальный район,Челябинская область
2303,2023Q4,1,Коркинский муниципальный округ,Челябинская область
2304,2023Q4,1,Красноармейский муниципальный район,Челябинская область
2305,2023Q4,3,Кунашакский муниципальный район,Челябинская область
2307,2023Q4,0,Нагайбакский муниципальный район,Челябинская область
2308,2023Q4,0,Нязепетровский муниципальный район,Челябинская область
2309,2023Q4,0,Октябрьский муниципальный район,Челябинская область
2310,2023Q4,1,Пластовский муниципальный район,Челябинская область
2311,2023Q4,1,Саткинский муниципальный район,Челябинская область
2312,2023Q4,2,Сосновский муниципальный район,Челябинская область
2314,2023Q4,3,Увельский муниципальный район,Челябинская область
2315,2023Q4,0,Уйский муниципальный район,Челябинская область
2316,2023Q4,0,Чебаркульский муниципальный район,Челябинская область
2317,2023Q4,0,Чесменский муниципальный район,Челябинская область
2318,2023Q4,2,городской округ город Ярославль,Ярославская область
2320,2023Q4,2,городской округ город Рыбинск,Ярославская область
2321,2023Q4,0,Большесельский муниципальный район,Ярославская область
2322,2023Q4,0,Борисоглебский муниципальный район,Ярославская область
2323,2023Q4,0,Брейтовский муниципальный район,Ярославская область
2324,2023Q4,1,Гаврилов-Ямский муниципальный район,Ярославская область
2325,2023Q4,1,Даниловский муниципальный район,Ярославская область
2326,2023Q4,0,Любимский муниципальный район,Ярославская область
2327,2023Q4,1,Мышкинский муниципальный район,Ярославская область
2328,2023Q4,0,Некоузский муниципальный район,Ярославская область
2329,2023Q4,1,Некрасовский муниципальный район,Ярославская область
2330,2023Q4,0,Первомайский муниципальный район,Ярославская область
2332,2023Q4,0,Пошехонский муниципальный район,Ярославская область
2333,2023Q4,1,Ростовский муниципальный район,Ярославская область
2334,2023Q4,1,Рыбинский муниципальный район,Ярославская область
2335,2023Q4,1,Тутаевский муниципальный район,Ярославская область
2336,2023Q4,1,Угличский муниципальный район,Ярославская область
2337,2023Q4,2,Ярославский муниципальный район,Ярославская область
2338,2023Q4,2,городской округ город Биробиджан,Еврейская автономная область
2339,2023Q4,3,Биробиджанский муниципальный район,Еврейская автономная область
2340,2023Q4,3,Ленинский муниципальный район,Еврейская автономная область
2341,2023Q4,4,Облученский муниципальный район,Еврейская автономная область
2342,2023Q4,3,Октябрьский муниципальный район,Еврейская автономная область
2343,2023Q4,4,Смидовичский муниципальный район,Еврейская автономная область
2344,2023Q4,4,городской округ Анадырь,Чукотский автономный округ
2345,2023Q4,4,городской округ Эгвекинот,Чукотский автономный округ
2347,2023Q4,4,городской округ Певек,Чукотский автономный округ
2348,2023Q4,4,Анадырский муниципальный район,Чукотский автономный округ
2349,2023Q4,4,Билибинский муниципальный район,Чукотский автономный округ
2618,2023Q4,0,Мантуровский муниципальный округ,Костромская область
2619,2023Q4,1,городской округ город Переславль-Залесский,Ярославская область
2620,2023Q4,2,городской округ Соликамский,Пермский край
2621,2023Q4,2,городской округ город Березники,Пермский край
2644,2023Q4,2,городской округ Серпухов,Московская область
2646,2023Q4,2,городской округ город Обнинск,Калужская область
2647,2023Q4,2,Боровский муниципальный район,Калужская область
2648,2023Q4,2,городской округ Лосино-Петровский,Московская область
2649,2023Q4,2,городской округ Щёлково,Московская область
2651,2023Q4,2,городской округ Одинцовский,Московская область
2652,2023Q4,2,городской округ Орехово-Зуевский,Московская область
2710,2023Q4,1,городской округ Вышневолоцкий,Тверская область
2808,2023Q4,2,городской округ Коломна,Московская область
2809,2023Q4,2,муниципальный округ Кунгурский,Пермский край
2813,2023Q4,1,городской округ Шатура,Московская область
2814,2023Q4,2,городской округ Пушкинский,Московская область
2872,2023Q4,4,муниципальный округ Приуральский район,Ямало-Ненецкий автономный округ
2876,2023Q4,2,городской округ город-курорт Кисловодск,Ставропольский край
2879,2023Q4,2,городской округ город Губкинский,Ямало-Ненецкий автономный округ
2880,2023Q4,2,городской округ город Лабытнанги,Ямало-Ненецкий автономный округ
2881,2023Q4,5,Предгорный муниципальный округ,Ставропольский край
2882,2023Q4,4,муниципальный округ Пуровский район,Ямало-Ненецкий автономный округ
2883,2023Q4,1,муниципальный округ Кимрский,Тверская область
2884,2023Q4,2,муниципальный округ Ржевский,Тверская область
2885,2023Q4,3,муниципальный округ Кудымкарский,Пермский край
2886,2023Q4,1,муниципальный округ Губахинский,Пермский край
2887,2023Q4,2,городской округ город Саратов,Саратовская область
3005,2023Q4,2,городской округ город Арзамас,Нижегородская область
3007,2023Q4,1,Прокопьевский муниципальный округ,Кемеровская область
3009,2023Q4,2,городской округ город Тамбов,Тамбовская область
3010,2023Q4,2,Тамбовский муниципальный округ,Тамбовская область
3011,2023Q4,2,городской округ Златоустовский,Челябинская область
3012,2023Q4,0,Кусинский муниципальный район,Челябинская область
3013,2023Q4,2,городской округ Солнечногорск,Московская область
9001,2023Q4,2,Москва,Москва
9002,2023Q4,2,Санкт-Петербург,Санкт-Петербург
1,2024Q1,2,городской округ город Майкоп,Республика Адыгея
2,2024Q1,5,городской округ город Адыгейск,Республика Адыгея
3,2024Q1,1,Гиагинский муниципальный район,Республика Адыгея
4,2024Q1,5,Кошехабльский муниципальный район,Республика Адыгея
5,2024Q1,5,Красногвардейский муниципальный район,Республика Адыгея
6,2024Q1,3,Майкопский муниципальный район,Республика Адыгея
7,2024Q1,2,Тахтамукайский муниципальный район,Республика Адыгея
8,2024Q1,2,Теучежский муниципальный район,Республика Адыгея
9,2024Q1,3,Шовгеновский муниципальный район,Республика Адыгея
10,2024Q1,2,городской округ город Горно-Алтайск,Республика Алтай
11,2024Q1,3,Кош-Агачский муниципальный район,Республика Алтай
12,2024Q1,2,Майминский муниципальный район,Республика Алтай
13,2024Q1,3,Онгудайский муниципальный район,Республика Алтай
14,2024Q1,3,Турочакский муниципальный район,Республика Алтай
15,2024Q1,3,Улаганский муниципальный район,Республика Алтай
16,2024Q1,3,Усть-Канский муниципальный район,Республика Алтай
17,2024Q1,3,Усть-Коксинский муниципальный район,Республика Алтай
18,2024Q1,3,Чемальский муниципальный район,Республика Алтай
19,2024Q1,3,Чойский муниципальный район,Республика Алтай
20,2024Q1,3,Шебалинский муниципальный район,Республика Алтай
21,2024Q1,2,городской округ город Уфа,Республика Башкортостан
22,2024Q1,1,городской округ город Агидель,Республика Башкортостан
23,2024Q1,2,городской округ город Кумертау,Республика Башкортостан
25,2024Q1,2,городской округ город Нефтекамск,Республика Башкортостан
26,2024Q1,2,городской округ город Октябрьский,Республика Башкортостан
27,2024Q1,2,городской округ город Салават,Республика Башкортостан
28,2024Q1,2,городской округ город Сибай,Республика Башкортостан
29,2024Q1,2,городской округ город Стерлитамак,Республика Башкортостан
30,2024Q1,3,Абзелиловский муниципальный район,Республика Башкортостан
31,2024Q1,3,Альшеевский муниципальный район,Республика Башкортостан
32,2024Q1,0,Архангельский муниципальный район,Республика Башкортостан
33,2024Q1,3,Аскинский муниципальный район,Республика Башкортостан
34,2024Q1,0,Аургазинский муниципальный район,Республика Башкортостан
35,2024Q1,3,Баймакский муниципальный район,Республика Башкортостан
36,2024Q1,3,Бакалинский муниципальный район,Республика Башкортостан
37,2024Q1,3,Балтачевский муниципальный район,Республика Башкортостан
38,2024Q1,2,Белебеевский муниципальный район,Республика Башкортостан
39,2024Q1,3,Белокатайский муниципальный район,Республика Башкортостан
40,2024Q1,2,Белорецкий муниципальный район,Республика Башкортостан
41,2024Q1,3,Бижбулякский муниципальный район,Республика Башкортостан
42,2024Q1,2,Бирский муниципальный район,Республика Башкортостан
43,2024Q1,3,Благоварский муниципальный район,Республика Башкортостан
44,2024Q1,2,Благовещенский муниципальный район,Республика Башкортостан
45,2024Q1,3,Буздякский муниципальный район,Республика Башкортостан
46,2024Q1,3,Бураевский муниципальный район,Республика Башкортостан
47,2024Q1,3,Бурзянский муниципальный район,Республика Башкортостан
48,2024Q1,3,Гафурийский муниципальный район,Республика Башкортостан
49,2024Q1,1,Давлекановский муниципальный район,Республика Башкортостан
50,2024Q1,3,Дуванский муниципальный район,Республика Башкортостан
51,2024Q1,2,Дюртюлинский муниципальный район,Республика Башкортостан
52,2024Q1,0,Ермекеевский муниципальный район,Республика Башкортостан
53,2024Q1,3,Зианчуринский муниципальный район,Республика Башкортостан
54,2024Q1,3,Зилаирский муниципальный район,Республика Башкортостан
55,2024Q1,2,Иглинский муниципальный район,Республика Башкортостан
56,2024Q1,3,Илишевский муниципальный район,Республика Башкортостан
57,2024Q1,2,Ишимбайский муниципальный район,Республика Башкортостан
58,2024Q1,0,Калтасинский муниципальный район,Республика Башкортостан
59,2024Q1,3,Караидельский муниципальный район,Республика Башкортостан
60,2024Q1,3,Кармаскалинский муниципальный район,Республика Башкортостан
61,2024Q1,3,Кигинский муниципальный район,Республика Башкортостан
62,2024Q1,3,Краснокамский муниципальный район,Республика Башкортостан
63,2024Q1,3,Кугарчинский муниципальный район,Республика Башкортостан
65,2024Q1,0,Кушнаренковский муниципальный район,Республика Башкортостан
66,2024Q1,2,Мелеузовский муниципальный район,Республика Башкортостан
67,2024Q1,3,Мечетлинский муниципальный район,Республика Башкортостан
68,2024Q1,3,Мишкинский муниципальный район,Республика Башкортостан
69,2024Q1,3,Миякинский муниципальный район,Республика Башкортостан
70,2024Q1,3,Нуримановский муниципальный район,Республика Башкортостан
71,2024Q1,3,Салаватский муниципальный район,Республика Башкортостан
72,2024Q1,0,Стерлибашевский муниципальный район,Республика Башкортостан
73,2024Q1,2,Стерлитамакский муниципальный район,Республика Башкортостан
74,2024Q1,3,Татышлинский муниципальный район,Республика Башкортостан
75,2024Q1,2,Туймазинский муниципальный район,Республика Башкортостан
76,2024Q1,2,Уфимский муниципальный район,Республика Башкортостан
77,2024Q1,2,Учалинский муниципальный район,Республика Башкортостан
78,2024Q1,0,Федоровский муниципальный район,Республика Башкортостан
79,2024Q1,3,Хайбуллинский муниципальный район,Республика Башкортостан
80,2024Q1,3,Чекмагушевский муниципальный район,Республика Башкортостан
81,2024Q1,2,Чишминский муниципальный район,Республика Башкортостан
82,2024Q1,3,Шаранский муниципальный район,Республика Башкортостан
83,2024Q1,3,Янаульский муниципальный район,Республика Башкортостан
167,2024Q1,5,городской округ Нальчик,Кабардино-Балкарская Республика
168,2024Q1,5,городской округ Баксан,Кабардино-Балкарская Республика
169,2024Q1,5,городской округ Прохладный,Кабардино-Балкарская Республика
173,2024Q1,5,Майский муниципальный район,Кабардино-Балкарская Республика
181,2024Q1,0,Городовиковский муниципальный район,Республика Калмыкия
184,2024Q1,0,Лаганский муниципальный район,Республика Калмыкия
185,2024Q1,5,Малодербетовский муниципальный район,Республика Калмыкия
188,2024Q1,0,Сарпинский муниципальный район,Республика Калмыкия
191,2024Q1,3,Юстинский муниципальный район,Республика Калмыкия
194,2024Q1,5,городской округ Черкесский,Карачаево-Черкесская Республика
195,2024Q1,5,городской округ Карачаевский,Карачаево-Черкесская Республика
196,2024Q1,5,Абазинский муниципальный район,Карачаево-Черкесская Республика
198,2024Q1,5,Зеленчукский муниципальный район,Карачаево-Черкесская Республика
201,2024Q1,5,Ногайский муниципальный район,Карачаево-Черкесская Республика
203,2024Q1,5,Урупский муниципальный район,Карачаево-Черкесская Республика
204,2024Q1,5,Усть-Джегутинский муниципальный район,Карачаево-Черкесская Республика
205,2024Q1,5,Хабезский муниципальный район,Карачаево-Черкесская Республика
206,2024Q1,2,городской округ Петрозаводский,Республика Карелия
207,2024Q1,1,городской округ Костомукшский,Республика Карелия
208,2024Q1,1,Беломорский муниципальный округ,Республика Карелия
209,2024Q1,3,Калевальский муниципальный район,Республика Карелия
210,2024Q1,1,Кемский муниципальный район,Республика Карелия
211,2024Q1,1,Кондопожский муниципальный район,Республика Карелия
212,2024Q1,1,Лахденпохский муниципальный район,Республика Карелия
213,2024Q1,1,Лоухский муниципальный район,Республика Карелия
214,2024Q1,1,Медвежьегорский муниципальный район,Республика Карелия
215,2024Q1,0,Муезерский муниципальный район,Республика Карелия
216,2024Q1,1,Олонецкий муниципальный район,Республика Карелия
217,2024Q1,1,Питкярантский муниципальный округ,Республика Карелия
218,2024Q1,2,Прионежский муниципальный район,Республика Карелия
219,2024Q1,1,Пряжинский муниципальный район,Республика Карелия
220,2024Q1,0,Пудожский муниципальный район,Республика Карелия
221,2024Q1,1,Сегежский муниципальный округ,Республика Карелия
222,2024Q1,1,Сортавальский муниципальный район,Республика Карелия
223,2024Q1,1,Суоярвский муниципальный округ,Республика Карелия
224,2024Q1,2,городской округ Сыктывкар,Республика Коми
225,2024Q1,4,городской округ Воркута,Республика Коми
226,2024Q1,4,муниципальный округ Вуктыл,Республика Коми
227,2024Q1,1,городской округ Инта,Республика Коми
228,2024Q1,4,муниципальный округ Усинск,Республика Коми
229,2024Q1,2,городской округ Ухта,Республика Коми
230,2024Q1,3,Ижемский муниципальный район,Республика Коми
231,2024Q1,1,Княжпогостский муниципальный район,Республика Коми
232,2024Q1,0,Койгородский муниципальный район,Республика Коми
233,2024Q1,0,Корткеросский муниципальный район,Республика Коми
234,2024Q1,1,муниципальный район Печора,Республика Коми
235,2024Q1,0,Прилузский муниципальный район,Республика Коми
236,2024Q1,1,муниципальный район Сосногорск,Республика Коми
237,2024Q1,3,Сыктывдинский муниципальный район,Республика Коми
238,2024Q1,0,Сысольский муниципальный район,Республика Коми
239,2024Q1,0,Троицко-Печорский муниципальный район,Республика Коми
240,2024Q1,1,Удорский муниципальный район,Республика Коми
241,2024Q1,1,Усть-Вымский муниципальный район,Республика Коми
242,2024Q1,3,Усть-Куломский муниципальный район,Республика Коми
243,2024Q1,3,Усть-Цилемский муниципальный район,Республика Коми
269,2024Q1,2,городской округ город Йошкар-Ола,Республика Марий Эл
270,2024Q1,1,городской округ город Волжск,Республика Марий Эл
271,2024Q1,1,городской округ город Козьмодемьянск,Республика Марий Эл
272,2024Q1,3,Волжский муниципальный район,Республика Марий Эл
273,2024Q1,0,Горномарийский муниципальный район,Республика Марий Эл
274,2024Q1,1,Звениговский муниципальный район,Республика Марий Эл
275,2024Q1,0,Килемарский муниципальный район,Республика Марий Эл
276,2024Q1,0,Куженерский муниципальный район,Республика Марий Эл
277,2024Q1,0,Мари-Турекский муниципальный район,Республика Марий Эл
278,2024Q1,2,Медведевский муниципальный район,Республика Марий Эл
279,2024Q1,3,Моркинский муниципальный район,Республика Марий Эл
280,2024Q1,0,Новоторъяльский муниципальный район,Республика Марий Эл
281,2024Q1,0,Оршанский муниципальный район,Республика Марий Эл
282,2024Q1,0,Параньгинский муниципальный район,Республика Марий Эл
283,2024Q1,3,Сернурский муниципальный район,Республика Марий Эл
284,2024Q1,1,Советский муниципальный район,Республика Марий Эл
285,2024Q1,0,Юринский муниципальный район,Республика Марий Эл
287,2024Q1,0,Ардатовский муниципальный район,Республика Мордовия
288,2024Q1,0,Атюрьевский муниципальный район,Республика Мордовия
289,2024Q1,0,Атяшевский муниципальный район,Республика Мордовия
290,2024Q1,0,Большеберезниковский муниципальный район,Республика Мордовия
292,2024Q1,0,Дубенский муниципальный район,Республика Мордовия
293,2024Q1,0,Ельниковский муниципальный район,Республика Мордовия
294,2024Q1,0,Зубово-Полянский муниципальный район,Республика Мордовия
295,2024Q1,0,Инсарский муниципальный район,Республика Мордовия
296,2024Q1,0,Ичалковский муниципальный район,Республика Мордовия
297,2024Q1,0,Кадошкинский муниципальный район,Республика Мордовия
298,2024Q1,1,Ковылкинский муниципальный район,Республика Мордовия
300,2024Q1,0,Краснослободский муниципальный район,Республика Мордовия
301,2024Q1,3,Лямбирский муниципальный район,Республика Мордовия
302,2024Q1,0,Ромодановский муниципальный район,Республика Мордовия
303,2024Q1,1,Рузаевский муниципальный район,Республика Мордовия
304,2024Q1,0,Старошайговский муниципальный район,Республика Мордовия
305,2024Q1,0,Темниковский муниципальный район,Республика Мордовия
306,2024Q1,0,Теньгушевский муниципальный район,Республика Мордовия
307,2024Q1,0,Торбеевский муниципальный район,Республика Мордовия
308,2024Q1,1,Чамзинский муниципальный район,Республика Мордовия
309,2024Q1,2,городской округ город Якутск,Республика Саха (Якутия)
311,2024Q1,4,Абыйский муниципальный район,Республика Саха (Якутия)
312,2024Q1,4,Алданский муниципальный район,Республика Саха (Якутия)
314,2024Q1,4,Амгинский муниципальный район,Республика Саха (Якутия)
315,2024Q1,4,Анабарский национальный (долгано-эвенкийский) муниципальный район,Республика Саха (Якутия)
316,2024Q1,4,Булунский муниципальный район,Республика Саха (Якутия)
317,2024Q1,4,Верхневилюйский муниципальный район,Республика Саха (Якутия)
318,2024Q1,4,Верхнеколымский муниципальный район,Республика Саха (Якутия)
319,2024Q1,4,Верхоянский муниципальный район,Республика Саха (Якутия)
320,2024Q1,4,Вилюйский муниципальный район,Республика Саха (Якутия)
321,2024Q1,3,Горный муниципальный район,Республика Саха (Якутия)
322,2024Q1,4,Жиганский муниципальный район,Республика Саха (Якутия)
323,2024Q1,4,Кобяйский муниципальный район,Республика Саха (Якутия)
324,2024Q1,4,Нюрбинский муниципальный район,Республика Саха (Якутия)
325,2024Q1,4,Ленский муниципальный район,Республика Саха (Якутия)
326,2024Q1,4,Мегино-Кангаласский муниципальный район,Республика Саха (Якутия)
327,2024Q1,4,Мирнинский муниципальный район,Республика Саха (Якутия)
328,2024Q1,4,Момский муниципальный район,Республика Саха (Якутия)
329,2024Q1,3,Намский муниципальный район,Республика Саха (Якутия)
330,2024Q1,4,Нерюнгринский муниципальный район,Республика Саха (Якутия)
331,2024Q1,4,Нижнеколымский муниципальный район,Республика Саха (Якутия)
332,2024Q1,4,Оймяконский муниципальный район,Республика Саха (Якутия)
333,2024Q1,4,Олекминский муниципальный район,Республика Саха (Якутия)
334,2024Q1,4,Оленекский эвенкийский национальный муниципальный район,Республика Саха (Якутия)
335,2024Q1,4,Среднеколымский муниципальный район,Республика Саха (Якутия)
336,2024Q1,4,Сунтарский муниципальный район,Республика Саха (Якутия)
337,2024Q1,4,Таттинский муниципальный район,Республика Саха (Якутия)
338,2024Q1,4,Томпонский муниципальный район,Республика Саха (Якутия)
339,2024Q1,4,Усть-Алданский муниципальный район,Республика Саха (Якутия)
340,2024Q1,4,Усть-Майский муниципальный район,Республика Саха (Якутия)
341,2024Q1,4,Усть-Янский муниципальный район,Республика Саха (Якутия)
342,2024Q1,4,Хангаласский муниципальный район,Республика Саха (Якутия)
343,2024Q1,4,Чурапчинский муниципальный район,Республика Саха (Якутия)
345,2024Q1,2,городской округ город Владикавказ,Республика Северная Осетия — Алания
346,2024Q1,5,Алагирский муниципальный район,Республика Северная Осетия — Алания
347,2024Q1,5,Ардонский муниципальный район,Республика Северная Осетия — Алания
348,2024Q1,5,Дигорский муниципальный район,Республика Северная Осетия — Алания
349,2024Q1,5,Ирафский муниципальный район,Республика Северная Осетия — Алания
351,2024Q1,5,Моздокский муниципальный район,Республика Северная Осетия — Алания
352,2024Q1,5,Правобережный муниципальный район,Республика Северная Осетия — Алания
354,2024Q1,2,городской округ город Казань,Республика Татарстан
355,2024Q1,2,городской округ город Набережные Челны,Республика Татарстан
356,2024Q1,1,Агрызский муниципальный район,Республика Татарстан
357,2024Q1,2,Азнакаевский муниципальный район,Республика Татарстан
358,2024Q1,3,Аксубаевский муниципальный район,Республика Татарстан
359,2024Q1,3,Актанышский муниципальный район,Республика Татарстан
360,2024Q1,1,Алексеевский муниципальный район,Республика Татарстан
361,2024Q1,3,Алькеевский муниципальный район,Республика Татарстан
362,2024Q1,2,Альметьевский муниципальный район,Республика Татарстан
363,2024Q1,0,Апастовский муниципальный район,Республика Татарстан
364,2024Q1,3,Арский муниципальный район,Республика Татарстан
365,2024Q1,0,Атнинский муниципальный район,Республика Татарстан
366,2024Q1,3,Бавлинский муниципальный район,Республика Татарстан
367,2024Q1,3,Балтасинский муниципальный район,Республика Татарстан
368,2024Q1,2,Бугульминский муниципальный район,Республика Татарстан
369,2024Q1,3,Буинский муниципальный район,Республика Татарстан
370,2024Q1,2,Верхнеуслонский муниципальный район,Республика Татарстан
371,2024Q1,2,Высокогорский муниципальный район,Республика Татарстан
372,2024Q1,0,Дрожжановский муниципальный район,Республика Татарстан
373,2024Q1,2,Елабужский муниципальный район,Республика Татарстан
374,2024Q1,1,Заинский муниципальный район,Республика Татарстан
375,2024Q1,2,Зеленодольский муниципальный район,Республика Татарстан
376,2024Q1,3,Кайбицкий муниципальный район,Республика Татарстан
377,2024Q1,0,Камско-Устьинский муниципальный район,Республика Татарстан
378,2024Q1,3,Кукморский муниципальный район,Республика Татарстан
379,2024Q1,2,Лаишевский муниципальный район,Республика Татарстан
380,2024Q1,2,Лениногорский муниципальный район,Республика Татарстан
381,2024Q1,3,Мамадышский муниципальный район,Республика Татарстан
382,2024Q1,1,Менделеевский муниципальный район,Республика Татарстан
383,2024Q1,3,Мензелинский муниципальный район,Республика Татарстан
384,2024Q1,3,Муслюмовский муниципальный район,Республика Татарстан
385,2024Q1,2,Нижнекамский муниципальный район,Республика Татарстан
386,2024Q1,3,Новошешминский муниципальный район,Республика Татарстан
387,2024Q1,1,Нурлатский муниципальный район,Республика Татарстан
388,2024Q1,2,Пестречинский муниципальный район,Республика Татарстан
390,2024Q1,3,Сабинский муниципальный район,Республика Татарстан
391,2024Q1,0,Сармановский муниципальный район,Республика Татарстан
392,2024Q1,0,Спасский муниципальный район,Республика Татарстан
393,2024Q1,0,Тетюшский муниципальный район,Республика Татарстан
395,2024Q1,3,Тюлячинский муниципальный район,Республика Татарстан
396,2024Q1,3,Черемшанский муниципальный район,Республика Татарстан
397,2024Q1,2,Чистопольский муниципальный район,Республика Татарстан
398,2024Q1,1,Ютазинский муниципальный район,Республика Татарстан
401,2024Q1,3,Бай-Тайгинский муниципальный район,Республика Тыва
402,2024Q1,3,Барун-Хемчикский муниципальный район,Республика Тыва
403,2024Q1,3,Дзун-Хемчикский муниципальный район,Республика Тыва
404,2024Q1,3,Каа-Хемский муниципальный район,Республика Тыва
405,2024Q1,3,Кызылский муниципальный район,Республика Тыва
408,2024Q1,3,Пий-Хемский муниципальный район,Республика Тыва
410,2024Q1,3,Тандинский муниципальный район,Республика Тыва
413,2024Q1,3,Тоджинский муниципальный район,Республика Тыва
414,2024Q1,3,Улуг-Хемский муниципальный район,Республика Тыва
416,2024Q1,3,Чеди-Хольский муниципальный район,Республика Тыва
418,2024Q1,2,городской округ город Ижевск,Удмуртская Республика
419,2024Q1,2,городской округ город Воткинск,Удмуртская Республика
420,2024Q1,2,городской округ город Глазов,Удмуртская Республика
421,2024Q1,2,городской округ город Можга,Удмуртская Республика
422,2024Q1,2,городской округ город Сарапул,Удмуртская Республика
423,2024Q1,3,муниципальный округ Алнашский район,Удмуртская Республика
424,2024Q1,3,муниципальный округ Балезинский район,Удмуртская Республика
425,2024Q1,3,муниципальный округ Вавожский район,Удмуртская Республика
428,2024Q1,0,муниципальный округ Граховский район,Удмуртская Республика
429,2024Q1,3,муниципальный округ Дебёсский район,Удмуртская Республика
430,2024Q1,2,муниципальный округ Завьяловский район,Удмуртская Республика
431,2024Q1,3,муниципальный округ Игринский район,Удмуртская Республика
432,2024Q1,1,муниципальный округ Камбарский район,Удмуртская Республика
433,2024Q1,0,муниципальный округ Каракулинский район,Удмуртская Республика
434,2024Q1,0,муниципальный округ Кезский район,Удмуртская Республика
435,2024Q1,3,муниципальный округ Кизнерский район,Удмуртская Республика
436,2024Q1,0,муниципальный округ Киясовский район,Удмуртская Республика
437,2024Q1,0,муниципальный округ Красногорский район,Удмуртская Республика
438,2024Q1,3,муниципальный округ Малопургинский район,Удмуртская Республика
440,2024Q1,3,муниципальный округ Сарапульский район,Удмуртская Республика
441,2024Q1,0,муниципальный округ Селтинский район,Удмуртская Республика
442,2024Q1,0,муниципальный округ Сюмсинский район,Удмуртская Республика
443,2024Q1,3,муниципальный округ Увинский район,Удмуртская Республика
444,2024Q1,3,муниципальный округ Шарканский район,Удмуртская Республика
445,2024Q1,0,муниципальный округ Юкаменский район,Удмуртская Республика
446,2024Q1,3,муниципальный округ Якшур-Бодьинский район,Удмуртская Республика
447,2024Q1,0,муниципальный округ Ярский район,Удмуртская Республика
448,2024Q1,2,городской округ город Абакан,Республика Хакасия
449,2024Q1,1,городской округ город Абаза,Республика Хакасия
450,2024Q1,2,городской округ город Саяногорск,Республика Хакасия
451,2024Q1,1,городской округ город Сорск,Республика Хакасия
452,2024Q1,2,городской округ город Черногорск,Республика Хакасия
453,2024Q1,3,Алтайский муниципальный район,Республика Хакасия
455,2024Q1,3,Бейский муниципальный район,Республика Хакасия
456,2024Q1,0,Боградский муниципальный район,Республика Хакасия
457,2024Q1,0,Орджоникидзевский муниципальный район,Республика Хакасия
458,2024Q1,3,Таштыпский муниципальный район,Республика Хакасия
459,2024Q1,3,Усть-Абаканский муниципальный район,Республика Хакасия
460,2024Q1,3,Ширинский муниципальный район,Республика Хакасия
478,2024Q1,2,городской округ город Чебоксары,Чувашская Республика
479,2024Q1,1,городской округ город Алатырь,Чувашская Республика
480,2024Q1,2,городской округ город Канаш,Чувашская Республика
481,2024Q1,2,городской округ город Новочебоксарск,Чувашская Республика
482,2024Q1,1,городской округ город Шумерля,Чувашская Республика
483,2024Q1,0,Алатырский муниципальный округ,Чувашская Республика
484,2024Q1,0,Аликовский муниципальный округ,Чувашская Республика
485,2024Q1,3,Батыревский муниципальный округ,Чувашская Республика
486,2024Q1,3,Вурнарский муниципальный округ,Чувашская Республика
487,2024Q1,3,Ибресинский муниципальный округ,Чувашская Республика
489,2024Q1,0,Козловский муниципальный округ,Чувашская Республика
490,2024Q1,3,Комсомольский муниципальный округ,Чувашская Республика
491,2024Q1,0,Красноармейский муниципальный округ,Чувашская Республика
492,2024Q1,0,Красночетайский муниципальный округ,Чувашская Республика
493,2024Q1,0,Мариинско-Посадский муниципальный округ,Чувашская Республика
494,2024Q1,3,Моргаушский муниципальный округ,Чувашская Республика
495,2024Q1,0,Порецкий муниципальный округ,Чувашская Республика
496,2024Q1,0,Урмарский муниципальный округ,Чувашская Республика
497,2024Q1,1,Цивильский муниципальный округ,Чувашская Республика
498,2024Q1,3,Чебоксарский муниципальный округ,Чувашская Республика
499,2024Q1,3,Шемуршинский муниципальный округ,Чувашская Республика
500,2024Q1,1,Шумерлинский муниципальный округ,Чувашская Республика
501,2024Q1,0,Ядринский муниципальный округ,Чувашская Республика
502,2024Q1,0,Яльчикский муниципальный округ,Чувашская Республика
503,2024Q1,0,Янтиковский муниципальный округ,Чувашская Республика
504,2024Q1,2,городской округ город Барнаул,Алтайский край
505,2024Q1,1,городской округ город Алейск,Алтайский край
506,2024Q1,2,городской округ город Белокуриха,Алтайский край
507,2024Q1,2,городской округ город Бийск,Алтайский край
508,2024Q1,1,городской округ город Заринск,Алтайский край
509,2024Q1,2,городской округ город Новоалтайск,Алтайский край
510,2024Q1,2,городской округ город Рубцовск,Алтайский край
511,2024Q1,3,муниципальный округ город Славгород,Алтайский край
512,2024Q1,1,городской округ город Яровое,Алтайский край
514,2024Q1,0,Алейский муниципальный район,Алтайский край
515,2024Q1,3,Алтайский муниципальный район,Алтайский край
516,2024Q1,0,Баевский муниципальный район,Алтайский край
517,2024Q1,3,Бийский муниципальный район,Алтайский край
518,2024Q1,1,Благовещенский муниципальный район,Алтайский край
519,2024Q1,0,Бурлинский муниципальный район,Алтайский край
520,2024Q1,0,Быстроистокский муниципальный район,Алтайский край
521,2024Q1,0,Волчихинский муниципальный район,Алтайский край
522,2024Q1,0,Егорьевский муниципальный район,Алтайский край
523,2024Q1,0,Ельцовский муниципальный район,Алтайский край
524,2024Q1,0,Завьяловский муниципальный район,Алтайский край
525,2024Q1,0,Залесовский муниципальный округ,Алтайский край
527,2024Q1,1,Змеиногорский муниципальный район,Алтайский край
528,2024Q1,0,Калманский муниципальный район,Алтайский край
529,2024Q1,3,Каменский муниципальный район,Алтайский край
530,2024Q1,0,Ключевский муниципальный район,Алтайский край
531,2024Q1,0,Косихинский муниципальный район,Алтайский край
532,2024Q1,0,Красногорский муниципальный район,Алтайский край
533,2024Q1,0,Краснощёковский муниципальный район,Алтайский край
534,2024Q1,0,Крутихинский муниципальный район,Алтайский край
535,2024Q1,3,Кулундинский муниципальный район,Алтайский край
536,2024Q1,0,Курьинский муниципальный район,Алтайский край
537,2024Q1,0,Кытмановский муниципальный район,Алтайский край
538,2024Q1,0,Локтевский муниципальный район,Алтайский край
539,2024Q1,0,Мамонтовский муниципальный район,Алтайский край
540,2024Q1,0,Михайловский муниципальный район,Алтайский край
541,2024Q1,0,Новичихинский муниципальный район,Алтайский край
542,2024Q1,0,Зональный муниципальный район,Алтайский край
543,2024Q1,3,Павловский муниципальный район,Алтайский край
544,2024Q1,0,Панкрушихинский муниципальный район,Алтайский край
545,2024Q1,3,Первомайский муниципальный район,Алтайский край
546,2024Q1,0,Петропавловский муниципальный район,Алтайский край
547,2024Q1,0,Поспелихинский муниципальный район,Алтайский край
548,2024Q1,0,Ребрихинский муниципальный район,Алтайский край
549,2024Q1,0,Родинский муниципальный район,Алтайский край
550,2024Q1,0,Романовский муниципальный район,Алтайский край
552,2024Q1,0,Смоленский муниципальный район,Алтайский край
553,2024Q1,0,муниципальный округ Суетский район,Алтайский край
554,2024Q1,3,Советский муниципальный район,Алтайский край
555,2024Q1,0,Солонешенский муниципальный район,Алтайский край
556,2024Q1,0,Солтонский муниципальный район,Алтайский край
557,2024Q1,0,Шелаболихинский муниципальный район,Алтайский край
558,2024Q1,0,Табунский муниципальный район,Алтайский край
559,2024Q1,0,Тальменский муниципальный район,Алтайский край
560,2024Q1,0,Тогульский муниципальный район,Алтайский край
561,2024Q1,0,Топчихинский муниципальный район,Алтайский край
562,2024Q1,0,Третьяковский муниципальный район,Алтайский край
563,2024Q1,0,Троицкий муниципальный район,Алтайский край
564,2024Q1,0,Тюменцевский муниципальный район,Алтайский край
565,2024Q1,0,Угловский муниципальный район,Алтайский край
566,2024Q1,0,Усть-Калманский муниципальный район,Алтайский край
567,2024Q1,0,Усть-Пристанский муниципальный район,Алтайский край
568,2024Q1,0,Хабарский муниципальный район,Алтайский край
569,2024Q1,0,Целинный муниципальный район,Алтайский край
570,2024Q1,0,муниципальный округ Чарышский район,Алтайский край
571,2024Q1,0,Шипуновский муниципальный район,Алтайский край
572,2024Q1,0,Немецкий национальный муниципальный район,Алтайский край
574,2024Q1,4,городской округ город Петровск-Забайкальский,Забайкальский край
578,2024Q1,3,Балейский муниципальный район,Забайкальский край
579,2024Q1,4,Борзинский муниципальный район,Забайкальский край
580,2024Q1,4,Газимуро-Заводский муниципальный округ,Забайкальский край
581,2024Q1,4,Забайкальский муниципальный район,Забайкальский край
582,2024Q1,4,Каларский муниципальный округ,Забайкальский край
583,2024Q1,4,Калганский муниципальный округ,Забайкальский край
584,2024Q1,4,Карымский муниципальный район,Забайкальский край
585,2024Q1,4,муниципальный район Город Краснокаменск и Краснокаменский район,Забайкальский край
586,2024Q1,3,Красночикойский муниципальный район,Забайкальский край
587,2024Q1,4,Кыринский муниципальный район,Забайкальский край
588,2024Q1,4,Могочинский муниципальный округ,Забайкальский край
589,2024Q1,3,Нерчинский муниципальный район,Забайкальский край
591,2024Q1,3,Оловяннинский муниципальный район,Забайкальский край
592,2024Q1,3,Ононский муниципальный округ,Забайкальский край
593,2024Q1,3,Петровск-Забайкальский муниципальный район,Забайкальский край
594,2024Q1,3,Приаргунский муниципальный округ,Забайкальский край
595,2024Q1,3,Сретенский муниципальный район,Забайкальский край
598,2024Q1,3,Улётовский муниципальный район,Забайкальский край
599,2024Q1,3,Хилокский муниципальный район,Забайкальский край
600,2024Q1,4,Чернышевский муниципальный район,Забайкальский край
601,2024Q1,3,Читинский муниципальный район,Забайкальский край
602,2024Q1,3,Шелопугинский муниципальный район,Забайкальский край
603,2024Q1,4,Шилкинский муниципальный район,Забайкальский край
604,2024Q1,3,городской округ поселок Агинское,Забайкальский край
605,2024Q1,3,Агинский муниципальный район,Забайкальский край
606,2024Q1,3,Дульдургинский муниципальный район,Забайкальский край
607,2024Q1,3,Могойтуйский муниципальный район,Забайкальский край
608,2024Q1,2,городской округ Петропавловск-Камчатский,Камчатский край
611,2024Q1,4,Быстринский муниципальный район,Камчатский край
612,2024Q1,4,Елизовский муниципальный район,Камчатский край
613,2024Q1,4,Мильковский муниципальный округ,Камчатский край
614,2024Q1,4,Соболевский муниципальный район,Камчатский край
615,2024Q1,4,Усть-Большерецкий муниципальный район,Камчатский край
616,2024Q1,4,Усть-Камчатский муниципальный район,Камчатский край
618,2024Q1,4,Карагинский муниципальный район,Камчатский край
619,2024Q1,4,Олюторский муниципальный район,Камчатский край
621,2024Q1,4,Тигильский муниципальный район,Камчатский край
666,2024Q1,2,городской округ город Красноярск,Красноярский край
667,2024Q1,2,городской округ город Ачинск,Красноярский край
668,2024Q1,1,городской округ город Боготол,Красноярский край
669,2024Q1,1,городской округ город Бородино,Красноярский край
670,2024Q1,1,городской округ город Дивногорск,Красноярский край
671,2024Q1,1,городской округ город Енисейск,Красноярский край
674,2024Q1,2,городской округ город Канск,Красноярский край
675,2024Q1,2,городской округ город Лесосибирск,Красноярский край
676,2024Q1,2,городской округ город Минусинск,Красноярский край
677,2024Q1,1,городской округ город Назарово,Красноярский край
678,2024Q1,4,городской округ город Норильск,Красноярский край
679,2024Q1,2,городской округ город Сосновоборск,Красноярский край
680,2024Q1,1,городской округ город Шарыпово,Красноярский край
683,2024Q1,0,Абанский муниципальный район,Красноярский край
685,2024Q1,3,Балахтинский муниципальный район,Красноярский край
686,2024Q1,2,Березовский муниципальный район,Красноярский край
687,2024Q1,0,Бирилюсский муниципальный район,Красноярский край
689,2024Q1,4,Богучанский муниципальный район,Красноярский край
690,2024Q1,0,Большемуртинский муниципальный район,Красноярский край
691,2024Q1,0,Большеулуйский муниципальный район,Красноярский край
692,2024Q1,0,Дзержинский муниципальный район,Красноярский край
693,2024Q1,2,Емельяновский муниципальный район,Красноярский край
694,2024Q1,4,Енисейский муниципальный район,Красноярский край
695,2024Q1,3,Ермаковский муниципальный район,Красноярский край
696,2024Q1,3,Идринский муниципальный район,Красноярский край
697,2024Q1,1,Иланский муниципальный район,Красноярский край
698,2024Q1,3,Ирбейский муниципальный район,Красноярский край
699,2024Q1,0,Казачинский муниципальный район,Красноярский край
701,2024Q1,0,Каратузский муниципальный район,Красноярский край
702,2024Q1,4,Кежемский муниципальный район,Красноярский край
703,2024Q1,0,Козульский муниципальный район,Красноярский край
704,2024Q1,3,Краснотуранский муниципальный район,Красноярский край
705,2024Q1,3,Курагинский муниципальный район,Красноярский край
706,2024Q1,0,Манский муниципальный район,Красноярский край
708,2024Q1,4,Мотыгинский муниципальный район,Красноярский край
710,2024Q1,0,Нижнеингашский муниципальный район,Красноярский край
711,2024Q1,3,Новоселовский муниципальный район,Красноярский край
712,2024Q1,0,Партизанский муниципальный район,Красноярский край
713,2024Q1,0,Пировский муниципальный округ,Красноярский край
714,2024Q1,3,Рыбинский муниципальный район,Красноярский край
715,2024Q1,0,Саянский муниципальный район,Красноярский край
716,2024Q1,4,Северо-Енисейский муниципальный район,Красноярский край
717,2024Q1,0,Сухобузимский муниципальный район,Красноярский край
718,2024Q1,4,Таймырский Долгано-Ненецкий муниципальный район,Красноярский край
719,2024Q1,0,Тасеевский муниципальный район,Красноярский край
720,2024Q1,4,Туруханский муниципальный район,Красноярский край
721,2024Q1,0,Тюхтетский муниципальный округ,Красноярский край
722,2024Q1,3,Ужурский муниципальный район,Красноярский край
723,2024Q1,0,Уярский муниципальный район,Красноярский край
725,2024Q1,3,Шушенский муниципальный район,Красноярский край
726,2024Q1,4,Эвенкийский муниципальный район,Красноярский край
727,2024Q1,2,городской округ Пермский,Пермский край
731,2024Q1,1,городской округ Лысьвенский,Пермский край
734,2024Q1,1,муниципальный округ Александровский,Пермский край
735,2024Q1,3,муниципальный округ Бардымский,Пермский край
736,2024Q1,0,муниципальный округ Березовский,Пермский край
737,2024Q1,0,муниципальный округ Большесосновский,Пермский край
738,2024Q1,3,городской округ Верещагинский,Пермский край
739,2024Q1,1,городской округ Горнозаводский,Пермский край
741,2024Q1,1,городской округ Добрянский,Пермский край
742,2024Q1,0,муниципальный округ Еловский,Пермский край
743,2024Q1,0,городской округ Ильинский,Пермский край
744,2024Q1,3,муниципальный округ Карагайский,Пермский край
745,2024Q1,1,городской округ город Кизел,Пермский край
746,2024Q1,0,муниципальный округ Кишертский,Пермский край
747,2024Q1,0,городской округ Красновишерский,Пермский край
748,2024Q1,2,городской округ Краснокамский,Пермский край
749,2024Q1,0,муниципальный округ Куединский,Пермский край
751,2024Q1,1,городской округ Нытвенский,Пермский край
752,2024Q1,3,городской округ Октябрьский,Пермский край
753,2024Q1,0,муниципальный округ Ординский,Пермский край
754,2024Q1,1,городской округ Осинский,Пермский край
755,2024Q1,0,городской округ Оханский,Пермский край
756,2024Q1,3,городской округ Очерский,Пермский край
757,2024Q1,2,муниципальный округ Пермский,Пермский край
758,2024Q1,3,муниципальный округ Сивинский,Пермский край
760,2024Q1,0,городской округ Суксунский,Пермский край
761,2024Q1,0,муниципальный округ Уинский,Пермский край
763,2024Q1,2,городской округ Чайковский,Пермский край
764,2024Q1,3,муниципальный округ Частинский,Пермский край
765,2024Q1,0,городской округ Чердынский,Пермский край
766,2024Q1,2,городской округ Чернушинский,Пермский край
767,2024Q1,1,городской округ Чусовской,Пермский край
769,2024Q1,0,муниципальный округ Гайнский,Пермский край
770,2024Q1,0,муниципальный округ Косинский,Пермский край
771,2024Q1,3,муниципальный округ Кочевский,Пермский край
773,2024Q1,3,муниципальный округ Юрлинский,Пермский край
774,2024Q1,0,муниципальный округ Юсьвинский,Пермский край
775,2024Q1,2,городской округ Владивостокский,Приморский край
776,2024Q1,2,городской округ Арсеньевский,Приморский край
777,2024Q1,2,городской округ Артемовский,Приморский край
778,2024Q1,4,городской округ Большой Камень,Приморский край
779,2024Q1,4,городской округ Дальнегорский,Приморский край
780,2024Q1,4,городской округ Дальнереченский,Приморский край
781,2024Q1,4,городской округ Лесозаводский,Приморский край
782,2024Q1,2,городской округ Находкинский,Приморский край
783,2024Q1,4,городской округ Партизанский,Приморский край
784,2024Q1,1,городской округ Спасск-Дальний,Приморский край
785,2024Q1,2,городской округ Уссурийский,Приморский край
787,2024Q1,3,Анучинский муниципальный округ,Приморский край
788,2024Q1,3,Дальнереченский муниципальный район,Приморский край
789,2024Q1,3,Кавалеровский муниципальный округ,Приморский край
790,2024Q1,3,Кировский муниципальный район,Приморский край
791,2024Q1,4,Красноармейский муниципальный округ,Приморский край
792,2024Q1,4,Лазовский муниципальный округ,Приморский край
793,2024Q1,4,Михайловский муниципальный район,Приморский край
794,2024Q1,2,Надеждинский муниципальный район,Приморский край
795,2024Q1,4,Октябрьский муниципальный округ,Приморский край
796,2024Q1,3,Ольгинский муниципальный округ,Приморский край
797,2024Q1,4,Партизанский муниципальный округ,Приморский край
798,2024Q1,4,Пограничный муниципальный округ,Приморский край
799,2024Q1,4,Пожарский муниципальный округ,Приморский край
800,2024Q1,3,Спасский муниципальный район,Приморский край
801,2024Q1,4,Тернейский муниципальный округ,Приморский край
802,2024Q1,3,Ханкайский муниципальный округ,Приморский край
803,2024Q1,4,Хасанский муниципальный округ,Приморский край
804,2024Q1,0,Хорольский муниципальный округ,Приморский край
805,2024Q1,4,Черниговский муниципальный округ,Приморский край
806,2024Q1,3,Чугуевский муниципальный округ,Приморский край
807,2024Q1,4,Шкотовский муниципальный округ,Приморский край
808,2024Q1,0,Яковлевский муниципальный округ,Приморский край
809,2024Q1,2,городской округ город Ставрополь,Ставропольский край
810,2024Q1,5,Благодарненский муниципальный округ,Ставропольский край
811,2024Q1,5,Георгиевский муниципальный округ,Ставропольский край
812,2024Q1,2,городской округ город-курорт Ессентуки,Ставропольский край
813,2024Q1,5,городской округ город-курорт Железноводск,Ставропольский край
814,2024Q1,5,Изобильненский муниципальный округ,Ставропольский край
815,2024Q1,5,Ипатовский муниципальный округ,Ставропольский край
817,2024Q1,3,Кировский муниципальный округ,Ставропольский край
818,2024Q1,2,городской округ город Лермонтов,Ставропольский край
819,2024Q1,2,Минераловодский муниципальный округ,Ставропольский край
820,2024Q1,2,городской округ город Невинномысск,Ставропольский край
821,2024Q1,5,Нефтекумский муниципальный округ,Ставропольский край
822,2024Q1,5,Новоалександровский муниципальный округ,Ставропольский край
823,2024Q1,5,Петровский муниципальный округ,Ставропольский край
824,2024Q1,2,городской округ город-курорт Пятигорск,Ставропольский край
825,2024Q1,5,Советский муниципальный округ,Ставропольский край
826,2024Q1,5,Александровский муниципальный округ,Ставропольский край
827,2024Q1,5,Андроповский муниципальный округ,Ставропольский край
828,2024Q1,0,Апанасенковский муниципальный округ,Ставропольский край
829,2024Q1,0,Арзгирский муниципальный округ,Ставропольский край
830,2024Q1,5,Будённовский муниципальный округ,Ставропольский край
831,2024Q1,5,Грачёвский муниципальный округ,Ставропольский край
832,2024Q1,5,Кочубеевский муниципальный округ,Ставропольский край
833,2024Q1,0,Красногвардейский муниципальный округ,Ставропольский край
834,2024Q1,5,Курский муниципальный округ,Ставропольский край
835,2024Q1,5,Левокумский муниципальный округ,Ставропольский край
836,2024Q1,5,Новоселицкий муниципальный округ,Ставропольский край
838,2024Q1,0,Степновский муниципальный округ,Ставропольский край
839,2024Q1,0,Труновский муниципальный округ,Ставропольский край
840,2024Q1,5,Туркменский муниципальный округ,Ставропольский край
841,2024Q1,2,Шпаковский муниципальный округ,Ставропольский край
842,2024Q1,2,городской округ город Хабаровск,Хабаровский край
843,2024Q1,2,городской округ город Комсомольск-на-Амуре,Хабаровский край
844,2024Q1,4,Амурский муниципальный район,Хабаровский край
846,2024Q1,4,Бикинский муниципальный район,Хабаровский край
847,2024Q1,4,Ванинский муниципальный район,Хабаровский край
848,2024Q1,4,Верхнебуреинский муниципальный район,Хабаровский край
849,2024Q1,3,Вяземский муниципальный район,Хабаровский край
851,2024Q1,3,муниципальный район имени Лазо,Хабаровский край
852,2024Q1,4,Нанайский муниципальный район,Хабаровский край
853,2024Q1,4,Николаевский муниципальный район,Хабаровский край
854,2024Q1,4,Охотский муниципальный округ,Хабаровский край
855,2024Q1,4,муниципальный район имени Полины Осипенко,Хабаровский край
856,2024Q1,4,Советско-Гаванский муниципальный район,Хабаровский край
857,2024Q1,4,Солнечный муниципальный район,Хабаровский край
859,2024Q1,4,Ульчский муниципальный район,Хабаровский край
860,2024Q1,2,Хабаровский муниципальный район,Хабаровский край
870,2024Q1,4,Архаринский муниципальный округ,Амурская область
871,2024Q1,4,Белогорский муниципальный округ,Амурская область
872,2024Q1,2,Благовещенский муниципальный округ,Амурская область
873,2024Q1,4,Бурейский муниципальный округ,Амурская область
874,2024Q1,4,Завитинский муниципальный округ,Амурская область
875,2024Q1,4,Зейский муниципальный округ,Амурская область
876,2024Q1,3,Ивановский муниципальный округ,Амурская область
877,2024Q1,4,Константиновский муниципальный район,Амурская область
878,2024Q1,4,Магдагачинский муниципальный район,Амурская область
879,2024Q1,4,Мазановский муниципальный район,Амурская область
880,2024Q1,4,Михайловский муниципальный район,Амурская область
881,2024Q1,4,Октябрьский муниципальный район,Амурская область
882,2024Q1,3,Ромненский муниципальный округ,Амурская область
883,2024Q1,4,Свободненский муниципальный район,Амурская область
884,2024Q1,4,Селемджинский муниципальный район,Амурская область
885,2024Q1,4,Серышевский муниципальный округ,Амурская область
886,2024Q1,4,Сковородинский муниципальный округ,Амурская область
888,2024Q1,4,Тындинский муниципальный округ,Амурская область
889,2024Q1,4,Шимановский муниципальный округ,Амурская область
890,2024Q1,2,городской округ город Архангельск,Архангельская область
891,2024Q1,1,городской округ город Коряжма,Архангельская область
892,2024Q1,2,городской округ Котлас,Архангельская область
895,2024Q1,1,городской округ город Новодвинск,Архангельская область
896,2024Q1,2,городской округ Северодвинск,Архангельская область
897,2024Q1,1,Вельский муниципальный район,Архангельская область
898,2024Q1,0,Верхнетоемский муниципальный округ,Архангельская область
899,2024Q1,0,муниципальный округ Вилегодский,Архангельская область
900,2024Q1,0,Виноградовский муниципальный округ,Архангельская область
901,2024Q1,0,муниципальный округ Каргопольский,Архангельская область
902,2024Q1,1,Коношский муниципальный район,Архангельская область
903,2024Q1,1,Котласский муниципальный округ,Архангельская область
904,2024Q1,0,Красноборский муниципальный округ,Архангельская область
905,2024Q1,1,Ленский муниципальный район,Архангельская область
907,2024Q1,0,Мезенский муниципальный округ,Архангельская область
908,2024Q1,1,Няндомский муниципальный округ,Архангельская область
909,2024Q1,1,Онежский муниципальный район,Архангельская область
911,2024Q1,1,Плесецкий муниципальный округ,Архангельская область
912,2024Q1,4,Приморский муниципальный округ,Архангельская область
913,2024Q1,1,Устьянский муниципальный округ,Архангельская область
914,2024Q1,0,Холмогорский муниципальный округ,Архангельская область
915,2024Q1,0,Шенкурский муниципальный округ,Архангельская область
916,2024Q1,4,городской округ город Нарьян-Мар,Ненецкий автономный округ
917,2024Q1,4,муниципальный район Заполярный район,Ненецкий автономный округ
918,2024Q1,2,городской округ город Астрахань,Астраханская область
920,2024Q1,1,Ахтубинский муниципальный район,Астраханская область
922,2024Q1,0,Енотаевский муниципальный район,Астраханская область
923,2024Q1,0,Икрянинский муниципальный район,Астраханская область
924,2024Q1,0,Камызякский муниципальный район,Астраханская область
925,2024Q1,1,Красноярский муниципальный район,Астраханская область
926,2024Q1,0,Лиманский муниципальный район,Астраханская область
927,2024Q1,2,Наримановский муниципальный район,Астраханская область
928,2024Q1,2,Приволжский муниципальный район,Астраханская область
929,2024Q1,0,Харабалинский муниципальный район,Астраханская область
930,2024Q1,0,Черноярский муниципальный район,Астраханская область
986,2024Q1,2,городской округ город Владимир,Владимирская область
987,2024Q1,1,городской округ город Гусь-Хрустальный,Владимирская область
988,2024Q1,2,городской округ город Ковров,Владимирская область
989,2024Q1,2,городской округ округ Муром,Владимирская область
991,2024Q1,2,Александровский муниципальный район,Владимирская область
992,2024Q1,1,Вязниковский муниципальный район,Владимирская область
993,2024Q1,0,Гороховецкий муниципальный район,Владимирская область
994,2024Q1,1,Гусь-Хрустальный муниципальный район,Владимирская область
995,2024Q1,1,Камешковский муниципальный район,Владимирская область
996,2024Q1,1,Киржачский муниципальный район,Владимирская область
998,2024Q1,1,Кольчугинский муниципальный район,Владимирская область
999,2024Q1,0,Меленковский муниципальный район,Владимирская область
1001,2024Q1,1,Петушинский муниципальный район,Владимирская область
1002,2024Q1,0,Селивановский муниципальный район,Владимирская область
1003,2024Q1,1,Собинский муниципальный район,Владимирская область
1004,2024Q1,1,Судогодский муниципальный район,Владимирская область
1005,2024Q1,1,Суздальский муниципальный район,Владимирская область
1006,2024Q1,1,Юрьев-Польский муниципальный район,Владимирская область
1007,2024Q1,2,городской округ город-герой Волгоград,Волгоградская область
1008,2024Q1,2,городской округ город Волжский,Волгоградская область
1009,2024Q1,2,городской округ город Камышин,Волгоградская область
1010,2024Q1,5,городской округ город Михайловка,Волгоградская область
1011,2024Q1,5,городской округ город Урюпинск,Волгоградская область
1012,2024Q1,1,городской округ город Фролово,Волгоградская область
1013,2024Q1,0,Алексеевский муниципальный район,Волгоградская область
1014,2024Q1,0,Быковский муниципальный район,Волгоградская область
1015,2024Q1,1,Городищенский муниципальный район,Волгоградская область
1016,2024Q1,0,Даниловский муниципальный район,Волгоградская область
1017,2024Q1,0,Дубовский муниципальный район,Волгоградская область
1018,2024Q1,0,Еланский муниципальный район,Волгоградская область
1019,2024Q1,1,Жирновский муниципальный район,Волгоградская область
1020,2024Q1,1,Иловлинский муниципальный район,Волгоградская область
1021,2024Q1,1,Калачевский муниципальный район,Волгоградская область
1023,2024Q1,0,Киквидзенский муниципальный район,Волгоградская область
1024,2024Q1,0,Клетский муниципальный район,Волгоградская область
1025,2024Q1,1,Котельниковский муниципальный район,Волгоградская область
1026,2024Q1,1,Котовский муниципальный район,Волгоградская область
1027,2024Q1,0,Кумылженский муниципальный район,Волгоградская область
1028,2024Q1,0,Ленинский муниципальный район,Волгоградская область
1029,2024Q1,0,Нехаевский муниципальный район,Волгоградская область
1030,2024Q1,0,Николаевский муниципальный район,Волгоградская область
1031,2024Q1,0,Новоаннинский муниципальный район,Волгоградская область
1032,2024Q1,0,Новониколаевский муниципальный район,Волгоградская область
1033,2024Q1,0,Октябрьский муниципальный район,Волгоградская область
1034,2024Q1,0,Ольховский муниципальный район,Волгоградская область
1035,2024Q1,0,Палласовский муниципальный район,Волгоградская область
1036,2024Q1,0,Руднянский муниципальный район,Волгоградская область
1037,2024Q1,5,Светлоярский муниципальный район,Волгоградская область
1038,2024Q1,0,Серафимовичский муниципальный район,Волгоградская область
1039,2024Q1,1,Среднеахтубинский муниципальный район,Волгоградская область
1040,2024Q1,3,Старополтавский муниципальный район,Волгоградская область
1041,2024Q1,0,Суровикинский муниципальный район,Волгоградская область
1044,2024Q1,0,Чернышковский муниципальный район,Волгоградская область
1047,2024Q1,1,Бабаевский муниципальный округ,Вологодская область
1048,2024Q1,3,Бабушкинский муниципальный округ,Вологодская область
1049,2024Q1,1,Белозерский муниципальный округ,Вологодская область
1051,2024Q1,1,Великоустюгский муниципальный округ,Вологодская область
1052,2024Q1,0,Верховажский муниципальный округ,Вологодская область
1053,2024Q1,0,Вожегодский муниципальный округ,Вологодская область
1054,2024Q1,3,Вологодский муниципальный округ,Вологодская область
1055,2024Q1,3,Вытегорский муниципальный район,Вологодская область
1056,2024Q1,1,Грязовецкий муниципальный округ,Вологодская область
1057,2024Q1,1,Кадуйский муниципальный округ,Вологодская область
1058,2024Q1,0,Кирилловский муниципальный округ,Вологодская область
1059,2024Q1,3,Кичменгско-Городецкий муниципальный округ,Вологодская область
1060,2024Q1,0,Междуреченский муниципальный округ,Вологодская область
1061,2024Q1,3,Никольский муниципальный округ,Вологодская область
1062,2024Q1,3,Нюксенский муниципальный округ,Вологодская область
1063,2024Q1,1,Сокольский муниципальный округ,Вологодская область
1064,2024Q1,0,Сямженский муниципальный округ,Вологодская область
1065,2024Q1,0,Тарногский муниципальный округ,Вологодская область
1066,2024Q1,1,Тотемский муниципальный округ,Вологодская область
1067,2024Q1,0,Усть-Кубинский муниципальный округ,Вологодская область
1068,2024Q1,0,Устюженский муниципальный округ,Вологодская область
1069,2024Q1,0,Харовский муниципальный округ,Вологодская область
1070,2024Q1,1,Чагодощенский муниципальный округ,Вологодская область
1071,2024Q1,3,Череповецкий муниципальный район,Вологодская область
1072,2024Q1,1,Шекснинский муниципальный район,Вологодская область
1107,2024Q1,2,городской округ Иваново,Ивановская область
1108,2024Q1,1,городской округ Вичуга,Ивановская область
1109,2024Q1,2,городской округ Кинешма,Ивановская область
1110,2024Q1,1,городской округ Кохма,Ивановская область
1111,2024Q1,1,городской округ Тейково,Ивановская область
1112,2024Q1,1,городской округ Шуя,Ивановская область
1113,2024Q1,0,Вичугский муниципальный район,Ивановская область
1115,2024Q1,0,Гаврилово-Посадский муниципальный район,Ивановская область
1116,2024Q1,0,Заволжский муниципальный район,Ивановская область
1117,2024Q1,2,Ивановский муниципальный район,Ивановская область
1118,2024Q1,0,Ильинский муниципальный район,Ивановская область
1119,2024Q1,1,Кинешемский муниципальный район,Ивановская область
1120,2024Q1,1,Комсомольский муниципальный район,Ивановская область
1121,2024Q1,1,Лежневский муниципальный район,Ивановская область
1122,2024Q1,0,Лухский муниципальный район,Ивановская область
1123,2024Q1,0,Палехский муниципальный район,Ивановская область
1124,2024Q1,0,Пестяковский муниципальный район,Ивановская область
1125,2024Q1,1,Приволжский муниципальный район,Ивановская область
1126,2024Q1,0,Пучежский муниципальный район,Ивановская область
1127,2024Q1,1,Родниковский муниципальный район,Ивановская область
1128,2024Q1,0,Савинский муниципальный район,Ивановская область
1129,2024Q1,0,Тейковский муниципальный район,Ивановская область
1130,2024Q1,1,Фурмановский муниципальный район,Ивановская область
1131,2024Q1,1,Шуйский муниципальный район,Ивановская область
1132,2024Q1,0,Южский муниципальный район,Ивановская область
1133,2024Q1,0,Юрьевецкий муниципальный район,Ивановская область
1134,2024Q1,2,городской округ город Иркутск,Иркутская область
1135,2024Q1,2,городской округ Ангарский,Иркутская область
1136,2024Q1,2,городской округ город Братск,Иркутская область
1137,2024Q1,3,городской округ Зима,Иркутская область
1138,2024Q1,2,городской округ город Саянск,Иркутская область
1139,2024Q1,3,городской округ город Тулун,Иркутская область
1140,2024Q1,2,городской округ город Усолье-Сибирское,Иркутская область
1141,2024Q1,2,городской округ город Усть-Илимск,Иркутская область
1142,2024Q1,2,городской округ город Черемхово,Иркутская область
1143,2024Q1,1,городской округ город Свирск,Иркутская область
1144,2024Q1,3,Балаганский муниципальный район,Иркутская область
1146,2024Q1,1,Братский муниципальный район,Иркутская область
1147,2024Q1,4,Жигаловский муниципальный район,Иркутская область
1148,2024Q1,3,Заларинский муниципальный район,Иркутская область
1149,2024Q1,3,Зиминский муниципальный район,Иркутская область
1150,2024Q1,2,Иркутский муниципальный район,Иркутская область
1151,2024Q1,4,Казачинско-Ленский муниципальный район,Иркутская область
1152,2024Q1,4,Катангский муниципальный район,Иркутская область
1153,2024Q1,3,Качугский муниципальный район,Иркутская область
1154,2024Q1,4,Киренский муниципальный район,Иркутская область
1155,2024Q1,3,Куйтунский муниципальный район,Иркутская область
1157,2024Q1,1,Нижнеилимский муниципальный район,Иркутская область
1158,2024Q1,4,Нижнеудинский муниципальный район,Иркутская область
1159,2024Q1,3,Ольхонский муниципальный район,Иркутская область
1160,2024Q1,4,Слюдянский муниципальный район,Иркутская область
1161,2024Q1,4,Тайшетский муниципальный район,Иркутская область
1163,2024Q1,3,Усольский муниципальный район,Иркутская область
1164,2024Q1,4,Усть-Илимский муниципальный район,Иркутская область
1165,2024Q1,4,Усть-Кутский муниципальный район,Иркутская область
1166,2024Q1,3,Усть-Удинский муниципальный район,Иркутская область
1167,2024Q1,3,Черемховский муниципальный район,Иркутская область
1168,2024Q1,3,Чунский муниципальный район,Иркутская область
1169,2024Q1,2,Шелеховский муниципальный район,Иркутская область
1170,2024Q1,3,Аларский муниципальный район,Иркутская область
1171,2024Q1,3,Баяндаевский муниципальный район,Иркутская область
1172,2024Q1,3,Боханский муниципальный район,Иркутская область
1173,2024Q1,3,Нукутский муниципальный район,Иркутская область
1174,2024Q1,3,Осинский муниципальный район,Иркутская область
1175,2024Q1,3,Эхирит-Булагатский муниципальный район,Иркутская область
1176,2024Q1,2,городской округ город Калининград,Калининградская область
1178,2024Q1,1,городской округ Мамоновский,Калининградская область
1179,2024Q1,1,городской округ Пионерский,Калининградская область
1180,2024Q1,1,городской округ Светловский,Калининградская область
1181,2024Q1,1,городской округ Советский,Калининградская область
1184,2024Q1,1,городской округ Балтийский,Калининградская область
1185,2024Q1,1,муниципальный округ Гвардейский,Калининградская область
1186,2024Q1,2,муниципальный округ Гурьевский,Калининградская область
1187,2024Q1,1,городской округ Гусевский,Калининградская область
1188,2024Q1,2,муниципальный округ Зеленоградский,Калининградская область
1189,2024Q1,3,муниципальный округ Краснознаменский,Калининградская область
1190,2024Q1,2,городской округ Светлогорский,Калининградская область
1191,2024Q1,3,муниципальный округ Неманский,Калининградская область
1192,2024Q1,3,муниципальный округ Нестеровский,Калининградская область
1193,2024Q1,3,муниципальный округ Озерский,Калининградская область
1194,2024Q1,5,муниципальный округ Полесский,Калининградская область
1195,2024Q1,0,муниципальный округ Правдинский,Калининградская область
1196,2024Q1,3,муниципальный округ Славский,Калининградская область
1197,2024Q1,1,муниципальный округ Черняховский,Калининградская область
1198,2024Q1,2,городской округ город Калуга,Калужская область
1200,2024Q1,1,Бабынинский муниципальный район,Калужская область
1201,2024Q1,0,Барятинский муниципальный район,Калужская область
1203,2024Q1,1,Дзержинский муниципальный район,Калужская область
1204,2024Q1,0,Думиничский муниципальный район,Калужская область
1205,2024Q1,0,Жиздринский муниципальный район,Калужская область
1206,2024Q1,1,Жуковский муниципальный район,Калужская область
1207,2024Q1,1,Кировский муниципальный район,Калужская область
1208,2024Q1,0,Износковский муниципальный район,Калужская область
1209,2024Q1,1,Козельский муниципальный район,Калужская область
1210,2024Q1,0,Куйбышевский муниципальный район,Калужская область
1211,2024Q1,1,Людиновский муниципальный район,Калужская область
1212,2024Q1,2,Малоярославецкий муниципальный район,Калужская область
1213,2024Q1,1,Медынский муниципальный район,Калужская область
1214,2024Q1,0,Мещовский муниципальный район,Калужская область
1215,2024Q1,0,Мосальский муниципальный район,Калужская область
1217,2024Q1,0,Спас-Деменский муниципальный район,Калужская область
1218,2024Q1,0,Сухиничский муниципальный район,Калужская область
1219,2024Q1,1,Тарусский муниципальный район,Калужская область
1220,2024Q1,0,Ульяновский муниципальный район,Калужская область
1221,2024Q1,1,Ферзиковский муниципальный район,Калужская область
1222,2024Q1,0,Хвастовичский муниципальный район,Калужская область
1223,2024Q1,0,Юхновский муниципальный район,Калужская область
1224,2024Q1,2,городской округ Кемеровский,Кемеровская область
1225,2024Q1,2,городской округ Анжеро-Судженский,Кемеровская область
1226,2024Q1,2,городской округ Беловский,Кемеровская область
1227,2024Q1,1,городской округ Березовский,Кемеровская область
1228,2024Q1,1,городской округ Калтанский,Кемеровская область
1229,2024Q1,2,городской округ Киселевский,Кемеровская область
1230,2024Q1,2,городской округ Ленинск-Кузнецкий,Кемеровская область
1231,2024Q1,2,городской округ Междуреченский,Кемеровская область
1232,2024Q1,2,городской округ Мысковский,Кемеровская область
1233,2024Q1,2,городской округ Новокузнецкий,Кемеровская область
1234,2024Q1,2,городской округ Осинниковский,Кемеровская область
1235,2024Q1,2,городской округ Полысаевский,Кемеровская область
1236,2024Q1,2,городской округ Прокопьевский,Кемеровская область
1237,2024Q1,1,городской округ Тайгинский,Кемеровская область
1238,2024Q1,2,городской округ Юргинский,Кемеровская область
1240,2024Q1,3,Беловский муниципальный округ,Кемеровская область
1241,2024Q1,1,Гурьевский муниципальный округ,Кемеровская область
1242,2024Q1,0,Ижморский муниципальный округ,Кемеровская область
1243,2024Q1,2,Кемеровский муниципальный округ,Кемеровская область
1244,2024Q1,0,Крапивинский муниципальный округ,Кемеровская область
1246,2024Q1,3,Мариинский муниципальный округ,Кемеровская область
1249,2024Q1,3,Промышленновский муниципальный округ,Кемеровская область
1250,2024Q1,1,Таштагольский муниципальный район,Кемеровская область
1251,2024Q1,0,Тисульский муниципальный округ,Кемеровская область
1252,2024Q1,1,Топкинский муниципальный округ,Кемеровская область
1253,2024Q1,0,Тяжинский муниципальный округ,Кемеровская область
1254,2024Q1,3,Чебулинский муниципальный округ,Кемеровская область
1256,2024Q1,3,Яйский муниципальный округ,Кемеровская область
1257,2024Q1,1,Яшкинский муниципальный округ,Кемеровская область
1258,2024Q1,2,городской округ город Киров,Кировская область
1259,2024Q1,1,городской округ город Вятские Поляны,Кировская область
1260,2024Q1,2,городской округ город Кирово-Чепецк,Кировская область
1261,2024Q1,1,городской округ город Котельнич,Кировская область
1262,2024Q1,1,городской округ город Слободской,Кировская область
1264,2024Q1,0,муниципальный округ Арбажский,Кировская область
1265,2024Q1,3,муниципальный округ Афанасьевский,Кировская область
1266,2024Q1,0,Белохолуницкий муниципальный район,Кировская область
1267,2024Q1,0,муниципальный округ Богородский,Кировская область
1268,2024Q1,0,муниципальный округ Верхнекамский,Кировская область
1269,2024Q1,0,Верхошижемский муниципальный район,Кировская область
1270,2024Q1,1,Вятскополянский муниципальный район,Кировская область
1271,2024Q1,0,Даровской муниципальный район,Кировская область
1272,2024Q1,0,Зуевский муниципальный район,Кировская область
1273,2024Q1,0,муниципальный округ Кикнурский,Кировская область
1274,2024Q1,0,Кильмезский муниципальный район,Кировская область
1275,2024Q1,3,Кирово-Чепецкий муниципальный район,Кировская область
1276,2024Q1,0,Котельничский муниципальный район,Кировская область
1277,2024Q1,0,Куменский муниципальный район,Кировская область
1278,2024Q1,0,муниципальный округ Лебяжский,Кировская область
1279,2024Q1,0,муниципальный округ Лузский,Кировская область
1280,2024Q1,0,Малмыжский муниципальный район,Кировская область
1281,2024Q1,1,муниципальный округ Мурашинский,Кировская область
1282,2024Q1,0,Нагорский муниципальный район,Кировская область
1284,2024Q1,0,Нолинский муниципальный район,Кировская область
1285,2024Q1,1,Омутнинский муниципальный район,Кировская область
1286,2024Q1,0,муниципальный округ Опаринский,Кировская область
1287,2024Q1,1,Оричевский муниципальный район,Кировская область
1288,2024Q1,0,Орловский муниципальный район,Кировская область
1289,2024Q1,0,муниципальный округ Пижанский,Кировская область
1290,2024Q1,0,Подосиновский муниципальный район,Кировская область
1291,2024Q1,0,муниципальный округ Санчурский,Кировская область
1292,2024Q1,0,муниципальный округ Свечинский,Кировская область
1293,2024Q1,1,Слободской муниципальный район,Кировская область
1294,2024Q1,1,Советский муниципальный район,Кировская область
1295,2024Q1,0,Сунский муниципальный район,Кировская область
1296,2024Q1,0,Тужинский муниципальный район,Кировская область
1297,2024Q1,0,муниципальный округ Унинский,Кировская область
1298,2024Q1,0,Уржумский муниципальный район,Кировская область
1299,2024Q1,0,муниципальный округ Фаленский,Кировская область
1300,2024Q1,0,Шабалинский муниципальный район,Кировская область
1301,2024Q1,1,Юрьянский муниципальный район,Кировская область
1302,2024Q1,1,Яранский муниципальный район,Кировская область
1303,2024Q1,2,городской округ город Кострома,Костромская область
1304,2024Q1,1,городской округ город Буй,Костромская область
1305,2024Q1,1,городской округ город Волгореченск,Костромская область
1306,2024Q1,1,городской округ город Галич,Костромская область
1308,2024Q1,1,городской округ город Шарья,Костромская область
1309,2024Q1,0,Антроповский муниципальный район,Костромская область
1310,2024Q1,0,Буйский муниципальный район,Костромская область
1311,2024Q1,0,Вохомский муниципальный район,Костромская область
1312,2024Q1,0,Галичский муниципальный район,Костромская область
1313,2024Q1,0,Кадыйский муниципальный район,Костромская область
1314,2024Q1,0,Кологривский муниципальный округ,Костромская область
1315,2024Q1,3,Костромской муниципальный район,Костромская область
1316,2024Q1,1,Красносельский муниципальный район,Костромская область
1317,2024Q1,0,Макарьевский муниципальный район,Костромская область
1319,2024Q1,0,Межевской муниципальный округ,Костромская область
1320,2024Q1,0,Нейский муниципальный округ,Костромская область
1321,2024Q1,1,муниципальный район город Нерехта и Нерехтский район,Костромская область
1322,2024Q1,0,Октябрьский муниципальный район,Костромская область
1323,2024Q1,0,Островский муниципальный округ,Костромская область
1324,2024Q1,0,Павинский муниципальный округ,Костромская область
1325,2024Q1,0,Парфеньевский муниципальный округ,Костромская область
1326,2024Q1,0,Поназыревский муниципальный округ,Костромская область
1327,2024Q1,0,Пыщугский муниципальный округ,Костромская область
1328,2024Q1,0,Солигаличский муниципальный округ,Костромская область
1329,2024Q1,0,Судиславский муниципальный район,Костромская область
1330,2024Q1,0,Сусанинский муниципальный район,Костромская область
1331,2024Q1,0,Чухломский муниципальный район,Костромская область
1332,2024Q1,0,Шарьинский муниципальный район,Костромская область
1333,2024Q1,2,городской округ город Курган,Курганская область
1334,2024Q1,1,городской округ город Шадринск,Курганская область
1335,2024Q1,0,Альменевский муниципальный округ,Курганская область
1336,2024Q1,0,Белозерский муниципальный округ,Курганская область
1337,2024Q1,0,Варгашинский муниципальный округ,Курганская область
1338,2024Q1,0,Далматовский муниципальный округ,Курганская область
1339,2024Q1,0,Звериноголовский муниципальный округ,Курганская область
1340,2024Q1,0,Каргапольский муниципальный округ,Курганская область
1341,2024Q1,0,Катайский муниципальный округ,Курганская область
1343,2024Q1,0,Куртамышский муниципальный округ,Курганская область
1344,2024Q1,0,Лебяжьевский муниципальный округ,Курганская область
1345,2024Q1,0,муниципальный округ Макушинский,Курганская область
1346,2024Q1,0,Мишкинский муниципальный округ,Курганская область
1347,2024Q1,0,Мокроусовский муниципальный округ,Курганская область
1348,2024Q1,0,Петуховский муниципальный округ,Курганская область
1349,2024Q1,0,Половинский муниципальный округ,Курганская область
1350,2024Q1,0,Притобольный муниципальный округ,Курганская область
1351,2024Q1,0,Сафакулевский муниципальный округ,Курганская область
1352,2024Q1,0,Целинный муниципальный округ,Курганская область
1353,2024Q1,0,Частоозерский муниципальный округ,Курганская область
1355,2024Q1,0,Шатровский муниципальный округ,Курганская область
1356,2024Q1,0,муниципальный округ Шумихинский,Курганская область
1357,2024Q1,0,Щучанский муниципальный округ,Курганская область
1358,2024Q1,0,Юргамышский муниципальный округ,Курганская область
1392,2024Q1,1,Бокситогорский муниципальный район,Ленинградская область
1393,2024Q1,1,Волосовский муниципальный район,Ленинградская область
1394,2024Q1,1,Волховский муниципальный район,Ленинградская область
1395,2024Q1,2,Всеволожский муниципальный район,Ленинградская область
1396,2024Q1,2,Выборгский муниципальный район,Ленинградская область
1397,2024Q1,2,Гатчинский муниципальный район,Ленинградская область
1398,2024Q1,2,Кингисеппский муниципальный район,Ленинградская область
1399,2024Q1,1,Киришский муниципальный район,Ленинградская область
1400,2024Q1,2,Кировский муниципальный район,Ленинградская область
1401,2024Q1,1,Лодейнопольский муниципальный район,Ленинградская область
1402,2024Q1,2,Ломоносовский муниципальный район,Ленинградская область
1403,2024Q1,2,Лужский муниципальный район,Ленинградская область
1404,2024Q1,1,Подпорожский муниципальный район,Ленинградская область
1405,2024Q1,1,Приозерский муниципальный район,Ленинградская область
1406,2024Q1,1,Сланцевский муниципальный район,Ленинградская область
1407,2024Q1,1,Тихвинский муниципальный район,Ленинградская область
1408,2024Q1,2,Тосненский муниципальный район,Ленинградская область
1409,2024Q1,2,городской округ Сосновоборский,Ленинградская область
1410,2024Q1,2,городской округ город Липецк,Липецкая область
1411,2024Q1,2,городской округ город Елец,Липецкая область
1412,2024Q1,0,Воловский муниципальный район,Липецкая область
1413,2024Q1,1,Грязинский муниципальный район,Липецкая область
1414,2024Q1,1,Данковский муниципальный район,Липецкая область
1415,2024Q1,0,Добринский муниципальный район,Липецкая область
1416,2024Q1,0,Добровский муниципальный район,Липецкая область
1417,2024Q1,0,Долгоруковский муниципальный район,Липецкая область
1419,2024Q1,0,Задонский муниципальный район,Липецкая область
1420,2024Q1,0,Измалковский муниципальный район,Липецкая область
1421,2024Q1,0,Краснинский муниципальный район,Липецкая область
1422,2024Q1,1,Лебедянский муниципальный район,Липецкая область
1423,2024Q1,0,Лев-Толстовский муниципальный район,Липецкая область
1425,2024Q1,0,Становлянский муниципальный район,Липецкая область
1426,2024Q1,0,Тербунский муниципальный район,Липецкая область
1427,2024Q1,1,Усманский муниципальный район,Липецкая область
1428,2024Q1,0,Хлевенский муниципальный район,Липецкая область
1429,2024Q1,0,Чаплыгинский муниципальный район,Липецкая область
1430,2024Q1,4,городской округ город Магадан,Магаданская область
1431,2024Q1,4,муниципальный округ Ольский,Магаданская область
1434,2024Q1,4,муниципальный округ Среднеканский,Магаданская область
1435,2024Q1,4,муниципальный округ Сусуманский,Магаданская область
1437,2024Q1,4,муниципальный округ Хасынский,Магаданская область
1438,2024Q1,4,муниципальный округ Ягоднинский,Магаданская область
1439,2024Q1,2,городской округ Балашиха,Московская область
1440,2024Q1,2,городской округ Бронницы,Московская область
1443,2024Q1,2,городской округ Дзержинский,Московская область
1444,2024Q1,2,городской округ Долгопрудный,Московская область
1445,2024Q1,2,городской округ Домодедово,Московская область
1446,2024Q1,2,городской округ Дубна,Московская область
1447,2024Q1,2,городской округ Егорьевск,Московская область
1448,2024Q1,2,городской округ Жуковский,Московская область
1449,2024Q1,1,городской округ Зарайск,Московская область
1453,2024Q1,2,городской округ Истра,Московская область
1454,2024Q1,2,городской округ Кашира,Московская область
1456,2024Q1,2,городской округ Королёв,Московская область
1457,2024Q1,2,городской округ Котельники,Московская область
1459,2024Q1,2,городской округ Красногорск,Московская область
1461,2024Q1,2,городской округ Лобня,Московская область
1463,2024Q1,2,городской округ Луховицы,Московская область
1464,2024Q1,2,городской округ Лыткарино,Московская область
1465,2024Q1,2,городской округ Люберцы,Московская область
1467,2024Q1,2,городской округ Мытищи,Московская область
1468,2024Q1,2,городской округ Наро-Фоминский,Московская область
1472,2024Q1,2,городской округ Подольск,Московская область
1473,2024Q1,1,городской округ Протвино,Московская область
1474,2024Q1,1,городской округ Пущино,Московская область
1475,2024Q1,2,городской округ Реутов,Московская область
1477,2024Q1,2,городской округ Рузский,Московская область
1478,2024Q1,1,городской округ Серебряные Пруды,Московская область
1480,2024Q1,2,городской округ Ступино,Московская область
1481,2024Q1,2,городской округ Фрязино,Московская область
1483,2024Q1,1,городской округ Черноголовка,Московская область
1484,2024Q1,2,городской округ Чехов,Московская область
1486,2024Q1,1,городской округ Шаховская,Московская область
1488,2024Q1,2,городской округ Электросталь,Московская область
1489,2024Q1,2,городской округ Волоколамский,Московская область
1490,2024Q1,2,городской округ Воскресенск,Московская область
1491,2024Q1,2,городской округ Дмитровский,Московская область
1492,2024Q1,2,городской округ Клин,Московская область
1493,2024Q1,2,городской округ Ленинский,Московская область
1494,2024Q1,0,городской округ Лотошино,Московская область
1495,2024Q1,2,городской округ Можайский,Московская область
1496,2024Q1,2,городской округ Богородский,Московская область
1500,2024Q1,2,городской округ Раменский,Московская область
1501,2024Q1,2,городской округ Сергиево-Посадский,Московская область
1504,2024Q1,1,городской округ Талдомский,Московская область
1506,2024Q1,2,городской округ город Мурманск,Мурманская область
1507,2024Q1,2,муниципальный округ город Апатиты,Мурманская область
1508,2024Q1,4,муниципальный округ город Кировск,Мурманская область
1509,2024Q1,1,муниципальный округ город Мончегорск,Мурманская область
1510,2024Q1,1,муниципальный округ город Оленегорск,Мурманская область
1511,2024Q1,1,муниципальный округ город Полярные Зори,Мурманская область
1512,2024Q1,1,Ковдорский муниципальный округ,Мурманская область
1518,2024Q1,1,Кандалакшский муниципальный район,Мурманская область
1519,2024Q1,4,Кольский муниципальный район,Мурманская область
1520,2024Q1,1,Ловозерский муниципальный район,Мурманская область
1521,2024Q1,1,Печенгский муниципальный округ,Мурманская область
1522,2024Q1,1,Терский муниципальный район,Мурманская область
1523,2024Q1,2,городской округ город Нижний Новгород,Нижегородская область
1525,2024Q1,2,городской округ город Бор,Нижегородская область
1526,2024Q1,2,городской округ город Выкса,Нижегородская область
1527,2024Q1,2,городской округ город Дзержинск,Нижегородская область
1528,2024Q1,1,городской округ город Кулебаки,Нижегородская область
1529,2024Q1,1,городской округ Навашинский,Нижегородская область
1530,2024Q1,0,городской округ Перевозский,Нижегородская область
1532,2024Q1,1,городской округ Семеновский,Нижегородская область
1533,2024Q1,1,городской округ город Шахунья,Нижегородская область
1534,2024Q1,0,городской округ город Первомайск,Нижегородская область
1535,2024Q1,0,городской округ Сокольский,Нижегородская область
1536,2024Q1,0,городской округ город Чкаловск,Нижегородская область
1537,2024Q1,0,Ардатовский муниципальный округ,Нижегородская область
1539,2024Q1,1,Балахнинский муниципальный округ,Нижегородская область
1540,2024Q1,2,Богородский муниципальный округ,Нижегородская область
1541,2024Q1,0,Большеболдинский муниципальный округ,Нижегородская область
1542,2024Q1,0,Большемурашкинский муниципальный округ,Нижегородская область
1543,2024Q1,0,Бутурлинский муниципальный округ,Нижегородская область
1544,2024Q1,0,Вадский муниципальный округ,Нижегородская область
1545,2024Q1,0,Варнавинский муниципальный округ,Нижегородская область
1546,2024Q1,0,Вачский муниципальный округ,Нижегородская область
1547,2024Q1,0,Ветлужский муниципальный округ,Нижегородская область
1548,2024Q1,0,Вознесенский муниципальный округ,Нижегородская область
1549,2024Q1,1,Володарский муниципальный округ,Нижегородская область
1550,2024Q1,0,городской округ Воротынский,Нижегородская область
1551,2024Q1,0,Воскресенский муниципальный округ,Нижегородская область
1552,2024Q1,0,Гагинский муниципальный округ,Нижегородская область
1553,2024Q1,1,Городецкий муниципальный округ,Нижегородская область
1554,2024Q1,0,Дальнеконстантиновский муниципальный округ,Нижегородская область
1555,2024Q1,0,Дивеевский муниципальный округ,Нижегородская область
1556,2024Q1,1,Княгининский муниципальный округ,Нижегородская область
1557,2024Q1,0,Ковернинский муниципальный округ,Нижегородская область
1558,2024Q1,3,Краснобаковский муниципальный округ,Нижегородская область
1559,2024Q1,0,Краснооктябрьский муниципальный округ,Нижегородская область
1560,2024Q1,2,Кстовский муниципальный округ,Нижегородская область
1561,2024Q1,0,Лукояновский муниципальный округ,Нижегородская область
1562,2024Q1,1,Лысковский муниципальный округ,Нижегородская область
1563,2024Q1,2,Павловский муниципальный округ,Нижегородская область
1564,2024Q1,0,Пильнинский муниципальный округ,Нижегородская область
1565,2024Q1,0,Починковский муниципальный округ,Нижегородская область
1566,2024Q1,1,Сергачский муниципальный округ,Нижегородская область
1567,2024Q1,0,Сеченовский муниципальный округ,Нижегородская область
1568,2024Q1,1,Сосновский муниципальный округ,Нижегородская область
1569,2024Q1,0,Спасский муниципальный округ,Нижегородская область
1570,2024Q1,0,Тонкинский муниципальный округ,Нижегородская область
1571,2024Q1,0,Тоншаевский муниципальный округ,Нижегородская область
1572,2024Q1,3,Уренский муниципальный округ,Нижегородская область
1573,2024Q1,0,Шарангский муниципальный округ,Нижегородская область
1574,2024Q1,0,Шатковский муниципальный округ,Нижегородская область
1575,2024Q1,2,городской округ Великий Новгород,Новгородская область
1577,2024Q1,2,Боровичский муниципальный район,Новгородская область
1578,2024Q1,1,Валдайский муниципальный район,Новгородская область
1579,2024Q1,0,муниципальный округ Волотовский,Новгородская область
1580,2024Q1,0,муниципальный округ Демянский,Новгородская область
1581,2024Q1,0,муниципальный округ Крестецкий,Новгородская область
1582,2024Q1,0,Любытинский муниципальный район,Новгородская область
1583,2024Q1,1,Маловишерский муниципальный район,Новгородская область
1584,2024Q1,0,муниципальный округ Марёвский,Новгородская область
1585,2024Q1,0,муниципальный округ Мошенской,Новгородская область
1586,2024Q1,2,Новгородский муниципальный район,Новгородская область
1587,2024Q1,1,Окуловский муниципальный район,Новгородская область
1588,2024Q1,1,Парфинский муниципальный район,Новгородская область
1589,2024Q1,1,муниципальный округ Пестовский,Новгородская область
1590,2024Q1,0,Поддорский муниципальный район,Новгородская область
1591,2024Q1,0,муниципальный округ Солецкий,Новгородская область
1592,2024Q1,1,Старорусский муниципальный район,Новгородская область
1593,2024Q1,0,муниципальный округ Хвойнинский,Новгородская область
1594,2024Q1,0,Холмский муниципальный район,Новгородская область
1595,2024Q1,1,Чудовский муниципальный район,Новгородская область
1596,2024Q1,0,Шимский муниципальный район,Новгородская область
1597,2024Q1,2,городской округ город Новосибирск,Новосибирская область
1598,2024Q1,2,городской округ город Бердск,Новосибирская область
1599,2024Q1,2,городской округ город Искитим,Новосибирская область
1600,2024Q1,2,городской округ город Обь,Новосибирская область
1601,2024Q1,2,городской округ рабочий поселок Кольцово,Новосибирская область
1602,2024Q1,3,Баганский муниципальный район,Новосибирская область
1603,2024Q1,3,Барабинский муниципальный район,Новосибирская область
1604,2024Q1,3,Болотнинский муниципальный район,Новосибирская область
1605,2024Q1,0,Венгеровский муниципальный район,Новосибирская область
1606,2024Q1,0,Доволенский муниципальный район,Новосибирская область
1607,2024Q1,0,Здвинский муниципальный район,Новосибирская область
1608,2024Q1,1,Искитимский муниципальный район,Новосибирская область
1609,2024Q1,3,Карасукский муниципальный район,Новосибирская область
1610,2024Q1,0,Каргатский муниципальный район,Новосибирская область
1611,2024Q1,0,Колыванский муниципальный район,Новосибирская область
1612,2024Q1,1,Коченевский муниципальный район,Новосибирская область
1613,2024Q1,0,Кочковский муниципальный район,Новосибирская область
1614,2024Q1,0,Краснозерский муниципальный район,Новосибирская область
1615,2024Q1,1,Куйбышевский муниципальный район,Новосибирская область
1616,2024Q1,0,Купинский муниципальный район,Новосибирская область
1617,2024Q1,0,Кыштовский муниципальный район,Новосибирская область
1618,2024Q1,3,Маслянинский муниципальный район,Новосибирская область
1619,2024Q1,3,Мошковский муниципальный район,Новосибирская область
1620,2024Q1,2,Новосибирский муниципальный район,Новосибирская область
1621,2024Q1,0,Ордынский муниципальный район,Новосибирская область
1622,2024Q1,0,Северный муниципальный район,Новосибирская область
1623,2024Q1,3,Сузунский муниципальный район,Новосибирская область
1624,2024Q1,1,Татарский муниципальный район,Новосибирская область
1625,2024Q1,3,Тогучинский муниципальный район,Новосибирская область
1626,2024Q1,0,Убинский муниципальный район,Новосибирская область
1627,2024Q1,0,Усть-Таркский муниципальный район,Новосибирская область
1628,2024Q1,0,Чановский муниципальный район,Новосибирская область
1629,2024Q1,1,Черепановский муниципальный район,Новосибирская область
1630,2024Q1,0,Чистоозерный муниципальный район,Новосибирская область
1631,2024Q1,1,Чулымский муниципальный район,Новосибирская область
1632,2024Q1,2,городской округ город Омск,Омская область
1633,2024Q1,3,Азовский немецкий национальный муниципальный район,Омская область
1634,2024Q1,1,Большереченский муниципальный район,Омская область
1635,2024Q1,0,Большеуковский муниципальный район,Омская область
1636,2024Q1,0,Горьковский муниципальный район,Омская область
1637,2024Q1,0,Знаменский муниципальный район,Омская область
1638,2024Q1,3,Исилькульский муниципальный район,Омская область
1639,2024Q1,1,Калачинский муниципальный район,Омская область
1640,2024Q1,0,Колосовский муниципальный район,Омская область
1641,2024Q1,1,Кормиловский муниципальный район,Омская область
1642,2024Q1,0,Крутинский муниципальный район,Омская область
1643,2024Q1,1,Любинский муниципальный район,Омская область
1644,2024Q1,3,Марьяновский муниципальный район,Омская область
1645,2024Q1,3,Москаленский муниципальный район,Омская область
1646,2024Q1,0,Муромцевский муниципальный район,Омская область
1647,2024Q1,0,Называевский муниципальный район,Омская область
1648,2024Q1,0,Нижнеомский муниципальный район,Омская область
1649,2024Q1,0,Нововаршавский муниципальный район,Омская область
1650,2024Q1,3,Одесский муниципальный район,Омская область
1651,2024Q1,0,Оконешниковский муниципальный район,Омская область
1652,2024Q1,2,Омский муниципальный район,Омская область
1653,2024Q1,0,Павлоградский муниципальный район,Омская область
1654,2024Q1,3,Полтавский муниципальный район,Омская область
1655,2024Q1,0,Русско-Полянский муниципальный район,Омская область
1656,2024Q1,0,Саргатский муниципальный район,Омская область
1657,2024Q1,0,Седельниковский муниципальный район,Омская область
1658,2024Q1,3,Таврический муниципальный район,Омская область
1659,2024Q1,3,Тарский муниципальный район,Омская область
1660,2024Q1,0,Тевризский муниципальный район,Омская область
1661,2024Q1,0,Тюкалинский муниципальный район,Омская область
1662,2024Q1,3,Усть-Ишимский муниципальный район,Омская область
1663,2024Q1,0,Черлакский муниципальный район,Омская область
1664,2024Q1,0,Шербакульский муниципальный район,Омская область
1665,2024Q1,2,городской округ город Оренбург,Оренбургская область
1666,2024Q1,0,городской округ Абдулинский,Оренбургская область
1667,2024Q1,2,городской округ город Бугуруслан,Оренбургская область
1668,2024Q1,2,городской округ город Бузулук,Оренбургская область
1669,2024Q1,1,городской округ Гайский,Оренбургская область
1670,2024Q1,1,городской округ Кувандыкский,Оренбургская область
1671,2024Q1,1,городской округ город Медногорск,Оренбургская область
1672,2024Q1,1,городской округ город Новотроицк,Оренбургская область
1673,2024Q1,2,городской округ город Орск,Оренбургская область
1674,2024Q1,1,городской округ Соль-Илецкий,Оренбургская область
1675,2024Q1,1,городской округ Сорочинский,Оренбургская область
1676,2024Q1,1,городской округ Ясненский,Оренбургская область
1678,2024Q1,0,Адамовский муниципальный район,Оренбургская область
1679,2024Q1,3,Акбулакский муниципальный район,Оренбургская область
1680,2024Q1,0,Александровский муниципальный район,Оренбургская область
1681,2024Q1,0,Асекеевский муниципальный район,Оренбургская область
1682,2024Q1,0,Беляевский муниципальный район,Оренбургская область
1683,2024Q1,5,Бугурусланский муниципальный район,Оренбургская область
1685,2024Q1,0,Грачёвский муниципальный район,Оренбургская область
1686,2024Q1,0,Домбаровский муниципальный район,Оренбургская область
1687,2024Q1,3,Илекский муниципальный район,Оренбургская область
1688,2024Q1,0,Кваркенский муниципальный район,Оренбургская область
1689,2024Q1,0,Красногвардейский муниципальный район,Оренбургская область
1690,2024Q1,0,Курманаевский муниципальный район,Оренбургская область
1691,2024Q1,0,Матвеевский муниципальный район,Оренбургская область
1692,2024Q1,1,Новоорский муниципальный район,Оренбургская область
1693,2024Q1,0,Новосергиевский муниципальный район,Оренбургская область
1694,2024Q1,0,Октябрьский муниципальный район,Оренбургская область
1696,2024Q1,3,Первомайский муниципальный район,Оренбургская область
1697,2024Q1,0,Переволоцкий муниципальный район,Оренбургская область
1698,2024Q1,0,Пономарёвский муниципальный район,Оренбургская область
1699,2024Q1,0,Сакмарский муниципальный район,Оренбургская область
1700,2024Q1,3,Саракташский муниципальный район,Оренбургская область
1701,2024Q1,1,Светлинский муниципальный район,Оренбургская область
1702,2024Q1,0,Северный муниципальный район,Оренбургская область
1703,2024Q1,3,Ташлинский муниципальный район,Оренбургская область
1704,2024Q1,3,Тоцкий муниципальный район,Оренбургская область
1705,2024Q1,0,Тюльганский муниципальный район,Оренбургская область
1706,2024Q1,0,Шарлыкский муниципальный район,Оренбургская область
1707,2024Q1,2,городской округ город Орёл,Орловская область
1708,2024Q1,1,городской округ город Ливны,Орловская область
1709,2024Q1,1,городской округ город Мценск,Орловская область
1710,2024Q1,0,Болховский муниципальный район,Орловская область
1711,2024Q1,0,Верховский муниципальный район,Орловская область
1712,2024Q1,0,Глазуновский муниципальный район,Орловская область
1713,2024Q1,0,Дмитровский муниципальный район,Орловская область
1714,2024Q1,0,Должанский муниципальный район,Орловская область
1715,2024Q1,0,Залегощенский муниципальный район,Орловская область
1717,2024Q1,0,Колпнянский муниципальный район,Орловская область
1718,2024Q1,0,Краснозоренский муниципальный район,Орловская область
1719,2024Q1,1,Кромской муниципальный район,Орловская область
1722,2024Q1,0,Малоархангельский муниципальный район,Орловская область
1724,2024Q1,0,Новодеревеньковский муниципальный район,Орловская область
1725,2024Q1,0,Новосильский муниципальный район,Орловская область
1726,2024Q1,2,муниципальный округ Орловский,Орловская область
1727,2024Q1,0,Покровский муниципальный район,Орловская область
1728,2024Q1,0,Свердловский муниципальный район,Орловская область
1730,2024Q1,0,Троснянский муниципальный район,Орловская область
1731,2024Q1,1,Урицкий муниципальный район,Орловская область
1732,2024Q1,0,Хотынецкий муниципальный район,Орловская область
1733,2024Q1,0,Шаблыкинский муниципальный район,Орловская область
1737,2024Q1,0,Башмаковский муниципальный район,Пензенская область
1738,2024Q1,0,Бековский муниципальный район,Пензенская область
1739,2024Q1,0,Белинский муниципальный район,Пензенская область
1740,2024Q1,5,Бессоновский муниципальный район,Пензенская область
1741,2024Q1,0,Вадинский муниципальный район,Пензенская область
1742,2024Q1,5,Городищенский муниципальный район,Пензенская область
1743,2024Q1,0,Земетчинский муниципальный район,Пензенская область
1744,2024Q1,0,Иссинский муниципальный район,Пензенская область
1745,2024Q1,0,Каменский муниципальный район,Пензенская область
1746,2024Q1,0,Камешкирский муниципальный район,Пензенская область
1747,2024Q1,0,Колышлейский муниципальный район,Пензенская область
1749,2024Q1,0,Лопатинский муниципальный район,Пензенская область
1750,2024Q1,0,Лунинский муниципальный район,Пензенская область
1751,2024Q1,0,Малосердобинский муниципальный район,Пензенская область
1752,2024Q1,0,Мокшанский муниципальный район,Пензенская область
1753,2024Q1,0,Наровчатский муниципальный район,Пензенская область
1754,2024Q1,0,Неверкинский муниципальный район,Пензенская область
1755,2024Q1,0,Нижнеломовский муниципальный район,Пензенская область
1756,2024Q1,0,Никольский муниципальный район,Пензенская область
1757,2024Q1,0,Пачелмский муниципальный район,Пензенская область
1758,2024Q1,2,Пензенский муниципальный район,Пензенская область
1759,2024Q1,1,Сердобский муниципальный район,Пензенская область
1760,2024Q1,0,Сосновоборский муниципальный район,Пензенская область
1761,2024Q1,0,Спасский муниципальный район,Пензенская область
1762,2024Q1,0,Тамалинский муниципальный район,Пензенская область
1763,2024Q1,0,Шемышейский муниципальный район,Пензенская область
1764,2024Q1,2,городской округ город Псков,Псковская область
1765,2024Q1,2,городской округ город Великие Луки,Псковская область
1766,2024Q1,0,Бежаницкий муниципальный район,Псковская область
1767,2024Q1,3,Великолукский муниципальный район,Псковская область
1768,2024Q1,0,Гдовский муниципальный район,Псковская область
1769,2024Q1,0,Дедовичский муниципальный район,Псковская область
1770,2024Q1,1,Дновский муниципальный район,Псковская область
1771,2024Q1,0,муниципальный округ Красногородский,Псковская область
1773,2024Q1,0,муниципальный округ Локнянский,Псковская область
1774,2024Q1,0,муниципальный округ Невельский,Псковская область
1775,2024Q1,0,муниципальный округ Новоржевский,Псковская область
1776,2024Q1,0,Новосокольнический муниципальный район,Псковская область
1777,2024Q1,0,муниципальный округ Опочецкий,Псковская область
1778,2024Q1,1,Островский муниципальный район,Псковская область
1780,2024Q1,0,муниципальный округ Печорский,Псковская область
1781,2024Q1,0,Плюсский муниципальный район,Псковская область
1782,2024Q1,0,Порховский муниципальный район,Псковская область
1783,2024Q1,2,Псковский муниципальный район,Псковская область
1784,2024Q1,0,Пустошкинский муниципальный район,Псковская область
1785,2024Q1,1,Пушкиногорский муниципальный район,Псковская область
1786,2024Q1,1,муниципальный округ Пыталовский,Псковская область
1787,2024Q1,0,Себежский муниципальный район,Псковская область
1788,2024Q1,1,муниципальный округ Струго-Красненский,Псковская область
1845,2024Q1,2,городской округ город Рязань,Рязанская область
1846,2024Q1,1,городской округ город Касимов,Рязанская область
1848,2024Q1,0,городской округ город Скопин,Рязанская область
1849,2024Q1,0,Ермишинский муниципальный район,Рязанская область
1850,2024Q1,0,Захаровский муниципальный район,Рязанская область
1851,2024Q1,0,Кадомский муниципальный район,Рязанская область
1852,2024Q1,0,Касимовский муниципальный район,Рязанская область
1853,2024Q1,0,Клепиковский муниципальный район,Рязанская область
1854,2024Q1,0,Кораблинский муниципальный район,Рязанская область
1855,2024Q1,0,Милославский муниципальный район,Рязанская область
1856,2024Q1,0,Михайловский муниципальный район,Рязанская область
1857,2024Q1,0,Александро-Невский муниципальный район,Рязанская область
1858,2024Q1,0,Пителинский муниципальный район,Рязанская область
1859,2024Q1,1,Пронский муниципальный район,Рязанская область
1860,2024Q1,0,Путятинский муниципальный округ,Рязанская область
1861,2024Q1,1,Рыбновский муниципальный район,Рязанская область
1862,2024Q1,0,Ряжский муниципальный округ,Рязанская область
1863,2024Q1,2,Рязанский муниципальный район,Рязанская область
1864,2024Q1,0,Сапожковский муниципальный район,Рязанская область
1865,2024Q1,0,Сараевский муниципальный район,Рязанская область
1868,2024Q1,0,Спасский муниципальный район,Рязанская область
1869,2024Q1,0,Старожиловский муниципальный район,Рязанская область
1870,2024Q1,0,Ухоловский муниципальный район,Рязанская область
1871,2024Q1,0,Чучковский муниципальный район,Рязанская область
1872,2024Q1,0,Шацкий муниципальный район,Рязанская область
1873,2024Q1,0,Шиловский муниципальный район,Рязанская область
1874,2024Q1,2,городской округ Самара,Самарская область
1875,2024Q1,2,городской округ Жигулевск,Самарская область
1876,2024Q1,2,городской округ Кинель,Самарская область
1877,2024Q1,2,городской округ Новокуйбышевск,Самарская область
1878,2024Q1,1,городской округ Октябрьск,Самарская область
1879,2024Q1,2,городской округ Отрадный,Самарская область
1880,2024Q1,1,городской округ Похвистнево,Самарская область
1881,2024Q1,2,городской округ Сызрань,Самарская область
1883,2024Q1,1,городской округ Чапаевск,Самарская область
1884,2024Q1,0,Алексеевский муниципальный район,Самарская область
1885,2024Q1,1,Безенчукский муниципальный район,Самарская область
1886,2024Q1,0,Богатовский муниципальный район,Самарская область
1887,2024Q1,0,Большеглушицкий муниципальный район,Самарская область
1888,2024Q1,0,Большечерниговский муниципальный район,Самарская область
1889,2024Q1,0,Борский муниципальный район,Самарская область
1890,2024Q1,2,Волжский муниципальный район,Самарская область
1891,2024Q1,0,Елховский муниципальный район,Самарская область
1892,2024Q1,0,Исаклинский муниципальный район,Самарская область
1893,2024Q1,0,Камышлинский муниципальный район,Самарская область
1894,2024Q1,1,Кинельский муниципальный район,Самарская область
1895,2024Q1,0,Кинель-Черкасский муниципальный район,Самарская область
1896,2024Q1,0,Клявлинский муниципальный район,Самарская область
1897,2024Q1,0,Кошкинский муниципальный район,Самарская область
1898,2024Q1,0,Красноармейский муниципальный район,Самарская область
1899,2024Q1,1,Красноярский муниципальный район,Самарская область
1900,2024Q1,1,Нефтегорский муниципальный район,Самарская область
1901,2024Q1,0,Пестравский муниципальный район,Самарская область
1902,2024Q1,0,Похвистневский муниципальный район,Самарская область
1903,2024Q1,0,Приволжский муниципальный район,Самарская область
1904,2024Q1,1,Сергиевский муниципальный район,Самарская область
1905,2024Q1,2,Ставропольский муниципальный район,Самарская область
1906,2024Q1,1,Сызранский муниципальный район,Самарская область
1907,2024Q1,0,Хворостянский муниципальный район,Самарская область
1908,2024Q1,0,Челно-Вершинский муниципальный район,Самарская область
1909,2024Q1,0,Шенталинский муниципальный район,Самарская область
1910,2024Q1,0,Шигонский муниципальный район,Самарская область
1912,2024Q1,1,городской округ город Шиханы,Саратовская область
1915,2024Q1,0,Александрово-Гайский муниципальный район,Саратовская область
1916,2024Q1,0,Аркадакский муниципальный район,Саратовская область
1917,2024Q1,0,Аткарский муниципальный район,Саратовская область
1918,2024Q1,0,Базарно-Карабулакский муниципальный район,Саратовская область
1919,2024Q1,2,Балаковский муниципальный район,Саратовская область
1920,2024Q1,5,Балашовский муниципальный район,Саратовская область
1921,2024Q1,0,Балтайский муниципальный район,Саратовская область
1922,2024Q1,1,Вольский муниципальный район,Саратовская область
1923,2024Q1,0,Воскресенский муниципальный район,Саратовская область
1924,2024Q1,0,Дергачевский муниципальный район,Саратовская область
1925,2024Q1,0,Духовницкий муниципальный район,Саратовская область
1926,2024Q1,0,Екатериновский муниципальный район,Саратовская область
1927,2024Q1,0,Ершовский муниципальный район,Саратовская область
1928,2024Q1,0,Ивантеевский муниципальный район,Саратовская область
1929,2024Q1,0,Калининский муниципальный район,Саратовская область
1930,2024Q1,0,Красноармейский муниципальный район,Саратовская область
1931,2024Q1,0,Краснокутский муниципальный район,Саратовская область
1932,2024Q1,0,Краснопартизанский муниципальный район,Саратовская область
1933,2024Q1,0,Лысогорский муниципальный район,Саратовская область
1934,2024Q1,1,Марксовский муниципальный район,Саратовская область
1935,2024Q1,0,Новобурасский муниципальный район,Саратовская область
1936,2024Q1,5,Новоузенский муниципальный район,Саратовская область
1937,2024Q1,0,Озинский муниципальный район,Саратовская область
1938,2024Q1,0,Перелюбский муниципальный район,Саратовская область
1939,2024Q1,1,Петровский муниципальный район,Саратовская область
1940,2024Q1,0,Питерский муниципальный район,Саратовская область
1941,2024Q1,0,Пугачевский муниципальный район,Саратовская область
1942,2024Q1,0,Ровенский муниципальный район,Саратовская область
1943,2024Q1,0,Романовский муниципальный район,Саратовская область
1944,2024Q1,1,Ртищевский муниципальный район,Саратовская область
1945,2024Q1,0,Самойловский муниципальный район,Саратовская область
1947,2024Q1,1,Советский муниципальный район,Саратовская область
1948,2024Q1,0,Татищевский муниципальный район,Саратовская область
1949,2024Q1,0,Турковский муниципальный район,Саратовская область
1950,2024Q1,0,Федоровский муниципальный район,Саратовская область
1951,2024Q1,0,Хвалынский муниципальный район,Саратовская область
1952,2024Q1,2,Энгельсский муниципальный район,Саратовская область
1954,2024Q1,4,городской округ Александровск-Сахалинский район,Сахалинская область
1955,2024Q1,4,городской округ Анивский,Сахалинская область
1956,2024Q1,4,городской округ Долинский,Сахалинская область
1957,2024Q1,4,городской округ Корсаковский,Сахалинская область
1958,2024Q1,4,городской округ Курильский,Сахалинская область
1959,2024Q1,4,городской округ Макаровский,Сахалинская область
1960,2024Q1,4,городской округ Невельский,Сахалинская область
1961,2024Q1,4,городской округ Ногликский,Сахалинская область
1962,2024Q1,4,городской округ Охинский,Сахалинская область
1963,2024Q1,4,городской округ Поронайский,Сахалинская область
1964,2024Q1,4,городской округ Северо-Курильский,Сахалинская область
1965,2024Q1,4,городской округ Смирныховский,Сахалинская область
1966,2024Q1,4,городской округ Томаринский,Сахалинская область
1967,2024Q1,4,городской округ Тымовский,Сахалинская область
1968,2024Q1,4,городской округ Углегорский,Сахалинская область
1969,2024Q1,4,городской округ Холмский,Сахалинская область
1970,2024Q1,4,городской округ Южно-Курильский,Сахалинская область
1971,2024Q1,2,городской округ город Екатеринбург,Свердловская область
1972,2024Q1,1,городской округ город Алапаевск,Свердловская область
1973,2024Q1,1,городской округ Артемовский,Свердловская область
1974,2024Q1,2,городской округ Асбестовский,Свердловская область
1975,2024Q1,1,городской округ Малышевский,Свердловская область
1976,2024Q1,1,городской округ Рефтинский,Свердловская область
1977,2024Q1,2,городской округ Березовский,Свердловская область
1978,2024Q1,1,городской округ Богданович,Свердловская область
1979,2024Q1,2,городской округ Верхняя Пышма,Свердловская область
1980,2024Q1,2,городской округ Среднеуральск,Свердловская область
1981,2024Q1,1,городской округ Верхнесалдинский,Свердловская область
1982,2024Q1,1,городской округ Заречный,Свердловская область
1983,2024Q1,1,городской округ Ивдельский,Свердловская область
1984,2024Q1,1,городской округ Пелым,Свердловская область
1985,2024Q1,2,городской округ город Ирбит,Свердловская область
1986,2024Q1,2,городской округ город Каменск-Уральский,Свердловская область
1987,2024Q1,2,городской округ Камышловский,Свердловская область
1988,2024Q1,1,городской округ Карпинск,Свердловская область
1989,2024Q1,1,городской округ Волчанский,Свердловская область
1990,2024Q1,1,городской округ Качканарский,Свердловская область
1991,2024Q1,1,городской округ Кировградский,Свердловская область
1992,2024Q1,1,городской округ Верхний Тагил,Свердловская область
1993,2024Q1,2,городской округ Краснотурьинск,Свердловская область
1994,2024Q1,1,городской округ Красноуральск,Свердловская область
1995,2024Q1,2,городской округ Красноуфимск,Свердловская область
1996,2024Q1,1,городской округ Кушвинский,Свердловская область
1997,2024Q1,1,городской округ Верхняя Тура,Свердловская область
1999,2024Q1,1,городской округ Невьянский,Свердловская область
2000,2024Q1,2,городской округ город Нижний Тагил,Свердловская область
2001,2024Q1,1,городской округ Нижняя Салда,Свердловская область
2002,2024Q1,1,городской округ Нижнетуринский,Свердловская область
2004,2024Q1,2,городской округ Первоуральск,Свердловская область
2005,2024Q1,2,городской округ Полевской,Свердловская область
2006,2024Q1,2,городской округ Ревда,Свердловская область
2007,2024Q1,1,городской округ Дегтярск,Свердловская область
2008,2024Q1,1,городской округ Режевской,Свердловская область
2009,2024Q1,1,городской округ Североуральский,Свердловская область
2010,2024Q1,2,городской округ Серовский,Свердловская область
2011,2024Q1,1,городской округ Сухой Лог,Свердловская область
2012,2024Q1,1,городской округ Тавдинский,Свердловская область
2015,2024Q1,1,городской округ Алапаевское,Свердловская область
2016,2024Q1,0,городской округ Махнёвское,Свердловская область
2017,2024Q1,0,городской округ Артинский,Свердловская область
2018,2024Q1,0,городской округ Ачитский,Свердловская область
2019,2024Q1,3,городской округ Белоярский,Свердловская область
2020,2024Q1,1,городской округ Верхнее Дуброво,Свердловская область
2021,2024Q1,3,городской округ Верхотурский,Свердловская область
2022,2024Q1,0,городской округ Гаринский,Свердловская область
2023,2024Q1,3,городской округ Ирбитское,Свердловская область
2024,2024Q1,3,городской округ Каменский,Свердловская область
2025,2024Q1,3,городской округ Красноуфимский округ,Свердловская область
2027,2024Q1,1,городской округ Бисертский,Свердловская область
2028,2024Q1,0,городской округ Новолялинский,Свердловская область
2030,2024Q1,3,городской округ Пышминский,Свердловская область
2031,2024Q1,1,городской округ Сосьвинский,Свердловская область
2032,2024Q1,2,городской округ Сысертский,Свердловская область
2033,2024Q1,2,городской округ Арамильский,Свердловская область
2034,2024Q1,1,городской округ Талицкий,Свердловская область
2035,2024Q1,0,городской округ Тугулымский,Свердловская область
2036,2024Q1,1,городской округ Туринский,Свердловская область
2037,2024Q1,0,городской округ Шалинский,Свердловская область
2039,2024Q1,3,Байкаловский муниципальный район,Свердловская область
2040,2024Q1,3,Камышловский муниципальный район,Свердловская область
2041,2024Q1,0,Слободо-Туринский муниципальный район,Свердловская область
2042,2024Q1,1,Нижнесергинский муниципальный район,Свердловская область
2043,2024Q1,0,Таборинский муниципальный район,Свердловская область
2044,2024Q1,2,городской округ город Смоленск,Смоленская область
2045,2024Q1,1,городской округ город Десногорск,Смоленская область
2046,2024Q1,0,Велижский муниципальный район,Смоленская область
2047,2024Q1,1,Вяземский муниципальный район,Смоленская область
2048,2024Q1,1,Гагаринский муниципальный район,Смоленская область
2049,2024Q1,0,Глинковский муниципальный район,Смоленская область
2050,2024Q1,0,Демидовский муниципальный район,Смоленская область
2051,2024Q1,1,Дорогобужский муниципальный район,Смоленская область
2052,2024Q1,0,Духовщинский муниципальный район,Смоленская область
2053,2024Q1,0,Ельнинский муниципальный район,Смоленская область
2054,2024Q1,0,Ершичский муниципальный район,Смоленская область
2055,2024Q1,1,Кардымовский муниципальный район,Смоленская область
2056,2024Q1,0,Краснинский муниципальный район,Смоленская область
2057,2024Q1,0,Монастырщинский муниципальный район,Смоленская область
2058,2024Q1,0,Новодугинский муниципальный район,Смоленская область
2059,2024Q1,0,Починковский муниципальный район,Смоленская область
2060,2024Q1,1,Рославльский муниципальный район,Смоленская область
2061,2024Q1,0,Руднянский муниципальный район,Смоленская область
2062,2024Q1,1,Сафоновский муниципальный район,Смоленская область
2063,2024Q1,2,Смоленский муниципальный район,Смоленская область
2064,2024Q1,0,Сычевский муниципальный район,Смоленская область
2065,2024Q1,0,Темкинский муниципальный район,Смоленская область
2066,2024Q1,0,Угранский муниципальный район,Смоленская область
2067,2024Q1,0,Хиславичский муниципальный район,Смоленская область
2068,2024Q1,0,Холм-Жирковский муниципальный район,Смоленская область
2069,2024Q1,0,Шумячский муниципальный район,Смоленская область
2070,2024Q1,1,Ярцевский муниципальный район,Смоленская область
2072,2024Q1,0,городской округ город Кирсанов,Тамбовская область
2073,2024Q1,1,городской округ город Котовск,Тамбовская область
2074,2024Q1,2,городской округ город Мичуринск,Тамбовская область
2075,2024Q1,1,городской округ город Моршанск,Тамбовская область
2076,2024Q1,5,городской округ город Рассказово,Тамбовская область
2077,2024Q1,0,городской округ город Уварово,Тамбовская область
2078,2024Q1,0,Бондарский муниципальный округ,Тамбовская область
2079,2024Q1,0,Гавриловский муниципальный округ,Тамбовская область
2080,2024Q1,0,Жердевский муниципальный округ,Тамбовская область
2081,2024Q1,0,Знаменский муниципальный округ,Тамбовская область
2082,2024Q1,0,Инжавинский муниципальный округ,Тамбовская область
2085,2024Q1,0,Мордовский муниципальный округ,Тамбовская область
2087,2024Q1,0,Мучкапский муниципальный округ,Тамбовская область
2088,2024Q1,0,Никифоровский муниципальный округ,Тамбовская область
2089,2024Q1,0,Первомайский муниципальный округ,Тамбовская область
2090,2024Q1,0,Петровский муниципальный округ,Тамбовская область
2091,2024Q1,0,Пичаевский муниципальный округ,Тамбовская область
2093,2024Q1,0,Ржаксинский муниципальный округ,Тамбовская область
2094,2024Q1,0,Сампурский муниципальный округ,Тамбовская область
2095,2024Q1,0,Сосновский муниципальный округ,Тамбовская область
2096,2024Q1,0,Староюрьевский муниципальный округ,Тамбовская область
2098,2024Q1,0,Токарёвский муниципальный округ,Тамбовская область
2100,2024Q1,0,Умётский муниципальный округ,Тамбовская область
2101,2024Q1,2,городской округ город Тверь,Тверская область
2105,2024Q1,1,городской округ Осташковский,Тверская область
2108,2024Q1,1,городской округ город Торжок,Тверская область
2109,2024Q1,1,городской округ Удомельский,Тверская область
2110,2024Q1,0,муниципальный округ Андреапольский,Тверская область
2111,2024Q1,1,муниципальный округ Бежецкий,Тверская область
2112,2024Q1,0,муниципальный округ Бельский,Тверская область
2113,2024Q1,1,муниципальный округ Бологовский,Тверская область
2114,2024Q1,0,муниципальный округ Весьегонский,Тверская область
2116,2024Q1,0,муниципальный округ Жарковский,Тверская область
2117,2024Q1,0,муниципальный округ Западнодвинский,Тверская область
2118,2024Q1,0,муниципальный округ Зубцовский,Тверская область
2119,2024Q1,2,муниципальный округ Калининский,Тверская область
2120,2024Q1,1,муниципальный округ Калязинский,Тверская область
2121,2024Q1,0,городской округ Кашинский,Тверская область
2122,2024Q1,1,муниципальный округ Кесовогорский,Тверская область
2124,2024Q1,1,муниципальный округ Конаковский,Тверская область
2125,2024Q1,0,муниципальный округ Краснохолмский,Тверская область
2126,2024Q1,1,муниципальный округ Кувшиновский,Тверская область
2127,2024Q1,0,муниципальный округ Лесной,Тверская область
2128,2024Q1,1,муниципальный округ Лихославльский,Тверская область
2129,2024Q1,0,муниципальный округ Максатихинский,Тверская область
2130,2024Q1,0,муниципальный округ Молоковский,Тверская область
2131,2024Q1,1,городской округ Нелидовский,Тверская область
2132,2024Q1,0,муниципальный округ Оленинский,Тверская область
2133,2024Q1,0,муниципальный округ Пеновский,Тверская область
2134,2024Q1,0,муниципальный округ Рамешковский,Тверская область
2136,2024Q1,0,муниципальный округ Сандовский,Тверская область
2137,2024Q1,0,муниципальный округ Селижаровский,Тверская область
2138,2024Q1,0,муниципальный округ Сонковский,Тверская область
2139,2024Q1,0,муниципальный округ Спировский,Тверская область
2140,2024Q1,0,муниципальный округ Старицкий,Тверская область
2142,2024Q1,0,муниципальный округ Торопецкий,Тверская область
2143,2024Q1,0,муниципальный округ Фировский,Тверская область
2144,2024Q1,2,городской округ город Томск,Томская область
2145,2024Q1,1,городской округ город Кедровый,Томская область
2146,2024Q1,1,городской округ город Стрежевой,Томская область
2148,2024Q1,4,Александровский муниципальный район,Томская область
2149,2024Q1,1,Асиновский муниципальный район,Томская область
2150,2024Q1,0,Бакчарский муниципальный район,Томская область
2151,2024Q1,3,Верхнекетский муниципальный район,Томская область
2152,2024Q1,0,Зырянский муниципальный район,Томская область
2153,2024Q1,4,Каргасокский муниципальный район,Томская область
2154,2024Q1,0,Кожевниковский муниципальный район,Томская область
2155,2024Q1,1,Колпашевский муниципальный район,Томская область
2156,2024Q1,0,Кривошеинский муниципальный район,Томская область
2157,2024Q1,0,Молчановский муниципальный район,Томская область
2158,2024Q1,4,Парабельский муниципальный район,Томская область
2159,2024Q1,0,Первомайский муниципальный район,Томская область
2160,2024Q1,0,Тегульдетский муниципальный район,Томская область
2161,2024Q1,2,Томский муниципальный район,Томская область
2162,2024Q1,0,Чаинский муниципальный район,Томская область
2163,2024Q1,0,Шегарский муниципальный район,Томская область
2164,2024Q1,2,городской округ город Тула,Тульская область
2165,2024Q1,1,городской округ город Алексин,Тульская область
2167,2024Q1,1,городской округ город Донской,Тульская область
2168,2024Q1,1,городской округ город Ефремов,Тульская область
2169,2024Q1,2,городской округ город Новомосковск,Тульская область
2171,2024Q1,0,Арсеньевский муниципальный район,Тульская область
2172,2024Q1,0,Белевский муниципальный район,Тульская область
2173,2024Q1,1,Богородицкий муниципальный район,Тульская область
2174,2024Q1,1,Веневский муниципальный район,Тульская область
2175,2024Q1,0,Воловский муниципальный район,Тульская область
2176,2024Q1,0,Дубенский муниципальный район,Тульская область
2177,2024Q1,1,Заокский муниципальный район,Тульская область
2178,2024Q1,0,Каменский муниципальный район,Тульская область
2179,2024Q1,1,Кимовский муниципальный район,Тульская область
2180,2024Q1,1,Киреевский муниципальный район,Тульская область
2181,2024Q1,0,Куркинский муниципальный район,Тульская область
2182,2024Q1,0,Одоевский муниципальный район,Тульская область
2183,2024Q1,1,Плавский муниципальный район,Тульская область
2184,2024Q1,0,Суворовский муниципальный район,Тульская область
2185,2024Q1,0,Тепло-Огаревский муниципальный район,Тульская область
2186,2024Q1,1,Узловский муниципальный район,Тульская область
2187,2024Q1,0,Чернский муниципальный район,Тульская область
2188,2024Q1,1,Щекинский муниципальный район,Тульская область
2189,2024Q1,1,Ясногорский муниципальный район,Тульская область
2190,2024Q1,2,городской округ город Тюмень,Тюменская область
2191,2024Q1,3,городской округ Заводоуковский,Тюменская область
2192,2024Q1,2,городской округ город Ишим,Тюменская область
2193,2024Q1,2,городской округ город Тобольск,Тюменская область
2194,2024Q1,2,городской округ город Ялуторовск,Тюменская область
2195,2024Q1,3,Абатский муниципальный район,Тюменская область
2196,2024Q1,0,Армизонский муниципальный район,Тюменская область
2197,2024Q1,0,Аромашевский муниципальный район,Тюменская область
2198,2024Q1,0,Бердюжский муниципальный район,Тюменская область
2199,2024Q1,3,Вагайский муниципальный район,Тюменская область
2200,2024Q1,3,Викуловский муниципальный район,Тюменская область
2201,2024Q1,3,городской округ Голышмановский,Тюменская область
2202,2024Q1,3,Исетский муниципальный район,Тюменская область
2203,2024Q1,3,Ишимский муниципальный район,Тюменская область
2204,2024Q1,3,Казанский муниципальный район,Тюменская область
2205,2024Q1,3,Нижнетавдинский муниципальный район,Тюменская область
2206,2024Q1,3,Омутинский муниципальный район,Тюменская область
2207,2024Q1,0,Сладковский муниципальный район,Тюменская область
2208,2024Q1,3,Сорокинский муниципальный район,Тюменская область
2210,2024Q1,2,Тюменский муниципальный район,Тюменская область
2211,2024Q1,4,Уватский муниципальный район,Тюменская область
2212,2024Q1,3,Упоровский муниципальный район,Тюменская область
2213,2024Q1,0,Юргинский муниципальный район,Тюменская область
2215,2024Q1,3,Ярковский муниципальный район,Тюменская область
2216,2024Q1,2,городской округ город Ханты-Мансийск,Ханты-Мансийский автономный округ — Югра
2217,2024Q1,2,городской округ город Когалым,Ханты-Мансийский автономный округ — Югра
2218,2024Q1,2,городской округ город Лангепас,Ханты-Мансийский автономный округ — Югра
2219,2024Q1,2,городской округ город Мегион,Ханты-Мансийский автономный округ — Югра
2220,2024Q1,2,городской округ город Нефтеюганск,Ханты-Мансийский автономный округ — Югра
2221,2024Q1,2,городской округ город Нижневартовск,Ханты-Мансийский автономный округ — Югра
2222,2024Q1,2,городской округ город Нягань,Ханты-Мансийский автономный округ — Югра
2223,2024Q1,4,городской округ город Покачи,Ханты-Мансийский автономный округ — Югра
2224,2024Q1,2,городской округ город Пыть-Ях,Ханты-Мансийский автономный округ — Югра
2225,2024Q1,2,городской округ город Радужный,Ханты-Мансийский автономный округ — Югра
2226,2024Q1,2,городской округ город Сургут,Ханты-Мансийский автономный округ — Югра
2227,2024Q1,2,городской округ город Урай,Ханты-Мансийский автономный округ — Югра
2228,2024Q1,2,городской округ город Югорск,Ханты-Мансийский автономный округ — Югра
2229,2024Q1,4,Белоярский муниципальный район,Ханты-Мансийский автономный округ — Югра
2230,2024Q1,4,Березовский муниципальный район,Ханты-Мансийский автономный округ — Югра
2231,2024Q1,4,Кондинский муниципальный район,Ханты-Мансийский автономный округ — Югра
2232,2024Q1,4,Нефтеюганский муниципальный район,Ханты-Мансийский автономный округ — Югра
2233,2024Q1,4,Нижневартовский муниципальный район,Ханты-Мансийский автономный округ — Югра
2234,2024Q1,4,Октябрьский муниципальный район,Ханты-Мансийский автономный округ — Югра
2235,2024Q1,2,Советский муниципальный район,Ханты-Мансийский автономный округ — Югра
2236,2024Q1,4,Сургутский муниципальный район,Ханты-Мансийский автономный округ — Югра
2237,2024Q1,4,Ханты-Мансийский муниципальный район,Ханты-Мансийский автономный округ — Югра
2238,2024Q1,2,городской округ город Салехард,Ямало-Ненецкий автономный округ
2241,2024Q1,2,городской округ город Муравленко,Ямало-Ненецкий автономный округ
2242,2024Q1,2,городской округ город Новый Уренгой,Ямало-Ненецкий автономный округ
2243,2024Q1,2,городской округ город Ноябрьск,Ямало-Ненецкий автономный округ
2244,2024Q1,4,муниципальный округ Красноселькупский район,Ямало-Ненецкий автономный округ
2245,2024Q1,4,муниципальный округ Надымский район,Ямало-Ненецкий автономный округ
2248,2024Q1,4,муниципальный округ Тазовский район,Ямало-Ненецкий автономный округ
2249,2024Q1,4,муниципальный округ Шурышкарский район,Ямало-Ненецкий автономный округ
2250,2024Q1,4,муниципальный округ Ямальский район,Ямало-Ненецкий автономный округ
2251,2024Q1,2,городской округ город Ульяновск,Ульяновская область
2252,2024Q1,2,городской округ город Димитровград,Ульяновская область
2253,2024Q1,1,городской округ город Новоульяновск,Ульяновская область
2254,2024Q1,0,Базарносызганский муниципальный район,Ульяновская область
2255,2024Q1,0,Барышский муниципальный район,Ульяновская область
2256,2024Q1,0,Вешкаймский муниципальный район,Ульяновская область
2257,2024Q1,0,Инзенский муниципальный район,Ульяновская область
2258,2024Q1,0,Карсунский муниципальный район,Ульяновская область
2259,2024Q1,0,Кузоватовский муниципальный район,Ульяновская область
2260,2024Q1,0,Майнский муниципальный район,Ульяновская область
2262,2024Q1,0,Николаевский муниципальный район,Ульяновская область
2264,2024Q1,1,Новоспасский муниципальный район,Ульяновская область
2265,2024Q1,0,Павловский муниципальный район,Ульяновская область
2266,2024Q1,0,Радищевский муниципальный район,Ульяновская область
2267,2024Q1,0,Сенгилеевский муниципальный район,Ульяновская область
2268,2024Q1,0,Старокулаткинский муниципальный район,Ульяновская область
2269,2024Q1,0,Старомайнский муниципальный район,Ульяновская область
2270,2024Q1,0,Сурский муниципальный район,Ульяновская область
2271,2024Q1,0,Тереньгульский муниципальный район,Ульяновская область
2272,2024Q1,0,Ульяновский муниципальный район,Ульяновская область
2274,2024Q1,1,Чердаклинский муниципальный район,Ульяновская область
2275,2024Q1,2,городской округ Челябинский,Челябинская область
2276,2024Q1,1,городской округ Верхнеуфалейский,Челябинская область
2278,2024Q1,1,городской округ Карабашский,Челябинская область
2279,2024Q1,2,городской округ Копейский,Челябинская область
2280,2024Q1,2,городской округ Кыштымский,Челябинская область
2281,2024Q1,2,городской округ Магнитогорский,Челябинская область
2282,2024Q1,2,городской округ Миасский,Челябинская область
2286,2024Q1,2,городской округ Троицкий,Челябинская область
2287,2024Q1,1,городской округ Усть-Катавский,Челябинская область
2288,2024Q1,2,городской округ Чебаркульский,Челябинская область
2289,2024Q1,2,городской округ Южноуральский,Челябинская область
2292,2024Q1,3,Аргаяшский муниципальный район,Челябинская область
2293,2024Q1,1,Ашинский муниципальный район,Челябинская область
2294,2024Q1,0,Брединский муниципальный район,Челябинская область
2295,2024Q1,3,Варненский муниципальный район,Челябинская область
2296,2024Q1,1,Верхнеуральский муниципальный район,Челябинская область
2297,2024Q1,1,Еманжелинский муниципальный район,Челябинская область
2298,2024Q1,0,Еткульский муниципальный район,Челябинская область
2299,2024Q1,1,Карталинский муниципальный район,Челябинская область
2300,2024Q1,1,Каслинский муниципальный район,Челябинская область
2301,2024Q1,1,Катав-Ивановский муниципальный район,Челябинская область
2302,2024Q1,0,Кизильский муниципальный район,Челябинская область
2303,2024Q1,1,Коркинский муниципальный округ,Челябинская область
2304,2024Q1,1,Красноармейский муниципальный район,Челябинская область
2305,2024Q1,3,Кунашакский муниципальный район,Челябинская область
2307,2024Q1,0,Нагайбакский муниципальный район,Челябинская область
2308,2024Q1,0,Нязепетровский муниципальный район,Челябинская область
2309,2024Q1,0,Октябрьский муниципальный район,Челябинская область
2310,2024Q1,1,Пластовский муниципальный район,Челябинская область
2311,2024Q1,2,Саткинский муниципальный район,Челябинская область
2312,2024Q1,2,Сосновский муниципальный район,Челябинская область
2314,2024Q1,3,Увельский муниципальный район,Челябинская область
2315,2024Q1,0,Уйский муниципальный район,Челябинская область
2316,2024Q1,0,Чебаркульский муниципальный район,Челябинская область
2317,2024Q1,0,Чесменский муниципальный район,Челябинская область
2318,2024Q1,2,городской округ город Ярославль,Ярославская область
2320,2024Q1,2,городской округ город Рыбинск,Ярославская область
2321,2024Q1,0,Большесельский муниципальный район,Ярославская область
2322,2024Q1,0,Борисоглебский муниципальный район,Ярославская область
2323,2024Q1,0,Брейтовский муниципальный район,Ярославская область
2324,2024Q1,1,Гаврилов-Ямский муниципальный район,Ярославская область
2325,2024Q1,1,Даниловский муниципальный район,Ярославская область
2326,2024Q1,0,Любимский муниципальный район,Ярославская область
2327,2024Q1,1,Мышкинский муниципальный район,Ярославская область
2328,2024Q1,0,Некоузский муниципальный район,Ярославская область
2329,2024Q1,1,Некрасовский муниципальный район,Ярославская область
2330,2024Q1,0,Первомайский муниципальный район,Ярославская область
2332,2024Q1,0,Пошехонский муниципальный район,Ярославская область
2333,2024Q1,1,Ростовский муниципальный район,Ярославская область
2334,2024Q1,1,Рыбинский муниципальный район,Ярославская область
2335,2024Q1,1,Тутаевский муниципальный район,Ярославская область
2336,2024Q1,1,Угличский муниципальный район,Ярославская область
2337,2024Q1,2,Ярославский муниципальный район,Ярославская область
2338,2024Q1,2,городской округ город Биробиджан,Еврейская автономная область
2339,2024Q1,4,Биробиджанский муниципальный район,Еврейская автономная область
2340,2024Q1,3,Ленинский муниципальный район,Еврейская автономная область
2341,2024Q1,4,Облученский муниципальный район,Еврейская автономная область
2342,2024Q1,3,Октябрьский муниципальный район,Еврейская автономная область
2343,2024Q1,4,Смидовичский муниципальный район,Еврейская автономная область
2344,2024Q1,4,городской округ Анадырь,Чукотский автономный округ
2345,2024Q1,4,городской округ Эгвекинот,Чукотский автономный округ
2348,2024Q1,4,Анадырский муниципальный район,Чукотский автономный округ
2349,2024Q1,4,Билибинский муниципальный район,Чукотский автономный округ
2618,2024Q1,0,Мантуровский муниципальный округ,Костромская область
2619,2024Q1,1,городской округ город Переславль-Залесский,Ярославская область
2620,2024Q1,2,городской округ Соликамский,Пермский край
2621,2024Q1,2,городской округ город Березники,Пермский край
2644,2024Q1,2,городской округ Серпухов,Московская область
2646,2024Q1,2,городской округ город Обнинск,Калужская область
2647,2024Q1,2,Боровский муниципальный район,Калужская область
2648,2024Q1,2,городской округ Лосино-Петровский,Московская область
2649,2024Q1,2,городской округ Щёлково,Московская область
2651,2024Q1,2,городской округ Одинцовский,Московская область
2652,2024Q1,2,городской округ Орехово-Зуевский,Московская область
2710,2024Q1,1,городской округ Вышневолоцкий,Тверская область
2808,2024Q1,2,городской округ Коломна,Московская область
2809,2024Q1,2,муниципальный округ Кунгурский,Пермский край
2813,2024Q1,1,городской округ Шатура,Московская область
2814,2024Q1,2,городской округ Пушкинский,Московская область
2872,2024Q1,4,муниципальный округ Приуральский район,Ямало-Ненецкий автономный округ
2876,2024Q1,2,городской округ город-курорт Кисловодск,Ставропольский край
2879,2024Q1,2,городской округ город Губкинский,Ямало-Ненецкий автономный округ
2880,2024Q1,2,городской округ город Лабытнанги,Ямало-Ненецкий автономный округ
2881,2024Q1,5,Предгорный муниципальный округ,Ставропольский край
2882,2024Q1,4,муниципальный округ Пуровский район,Ямало-Ненецкий автономный округ
2883,2024Q1,1,муниципальный округ Кимрский,Тверская область
2884,2024Q1,2,муниципальный округ Ржевский,Тверская область
2885,2024Q1,3,муниципальный округ Кудымкарский,Пермский край
2886,2024Q1,1,муниципальный округ Губахинский,Пермский край
2887,2024Q1,2,городской округ город Саратов,Саратовская область
3005,2024Q1,2,городской округ город Арзамас,Нижегородская область
3007,2024Q1,1,Прокопьевский муниципальный округ,Кемеровская область
3009,2024Q1,2,городской округ город Тамбов,Тамбовская область
3011,2024Q1,2,городской округ Златоустовский,Челябинская область
3012,2024Q1,0,Кусинский муниципальный район,Челябинская область
3013,2024Q1,2,городской округ Солнечногорск,Московская область
9001,2024Q1,2,Москва,Москва
9002,2024Q1,2,Санкт-Петербург,Санкт-Петербург
1,2024Q2,2,городской округ город Майкоп,Республика Адыгея
2,2024Q2,5,городской округ город Адыгейск,Республика Адыгея
3,2024Q2,1,Гиагинский муниципальный район,Республика Адыгея
4,2024Q2,5,Кошехабльский муниципальный район,Республика Адыгея
5,2024Q2,5,Красногвардейский муниципальный район,Республика Адыгея
6,2024Q2,5,Майкопский муниципальный район,Республика Адыгея
7,2024Q2,2,Тахтамукайский муниципальный район,Республика Адыгея
8,2024Q2,2,Теучежский муниципальный район,Республика Адыгея
9,2024Q2,3,Шовгеновский муниципальный район,Республика Адыгея
10,2024Q2,2,городской округ город Горно-Алтайск,Республика Алтай
11,2024Q2,3,Кош-Агачский муниципальный район,Республика Алтай
12,2024Q2,2,Майминский муниципальный район,Республика Алтай
13,2024Q2,3,Онгудайский муниципальный район,Республика Алтай
14,2024Q2,3,Турочакский муниципальный район,Республика Алтай
15,2024Q2,3,Улаганский муниципальный район,Республика Алтай
16,2024Q2,3,Усть-Канский муниципальный район,Республика Алтай
17,2024Q2,3,Усть-Коксинский муниципальный район,Республика Алтай
18,2024Q2,3,Чемальский муниципальный район,Республика Алтай
19,2024Q2,3,Чойский муниципальный район,Республика Алтай
20,2024Q2,3,Шебалинский муниципальный район,Республика Алтай
21,2024Q2,2,городской округ город Уфа,Республика Башкортостан
22,2024Q2,1,городской округ город Агидель,Республика Башкортостан
23,2024Q2,2,городской округ город Кумертау,Республика Башкортостан
25,2024Q2,2,городской округ город Нефтекамск,Республика Башкортостан
26,2024Q2,2,городской округ город Октябрьский,Республика Башкортостан
27,2024Q2,2,городской округ город Салават,Республика Башкортостан
28,2024Q2,2,городской округ город Сибай,Республика Башкортостан
29,2024Q2,2,городской округ город Стерлитамак,Республика Башкортостан
30,2024Q2,3,Абзелиловский муниципальный район,Республика Башкортостан
31,2024Q2,3,Альшеевский муниципальный район,Республика Башкортостан
32,2024Q2,0,Архангельский муниципальный район,Республика Башкортостан
33,2024Q2,3,Аскинский муниципальный район,Республика Башкортостан
34,2024Q2,0,Аургазинский муниципальный район,Республика Башкортостан
35,2024Q2,3,Баймакский муниципальный район,Республика Башкортостан
36,2024Q2,3,Бакалинский муниципальный район,Республика Башкортостан
37,2024Q2,3,Балтачевский муниципальный район,Республика Башкортостан
38,2024Q2,2,Белебеевский муниципальный район,Республика Башкортостан
39,2024Q2,3,Белокатайский муниципальный район,Республика Башкортостан
40,2024Q2,2,Белорецкий муниципальный район,Республика Башкортостан
41,2024Q2,3,Бижбулякский муниципальный район,Республика Башкортостан
42,2024Q2,2,Бирский муниципальный район,Республика Башкортостан
43,2024Q2,3,Благоварский муниципальный район,Республика Башкортостан
44,2024Q2,2,Благовещенский муниципальный район,Республика Башкортостан
45,2024Q2,3,Буздякский муниципальный район,Республика Башкортостан
46,2024Q2,3,Бураевский муниципальный район,Республика Башкортостан
47,2024Q2,3,Бурзянский муниципальный район,Республика Башкортостан
48,2024Q2,3,Гафурийский муниципальный район,Республика Башкортостан
49,2024Q2,1,Давлекановский муниципальный район,Республика Башкортостан
50,2024Q2,3,Дуванский муниципальный район,Республика Башкортостан
51,2024Q2,2,Дюртюлинский муниципальный район,Республика Башкортостан
52,2024Q2,0,Ермекеевский муниципальный район,Республика Башкортостан
53,2024Q2,3,Зианчуринский муниципальный район,Республика Башкортостан
54,2024Q2,3,Зилаирский муниципальный район,Республика Башкортостан
55,2024Q2,2,Иглинский муниципальный район,Республика Башкортостан
56,2024Q2,3,Илишевский муниципальный район,Республика Башкортостан
57,2024Q2,2,Ишимбайский муниципальный район,Республика Башкортостан
58,2024Q2,0,Калтасинский муниципальный район,Республика Башкортостан
59,2024Q2,3,Караидельский муниципальный район,Республика Башкортостан
60,2024Q2,3,Кармаскалинский муниципальный район,Республика Башкортостан
61,2024Q2,3,Кигинский муниципальный район,Республика Башкортостан
62,2024Q2,3,Краснокамский муниципальный район,Республика Башкортостан
63,2024Q2,3,Кугарчинский муниципальный район,Республика Башкортостан
65,2024Q2,0,Кушнаренковский муниципальный район,Республика Башкортостан
66,2024Q2,2,Мелеузовский муниципальный район,Республика Башкортостан
67,2024Q2,3,Мечетлинский муниципальный район,Республика Башкортостан
68,2024Q2,3,Мишкинский муниципальный район,Республика Башкортостан
69,2024Q2,0,Миякинский муниципальный район,Республика Башкортостан
70,2024Q2,3,Нуримановский муниципальный район,Республика Башкортостан
71,2024Q2,3,Салаватский муниципальный район,Республика Башкортостан
72,2024Q2,0,Стерлибашевский муниципальный район,Республика Башкортостан
73,2024Q2,2,Стерлитамакский муниципальный район,Республика Башкортостан
74,2024Q2,3,Татышлинский муниципальный район,Республика Башкортостан
75,2024Q2,2,Туймазинский муниципальный район,Республика Башкортостан
76,2024Q2,2,Уфимский муниципальный район,Республика Башкортостан
77,2024Q2,2,Учалинский муниципальный район,Республика Башкортостан
78,2024Q2,0,Федоровский муниципальный район,Республика Башкортостан
79,2024Q2,3,Хайбуллинский муниципальный район,Республика Башкортостан
80,2024Q2,3,Чекмагушевский муниципальный район,Республика Башкортостан
81,2024Q2,2,Чишминский муниципальный район,Республика Башкортостан
82,2024Q2,3,Шаранский муниципальный район,Республика Башкортостан
83,2024Q2,3,Янаульский муниципальный район,Республика Башкортостан
167,2024Q2,5,городской округ Нальчик,Кабардино-Балкарская Республика
168,2024Q2,5,городской округ Баксан,Кабардино-Балкарская Республика
169,2024Q2,5,городской округ Прохладный,Кабардино-Балкарская Республика
173,2024Q2,5,Майский муниципальный район,Кабардино-Балкарская Республика
174,2024Q2,5,Прохладненский муниципальный район,Кабардино-Балкарская Республика
176,2024Q2,5,Терский муниципальный район,Кабардино-Балкарская Республика
181,2024Q2,0,Городовиковский муниципальный район,Республика Калмыкия
184,2024Q2,0,Лаганский муниципальный район,Республика Калмыкия
185,2024Q2,5,Малодербетовский муниципальный район,Республика Калмыкия
188,2024Q2,0,Сарпинский муниципальный район,Республика Калмыкия
191,2024Q2,3,Юстинский муниципальный район,Республика Калмыкия
194,2024Q2,5,городской округ Черкесский,Карачаево-Черкесская Республика
195,2024Q2,5,городской округ Карачаевский,Карачаево-Черкесская Республика
196,2024Q2,5,Абазинский муниципальный район,Карачаево-Черкесская Республика
197,2024Q2,5,Адыге-Хабльский муниципальный район,Карачаево-Черкесская Республика
198,2024Q2,5,Зеленчукский муниципальный район,Карачаево-Черкесская Республика
201,2024Q2,5,Ногайский муниципальный район,Карачаево-Черкесская Республика
203,2024Q2,5,Урупский муниципальный район,Карачаево-Черкесская Республика
204,2024Q2,5,Усть-Джегутинский муниципальный район,Карачаево-Черкесская Республика
205,2024Q2,5,Хабезский муниципальный район,Карачаево-Черкесская Республика
206,2024Q2,2,городской округ Петрозаводский,Республика Карелия
207,2024Q2,1,городской округ Костомукшский,Республика Карелия
208,2024Q2,1,Беломорский муниципальный округ,Республика Карелия
209,2024Q2,3,Калевальский муниципальный район,Республика Карелия
210,2024Q2,1,Кемский муниципальный район,Республика Карелия
211,2024Q2,1,Кондопожский муниципальный район,Республика Карелия
212,2024Q2,1,Лахденпохский муниципальный район,Республика Карелия
213,2024Q2,1,Лоухский муниципальный район,Республика Карелия
214,2024Q2,1,Медвежьегорский муниципальный район,Республика Карелия
215,2024Q2,0,Муезерский муниципальный район,Республика Карелия
216,2024Q2,1,Олонецкий муниципальный район,Республика Карелия
217,2024Q2,1,Питкярантский муниципальный округ,Республика Карелия
218,2024Q2,2,Прионежский муниципальный район,Республика Карелия
219,2024Q2,1,Пряжинский муниципальный район,Республика Карелия
220,2024Q2,0,Пудожский муниципальный район,Республика Карелия
221,2024Q2,1,Сегежский муниципальный округ,Республика Карелия
222,2024Q2,1,Сортавальский муниципальный район,Республика Карелия
223,2024Q2,1,Суоярвский муниципальный округ,Республика Карелия
224,2024Q2,2,городской округ Сыктывкар,Республика Коми
225,2024Q2,4,городской округ Воркута,Республика Коми
226,2024Q2,4,муниципальный округ Вуктыл,Республика Коми
227,2024Q2,1,городской округ Инта,Республика Коми
228,2024Q2,4,муниципальный округ Усинск,Республика Коми
229,2024Q2,2,городской округ Ухта,Республика Коми
230,2024Q2,3,Ижемский муниципальный район,Республика Коми
231,2024Q2,1,Княжпогостский муниципальный район,Республика Коми
232,2024Q2,0,Койгородский муниципальный район,Республика Коми
233,2024Q2,0,Корткеросский муниципальный район,Республика Коми
234,2024Q2,1,муниципальный район Печора,Республика Коми
235,2024Q2,0,Прилузский муниципальный район,Республика Коми
236,2024Q2,1,муниципальный район Сосногорск,Республика Коми
237,2024Q2,3,Сыктывдинский муниципальный район,Республика Коми
238,2024Q2,0,Сысольский муниципальный район,Республика Коми
239,2024Q2,0,Троицко-Печорский муниципальный район,Республика Коми
240,2024Q2,0,Удорский муниципальный район,Республика Коми
241,2024Q2,1,Усть-Вымский муниципальный район,Республика Коми
242,2024Q2,3,Усть-Куломский муниципальный район,Республика Коми
243,2024Q2,3,Усть-Цилемский муниципальный район,Республика Коми
269,2024Q2,2,городской округ город Йошкар-Ола,Республика Марий Эл
270,2024Q2,1,городской округ город Волжск,Республика Марий Эл
271,2024Q2,1,городской округ город Козьмодемьянск,Республика Марий Эл
272,2024Q2,3,Волжский муниципальный район,Республика Марий Эл
273,2024Q2,0,Горномарийский муниципальный район,Республика Марий Эл
274,2024Q2,1,Звениговский муниципальный район,Республика Марий Эл
275,2024Q2,3,Килемарский муниципальный район,Республика Марий Эл
276,2024Q2,0,Куженерский муниципальный район,Республика Марий Эл
277,2024Q2,0,Мари-Турекский муниципальный район,Республика Марий Эл
278,2024Q2,2,Медведевский муниципальный район,Республика Марий Эл
279,2024Q2,0,Моркинский муниципальный район,Республика Марий Эл
280,2024Q2,0,Новоторъяльский муниципальный район,Республика Марий Эл
281,2024Q2,0,Оршанский муниципальный район,Республика Марий Эл
282,2024Q2,0,Параньгинский муниципальный район,Республика Марий Эл
283,2024Q2,1,Сернурский муниципальный район,Республика Марий Эл
284,2024Q2,1,Советский муниципальный район,Республика Марий Эл
285,2024Q2,0,Юринский муниципальный район,Республика Марий Эл
287,2024Q2,0,Ардатовский муниципальный район,Республика Мордовия
288,2024Q2,0,Атюрьевский муниципальный район,Республика Мордовия
289,2024Q2,0,Атяшевский муниципальный район,Республика Мордовия
290,2024Q2,0,Большеберезниковский муниципальный район,Республика Мордовия
292,2024Q2,0,Дубенский муниципальный район,Республика Мордовия
293,2024Q2,0,Ельниковский муниципальный район,Республика Мордовия
294,2024Q2,0,Зубово-Полянский муниципальный район,Республика Мордовия
295,2024Q2,0,Инсарский муниципальный район,Республика Мордовия
296,2024Q2,0,Ичалковский муниципальный район,Республика Мордовия
297,2024Q2,0,Кадошкинский муниципальный район,Республика Мордовия
298,2024Q2,1,Ковылкинский муниципальный район,Республика Мордовия
300,2024Q2,0,Краснослободский муниципальный район,Республика Мордовия
301,2024Q2,3,Лямбирский муниципальный район,Республика Мордовия
302,2024Q2,0,Ромодановский муниципальный район,Республика Мордовия
303,2024Q2,1,Рузаевский муниципальный район,Республика Мордовия
304,2024Q2,0,Старошайговский муниципальный район,Республика Мордовия
305,2024Q2,0,Темниковский муниципальный район,Республика Мордовия
306,2024Q2,0,Теньгушевский муниципальный район,Республика Мордовия
307,2024Q2,0,Торбеевский муниципальный район,Республика Мордовия
308,2024Q2,1,Чамзинский муниципальный район,Республика Мордовия
309,2024Q2,2,городской округ город Якутск,Республика Саха (Якутия)
311,2024Q2,4,Абыйский муниципальный район,Республика Саха (Якутия)
312,2024Q2,4,Алданский муниципальный район,Республика Саха (Якутия)
314,2024Q2,4,Амгинский муниципальный район,Республика Саха (Якутия)
315,2024Q2,4,Анабарский национальный (долгано-эвенкийский) муниципальный район,Республика Саха (Якутия)
316,2024Q2,4,Булунский муниципальный район,Республика Саха (Якутия)
317,2024Q2,4,Верхневилюйский муниципальный район,Республика Саха (Якутия)
318,2024Q2,4,Верхнеколымский муниципальный район,Республика Саха (Якутия)
319,2024Q2,4,Верхоянский муниципальный район,Республика Саха (Якутия)
320,2024Q2,4,Вилюйский муниципальный район,Республика Саха (Якутия)
321,2024Q2,3,Горный муниципальный район,Республика Саха (Якутия)
322,2024Q2,4,Жиганский муниципальный район,Республика Саха (Якутия)
323,2024Q2,4,Кобяйский муниципальный район,Республика Саха (Якутия)
324,2024Q2,4,Нюрбинский муниципальный район,Республика Саха (Якутия)
325,2024Q2,4,Ленский муниципальный район,Республика Саха (Якутия)
326,2024Q2,4,Мегино-Кангаласский муниципальный район,Республика Саха (Якутия)
327,2024Q2,4,Мирнинский муниципальный район,Республика Саха (Якутия)
328,2024Q2,4,Момский муниципальный район,Республика Саха (Якутия)
329,2024Q2,3,Намский муниципальный район,Республика Саха (Якутия)
330,2024Q2,4,Нерюнгринский муниципальный район,Республика Саха (Якутия)
331,2024Q2,4,Нижнеколымский муниципальный район,Республика Саха (Якутия)
332,2024Q2,4,Оймяконский муниципальный район,Республика Саха (Якутия)
333,2024Q2,4,Олекминский муниципальный район,Республика Саха (Якутия)
334,2024Q2,4,Оленекский эвенкийский национальный муниципальный район,Республика Саха (Якутия)
335,2024Q2,4,Среднеколымский муниципальный район,Республика Саха (Якутия)
336,2024Q2,3,Сунтарский муниципальный район,Республика Саха (Якутия)
337,2024Q2,4,Таттинский муниципальный район,Республика Саха (Якутия)
338,2024Q2,4,Томпонский муниципальный район,Республика Саха (Якутия)
339,2024Q2,4,Усть-Алданский муниципальный район,Республика Саха (Якутия)
340,2024Q2,4,Усть-Майский муниципальный район,Республика Саха (Якутия)
341,2024Q2,4,Усть-Янский муниципальный район,Республика Саха (Якутия)
342,2024Q2,4,Хангаласский муниципальный район,Республика Саха (Якутия)
343,2024Q2,4,Чурапчинский муниципальный район,Республика Саха (Якутия)
345,2024Q2,2,городской округ город Владикавказ,Республика Северная Осетия — Алания
346,2024Q2,5,Алагирский муниципальный район,Республика Северная Осетия — Алания
347,2024Q2,5,Ардонский муниципальный район,Республика Северная Осетия — Алания
348,2024Q2,5,Дигорский муниципальный район,Республика Северная Осетия — Алания
349,2024Q2,5,Ирафский муниципальный район,Республика Северная Осетия — Алания
351,2024Q2,5,Моздокский муниципальный район,Республика Северная Осетия — Алания
352,2024Q2,5,Правобережный муниципальный район,Республика Северная Осетия — Алания
354,2024Q2,2,городской округ город Казань,Республика Татарстан
355,2024Q2,2,городской округ город Набережные Челны,Республика Татарстан
356,2024Q2,1,Агрызский муниципальный район,Республика Татарстан
357,2024Q2,2,Азнакаевский муниципальный район,Республика Татарстан
358,2024Q2,3,Аксубаевский муниципальный район,Республика Татарстан
359,2024Q2,3,Актанышский муниципальный район,Республика Татарстан
360,2024Q2,1,Алексеевский муниципальный район,Республика Татарстан
361,2024Q2,3,Алькеевский муниципальный район,Республика Татарстан
362,2024Q2,2,Альметьевский муниципальный район,Республика Татарстан
363,2024Q2,0,Апастовский муниципальный район,Республика Татарстан
364,2024Q2,3,Арский муниципальный район,Республика Татарстан
365,2024Q2,0,Атнинский муниципальный район,Республика Татарстан
366,2024Q2,1,Бавлинский муниципальный район,Республика Татарстан
367,2024Q2,3,Балтасинский муниципальный район,Республика Татарстан
368,2024Q2,2,Бугульминский муниципальный район,Республика Татарстан
369,2024Q2,3,Буинский муниципальный район,Республика Татарстан
370,2024Q2,2,Верхнеуслонский муниципальный район,Республика Татарстан
371,2024Q2,2,Высокогорский муниципальный район,Республика Татарстан
372,2024Q2,0,Дрожжановский муниципальный район,Республика Татарстан
373,2024Q2,2,Елабужский муниципальный район,Республика Татарстан
374,2024Q2,1,Заинский муниципальный район,Республика Татарстан
375,2024Q2,2,Зеленодольский муниципальный район,Республика Татарстан
376,2024Q2,3,Кайбицкий муниципальный район,Республика Татарстан
377,2024Q2,0,Камско-Устьинский муниципальный район,Республика Татарстан
378,2024Q2,3,Кукморский муниципальный район,Республика Татарстан
379,2024Q2,2,Лаишевский муниципальный район,Республика Татарстан
380,2024Q2,2,Лениногорский муниципальный район,Республика Татарстан
381,2024Q2,3,Мамадышский муниципальный район,Республика Татарстан
382,2024Q2,1,Менделеевский муниципальный район,Республика Татарстан
383,2024Q2,1,Мензелинский муниципальный район,Республика Татарстан
384,2024Q2,3,Муслюмовский муниципальный район,Республика Татарстан
385,2024Q2,2,Нижнекамский муниципальный район,Республика Татарстан
386,2024Q2,3,Новошешминский муниципальный район,Республика Татарстан
387,2024Q2,1,Нурлатский муниципальный район,Республика Татарстан
388,2024Q2,2,Пестречинский муниципальный район,Республика Татарстан
390,2024Q2,3,Сабинский муниципальный район,Республика Татарстан
391,2024Q2,0,Сармановский муниципальный район,Республика Татарстан
392,2024Q2,0,Спасский муниципальный район,Республика Татарстан
393,2024Q2,0,Тетюшский муниципальный район,Республика Татарстан
395,2024Q2,3,Тюлячинский муниципальный район,Республика Татарстан
396,2024Q2,3,Черемшанский муниципальный район,Республика Татарстан
397,2024Q2,2,Чистопольский муниципальный район,Республика Татарстан
398,2024Q2,1,Ютазинский муниципальный район,Республика Татарстан
401,2024Q2,3,Бай-Тайгинский муниципальный район,Республика Тыва
402,2024Q2,3,Барун-Хемчикский муниципальный район,Республика Тыва
403,2024Q2,3,Дзун-Хемчикский муниципальный район,Республика Тыва
404,2024Q2,3,Каа-Хемский муниципальный район,Республика Тыва
405,2024Q2,3,Кызылский муниципальный район,Республика Тыва
408,2024Q2,3,Пий-Хемский муниципальный район,Республика Тыва
409,2024Q2,3,Сут-Хольский муниципальный район,Республика Тыва
410,2024Q2,3,Тандинский муниципальный район,Республика Тыва
413,2024Q2,3,Тоджинский муниципальный район,Республика Тыва
414,2024Q2,3,Улуг-Хемский муниципальный район,Республика Тыва
416,2024Q2,3,Чеди-Хольский муниципальный район,Республика Тыва
418,2024Q2,2,городской округ город Ижевск,Удмуртская Республика
419,2024Q2,2,городской округ город Воткинск,Удмуртская Республика
420,2024Q2,2,городской округ город Глазов,Удмуртская Республика
421,2024Q2,2,городской округ город Можга,Удмуртская Республика
422,2024Q2,2,городской округ город Сарапул,Удмуртская Республика
423,2024Q2,3,муниципальный округ Алнашский район,Удмуртская Республика
424,2024Q2,3,муниципальный округ Балезинский район,Удмуртская Республика
425,2024Q2,3,муниципальный округ Вавожский район,Удмуртская Республика
428,2024Q2,0,муниципальный округ Граховский район,Удмуртская Республика
429,2024Q2,3,муниципальный округ Дебёсский район,Удмуртская Республика
430,2024Q2,2,муниципальный округ Завьяловский район,Удмуртская Республика
431,2024Q2,3,муниципальный округ Игринский район,Удмуртская Республика
432,2024Q2,1,муниципальный округ Камбарский район,Удмуртская Республика
433,2024Q2,0,муниципальный округ Каракулинский район,Удмуртская Республика
434,2024Q2,0,муниципальный округ Кезский район,Удмуртская Республика
435,2024Q2,3,муниципальный округ Кизнерский район,Удмуртская Республика
436,2024Q2,0,муниципальный округ Киясовский район,Удмуртская Республика
437,2024Q2,0,муниципальный округ Красногорский район,Удмуртская Республика
438,2024Q2,3,муниципальный округ Малопургинский район,Удмуртская Республика
440,2024Q2,3,муниципальный округ Сарапульский район,Удмуртская Республика
441,2024Q2,0,муниципальный округ Селтинский район,Удмуртская Республика
442,2024Q2,0,муниципальный округ Сюмсинский район,Удмуртская Республика
443,2024Q2,3,муниципальный округ Увинский район,Удмуртская Республика
444,2024Q2,3,муниципальный округ Шарканский район,Удмуртская Республика
445,2024Q2,0,муниципальный округ Юкаменский район,Удмуртская Республика
446,2024Q2,3,муниципальный округ Якшур-Бодьинский район,Удмуртская Республика
447,2024Q2,0,муниципальный округ Ярский район,Удмуртская Республика
448,2024Q2,2,городской округ город Абакан,Республика Хакасия
449,2024Q2,1,городской округ город Абаза,Республика Хакасия
450,2024Q2,2,городской округ город Саяногорск,Республика Хакасия
451,2024Q2,1,городской округ город Сорск,Республика Хакасия
452,2024Q2,2,городской округ город Черногорск,Республика Хакасия
453,2024Q2,3,Алтайский муниципальный район,Республика Хакасия
455,2024Q2,3,Бейский муниципальный район,Республика Хакасия
456,2024Q2,0,Боградский муниципальный район,Республика Хакасия
457,2024Q2,0,Орджоникидзевский муниципальный район,Республика Хакасия
458,2024Q2,3,Таштыпский муниципальный район,Республика Хакасия
459,2024Q2,3,Усть-Абаканский муниципальный район,Республика Хакасия
460,2024Q2,3,Ширинский муниципальный район,Республика Хакасия
478,2024Q2,2,городской округ город Чебоксары,Чувашская Республика
479,2024Q2,1,городской округ город Алатырь,Чувашская Республика
480,2024Q2,2,городской округ город Канаш,Чувашская Республика
481,2024Q2,2,городской округ город Новочебоксарск,Чувашская Республика
482,2024Q2,1,городской округ город Шумерля,Чувашская Республика
483,2024Q2,0,Алатырский муниципальный округ,Чувашская Республика
484,2024Q2,0,Аликовский муниципальный округ,Чувашская Республика
485,2024Q2,3,Батыревский муниципальный округ,Чувашская Республика
486,2024Q2,3,Вурнарский муниципальный округ,Чувашская Республика
487,2024Q2,3,Ибресинский муниципальный округ,Чувашская Республика
489,2024Q2,0,Козловский муниципальный округ,Чувашская Республика
490,2024Q2,3,Комсомольский муниципальный округ,Чувашская Республика
491,2024Q2,0,Красноармейский муниципальный округ,Чувашская Республика
492,2024Q2,0,Красночетайский муниципальный округ,Чувашская Республика
493,2024Q2,0,Мариинско-Посадский муниципальный округ,Чувашская Республика
494,2024Q2,1,Моргаушский муниципальный округ,Чувашская Республика
495,2024Q2,0,Порецкий муниципальный округ,Чувашская Республика
496,2024Q2,0,Урмарский муниципальный округ,Чувашская Республика
497,2024Q2,1,Цивильский муниципальный округ,Чувашская Республика
498,2024Q2,3,Чебоксарский муниципальный округ,Чувашская Республика
499,2024Q2,3,Шемуршинский муниципальный округ,Чувашская Республика
501,2024Q2,0,Ядринский муниципальный округ,Чувашская Республика
502,2024Q2,0,Яльчикский муниципальный округ,Чувашская Республика
503,2024Q2,0,Янтиковский муниципальный округ,Чувашская Республика
504,2024Q2,2,городской округ город Барнаул,Алтайский край
505,2024Q2,1,городской округ город Алейск,Алтайский край
506,2024Q2,2,городской округ город Белокуриха,Алтайский край
507,2024Q2,2,городской округ город Бийск,Алтайский край
508,2024Q2,1,городской округ город Заринск,Алтайский край
509,2024Q2,2,городской округ город Новоалтайск,Алтайский край
510,2024Q2,2,городской округ город Рубцовск,Алтайский край
511,2024Q2,3,муниципальный округ город Славгород,Алтайский край
512,2024Q2,1,городской округ город Яровое,Алтайский край
514,2024Q2,0,Алейский муниципальный район,Алтайский край
515,2024Q2,3,Алтайский муниципальный район,Алтайский край
516,2024Q2,0,Баевский муниципальный район,Алтайский край
517,2024Q2,3,Бийский муниципальный район,Алтайский край
518,2024Q2,1,Благовещенский муниципальный район,Алтайский край
519,2024Q2,0,Бурлинский муниципальный район,Алтайский край
520,2024Q2,0,Быстроистокский муниципальный район,Алтайский край
521,2024Q2,0,Волчихинский муниципальный район,Алтайский край
522,2024Q2,0,Егорьевский муниципальный район,Алтайский край
523,2024Q2,0,Ельцовский муниципальный район,Алтайский край
524,2024Q2,0,Завьяловский муниципальный район,Алтайский край
525,2024Q2,0,Залесовский муниципальный округ,Алтайский край
527,2024Q2,1,Змеиногорский муниципальный район,Алтайский край
528,2024Q2,0,Калманский муниципальный район,Алтайский край
529,2024Q2,3,Каменский муниципальный район,Алтайский край
530,2024Q2,0,Ключевский муниципальный район,Алтайский край
531,2024Q2,0,Косихинский муниципальный район,Алтайский край
532,2024Q2,0,Красногорский муниципальный район,Алтайский край
533,2024Q2,0,Краснощёковский муниципальный район,Алтайский край
534,2024Q2,0,Крутихинский муниципальный район,Алтайский край
535,2024Q2,3,Кулундинский муниципальный район,Алтайский край
536,2024Q2,0,Курьинский муниципальный район,Алтайский край
537,2024Q2,0,Кытмановский муниципальный район,Алтайский край
538,2024Q2,0,Локтевский муниципальный район,Алтайский край
539,2024Q2,0,Мамонтовский муниципальный район,Алтайский край
540,2024Q2,0,Михайловский муниципальный район,Алтайский край
541,2024Q2,0,Новичихинский муниципальный район,Алтайский край
542,2024Q2,0,Зональный муниципальный район,Алтайский край
543,2024Q2,3,Павловский муниципальный район,Алтайский край
544,2024Q2,0,Панкрушихинский муниципальный район,Алтайский край
545,2024Q2,3,Первомайский муниципальный район,Алтайский край
546,2024Q2,0,Петропавловский муниципальный район,Алтайский край
547,2024Q2,0,Поспелихинский муниципальный район,Алтайский край
548,2024Q2,0,Ребрихинский муниципальный район,Алтайский край
549,2024Q2,0,Родинский муниципальный район,Алтайский край
550,2024Q2,0,Романовский муниципальный район,Алтайский край
552,2024Q2,0,Смоленский муниципальный район,Алтайский край
553,2024Q2,0,муниципальный округ Суетский район,Алтайский край
554,2024Q2,3,Советский муниципальный район,Алтайский край
555,2024Q2,0,Солонешенский муниципальный район,Алтайский край
556,2024Q2,0,Солтонский муниципальный район,Алтайский край
557,2024Q2,0,Шелаболихинский муниципальный район,Алтайский край
558,2024Q2,0,Табунский муниципальный район,Алтайский край
559,2024Q2,0,Тальменский муниципальный район,Алтайский край
560,2024Q2,0,Тогульский муниципальный район,Алтайский край
561,2024Q2,0,Топчихинский муниципальный район,Алтайский край
562,2024Q2,0,Третьяковский муниципальный район,Алтайский край
563,2024Q2,0,Троицкий муниципальный район,Алтайский край
564,2024Q2,0,Тюменцевский муниципальный район,Алтайский край
565,2024Q2,0,Угловский муниципальный район,Алтайский край
566,2024Q2,0,Усть-Калманский муниципальный район,Алтайский край
567,2024Q2,0,Усть-Пристанский муниципальный район,Алтайский край
568,2024Q2,0,Хабарский муниципальный район,Алтайский край
569,2024Q2,0,Целинный муниципальный район,Алтайский край
570,2024Q2,0,муниципальный округ Чарышский район,Алтайский край
571,2024Q2,0,Шипуновский муниципальный район,Алтайский край
572,2024Q2,0,Немецкий национальный муниципальный район,Алтайский край
574,2024Q2,4,городской округ город Петровск-Забайкальский,Забайкальский край
578,2024Q2,3,Балейский муниципальный район,Забайкальский край
579,2024Q2,4,Борзинский муниципальный район,Забайкальский край
580,2024Q2,4,Газимуро-Заводский муниципальный округ,Забайкальский край
581,2024Q2,4,Забайкальский муниципальный район,Забайкальский край
582,2024Q2,4,Каларский муниципальный округ,Забайкальский край
583,2024Q2,3,Калганский муниципальный округ,Забайкальский край
584,2024Q2,4,Карымский муниципальный район,Забайкальский край
585,2024Q2,4,муниципальный район Город Краснокаменск и Краснокаменский район,Забайкальский край
586,2024Q2,3,Красночикойский муниципальный район,Забайкальский край
587,2024Q2,3,Кыринский муниципальный район,Забайкальский край
588,2024Q2,4,Могочинский муниципальный округ,Забайкальский край
589,2024Q2,4,Нерчинский муниципальный район,Забайкальский край
591,2024Q2,3,Оловяннинский муниципальный район,Забайкальский край
592,2024Q2,3,Ононский муниципальный округ,Забайкальский край
593,2024Q2,3,Петровск-Забайкальский муниципальный район,Забайкальский край
594,2024Q2,3,Приаргунский муниципальный округ,Забайкальский край
595,2024Q2,3,Сретенский муниципальный район,Забайкальский край
598,2024Q2,3,Улётовский муниципальный район,Забайкальский край
599,2024Q2,3,Хилокский муниципальный район,Забайкальский край
600,2024Q2,4,Чернышевский муниципальный район,Забайкальский край
601,2024Q2,3,Читинский муниципальный район,Забайкальский край
602,2024Q2,3,Шелопугинский муниципальный район,Забайкальский край
603,2024Q2,4,Шилкинский муниципальный район,Забайкальский край
604,2024Q2,3,городской округ поселок Агинское,Забайкальский край
605,2024Q2,3,Агинский муниципальный район,Забайкальский край
606,2024Q2,3,Дульдургинский муниципальный район,Забайкальский край
607,2024Q2,3,Могойтуйский муниципальный район,Забайкальский край
608,2024Q2,2,городской округ Петропавловск-Камчатский,Камчатский край
611,2024Q2,4,Быстринский муниципальный район,Камчатский край
612,2024Q2,4,Елизовский муниципальный район,Камчатский край
613,2024Q2,4,Мильковский муниципальный округ,Камчатский край
614,2024Q2,4,Соболевский муниципальный район,Камчатский край
615,2024Q2,4,Усть-Большерецкий муниципальный район,Камчатский край
616,2024Q2,4,Усть-Камчатский муниципальный район,Камчатский край
618,2024Q2,4,Карагинский муниципальный район,Камчатский край
619,2024Q2,4,Олюторский муниципальный район,Камчатский край
621,2024Q2,4,Тигильский муниципальный район,Камчатский край
666,2024Q2,2,городской округ город Красноярск,Красноярский край
667,2024Q2,2,городской округ город Ачинск,Красноярский край
668,2024Q2,1,городской округ город Боготол,Красноярский край
669,2024Q2,1,городской округ город Бородино,Красноярский край
670,2024Q2,1,городской округ город Дивногорск,Красноярский край
671,2024Q2,1,городской округ город Енисейск,Красноярский край
674,2024Q2,2,городской округ город Канск,Красноярский край
675,2024Q2,2,городской округ город Лесосибирск,Красноярский край
676,2024Q2,2,городской округ город Минусинск,Красноярский край
677,2024Q2,1,городской округ город Назарово,Красноярский край
678,2024Q2,4,городской округ город Норильск,Красноярский край
679,2024Q2,2,городской округ город Сосновоборск,Красноярский край
680,2024Q2,1,городской округ город Шарыпово,Красноярский край
683,2024Q2,0,Абанский муниципальный район,Красноярский край
685,2024Q2,3,Балахтинский муниципальный район,Красноярский край
686,2024Q2,2,Березовский муниципальный район,Красноярский край
687,2024Q2,0,Бирилюсский муниципальный район,Красноярский край
689,2024Q2,4,Богучанский муниципальный район,Красноярский край
690,2024Q2,0,Большемуртинский муниципальный район,Красноярский край
691,2024Q2,0,Большеулуйский муниципальный район,Красноярский край
692,2024Q2,0,Дзержинский муниципальный район,Красноярский край
693,2024Q2,2,Емельяновский муниципальный район,Красноярский край
694,2024Q2,4,Енисейский муниципальный район,Красноярский край
695,2024Q2,3,Ермаковский муниципальный район,Красноярский край
696,2024Q2,3,Идринский муниципальный район,Красноярский край
697,2024Q2,1,Иланский муниципальный район,Красноярский край
698,2024Q2,3,Ирбейский муниципальный район,Красноярский край
699,2024Q2,0,Казачинский муниципальный район,Красноярский край
701,2024Q2,0,Каратузский муниципальный район,Красноярский край
702,2024Q2,4,Кежемский муниципальный район,Красноярский край
703,2024Q2,0,Козульский муниципальный район,Красноярский край
704,2024Q2,3,Краснотуранский муниципальный район,Красноярский край
705,2024Q2,3,Курагинский муниципальный район,Красноярский край
706,2024Q2,0,Манский муниципальный район,Красноярский край
708,2024Q2,4,Мотыгинский муниципальный район,Красноярский край
710,2024Q2,0,Нижнеингашский муниципальный район,Красноярский край
711,2024Q2,3,Новоселовский муниципальный район,Красноярский край
712,2024Q2,0,Партизанский муниципальный район,Красноярский край
713,2024Q2,0,Пировский муниципальный округ,Красноярский край
714,2024Q2,3,Рыбинский муниципальный район,Красноярский край
715,2024Q2,0,Саянский муниципальный район,Красноярский край
716,2024Q2,4,Северо-Енисейский муниципальный район,Красноярский край
717,2024Q2,0,Сухобузимский муниципальный район,Красноярский край
718,2024Q2,4,Таймырский Долгано-Ненецкий муниципальный район,Красноярский край
719,2024Q2,0,Тасеевский муниципальный район,Красноярский край
720,2024Q2,4,Туруханский муниципальный район,Красноярский край
721,2024Q2,0,Тюхтетский муниципальный округ,Красноярский край
722,2024Q2,3,Ужурский муниципальный район,Красноярский край
723,2024Q2,0,Уярский муниципальный район,Красноярский край
725,2024Q2,3,Шушенский муниципальный район,Красноярский край
726,2024Q2,4,Эвенкийский муниципальный район,Красноярский край
727,2024Q2,2,городской округ Пермский,Пермский край
731,2024Q2,1,городской округ Лысьвенский,Пермский край
734,2024Q2,1,муниципальный округ Александровский,Пермский край
735,2024Q2,3,муниципальный округ Бардымский,Пермский край
736,2024Q2,0,муниципальный округ Березовский,Пермский край
737,2024Q2,0,муниципальный округ Большесосновский,Пермский край
738,2024Q2,3,городской округ Верещагинский,Пермский край
739,2024Q2,1,городской округ Горнозаводский,Пермский край
741,2024Q2,1,городской округ Добрянский,Пермский край
742,2024Q2,0,муниципальный округ Еловский,Пермский край
743,2024Q2,0,городской округ Ильинский,Пермский край
744,2024Q2,3,муниципальный округ Карагайский,Пермский край
745,2024Q2,1,городской округ город Кизел,Пермский край
746,2024Q2,0,муниципальный округ Кишертский,Пермский край
747,2024Q2,0,городской округ Красновишерский,Пермский край
748,2024Q2,2,городской округ Краснокамский,Пермский край
749,2024Q2,0,муниципальный округ Куединский,Пермский край
751,2024Q2,1,городской округ Нытвенский,Пермский край
752,2024Q2,3,городской округ Октябрьский,Пермский край
753,2024Q2,0,муниципальный округ Ординский,Пермский край
754,2024Q2,1,городской округ Осинский,Пермский край
755,2024Q2,0,городской округ Оханский,Пермский край
756,2024Q2,3,городской округ Очерский,Пермский край
757,2024Q2,2,муниципальный округ Пермский,Пермский край
758,2024Q2,0,муниципальный округ Сивинский,Пермский край
760,2024Q2,0,городской округ Суксунский,Пермский край
761,2024Q2,0,муниципальный округ Уинский,Пермский край
763,2024Q2,2,городской округ Чайковский,Пермский край
764,2024Q2,3,муниципальный округ Частинский,Пермский край
765,2024Q2,0,городской округ Чердынский,Пермский край
766,2024Q2,2,городской округ Чернушинский,Пермский край
767,2024Q2,1,городской округ Чусовской,Пермский край
769,2024Q2,0,муниципальный округ Гайнский,Пермский край
770,2024Q2,0,муниципальный округ Косинский,Пермский край
771,2024Q2,3,муниципальный округ Кочевский,Пермский край
773,2024Q2,3,муниципальный округ Юрлинский,Пермский край
774,2024Q2,0,муниципальный округ Юсьвинский,Пермский край
775,2024Q2,2,городской округ Владивостокский,Приморский край
776,2024Q2,2,городской округ Арсеньевский,Приморский край
777,2024Q2,2,городской округ Артемовский,Приморский край
778,2024Q2,2,городской округ Большой Камень,Приморский край
779,2024Q2,4,городской округ Дальнегорский,Приморский край
780,2024Q2,4,городской округ Дальнереченский,Приморский край
781,2024Q2,4,городской округ Лесозаводский,Приморский край
782,2024Q2,2,городской округ Находкинский,Приморский край
783,2024Q2,4,городской округ Партизанский,Приморский край
784,2024Q2,1,городской округ Спасск-Дальний,Приморский край
785,2024Q2,2,городской округ Уссурийский,Приморский край
787,2024Q2,0,Анучинский муниципальный округ,Приморский край
788,2024Q2,3,Дальнереченский муниципальный район,Приморский край
789,2024Q2,3,Кавалеровский муниципальный округ,Приморский край
790,2024Q2,3,Кировский муниципальный район,Приморский край
791,2024Q2,4,Красноармейский муниципальный округ,Приморский край
792,2024Q2,4,Лазовский муниципальный округ,Приморский край
793,2024Q2,4,Михайловский муниципальный район,Приморский край
794,2024Q2,2,Надеждинский муниципальный район,Приморский край
795,2024Q2,4,Октябрьский муниципальный округ,Приморский край
796,2024Q2,3,Ольгинский муниципальный округ,Приморский край
797,2024Q2,4,Партизанский муниципальный округ,Приморский край
798,2024Q2,4,Пограничный муниципальный округ,Приморский край
799,2024Q2,4,Пожарский муниципальный округ,Приморский край
800,2024Q2,3,Спасский муниципальный район,Приморский край
801,2024Q2,4,Тернейский муниципальный округ,Приморский край
802,2024Q2,3,Ханкайский муниципальный округ,Приморский край
803,2024Q2,4,Хасанский муниципальный округ,Приморский край
804,2024Q2,0,Хорольский муниципальный округ,Приморский край
805,2024Q2,4,Черниговский муниципальный округ,Приморский край
806,2024Q2,3,Чугуевский муниципальный округ,Приморский край
807,2024Q2,4,Шкотовский муниципальный округ,Приморский край
808,2024Q2,0,Яковлевский муниципальный округ,Приморский край
809,2024Q2,2,городской округ город Ставрополь,Ставропольский край
810,2024Q2,5,Благодарненский муниципальный округ,Ставропольский край
811,2024Q2,5,Георгиевский муниципальный округ,Ставропольский край
812,2024Q2,2,городской округ город-курорт Ессентуки,Ставропольский край
813,2024Q2,2,городской округ город-курорт Железноводск,Ставропольский край
814,2024Q2,5,Изобильненский муниципальный округ,Ставропольский край
815,2024Q2,5,Ипатовский муниципальный округ,Ставропольский край
817,2024Q2,3,Кировский муниципальный округ,Ставропольский край
818,2024Q2,2,городской округ город Лермонтов,Ставропольский край
819,2024Q2,2,Минераловодский муниципальный округ,Ставропольский край
820,2024Q2,2,городской округ город Невинномысск,Ставропольский край
821,2024Q2,5,Нефтекумский муниципальный округ,Ставропольский край
822,2024Q2,5,Новоалександровский муниципальный округ,Ставропольский край
823,2024Q2,5,Петровский муниципальный округ,Ставропольский край
824,2024Q2,2,городской округ город-курорт Пятигорск,Ставропольский край
825,2024Q2,5,Советский муниципальный округ,Ставропольский край
826,2024Q2,5,Александровский муниципальный округ,Ставропольский край
827,2024Q2,5,Андроповский муниципальный округ,Ставропольский край
828,2024Q2,0,Апанасенковский муниципальный округ,Ставропольский край
829,2024Q2,0,Арзгирский муниципальный округ,Ставропольский край
830,2024Q2,5,Будённовский муниципальный округ,Ставропольский край
831,2024Q2,0,Грачёвский муниципальный округ,Ставропольский край
832,2024Q2,5,Кочубеевский муниципальный округ,Ставропольский край
833,2024Q2,0,Красногвардейский муниципальный округ,Ставропольский край
834,2024Q2,5,Курский муниципальный округ,Ставропольский край
835,2024Q2,5,Левокумский муниципальный округ,Ставропольский край
836,2024Q2,5,Новоселицкий муниципальный округ,Ставропольский край
838,2024Q2,5,Степновский муниципальный округ,Ставропольский край
839,2024Q2,0,Труновский муниципальный округ,Ставропольский край
840,2024Q2,5,Туркменский муниципальный округ,Ставропольский край
841,2024Q2,2,Шпаковский муниципальный округ,Ставропольский край
842,2024Q2,2,городской округ город Хабаровск,Хабаровский край
843,2024Q2,2,городской округ город Комсомольск-на-Амуре,Хабаровский край
844,2024Q2,4,Амурский муниципальный район,Хабаровский край
846,2024Q2,4,Бикинский муниципальный район,Хабаровский край
847,2024Q2,4,Ванинский муниципальный район,Хабаровский край
848,2024Q2,4,Верхнебуреинский муниципальный район,Хабаровский край
849,2024Q2,3,Вяземский муниципальный район,Хабаровский край
851,2024Q2,3,муниципальный район имени Лазо,Хабаровский край
852,2024Q2,4,Нанайский муниципальный район,Хабаровский край
853,2024Q2,4,Николаевский муниципальный район,Хабаровский край
854,2024Q2,4,Охотский муниципальный округ,Хабаровский край
855,2024Q2,4,муниципальный район имени Полины Осипенко,Хабаровский край
856,2024Q2,4,Советско-Гаванский муниципальный район,Хабаровский край
857,2024Q2,4,Солнечный муниципальный район,Хабаровский край
859,2024Q2,4,Ульчский муниципальный район,Хабаровский край
860,2024Q2,2,Хабаровский муниципальный район,Хабаровский край
870,2024Q2,4,Архаринский муниципальный округ,Амурская область
871,2024Q2,4,Белогорский муниципальный округ,Амурская область
872,2024Q2,2,Благовещенский муниципальный округ,Амурская область
873,2024Q2,4,Бурейский муниципальный округ,Амурская область
874,2024Q2,4,Завитинский муниципальный округ,Амурская область
875,2024Q2,4,Зейский муниципальный округ,Амурская область
876,2024Q2,3,Ивановский муниципальный округ,Амурская область
877,2024Q2,4,Константиновский муниципальный район,Амурская область
878,2024Q2,4,Магдагачинский муниципальный район,Амурская область
879,2024Q2,4,Мазановский муниципальный район,Амурская область
880,2024Q2,3,Михайловский муниципальный район,Амурская область
881,2024Q2,4,Октябрьский муниципальный район,Амурская область
882,2024Q2,3,Ромненский муниципальный округ,Амурская область
883,2024Q2,4,Свободненский муниципальный район,Амурская область
884,2024Q2,4,Селемджинский муниципальный район,Амурская область
885,2024Q2,4,Серышевский муниципальный округ,Амурская область
886,2024Q2,4,Сковородинский муниципальный округ,Амурская область
888,2024Q2,4,Тындинский муниципальный округ,Амурская область
889,2024Q2,4,Шимановский муниципальный округ,Амурская область
890,2024Q2,2,городской округ город Архангельск,Архангельская область
891,2024Q2,1,городской округ город Коряжма,Архангельская область
892,2024Q2,2,городской округ Котлас,Архангельская область
895,2024Q2,1,городской округ город Новодвинск,Архангельская область
896,2024Q2,2,городской округ Северодвинск,Архангельская область
897,2024Q2,1,Вельский муниципальный район,Архангельская область
898,2024Q2,0,Верхнетоемский муниципальный округ,Архангельская область
899,2024Q2,0,муниципальный округ Вилегодский,Архангельская область
900,2024Q2,0,Виноградовский муниципальный округ,Архангельская область
901,2024Q2,0,муниципальный округ Каргопольский,Архангельская область
902,2024Q2,1,Коношский муниципальный район,Архангельская область
903,2024Q2,1,Котласский муниципальный округ,Архангельская область
904,2024Q2,0,Красноборский муниципальный округ,Архангельская область
905,2024Q2,1,Ленский муниципальный район,Архангельская область
907,2024Q2,0,Мезенский муниципальный округ,Архангельская область
908,2024Q2,1,Няндомский муниципальный округ,Архангельская область
909,2024Q2,1,Онежский муниципальный район,Архангельская область
911,2024Q2,1,Плесецкий муниципальный округ,Архангельская область
912,2024Q2,4,Приморский муниципальный округ,Архангельская область
913,2024Q2,1,Устьянский муниципальный округ,Архангельская область
914,2024Q2,0,Холмогорский муниципальный округ,Архангельская область
915,2024Q2,0,Шенкурский муниципальный округ,Архангельская область
916,2024Q2,4,городской округ город Нарьян-Мар,Ненецкий автономный округ
917,2024Q2,4,муниципальный район Заполярный район,Ненецкий автономный округ
918,2024Q2,2,городской округ город Астрахань,Астраханская область
920,2024Q2,1,Ахтубинский муниципальный район,Астраханская область
922,2024Q2,0,Енотаевский муниципальный район,Астраханская область
923,2024Q2,0,Икрянинский муниципальный район,Астраханская область
924,2024Q2,0,Камызякский муниципальный район,Астраханская область
925,2024Q2,1,Красноярский муниципальный район,Астраханская область
926,2024Q2,0,Лиманский муниципальный район,Астраханская область
927,2024Q2,2,Наримановский муниципальный район,Астраханская область
928,2024Q2,2,Приволжский муниципальный район,Астраханская область
929,2024Q2,0,Харабалинский муниципальный район,Астраханская область
930,2024Q2,0,Черноярский муниципальный район,Астраханская область
986,2024Q2,2,городской округ город Владимир,Владимирская область
987,2024Q2,1,городской округ город Гусь-Хрустальный,Владимирская область
988,2024Q2,2,городской округ город Ковров,Владимирская область
989,2024Q2,2,городской округ округ Муром,Владимирская область
991,2024Q2,2,Александровский муниципальный район,Владимирская область
992,2024Q2,1,Вязниковский муниципальный район,Владимирская область
993,2024Q2,0,Гороховецкий муниципальный район,Владимирская область
994,2024Q2,1,Гусь-Хрустальный муниципальный район,Владимирская область
995,2024Q2,1,Камешковский муниципальный район,Владимирская область
996,2024Q2,1,Киржачский муниципальный район,Владимирская область
998,2024Q2,1,Кольчугинский муниципальный район,Владимирская область
999,2024Q2,0,Меленковский муниципальный район,Владимирская область
1001,2024Q2,1,Петушинский муниципальный район,Владимирская область
1002,2024Q2,0,Селивановский муниципальный район,Владимирская область
1003,2024Q2,1,Собинский муниципальный район,Владимирская область
1004,2024Q2,1,Судогодский муниципальный район,Владимирская область
1005,2024Q2,1,Суздальский муниципальный район,Владимирская область
1006,2024Q2,1,Юрьев-Польский муниципальный район,Владимирская область
1007,2024Q2,2,городской округ город-герой Волгоград,Волгоградская область
1008,2024Q2,2,городской округ город Волжский,Волгоградская область
1009,2024Q2,2,городской округ город Камышин,Волгоградская область
1010,2024Q2,5,городской округ город Михайловка,Волгоградская область
1011,2024Q2,5,городской округ город Урюпинск,Волгоградская область
1012,2024Q2,1,городской округ город Фролово,Волгоградская область
1013,2024Q2,0,Алексеевский муниципальный район,Волгоградская область
1014,2024Q2,0,Быковский муниципальный район,Волгоградская область
1015,2024Q2,1,Городищенский муниципальный район,Волгоградская область
1016,2024Q2,0,Даниловский муниципальный район,Волгоградская область
1017,2024Q2,0,Дубовский муниципальный район,Волгоградская область
1018,2024Q2,0,Еланский муниципальный район,Волгоградская область
1019,2024Q2,1,Жирновский муниципальный район,Волгоградская область
1020,2024Q2,1,Иловлинский муниципальный район,Волгоградская область
1021,2024Q2,1,Калачевский муниципальный район,Волгоградская область
1023,2024Q2,0,Киквидзенский муниципальный район,Волгоградская область
1024,2024Q2,0,Клетский муниципальный район,Волгоградская область
1025,2024Q2,1,Котельниковский муниципальный район,Волгоградская область
1026,2024Q2,1,Котовский муниципальный район,Волгоградская область
1027,2024Q2,0,Кумылженский муниципальный район,Волгоградская область
1028,2024Q2,0,Ленинский муниципальный район,Волгоградская область
1029,2024Q2,0,Нехаевский муниципальный район,Волгоградская область
1030,2024Q2,0,Николаевский муниципальный район,Волгоградская область
1031,2024Q2,0,Новоаннинский муниципальный район,Волгоградская область
1032,2024Q2,0,Новониколаевский муниципальный район,Волгоградская область
1033,2024Q2,0,Октябрьский муниципальный район,Волгоградская область
1034,2024Q2,0,Ольховский муниципальный район,Волгоградская область
1035,2024Q2,0,Палласовский муниципальный район,Волгоградская область
1036,2024Q2,0,Руднянский муниципальный район,Волгоградская область
1037,2024Q2,5,Светлоярский муниципальный район,Волгоградская область
1038,2024Q2,0,Серафимовичский муниципальный район,Волгоградская область
1039,2024Q2,1,Среднеахтубинский муниципальный район,Волгоградская область
1040,2024Q2,3,Старополтавский муниципальный район,Волгоградская область
1041,2024Q2,0,Суровикинский муниципальный район,Волгоградская область
1044,2024Q2,0,Чернышковский муниципальный район,Волгоградская область
1047,2024Q2,1,Бабаевский муниципальный округ,Вологодская область
1048,2024Q2,3,Бабушкинский муниципальный округ,Вологодская область
1049,2024Q2,1,Белозерский муниципальный округ,Вологодская область
1051,2024Q2,1,Великоустюгский муниципальный округ,Вологодская область
1052,2024Q2,0,Верховажский муниципальный округ,Вологодская область
1053,2024Q2,0,Вожегодский муниципальный округ,Вологодская область
1054,2024Q2,3,Вологодский муниципальный округ,Вологодская область
1055,2024Q2,3,Вытегорский муниципальный район,Вологодская область
1056,2024Q2,1,Грязовецкий муниципальный округ,Вологодская область
1057,2024Q2,1,Кадуйский муниципальный округ,Вологодская область
1058,2024Q2,0,Кирилловский муниципальный округ,Вологодская область
1059,2024Q2,3,Кичменгско-Городецкий муниципальный округ,Вологодская область
1060,2024Q2,0,Междуреченский муниципальный округ,Вологодская область
1061,2024Q2,3,Никольский муниципальный округ,Вологодская область
1062,2024Q2,3,Нюксенский муниципальный округ,Вологодская область
1063,2024Q2,1,Сокольский муниципальный округ,Вологодская область
1064,2024Q2,0,Сямженский муниципальный округ,Вологодская область
1065,2024Q2,0,Тарногский муниципальный округ,Вологодская область
1066,2024Q2,1,Тотемский муниципальный округ,Вологодская область
1067,2024Q2,0,Усть-Кубинский муниципальный округ,Вологодская область
1068,2024Q2,0,Устюженский муниципальный округ,Вологодская область
1069,2024Q2,0,Харовский муниципальный округ,Вологодская область
1070,2024Q2,1,Чагодощенский муниципальный округ,Вологодская область
1071,2024Q2,3,Череповецкий муниципальный район,Вологодская область
1072,2024Q2,1,Шекснинский муниципальный район,Вологодская область
1107,2024Q2,2,городской округ Иваново,Ивановская область
1108,2024Q2,1,городской округ Вичуга,Ивановская область
1109,2024Q2,2,городской округ Кинешма,Ивановская область
1110,2024Q2,1,городской округ Кохма,Ивановская область
1111,2024Q2,1,городской округ Тейково,Ивановская область
1112,2024Q2,1,городской округ Шуя,Ивановская область
1113,2024Q2,0,Вичугский муниципальный район,Ивановская область
1115,2024Q2,0,Гаврилово-Посадский муниципальный район,Ивановская область
1116,2024Q2,0,Заволжский муниципальный район,Ивановская область
1117,2024Q2,2,Ивановский муниципальный район,Ивановская область
1118,2024Q2,0,Ильинский муниципальный район,Ивановская область
1119,2024Q2,1,Кинешемский муниципальный район,Ивановская область
1120,2024Q2,1,Комсомольский муниципальный район,Ивановская область
1121,2024Q2,1,Лежневский муниципальный район,Ивановская область
1122,2024Q2,0,Лухский муниципальный район,Ивановская область
1123,2024Q2,0,Палехский муниципальный район,Ивановская область
1124,2024Q2,0,Пестяковский муниципальный район,Ивановская область
1125,2024Q2,1,Приволжский муниципальный район,Ивановская область
1126,2024Q2,0,Пучежский муниципальный район,Ивановская область
1127,2024Q2,1,Родниковский муниципальный район,Ивановская область
1128,2024Q2,0,Савинский муниципальный район,Ивановская область
1129,2024Q2,0,Тейковский муниципальный район,Ивановская область
1130,2024Q2,1,Фурмановский муниципальный район,Ивановская область
1131,2024Q2,1,Шуйский муниципальный район,Ивановская область
1132,2024Q2,0,Южский муниципальный район,Ивановская область
1133,2024Q2,0,Юрьевецкий муниципальный район,Ивановская область
1134,2024Q2,2,городской округ город Иркутск,Иркутская область
1135,2024Q2,2,городской округ Ангарский,Иркутская область
1136,2024Q2,2,городской округ город Братск,Иркутская область
1137,2024Q2,3,городской округ Зима,Иркутская область
1138,2024Q2,2,городской округ город Саянск,Иркутская область
1139,2024Q2,3,городской округ город Тулун,Иркутская область
1140,2024Q2,2,городской округ город Усолье-Сибирское,Иркутская область
1141,2024Q2,2,городской округ город Усть-Илимск,Иркутская область
1142,2024Q2,2,городской округ город Черемхово,Иркутская область
1143,2024Q2,1,городской округ город Свирск,Иркутская область
1144,2024Q2,3,Балаганский муниципальный район,Иркутская область
1146,2024Q2,1,Братский муниципальный район,Иркутская область
1147,2024Q2,4,Жигаловский муниципальный район,Иркутская область
1148,2024Q2,3,Заларинский муниципальный район,Иркутская область
1149,2024Q2,3,Зиминский муниципальный район,Иркутская область
1150,2024Q2,2,Иркутский муниципальный район,Иркутская область
1151,2024Q2,4,Казачинско-Ленский муниципальный район,Иркутская область
1152,2024Q2,4,Катангский муниципальный район,Иркутская область
1153,2024Q2,3,Качугский муниципальный район,Иркутская область
1154,2024Q2,4,Киренский муниципальный район,Иркутская область
1155,2024Q2,3,Куйтунский муниципальный район,Иркутская область
1157,2024Q2,1,Нижнеилимский муниципальный район,Иркутская область
1158,2024Q2,4,Нижнеудинский муниципальный район,Иркутская область
1159,2024Q2,3,Ольхонский муниципальный район,Иркутская область
1160,2024Q2,4,Слюдянский муниципальный район,Иркутская область
1161,2024Q2,4,Тайшетский муниципальный район,Иркутская область
1163,2024Q2,3,Усольский муниципальный район,Иркутская область
1164,2024Q2,4,Усть-Илимский муниципальный район,Иркутская область
1165,2024Q2,4,Усть-Кутский муниципальный район,Иркутская область
1166,2024Q2,3,Усть-Удинский муниципальный район,Иркутская область
1167,2024Q2,3,Черемховский муниципальный район,Иркутская область
1168,2024Q2,3,Чунский муниципальный район,Иркутская область
1169,2024Q2,2,Шелеховский муниципальный район,Иркутская область
1170,2024Q2,3,Аларский муниципальный район,Иркутская область
1171,2024Q2,3,Баяндаевский муниципальный район,Иркутская область
1172,2024Q2,3,Боханский муниципальный район,Иркутская область
1173,2024Q2,3,Нукутский муниципальный район,Иркутская область
1174,2024Q2,3,Осинский муниципальный район,Иркутская область
1175,2024Q2,3,Эхирит-Булагатский муниципальный район,Иркутская область
1176,2024Q2,2,городской округ город Калининград,Калининградская область
1178,2024Q2,1,городской округ Мамоновский,Калининградская область
1179,2024Q2,1,городской округ Пионерский,Калининградская область
1180,2024Q2,1,городской округ Светловский,Калининградская область
1181,2024Q2,1,городской округ Советский,Калининградская область
1184,2024Q2,1,городской округ Балтийский,Калининградская область
1185,2024Q2,1,муниципальный округ Гвардейский,Калининградская область
1186,2024Q2,2,муниципальный округ Гурьевский,Калининградская область
1187,2024Q2,1,городской округ Гусевский,Калининградская область
1188,2024Q2,2,муниципальный округ Зеленоградский,Калининградская область
1189,2024Q2,3,муниципальный округ Краснознаменский,Калининградская область
1190,2024Q2,2,городской округ Светлогорский,Калининградская область
1191,2024Q2,3,муниципальный округ Неманский,Калининградская область
1192,2024Q2,3,муниципальный округ Нестеровский,Калининградская область
1193,2024Q2,3,муниципальный округ Озерский,Калининградская область
1194,2024Q2,5,муниципальный округ Полесский,Калининградская область
1195,2024Q2,0,муниципальный округ Правдинский,Калининградская область
1196,2024Q2,3,муниципальный округ Славский,Калининградская область
1197,2024Q2,1,муниципальный округ Черняховский,Калининградская область
1198,2024Q2,2,городской округ город Калуга,Калужская область
1200,2024Q2,1,Бабынинский муниципальный район,Калужская область
1201,2024Q2,0,Барятинский муниципальный район,Калужская область
1203,2024Q2,1,Дзержинский муниципальный район,Калужская область
1204,2024Q2,0,Думиничский муниципальный район,Калужская область
1205,2024Q2,0,Жиздринский муниципальный район,Калужская область
1206,2024Q2,1,Жуковский муниципальный район,Калужская область
1207,2024Q2,1,Кировский муниципальный район,Калужская область
1208,2024Q2,0,Износковский муниципальный район,Калужская область
1209,2024Q2,1,Козельский муниципальный район,Калужская область
1210,2024Q2,0,Куйбышевский муниципальный район,Калужская область
1211,2024Q2,1,Людиновский муниципальный район,Калужская область
1212,2024Q2,2,Малоярославецкий муниципальный район,Калужская область
1213,2024Q2,1,Медынский муниципальный район,Калужская область
1214,2024Q2,0,Мещовский муниципальный район,Калужская область
1215,2024Q2,0,Мосальский муниципальный район,Калужская область
1217,2024Q2,0,Спас-Деменский муниципальный район,Калужская область
1218,2024Q2,0,Сухиничский муниципальный район,Калужская область
1219,2024Q2,1,Тарусский муниципальный район,Калужская область
1220,2024Q2,0,Ульяновский муниципальный район,Калужская область
1221,2024Q2,1,Ферзиковский муниципальный район,Калужская область
1222,2024Q2,0,Хвастовичский муниципальный район,Калужская область
1223,2024Q2,0,Юхновский муниципальный район,Калужская область
1224,2024Q2,2,городской округ Кемеровский,Кемеровская область
1225,2024Q2,2,городской округ Анжеро-Судженский,Кемеровская область
1226,2024Q2,2,городской округ Беловский,Кемеровская область
1227,2024Q2,1,городской округ Березовский,Кемеровская область
1228,2024Q2,1,городской округ Калтанский,Кемеровская область
1229,2024Q2,2,городской округ Киселевский,Кемеровская область
1230,2024Q2,2,городской округ Ленинск-Кузнецкий,Кемеровская область
1231,2024Q2,2,городской округ Междуреченский,Кемеровская область
1232,2024Q2,1,городской округ Мысковский,Кемеровская область
1233,2024Q2,2,городской округ Новокузнецкий,Кемеровская область
1234,2024Q2,2,городской округ Осинниковский,Кемеровская область
1235,2024Q2,2,городской округ Полысаевский,Кемеровская область
1236,2024Q2,2,городской округ Прокопьевский,Кемеровская область
1237,2024Q2,1,городской округ Тайгинский,Кемеровская область
1238,2024Q2,2,городской округ Юргинский,Кемеровская область
1240,2024Q2,3,Беловский муниципальный округ,Кемеровская область
1241,2024Q2,1,Гурьевский муниципальный округ,Кемеровская область
1242,2024Q2,0,Ижморский муниципальный округ,Кемеровская область
1243,2024Q2,2,Кемеровский муниципальный округ,Кемеровская область
1244,2024Q2,0,Крапивинский муниципальный округ,Кемеровская область
1246,2024Q2,3,Мариинский муниципальный округ,Кемеровская область
1249,2024Q2,3,Промышленновский муниципальный округ,Кемеровская область
1250,2024Q2,1,Таштагольский муниципальный район,Кемеровская область
1251,2024Q2,0,Тисульский муниципальный округ,Кемеровская область
1252,2024Q2,1,Топкинский муниципальный округ,Кемеровская область
1253,2024Q2,0,Тяжинский муниципальный округ,Кемеровская область
1254,2024Q2,3,Чебулинский муниципальный округ,Кемеровская область
1256,2024Q2,3,Яйский муниципальный округ,Кемеровская область
1257,2024Q2,1,Яшкинский муниципальный округ,Кемеровская область
1258,2024Q2,2,городской округ город Киров,Кировская область
1259,2024Q2,1,городской округ город Вятские Поляны,Кировская область
1260,2024Q2,2,городской округ город Кирово-Чепецк,Кировская область
1261,2024Q2,1,городской округ город Котельнич,Кировская область
1262,2024Q2,1,городской округ город Слободской,Кировская область
1264,2024Q2,0,муниципальный округ Арбажский,Кировская область
1265,2024Q2,3,муниципальный округ Афанасьевский,Кировская область
1266,2024Q2,0,Белохолуницкий муниципальный район,Кировская область
1267,2024Q2,0,муниципальный округ Богородский,Кировская область
1268,2024Q2,0,муниципальный округ Верхнекамский,Кировская область
1269,2024Q2,0,Верхошижемский муниципальный район,Кировская область
1270,2024Q2,1,Вятскополянский муниципальный район,Кировская область
1271,2024Q2,0,Даровской муниципальный район,Кировская область
1272,2024Q2,0,Зуевский муниципальный район,Кировская область
1273,2024Q2,0,муниципальный округ Кикнурский,Кировская область
1274,2024Q2,0,Кильмезский муниципальный район,Кировская область
1275,2024Q2,3,Кирово-Чепецкий муниципальный район,Кировская область
1276,2024Q2,0,Котельничский муниципальный район,Кировская область
1277,2024Q2,0,Куменский муниципальный район,Кировская область
1278,2024Q2,0,муниципальный округ Лебяжский,Кировская область
1279,2024Q2,0,муниципальный округ Лузский,Кировская область
1280,2024Q2,0,Малмыжский муниципальный район,Кировская область
1281,2024Q2,1,муниципальный округ Мурашинский,Кировская область
1282,2024Q2,0,Нагорский муниципальный район,Кировская область
1284,2024Q2,0,Нолинский муниципальный район,Кировская область
1285,2024Q2,1,Омутнинский муниципальный район,Кировская область
1286,2024Q2,0,муниципальный округ Опаринский,Кировская область
1287,2024Q2,1,Оричевский муниципальный район,Кировская область
1288,2024Q2,0,Орловский муниципальный район,Кировская область
1289,2024Q2,0,муниципальный округ Пижанский,Кировская область
1290,2024Q2,0,Подосиновский муниципальный район,Кировская область
1291,2024Q2,0,муниципальный округ Санчурский,Кировская область
1292,2024Q2,0,муниципальный округ Свечинский,Кировская область
1293,2024Q2,1,Слободской муниципальный район,Кировская область
1294,2024Q2,1,Советский муниципальный район,Кировская область
1295,2024Q2,0,Сунский муниципальный район,Кировская область
1296,2024Q2,0,Тужинский муниципальный район,Кировская область
1297,2024Q2,0,муниципальный округ Унинский,Кировская область
1298,2024Q2,0,Уржумский муниципальный район,Кировская область
1299,2024Q2,0,муниципальный округ Фаленский,Кировская область
1300,2024Q2,0,Шабалинский муниципальный район,Кировская область
1301,2024Q2,1,Юрьянский муниципальный район,Кировская область
1302,2024Q2,1,Яранский муниципальный район,Кировская область
1303,2024Q2,2,городской округ город Кострома,Костромская область
1304,2024Q2,1,городской округ город Буй,Костромская область
1305,2024Q2,1,городской округ город Волгореченск,Костромская область
1306,2024Q2,1,городской округ город Галич,Костромская область
1308,2024Q2,1,городской округ город Шарья,Костромская область
1309,2024Q2,0,Антроповский муниципальный район,Костромская область
1310,2024Q2,0,Буйский муниципальный район,Костромская область
1311,2024Q2,0,Вохомский муниципальный район,Костромская область
1312,2024Q2,0,Галичский муниципальный район,Костромская область
1313,2024Q2,0,Кадыйский муниципальный район,Костромская область
1314,2024Q2,0,Кологривский муниципальный округ,Костромская область
1315,2024Q2,2,Костромской муниципальный район,Костромская область
1316,2024Q2,1,Красносельский муниципальный район,Костромская область
1317,2024Q2,0,Макарьевский муниципальный район,Костромская область
1319,2024Q2,0,Межевской муниципальный округ,Костромская область
1320,2024Q2,0,Нейский муниципальный округ,Костромская область
1321,2024Q2,1,муниципальный район город Нерехта и Нерехтский район,Костромская область
1322,2024Q2,0,Октябрьский муниципальный район,Костромская область
1323,2024Q2,0,Островский муниципальный округ,Костромская область
1324,2024Q2,0,Павинский муниципальный округ,Костромская область
1325,2024Q2,0,Парфеньевский муниципальный округ,Костромская область
1326,2024Q2,0,Поназыревский муниципальный округ,Костромская область
1327,2024Q2,0,Пыщугский муниципальный округ,Костромская область
1328,2024Q2,0,Солигаличский муниципальный округ,Костромская область
1329,2024Q2,0,Судиславский муниципальный район,Костромская область
1330,2024Q2,0,Сусанинский муниципальный район,Костромская область
1331,2024Q2,0,Чухломский муниципальный район,Костромская область
1332,2024Q2,0,Шарьинский муниципальный район,Костромская область
1333,2024Q2,2,городской округ город Курган,Курганская область
1334,2024Q2,1,городской округ город Шадринск,Курганская область
1335,2024Q2,0,Альменевский муниципальный округ,Курганская область
1336,2024Q2,0,Белозерский муниципальный округ,Курганская область
1337,2024Q2,0,Варгашинский муниципальный округ,Курганская область
1338,2024Q2,0,Далматовский муниципальный округ,Курганская область
1339,2024Q2,0,Звериноголовский муниципальный округ,Курганская область
1340,2024Q2,0,Каргапольский муниципальный округ,Курганская область
1341,2024Q2,0,Катайский муниципальный округ,Курганская область
1343,2024Q2,0,Куртамышский муниципальный округ,Курганская область
1344,2024Q2,0,Лебяжьевский муниципальный округ,Курганская область
1345,2024Q2,0,муниципальный округ Макушинский,Курганская область
1346,2024Q2,0,Мишкинский муниципальный округ,Курганская область
1347,2024Q2,0,Мокроусовский муниципальный округ,Курганская область
1348,2024Q2,0,Петуховский муниципальный округ,Курганская область
1349,2024Q2,0,Половинский муниципальный округ,Курганская область
1350,2024Q2,0,Притобольный муниципальный округ,Курганская область
1351,2024Q2,0,Сафакулевский муниципальный округ,Курганская область
1352,2024Q2,0,Целинный муниципальный округ,Курганская область
1353,2024Q2,0,Частоозерский муниципальный округ,Курганская область
1355,2024Q2,0,Шатровский муниципальный округ,Курганская область
1356,2024Q2,0,муниципальный округ Шумихинский,Курганская область
1357,2024Q2,0,Щучанский муниципальный округ,Курганская область
1358,2024Q2,0,Юргамышский муниципальный округ,Курганская область
1392,2024Q2,1,Бокситогорский муниципальный район,Ленинградская область
1393,2024Q2,1,Волосовский муниципальный район,Ленинградская область
1394,2024Q2,1,Волховский муниципальный район,Ленинградская область
1395,2024Q2,2,Всеволожский муниципальный район,Ленинградская область
1396,2024Q2,2,Выборгский муниципальный район,Ленинградская область
1397,2024Q2,2,Гатчинский муниципальный район,Ленинградская область
1398,2024Q2,2,Кингисеппский муниципальный район,Ленинградская область
1399,2024Q2,1,Киришский муниципальный район,Ленинградская область
1400,2024Q2,2,Кировский муниципальный район,Ленинградская область
1401,2024Q2,1,Лодейнопольский муниципальный район,Ленинградская область
1402,2024Q2,2,Ломоносовский муниципальный район,Ленинградская область
1403,2024Q2,2,Лужский муниципальный район,Ленинградская область
1404,2024Q2,1,Подпорожский муниципальный район,Ленинградская область
1405,2024Q2,1,Приозерский муниципальный район,Ленинградская область
1406,2024Q2,1,Сланцевский муниципальный район,Ленинградская область
1407,2024Q2,1,Тихвинский муниципальный район,Ленинградская область
1408,2024Q2,2,Тосненский муниципальный район,Ленинградская область
1409,2024Q2,2,городской округ Сосновоборский,Ленинградская область
1410,2024Q2,2,городской округ город Липецк,Липецкая область
1411,2024Q2,2,городской округ город Елец,Липецкая область
1412,2024Q2,0,Воловский муниципальный район,Липецкая область
1413,2024Q2,1,Грязинский муниципальный район,Липецкая область
1414,2024Q2,1,Данковский муниципальный район,Липецкая область
1415,2024Q2,0,Добринский муниципальный район,Липецкая область
1416,2024Q2,0,Добровский муниципальный район,Липецкая область
1417,2024Q2,0,Долгоруковский муниципальный район,Липецкая область
1419,2024Q2,0,Задонский муниципальный район,Липецкая область
1420,2024Q2,0,Измалковский муниципальный район,Липецкая область
1421,2024Q2,0,Краснинский муниципальный район,Липецкая область
1422,2024Q2,1,Лебедянский муниципальный район,Липецкая область
1423,2024Q2,0,Лев-Толстовский муниципальный район,Липецкая область
1425,2024Q2,0,Становлянский муниципальный район,Липецкая область
1426,2024Q2,0,Тербунский муниципальный район,Липецкая область
1427,2024Q2,1,Усманский муниципальный район,Липецкая область
1428,2024Q2,0,Хлевенский муниципальный район,Липецкая область
1429,2024Q2,0,Чаплыгинский муниципальный район,Липецкая область
1430,2024Q2,4,городской округ город Магадан,Магаданская область
1431,2024Q2,4,муниципальный округ Ольский,Магаданская область
1434,2024Q2,4,муниципальный округ Среднеканский,Магаданская область
1435,2024Q2,4,муниципальный округ Сусуманский,Магаданская область
1437,2024Q2,4,муниципальный округ Хасынский,Магаданская область
1438,2024Q2,4,муниципальный округ Ягоднинский,Магаданская область
1439,2024Q2,2,городской округ Балашиха,Московская область
1440,2024Q2,2,городской округ Бронницы,Московская область
1443,2024Q2,2,городской округ Дзержинский,Московская область
1444,2024Q2,2,городской округ Долгопрудный,Московская область
1445,2024Q2,2,городской округ Домодедово,Московская область
1446,2024Q2,2,городской округ Дубна,Московская область
1447,2024Q2,2,городской округ Егорьевск,Московская область
1448,2024Q2,2,городской округ Жуковский,Московская область
1449,2024Q2,1,городской округ Зарайск,Московская область
1453,2024Q2,2,городской округ Истра,Московская область
1454,2024Q2,2,городской округ Кашира,Московская область
1456,2024Q2,2,городской округ Королёв,Московская область
1457,2024Q2,2,городской округ Котельники,Московская область
1459,2024Q2,2,городской округ Красногорск,Московская область
1461,2024Q2,2,городской округ Лобня,Московская область
1463,2024Q2,2,городской округ Луховицы,Московская область
1464,2024Q2,2,городской округ Лыткарино,Московская область
1465,2024Q2,2,городской округ Люберцы,Московская область
1467,2024Q2,2,городской округ Мытищи,Московская область
1468,2024Q2,2,городской округ Наро-Фоминский,Московская область
1472,2024Q2,2,городской округ Подольск,Московская область
1473,2024Q2,1,городской округ Протвино,Московская область
1474,2024Q2,1,городской округ Пущино,Московская область
1475,2024Q2,2,городской округ Реутов,Московская область
1477,2024Q2,2,городской округ Рузский,Московская область
1478,2024Q2,1,городской округ Серебряные Пруды,Московская область
1480,2024Q2,2,городской округ Ступино,Московская область
1481,2024Q2,2,городской округ Фрязино,Московская область
1483,2024Q2,1,городской округ Черноголовка,Московская область
1484,2024Q2,2,городской округ Чехов,Московская область
1486,2024Q2,1,городской округ Шаховская,Московская область
1488,2024Q2,2,городской округ Электросталь,Московская область
1489,2024Q2,2,городской округ Волоколамский,Московская область
1490,2024Q2,2,городской округ Воскресенск,Московская область
1491,2024Q2,2,городской округ Дмитровский,Московская область
1492,2024Q2,2,городской округ Клин,Московская область
1493,2024Q2,2,городской округ Ленинский,Московская область
1494,2024Q2,1,городской округ Лотошино,Московская область
1495,2024Q2,2,городской округ Можайский,Московская область
1496,2024Q2,2,городской округ Богородский,Московская область
1500,2024Q2,2,городской округ Раменский,Московская область
1501,2024Q2,2,городской округ Сергиево-Посадский,Московская область
1504,2024Q2,1,городской округ Талдомский,Московская область
1506,2024Q2,2,городской округ город Мурманск,Мурманская область
1507,2024Q2,2,муниципальный округ город Апатиты,Мурманская область
1508,2024Q2,4,муниципальный округ город Кировск,Мурманская область
1509,2024Q2,1,муниципальный округ город Мончегорск,Мурманская область
1510,2024Q2,1,муниципальный округ город Оленегорск,Мурманская область
1511,2024Q2,1,муниципальный округ город Полярные Зори,Мурманская область
1512,2024Q2,1,Ковдорский муниципальный округ,Мурманская область
1518,2024Q2,1,Кандалакшский муниципальный район,Мурманская область
1519,2024Q2,4,Кольский муниципальный район,Мурманская область
1520,2024Q2,1,Ловозерский муниципальный район,Мурманская область
1521,2024Q2,4,Печенгский муниципальный округ,Мурманская область
1522,2024Q2,1,Терский муниципальный район,Мурманская область
1523,2024Q2,2,городской округ город Нижний Новгород,Нижегородская область
1525,2024Q2,2,городской округ город Бор,Нижегородская область
1526,2024Q2,2,городской округ город Выкса,Нижегородская область
1527,2024Q2,2,городской округ город Дзержинск,Нижегородская область
1528,2024Q2,1,городской округ город Кулебаки,Нижегородская область
1529,2024Q2,1,городской округ Навашинский,Нижегородская область
1530,2024Q2,0,городской округ Перевозский,Нижегородская область
1532,2024Q2,1,городской округ Семеновский,Нижегородская область
1533,2024Q2,1,городской округ город Шахунья,Нижегородская область
1534,2024Q2,0,городской округ город Первомайск,Нижегородская область
1535,2024Q2,0,городской округ Сокольский,Нижегородская область
1536,2024Q2,0,городской округ город Чкаловск,Нижегородская область
1537,2024Q2,0,Ардатовский муниципальный округ,Нижегородская область
1539,2024Q2,2,Балахнинский муниципальный округ,Нижегородская область
1540,2024Q2,2,Богородский муниципальный округ,Нижегородская область
1541,2024Q2,0,Большеболдинский муниципальный округ,Нижегородская область
1542,2024Q2,0,Большемурашкинский муниципальный округ,Нижегородская область
1543,2024Q2,0,Бутурлинский муниципальный округ,Нижегородская область
1544,2024Q2,0,Вадский муниципальный округ,Нижегородская область
1545,2024Q2,0,Варнавинский муниципальный округ,Нижегородская область
1546,2024Q2,0,Вачский муниципальный округ,Нижегородская область
1547,2024Q2,0,Ветлужский муниципальный округ,Нижегородская область
1548,2024Q2,0,Вознесенский муниципальный округ,Нижегородская область
1549,2024Q2,1,Володарский муниципальный округ,Нижегородская область
1550,2024Q2,0,городской округ Воротынский,Нижегородская область
1551,2024Q2,0,Воскресенский муниципальный округ,Нижегородская область
1552,2024Q2,0,Гагинский муниципальный округ,Нижегородская область
1553,2024Q2,1,Городецкий муниципальный округ,Нижегородская область
1554,2024Q2,0,Дальнеконстантиновский муниципальный округ,Нижегородская область
1555,2024Q2,0,Дивеевский муниципальный округ,Нижегородская область
1556,2024Q2,1,Княгининский муниципальный округ,Нижегородская область
1557,2024Q2,0,Ковернинский муниципальный округ,Нижегородская область
1558,2024Q2,3,Краснобаковский муниципальный округ,Нижегородская область
1559,2024Q2,0,Краснооктябрьский муниципальный округ,Нижегородская область
1560,2024Q2,2,Кстовский муниципальный округ,Нижегородская область
1561,2024Q2,0,Лукояновский муниципальный округ,Нижегородская область
1562,2024Q2,1,Лысковский муниципальный округ,Нижегородская область
1563,2024Q2,2,Павловский муниципальный округ,Нижегородская область
1564,2024Q2,0,Пильнинский муниципальный округ,Нижегородская область
1565,2024Q2,0,Починковский муниципальный округ,Нижегородская область
1566,2024Q2,1,Сергачский муниципальный округ,Нижегородская область
1567,2024Q2,0,Сеченовский муниципальный округ,Нижегородская область
1568,2024Q2,1,Сосновский муниципальный округ,Нижегородская область
1569,2024Q2,0,Спасский муниципальный округ,Нижегородская область
1570,2024Q2,0,Тонкинский муниципальный округ,Нижегородская область
1571,2024Q2,0,Тоншаевский муниципальный округ,Нижегородская область
1572,2024Q2,3,Уренский муниципальный округ,Нижегородская область
1573,2024Q2,0,Шарангский муниципальный округ,Нижегородская область
1574,2024Q2,0,Шатковский муниципальный округ,Нижегородская область
1575,2024Q2,2,городской округ Великий Новгород,Новгородская область
1577,2024Q2,2,Боровичский муниципальный район,Новгородская область
1578,2024Q2,1,Валдайский муниципальный район,Новгородская область
1579,2024Q2,0,муниципальный округ Волотовский,Новгородская область
1580,2024Q2,0,муниципальный округ Демянский,Новгородская область
1581,2024Q2,0,муниципальный округ Крестецкий,Новгородская область
1582,2024Q2,0,Любытинский муниципальный район,Новгородская область
1583,2024Q2,1,Маловишерский муниципальный район,Новгородская область
1584,2024Q2,0,муниципальный округ Марёвский,Новгородская область
1585,2024Q2,0,муниципальный округ Мошенской,Новгородская область
1586,2024Q2,2,Новгородский муниципальный район,Новгородская область
1587,2024Q2,1,Окуловский муниципальный район,Новгородская область
1588,2024Q2,1,Парфинский муниципальный район,Новгородская область
1589,2024Q2,1,муниципальный округ Пестовский,Новгородская область
1590,2024Q2,0,Поддорский муниципальный район,Новгородская область
1591,2024Q2,0,муниципальный округ Солецкий,Новгородская область
1592,2024Q2,1,Старорусский муниципальный район,Новгородская область
1593,2024Q2,0,муниципальный округ Хвойнинский,Новгородская область
1594,2024Q2,0,Холмский муниципальный район,Новгородская область
1595,2024Q2,1,Чудовский муниципальный район,Новгородская область
1596,2024Q2,0,Шимский муниципальный район,Новгородская область
1597,2024Q2,2,городской округ город Новосибирск,Новосибирская область
1598,2024Q2,2,городской округ город Бердск,Новосибирская область
1599,2024Q2,2,городской округ город Искитим,Новосибирская область
1600,2024Q2,2,городской округ город Обь,Новосибирская область
1601,2024Q2,2,городской округ рабочий поселок Кольцово,Новосибирская область
1602,2024Q2,3,Баганский муниципальный район,Новосибирская область
1603,2024Q2,3,Барабинский муниципальный район,Новосибирская область
1604,2024Q2,3,Болотнинский муниципальный район,Новосибирская область
1605,2024Q2,0,Венгеровский муниципальный район,Новосибирская область
1606,2024Q2,0,Доволенский муниципальный район,Новосибирская область
1607,2024Q2,0,Здвинский муниципальный район,Новосибирская область
1608,2024Q2,1,Искитимский муниципальный район,Новосибирская область
1609,2024Q2,3,Карасукский муниципальный район,Новосибирская область
1610,2024Q2,0,Каргатский муниципальный район,Новосибирская область
1611,2024Q2,0,Колыванский муниципальный район,Новосибирская область
1612,2024Q2,1,Коченевский муниципальный район,Новосибирская область
1613,2024Q2,0,Кочковский муниципальный район,Новосибирская область
1614,2024Q2,0,Краснозерский муниципальный район,Новосибирская область
1615,2024Q2,1,Куйбышевский муниципальный район,Новосибирская область
1616,2024Q2,0,Купинский муниципальный район,Новосибирская область
1617,2024Q2,0,Кыштовский муниципальный район,Новосибирская область
1618,2024Q2,3,Маслянинский муниципальный район,Новосибирская область
1619,2024Q2,3,Мошковский муниципальный район,Новосибирская область
1620,2024Q2,2,Новосибирский муниципальный район,Новосибирская область
1621,2024Q2,0,Ордынский муниципальный район,Новосибирская область
1622,2024Q2,0,Северный муниципальный район,Новосибирская область
1623,2024Q2,3,Сузунский муниципальный район,Новосибирская область
1624,2024Q2,1,Татарский муниципальный район,Новосибирская область
1625,2024Q2,3,Тогучинский муниципальный район,Новосибирская область
1626,2024Q2,0,Убинский муниципальный район,Новосибирская область
1627,2024Q2,0,Усть-Таркский муниципальный район,Новосибирская область
1628,2024Q2,3,Чановский муниципальный район,Новосибирская область
1629,2024Q2,1,Черепановский муниципальный район,Новосибирская область
1630,2024Q2,0,Чистоозерный муниципальный район,Новосибирская область
1631,2024Q2,3,Чулымский муниципальный район,Новосибирская область
1632,2024Q2,2,городской округ город Омск,Омская область
1633,2024Q2,3,Азовский немецкий национальный муниципальный район,Омская область
1634,2024Q2,0,Большереченский муниципальный район,Омская область
1635,2024Q2,0,Большеуковский муниципальный район,Омская область
1636,2024Q2,0,Горьковский муниципальный район,Омская область
1637,2024Q2,0,Знаменский муниципальный район,Омская область
1638,2024Q2,3,Исилькульский муниципальный район,Омская область
1639,2024Q2,1,Калачинский муниципальный район,Омская область
1640,2024Q2,0,Колосовский муниципальный район,Омская область
1641,2024Q2,0,Кормиловский муниципальный район,Омская область
1642,2024Q2,0,Крутинский муниципальный район,Омская область
1643,2024Q2,1,Любинский муниципальный район,Омская область
1644,2024Q2,0,Марьяновский муниципальный район,Омская область
1645,2024Q2,3,Москаленский муниципальный район,Омская область
1646,2024Q2,0,Муромцевский муниципальный район,Омская область
1647,2024Q2,0,Называевский муниципальный район,Омская область
1648,2024Q2,0,Нижнеомский муниципальный район,Омская область
1649,2024Q2,0,Нововаршавский муниципальный район,Омская область
1650,2024Q2,3,Одесский муниципальный район,Омская область
1651,2024Q2,0,Оконешниковский муниципальный район,Омская область
1652,2024Q2,2,Омский муниципальный район,Омская область
1653,2024Q2,0,Павлоградский муниципальный район,Омская область
1654,2024Q2,3,Полтавский муниципальный район,Омская область
1655,2024Q2,0,Русско-Полянский муниципальный район,Омская область
1656,2024Q2,0,Саргатский муниципальный район,Омская область
1657,2024Q2,0,Седельниковский муниципальный район,Омская область
1658,2024Q2,3,Таврический муниципальный район,Омская область
1659,2024Q2,3,Тарский муниципальный район,Омская область
1660,2024Q2,0,Тевризский муниципальный район,Омская область
1661,2024Q2,0,Тюкалинский муниципальный район,Омская область
1662,2024Q2,3,Усть-Ишимский муниципальный район,Омская область
1663,2024Q2,0,Черлакский муниципальный район,Омская область
1664,2024Q2,0,Шербакульский муниципальный район,Омская область
1665,2024Q2,2,городской округ город Оренбург,Оренбургская область
1666,2024Q2,0,городской округ Абдулинский,Оренбургская область
1667,2024Q2,2,городской округ город Бугуруслан,Оренбургская область
1668,2024Q2,2,городской округ город Бузулук,Оренбургская область
1669,2024Q2,1,городской округ Гайский,Оренбургская область
1670,2024Q2,1,городской округ Кувандыкский,Оренбургская область
1671,2024Q2,1,городской округ город Медногорск,Оренбургская область
1672,2024Q2,1,городской округ город Новотроицк,Оренбургская область
1673,2024Q2,2,городской округ город Орск,Оренбургская область
1674,2024Q2,1,городской округ Соль-Илецкий,Оренбургская область
1675,2024Q2,1,городской округ Сорочинский,Оренбургская область
1676,2024Q2,1,городской округ Ясненский,Оренбургская область
1678,2024Q2,0,Адамовский муниципальный район,Оренбургская область
1679,2024Q2,3,Акбулакский муниципальный район,Оренбургская область
1680,2024Q2,0,Александровский муниципальный район,Оренбургская область
1681,2024Q2,0,Асекеевский муниципальный район,Оренбургская область
1682,2024Q2,0,Беляевский муниципальный район,Оренбургская область
1683,2024Q2,5,Бугурусланский муниципальный район,Оренбургская область
1685,2024Q2,0,Грачёвский муниципальный район,Оренбургская область
1686,2024Q2,1,Домбаровский муниципальный район,Оренбургская область
1687,2024Q2,3,Илекский муниципальный район,Оренбургская область
1688,2024Q2,0,Кваркенский муниципальный район,Оренбургская область
1689,2024Q2,0,Красногвардейский муниципальный район,Оренбургская область
1690,2024Q2,0,Курманаевский муниципальный район,Оренбургская область
1691,2024Q2,0,Матвеевский муниципальный район,Оренбургская область
1692,2024Q2,1,Новоорский муниципальный район,Оренбургская область
1693,2024Q2,0,Новосергиевский муниципальный район,Оренбургская область
1694,2024Q2,0,Октябрьский муниципальный район,Оренбургская область
1696,2024Q2,0,Первомайский муниципальный район,Оренбургская область
1697,2024Q2,0,Переволоцкий муниципальный район,Оренбургская область
1698,2024Q2,0,Пономарёвский муниципальный район,Оренбургская область
1699,2024Q2,0,Сакмарский муниципальный район,Оренбургская область
1700,2024Q2,3,Саракташский муниципальный район,Оренбургская область
1701,2024Q2,1,Светлинский муниципальный район,Оренбургская область
1702,2024Q2,0,Северный муниципальный район,Оренбургская область
1703,2024Q2,3,Ташлинский муниципальный район,Оренбургская область
1704,2024Q2,3,Тоцкий муниципальный район,Оренбургская область
1705,2024Q2,0,Тюльганский муниципальный район,Оренбургская область
1706,2024Q2,0,Шарлыкский муниципальный район,Оренбургская область
1707,2024Q2,2,городской округ город Орёл,Орловская область
1708,2024Q2,1,городской округ город Ливны,Орловская область
1709,2024Q2,1,городской округ город Мценск,Орловская область
1710,2024Q2,0,Болховский муниципальный район,Орловская область
1711,2024Q2,0,Верховский муниципальный район,Орловская область
1712,2024Q2,0,Глазуновский муниципальный район,Орловская область
1714,2024Q2,0,Должанский муниципальный район,Орловская область
1715,2024Q2,0,Залегощенский муниципальный район,Орловская область
1717,2024Q2,0,Колпнянский муниципальный район,Орловская область
1718,2024Q2,0,Краснозоренский муниципальный район,Орловская область
1719,2024Q2,1,Кромской муниципальный район,Орловская область
1722,2024Q2,0,Малоархангельский муниципальный район,Орловская область
1724,2024Q2,0,Новодеревеньковский муниципальный район,Орловская область
1725,2024Q2,0,Новосильский муниципальный район,Орловская область
1726,2024Q2,2,муниципальный округ Орловский,Орловская область
1727,2024Q2,0,Покровский муниципальный район,Орловская область
1728,2024Q2,0,Свердловский муниципальный район,Орловская область
1730,2024Q2,0,Троснянский муниципальный район,Орловская область
1731,2024Q2,1,Урицкий муниципальный район,Орловская область
1732,2024Q2,0,Хотынецкий муниципальный район,Орловская область
1733,2024Q2,0,Шаблыкинский муниципальный район,Орловская область
1737,2024Q2,0,Башмаковский муниципальный район,Пензенская область
1738,2024Q2,0,Бековский муниципальный район,Пензенская область
1739,2024Q2,0,Белинский муниципальный район,Пензенская область
1740,2024Q2,5,Бессоновский муниципальный район,Пензенская область
1741,2024Q2,0,Вадинский муниципальный район,Пензенская область
1742,2024Q2,5,Городищенский муниципальный район,Пензенская область
1743,2024Q2,0,Земетчинский муниципальный район,Пензенская область
1744,2024Q2,0,Иссинский муниципальный район,Пензенская область
1745,2024Q2,0,Каменский муниципальный район,Пензенская область
1746,2024Q2,0,Камешкирский муниципальный район,Пензенская область
1747,2024Q2,0,Колышлейский муниципальный район,Пензенская область
1749,2024Q2,0,Лопатинский муниципальный район,Пензенская область
1750,2024Q2,0,Лунинский муниципальный район,Пензенская область
1751,2024Q2,0,Малосердобинский муниципальный район,Пензенская область
1752,2024Q2,0,Мокшанский муниципальный район,Пензенская область
1753,2024Q2,0,Наровчатский муниципальный район,Пензенская область
1754,2024Q2,0,Неверкинский муниципальный район,Пензенская область
1755,2024Q2,0,Нижнеломовский муниципальный район,Пензенская область
1756,2024Q2,0,Никольский муниципальный район,Пензенская область
1757,2024Q2,0,Пачелмский муниципальный район,Пензенская область
1758,2024Q2,2,Пензенский муниципальный район,Пензенская область
1759,2024Q2,1,Сердобский муниципальный район,Пензенская область
1760,2024Q2,0,Сосновоборский муниципальный район,Пензенская область
1761,2024Q2,0,Спасский муниципальный район,Пензенская область
1762,2024Q2,0,Тамалинский муниципальный район,Пензенская область
1764,2024Q2,2,городской округ город Псков,Псковская область
1765,2024Q2,2,городской округ город Великие Луки,Псковская область
1766,2024Q2,0,Бежаницкий муниципальный район,Псковская область
1768,2024Q2,0,Гдовский муниципальный район,Псковская область
1769,2024Q2,0,Дедовичский муниципальный район,Псковская область
1770,2024Q2,1,Дновский муниципальный район,Псковская область
1771,2024Q2,0,муниципальный округ Красногородский,Псковская область
1773,2024Q2,0,муниципальный округ Локнянский,Псковская область
1774,2024Q2,0,муниципальный округ Невельский,Псковская область
1775,2024Q2,0,муниципальный округ Новоржевский,Псковская область
1776,2024Q2,0,Новосокольнический муниципальный район,Псковская область
1777,2024Q2,0,муниципальный округ Опочецкий,Псковская область
1778,2024Q2,1,Островский муниципальный район,Псковская область
1780,2024Q2,0,муниципальный округ Печорский,Псковская область
1781,2024Q2,0,Плюсский муниципальный район,Псковская область
1782,2024Q2,0,Порховский муниципальный район,Псковская область
1783,2024Q2,2,Псковский муниципальный район,Псковская область
1784,2024Q2,0,Пустошкинский муниципальный район,Псковская область
1785,2024Q2,1,Пушкиногорский муниципальный район,Псковская область
1786,2024Q2,1,муниципальный округ Пыталовский,Псковская область
1787,2024Q2,0,Себежский муниципальный район,Псковская область
1788,2024Q2,1,муниципальный округ Струго-Красненский,Псковская область
1845,2024Q2,2,городской округ город Рязань,Рязанская область
1846,2024Q2,1,городской округ город Касимов,Рязанская область
1848,2024Q2,0,городской округ город Скопин,Рязанская область
1849,2024Q2,0,Ермишинский муниципальный район,Рязанская область
1850,2024Q2,0,Захаровский муниципальный район,Рязанская область
1851,2024Q2,0,Кадомский муниципальный район,Рязанская область
1852,2024Q2,0,Касимовский муниципальный район,Рязанская область
1853,2024Q2,0,Клепиковский муниципальный район,Рязанская область
1854,2024Q2,0,Кораблинский муниципальный район,Рязанская область
1855,2024Q2,0,Милославский муниципальный район,Рязанская область
1856,2024Q2,0,Михайловский муниципальный район,Рязанская область
1857,2024Q2,0,Александро-Невский муниципальный район,Рязанская область
1858,2024Q2,0,Пителинский муниципальный район,Рязанская область
1859,2024Q2,1,Пронский муниципальный район,Рязанская область
1860,2024Q2,0,Путятинский муниципальный округ,Рязанская область
1861,2024Q2,1,Рыбновский муниципальный район,Рязанская область
1862,2024Q2,0,Ряжский муниципальный округ,Рязанская область
1863,2024Q2,2,Рязанский муниципальный район,Рязанская область
1864,2024Q2,0,Сапожковский муниципальный район,Рязанская область
1865,2024Q2,0,Сараевский муниципальный район,Рязанская область
1868,2024Q2,0,Спасский муниципальный район,Рязанская область
1869,2024Q2,0,Старожиловский муниципальный район,Рязанская область
1870,2024Q2,0,Ухоловский муниципальный район,Рязанская область
1871,2024Q2,0,Чучковский муниципальный район,Рязанская область
1872,2024Q2,0,Шацкий муниципальный район,Рязанская область
1873,2024Q2,0,Шиловский муниципальный район,Рязанская область
1874,2024Q2,2,городской округ Самара,Самарская область
1875,2024Q2,2,городской округ Жигулевск,Самарская область
1876,2024Q2,2,городской округ Кинель,Самарская область
1877,2024Q2,2,городской округ Новокуйбышевск,Самарская область
1878,2024Q2,1,городской округ Октябрьск,Самарская область
1879,2024Q2,2,городской округ Отрадный,Самарская область
1880,2024Q2,1,городской округ Похвистнево,Самарская область
1881,2024Q2,2,городской округ Сызрань,Самарская область
1883,2024Q2,1,городской округ Чапаевск,Самарская область
1884,2024Q2,0,Алексеевский муниципальный район,Самарская область
1885,2024Q2,1,Безенчукский муниципальный район,Самарская область
1886,2024Q2,0,Богатовский муниципальный район,Самарская область
1887,2024Q2,0,Большеглушицкий муниципальный район,Самарская область
1888,2024Q2,0,Большечерниговский муниципальный район,Самарская область
1889,2024Q2,0,Борский муниципальный район,Самарская область
1890,2024Q2,2,Волжский муниципальный район,Самарская область
1891,2024Q2,0,Елховский муниципальный район,Самарская область
1892,2024Q2,0,Исаклинский муниципальный район,Самарская область
1893,2024Q2,0,Камышлинский муниципальный район,Самарская область
1894,2024Q2,1,Кинельский муниципальный район,Самарская область
1895,2024Q2,0,Кинель-Черкасский муниципальный район,Самарская область
1896,2024Q2,0,Клявлинский муниципальный район,Самарская область
1897,2024Q2,0,Кошкинский муниципальный район,Самарская область
1898,2024Q2,0,Красноармейский муниципальный район,Самарская область
1899,2024Q2,1,Красноярский муниципальный район,Самарская область
1900,2024Q2,1,Нефтегорский муниципальный район,Самарская область
1901,2024Q2,0,Пестравский муниципальный район,Самарская область
1902,2024Q2,0,Похвистневский муниципальный район,Самарская область
1903,2024Q2,0,Приволжский муниципальный район,Самарская область
1904,2024Q2,1,Сергиевский муниципальный район,Самарская область
1905,2024Q2,2,Ставропольский муниципальный район,Самарская область
1906,2024Q2,1,Сызранский муниципальный район,Самарская область
1907,2024Q2,0,Хворостянский муниципальный район,Самарская область
1908,2024Q2,0,Челно-Вершинский муниципальный район,Самарская область
1909,2024Q2,0,Шенталинский муниципальный район,Самарская область
1910,2024Q2,0,Шигонский муниципальный район,Самарская область
1912,2024Q2,1,городской округ город Шиханы,Саратовская область
1915,2024Q2,0,Александрово-Гайский муниципальный район,Саратовская область
1916,2024Q2,0,Аркадакский муниципальный район,Саратовская область
1917,2024Q2,0,Аткарский муниципальный район,Саратовская область
1918,2024Q2,0,Базарно-Карабулакский муниципальный район,Саратовская область
1919,2024Q2,2,Балаковский муниципальный район,Саратовская область
1920,2024Q2,5,Балашовский муниципальный район,Саратовская область
1921,2024Q2,0,Балтайский муниципальный район,Саратовская область
1922,2024Q2,1,Вольский муниципальный район,Саратовская область
1923,2024Q2,0,Воскресенский муниципальный район,Саратовская область
1924,2024Q2,0,Дергачевский муниципальный район,Саратовская область
1925,2024Q2,0,Духовницкий муниципальный район,Саратовская область
1926,2024Q2,0,Екатериновский муниципальный район,Саратовская область
1927,2024Q2,0,Ершовский муниципальный район,Саратовская область
1928,2024Q2,0,Ивантеевский муниципальный район,Саратовская область
1929,2024Q2,0,Калининский муниципальный район,Саратовская область
1930,2024Q2,0,Красноармейский муниципальный район,Саратовская область
1931,2024Q2,0,Краснокутский муниципальный район,Саратовская область
1932,2024Q2,0,Краснопартизанский муниципальный район,Саратовская область
1933,2024Q2,0,Лысогорский муниципальный район,Саратовская область
1934,2024Q2,1,Марксовский муниципальный район,Саратовская область
1935,2024Q2,0,Новобурасский муниципальный район,Саратовская область
1936,2024Q2,5,Новоузенский муниципальный район,Саратовская область
1937,2024Q2,0,Озинский муниципальный район,Саратовская область
1938,2024Q2,0,Перелюбский муниципальный район,Саратовская область
1939,2024Q2,1,Петровский муниципальный район,Саратовская область
1940,2024Q2,0,Питерский муниципальный район,Саратовская область
1941,2024Q2,0,Пугачевский муниципальный район,Саратовская область
1942,2024Q2,0,Ровенский муниципальный район,Саратовская область
1943,2024Q2,0,Романовский муниципальный район,Саратовская область
1944,2024Q2,1,Ртищевский муниципальный район,Саратовская область
1945,2024Q2,0,Самойловский муниципальный район,Саратовская область
1947,2024Q2,1,Советский муниципальный район,Саратовская область
1948,2024Q2,0,Татищевский муниципальный район,Саратовская область
1949,2024Q2,0,Турковский муниципальный район,Саратовская область
1950,2024Q2,0,Федоровский муниципальный район,Саратовская область
1951,2024Q2,0,Хвалынский муниципальный район,Саратовская область
1952,2024Q2,2,Энгельсский муниципальный район,Саратовская область
1954,2024Q2,4,городской округ Александровск-Сахалинский район,Сахалинская область
1955,2024Q2,4,городской округ Анивский,Сахалинская область
1956,2024Q2,4,городской округ Долинский,Сахалинская область
1957,2024Q2,4,городской округ Корсаковский,Сахалинская область
1958,2024Q2,4,городской округ Курильский,Сахалинская область
1959,2024Q2,4,городской округ Макаровский,Сахалинская область
1960,2024Q2,4,городской округ Невельский,Сахалинская область
1961,2024Q2,4,городской округ Ногликский,Сахалинская область
1962,2024Q2,4,городской округ Охинский,Сахалинская область
1963,2024Q2,4,городской округ Поронайский,Сахалинская область
1965,2024Q2,4,городской округ Смирныховский,Сахалинская область
1966,2024Q2,4,городской округ Томаринский,Сахалинская область
1967,2024Q2,4,городской округ Тымовский,Сахалинская область
1968,2024Q2,4,городской округ Углегорский,Сахалинская область
1969,2024Q2,4,городской округ Холмский,Сахалинская область
1970,2024Q2,4,городской округ Южно-Курильский,Сахалинская область
1971,2024Q2,2,городской округ город Екатеринбург,Свердловская область
1972,2024Q2,1,городской округ город Алапаевск,Свердловская область
1973,2024Q2,1,городской округ Артемовский,Свердловская область
1974,2024Q2,2,городской округ Асбестовский,Свердловская область
1975,2024Q2,1,городской округ Малышевский,Свердловская область
1976,2024Q2,1,городской округ Рефтинский,Свердловская область
1977,2024Q2,2,городской округ Березовский,Свердловская область
1978,2024Q2,1,городской округ Богданович,Свердловская область
1979,2024Q2,2,городской округ Верхняя Пышма,Свердловская область
1980,2024Q2,2,городской округ Среднеуральск,Свердловская область
1981,2024Q2,1,городской округ Верхнесалдинский,Свердловская область
1982,2024Q2,1,городской округ Заречный,Свердловская область
1983,2024Q2,1,городской округ Ивдельский,Свердловская область
1984,2024Q2,1,городской округ Пелым,Свердловская область
1985,2024Q2,2,городской округ город Ирбит,Свердловская область
1986,2024Q2,2,городской округ город Каменск-Уральский,Свердловская область
1987,2024Q2,2,городской округ Камышловский,Свердловская область
1988,2024Q2,1,городской округ Карпинск,Свердловская область
1989,2024Q2,1,городской округ Волчанский,Свердловская область
1990,2024Q2,1,городской округ Качканарский,Свердловская область
1991,2024Q2,1,городской округ Кировградский,Свердловская область
1992,2024Q2,1,городской округ Верхний Тагил,Свердловская область
1993,2024Q2,2,городской округ Краснотурьинск,Свердловская область
1994,2024Q2,1,городской округ Красноуральск,Свердловская область
1995,2024Q2,2,городской округ Красноуфимск,Свердловская область
1996,2024Q2,1,городской округ Кушвинский,Свердловская область
1997,2024Q2,1,городской округ Верхняя Тура,Свердловская область
1999,2024Q2,1,городской округ Невьянский,Свердловская область
2000,2024Q2,2,городской округ город Нижний Тагил,Свердловская область
2001,2024Q2,1,городской округ Нижняя Салда,Свердловская область
2002,2024Q2,1,городской округ Нижнетуринский,Свердловская область
2004,2024Q2,2,городской округ Первоуральск,Свердловская область
2005,2024Q2,2,городской округ Полевской,Свердловская область
2006,2024Q2,2,городской округ Ревда,Свердловская область
2007,2024Q2,1,городской округ Дегтярск,Свердловская область
2008,2024Q2,1,городской округ Режевской,Свердловская область
2009,2024Q2,1,городской округ Североуральский,Свердловская область
2010,2024Q2,2,городской округ Серовский,Свердловская область
2011,2024Q2,1,городской округ Сухой Лог,Свердловская область
2012,2024Q2,1,городской округ Тавдинский,Свердловская область
2015,2024Q2,1,городской округ Алапаевское,Свердловская область
2017,2024Q2,0,городской округ Артинский,Свердловская область
2018,2024Q2,0,городской округ Ачитский,Свердловская область
2019,2024Q2,3,городской округ Белоярский,Свердловская область
2021,2024Q2,3,городской округ Верхотурский,Свердловская область
2022,2024Q2,0,городской округ Гаринский,Свердловская область
2023,2024Q2,3,городской округ Ирбитское,Свердловская область
2024,2024Q2,1,городской округ Каменский,Свердловская область
2025,2024Q2,3,городской округ Красноуфимский округ,Свердловская область
2027,2024Q2,1,городской округ Бисертский,Свердловская область
2028,2024Q2,1,городской округ Новолялинский,Свердловская область
2030,2024Q2,3,городской округ Пышминский,Свердловская область
2031,2024Q2,1,городской округ Сосьвинский,Свердловская область
2032,2024Q2,2,городской округ Сысертский,Свердловская область
2033,2024Q2,2,городской округ Арамильский,Свердловская область
2034,2024Q2,1,городской округ Талицкий,Свердловская область
2035,2024Q2,1,городской округ Тугулымский,Свердловская область
2036,2024Q2,1,городской округ Туринский,Свердловская область
2037,2024Q2,0,городской округ Шалинский,Свердловская область
2039,2024Q2,0,Байкаловский муниципальный район,Свердловская область
2040,2024Q2,3,Камышловский муниципальный район,Свердловская область
2041,2024Q2,0,Слободо-Туринский муниципальный район,Свердловская область
2042,2024Q2,1,Нижнесергинский муниципальный район,Свердловская область
2043,2024Q2,0,Таборинский муниципальный район,Свердловская область
2044,2024Q2,2,городской округ город Смоленск,Смоленская область
2045,2024Q2,1,городской округ город Десногорск,Смоленская область
2046,2024Q2,0,Велижский муниципальный район,Смоленская область
2047,2024Q2,1,Вяземский муниципальный район,Смоленская область
2048,2024Q2,1,Гагаринский муниципальный район,Смоленская область
2049,2024Q2,0,Глинковский муниципальный район,Смоленская область
2050,2024Q2,0,Демидовский муниципальный район,Смоленская область
2051,2024Q2,1,Дорогобужский муниципальный район,Смоленская область
2052,2024Q2,0,Духовщинский муниципальный район,Смоленская область
2053,2024Q2,0,Ельнинский муниципальный район,Смоленская область
2054,2024Q2,0,Ершичский муниципальный район,Смоленская область
2055,2024Q2,1,Кардымовский муниципальный район,Смоленская область
2056,2024Q2,0,Краснинский муниципальный район,Смоленская область
2057,2024Q2,0,Монастырщинский муниципальный район,Смоленская область
2058,2024Q2,0,Новодугинский муниципальный район,Смоленская область
2059,2024Q2,0,Починковский муниципальный район,Смоленская область
2060,2024Q2,1,Рославльский муниципальный район,Смоленская область
2061,2024Q2,0,Руднянский муниципальный район,Смоленская область
2062,2024Q2,1,Сафоновский муниципальный район,Смоленская область
2063,2024Q2,2,Смоленский муниципальный район,Смоленская область
2064,2024Q2,0,Сычевский муниципальный район,Смоленская область
2065,2024Q2,0,Темкинский муниципальный район,Смоленская область
2066,2024Q2,0,Угранский муниципальный район,Смоленская область
2067,2024Q2,0,Хиславичский муниципальный район,Смоленская область
2068,2024Q2,0,Холм-Жирковский муниципальный район,Смоленская область
2069,2024Q2,0,Шумячский муниципальный район,Смоленская область
2070,2024Q2,1,Ярцевский муниципальный район,Смоленская область
2072,2024Q2,0,городской округ город Кирсанов,Тамбовская область
2073,2024Q2,1,городской округ город Котовск,Тамбовская область
2074,2024Q2,2,городской округ город Мичуринск,Тамбовская область
2075,2024Q2,1,городской округ город Моршанск,Тамбовская область
2076,2024Q2,5,городской округ город Рассказово,Тамбовская область
2077,2024Q2,0,городской округ город Уварово,Тамбовская область
2078,2024Q2,0,Бондарский муниципальный округ,Тамбовская область
2079,2024Q2,0,Гавриловский муниципальный округ,Тамбовская область
2080,2024Q2,0,Жердевский муниципальный округ,Тамбовская область
2081,2024Q2,0,Знаменский муниципальный округ,Тамбовская область
2082,2024Q2,0,Инжавинский муниципальный округ,Тамбовская область
2085,2024Q2,0,Мордовский муниципальный округ,Тамбовская область
2087,2024Q2,0,Мучкапский муниципальный округ,Тамбовская область
2088,2024Q2,0,Никифоровский муниципальный округ,Тамбовская область
2089,2024Q2,0,Первомайский муниципальный округ,Тамбовская область
2090,2024Q2,0,Петровский муниципальный округ,Тамбовская область
2091,2024Q2,0,Пичаевский муниципальный округ,Тамбовская область
2093,2024Q2,0,Ржаксинский муниципальный округ,Тамбовская область
2094,2024Q2,0,Сампурский муниципальный округ,Тамбовская область
2095,2024Q2,0,Сосновский муниципальный округ,Тамбовская область
2096,2024Q2,0,Староюрьевский муниципальный округ,Тамбовская область
2098,2024Q2,0,Токарёвский муниципальный округ,Тамбовская область
2099,2024Q2,0,Уваровский муниципальный округ,Тамбовская область
2100,2024Q2,0,Умётский муниципальный округ,Тамбовская область
2101,2024Q2,2,городской округ город Тверь,Тверская область
2105,2024Q2,1,городской округ Осташковский,Тверская область
2108,2024Q2,1,городской округ город Торжок,Тверская область
2109,2024Q2,1,городской округ Удомельский,Тверская область
2110,2024Q2,0,муниципальный округ Андреапольский,Тверская область
2111,2024Q2,1,муниципальный округ Бежецкий,Тверская область
2112,2024Q2,0,муниципальный округ Бельский,Тверская область
2113,2024Q2,1,муниципальный округ Бологовский,Тверская область
2114,2024Q2,0,муниципальный округ Весьегонский,Тверская область
2116,2024Q2,0,муниципальный округ Жарковский,Тверская область
2117,2024Q2,0,муниципальный округ Западнодвинский,Тверская область
2118,2024Q2,0,муниципальный округ Зубцовский,Тверская область
2119,2024Q2,2,муниципальный округ Калининский,Тверская область
2120,2024Q2,1,муниципальный округ Калязинский,Тверская область
2121,2024Q2,0,городской округ Кашинский,Тверская область
2122,2024Q2,1,муниципальный округ Кесовогорский,Тверская область
2124,2024Q2,1,муниципальный округ Конаковский,Тверская область
2125,2024Q2,0,муниципальный округ Краснохолмский,Тверская область
2126,2024Q2,1,муниципальный округ Кувшиновский,Тверская область
2127,2024Q2,0,муниципальный округ Лесной,Тверская область
2128,2024Q2,1,муниципальный округ Лихославльский,Тверская область
2129,2024Q2,0,муниципальный округ Максатихинский,Тверская область
2130,2024Q2,0,муниципальный округ Молоковский,Тверская область
2131,2024Q2,1,городской округ Нелидовский,Тверская область
2132,2024Q2,0,муниципальный округ Оленинский,Тверская область
2133,2024Q2,0,муниципальный округ Пеновский,Тверская область
2134,2024Q2,0,муниципальный округ Рамешковский,Тверская область
2136,2024Q2,0,муниципальный округ Сандовский,Тверская область
2137,2024Q2,0,муниципальный округ Селижаровский,Тверская область
2138,2024Q2,0,муниципальный округ Сонковский,Тверская область
2139,2024Q2,0,муниципальный округ Спировский,Тверская область
2140,2024Q2,0,муниципальный округ Старицкий,Тверская область
2142,2024Q2,0,муниципальный округ Торопецкий,Тверская область
2143,2024Q2,0,муниципальный округ Фировский,Тверская область
2144,2024Q2,2,городской округ город Томск,Томская область
2145,2024Q2,1,городской округ город Кедровый,Томская область
2146,2024Q2,1,городской округ город Стрежевой,Томская область
2148,2024Q2,4,Александровский муниципальный район,Томская область
2149,2024Q2,1,Асиновский муниципальный район,Томская область
2150,2024Q2,0,Бакчарский муниципальный район,Томская область
2151,2024Q2,3,Верхнекетский муниципальный район,Томская область
2152,2024Q2,0,Зырянский муниципальный район,Томская область
2153,2024Q2,4,Каргасокский муниципальный район,Томская область
2154,2024Q2,0,Кожевниковский муниципальный район,Томская область
2155,2024Q2,1,Колпашевский муниципальный район,Томская область
2156,2024Q2,0,Кривошеинский муниципальный район,Томская область
2157,2024Q2,0,Молчановский муниципальный район,Томская область
2158,2024Q2,4,Парабельский муниципальный район,Томская область
2159,2024Q2,0,Первомайский муниципальный район,Томская область
2160,2024Q2,0,Тегульдетский муниципальный район,Томская область
2161,2024Q2,2,Томский муниципальный район,Томская область
2162,2024Q2,0,Чаинский муниципальный район,Томская область
2163,2024Q2,0,Шегарский муниципальный район,Томская область
2164,2024Q2,2,городской округ город Тула,Тульская область
2165,2024Q2,1,городской округ город Алексин,Тульская область
2167,2024Q2,1,городской округ город Донской,Тульская область
2168,2024Q2,1,городской округ город Ефремов,Тульская область
2169,2024Q2,2,городской округ город Новомосковск,Тульская область
2171,2024Q2,0,Арсеньевский муниципальный район,Тульская область
2172,2024Q2,0,Белевский муниципальный район,Тульская область
2173,2024Q2,1,Богородицкий муниципальный район,Тульская область
2174,2024Q2,1,Веневский муниципальный район,Тульская область
2175,2024Q2,0,Воловский муниципальный район,Тульская область
2176,2024Q2,0,Дубенский муниципальный район,Тульская область
2177,2024Q2,1,Заокский муниципальный район,Тульская область
2178,2024Q2,0,Каменский муниципальный район,Тульская область
2179,2024Q2,1,Кимовский муниципальный район,Тульская область
2180,2024Q2,1,Киреевский муниципальный район,Тульская область
2181,2024Q2,0,Куркинский муниципальный район,Тульская область
2182,2024Q2,0,Одоевский муниципальный район,Тульская область
2183,2024Q2,1,Плавский муниципальный район,Тульская область
2184,2024Q2,0,Суворовский муниципальный район,Тульская область
2185,2024Q2,0,Тепло-Огаревский муниципальный район,Тульская область
2186,2024Q2,1,Узловский муниципальный район,Тульская область
2187,2024Q2,0,Чернский муниципальный район,Тульская область
2188,2024Q2,1,Щекинский муниципальный район,Тульская область
2189,2024Q2,1,Ясногорский муниципальный район,Тульская область
2190,2024Q2,2,городской округ город Тюмень,Тюменская область
2191,2024Q2,3,городской округ Заводоуковский,Тюменская область
2192,2024Q2,2,городской округ город Ишим,Тюменская область
2193,2024Q2,2,городской округ город Тобольск,Тюменская область
2194,2024Q2,2,городской округ город Ялуторовск,Тюменская область
2195,2024Q2,3,Абатский муниципальный район,Тюменская область
2196,2024Q2,0,Армизонский муниципальный район,Тюменская область
2197,2024Q2,0,Аромашевский муниципальный район,Тюменская область
2198,2024Q2,0,Бердюжский муниципальный район,Тюменская область
2199,2024Q2,3,Вагайский муниципальный район,Тюменская область
2200,2024Q2,3,Викуловский муниципальный район,Тюменская область
2201,2024Q2,3,городской округ Голышмановский,Тюменская область
2202,2024Q2,3,Исетский муниципальный район,Тюменская область
2203,2024Q2,3,Ишимский муниципальный район,Тюменская область
2204,2024Q2,3,Казанский муниципальный район,Тюменская область
2205,2024Q2,3,Нижнетавдинский муниципальный район,Тюменская область
2206,2024Q2,3,Омутинский муниципальный район,Тюменская область
2207,2024Q2,0,Сладковский муниципальный район,Тюменская область
2208,2024Q2,3,Сорокинский муниципальный район,Тюменская область
2210,2024Q2,2,Тюменский муниципальный район,Тюменская область
2211,2024Q2,4,Уватский муниципальный район,Тюменская область
2212,2024Q2,3,Упоровский муниципальный район,Тюменская область
2213,2024Q2,0,Юргинский муниципальный район,Тюменская область
2215,2024Q2,3,Ярковский муниципальный район,Тюменская область
2216,2024Q2,2,городской округ город Ханты-Мансийск,Ханты-Мансийский автономный округ — Югра
2217,2024Q2,2,городской округ город Когалым,Ханты-Мансийский автономный округ — Югра
2218,2024Q2,2,городской округ город Лангепас,Ханты-Мансийский автономный округ — Югра
2219,2024Q2,2,городской округ город Мегион,Ханты-Мансийский автономный округ — Югра
2220,2024Q2,2,городской округ город Нефтеюганск,Ханты-Мансийский автономный округ — Югра
2221,2024Q2,2,городской округ город Нижневартовск,Ханты-Мансийский автономный округ — Югра
2222,2024Q2,2,городской округ город Нягань,Ханты-Мансийский автономный округ — Югра
2223,2024Q2,4,городской округ город Покачи,Ханты-Мансийский автономный округ — Югра
2224,2024Q2,2,городской округ город Пыть-Ях,Ханты-Мансийский автономный округ — Югра
2225,2024Q2,2,городской округ город Радужный,Ханты-Мансийский автономный округ — Югра
2226,2024Q2,2,городской округ город Сургут,Ханты-Мансийский автономный округ — Югра
2227,2024Q2,2,городской округ город Урай,Ханты-Мансийский автономный округ — Югра
2228,2024Q2,2,городской округ город Югорск,Ханты-Мансийский автономный округ — Югра
2229,2024Q2,4,Белоярский муниципальный район,Ханты-Мансийский автономный округ — Югра
2230,2024Q2,4,Березовский муниципальный район,Ханты-Мансийский автономный округ — Югра
2231,2024Q2,4,Кондинский муниципальный район,Ханты-Мансийский автономный округ — Югра
2232,2024Q2,4,Нефтеюганский муниципальный район,Ханты-Мансийский автономный округ — Югра
2233,2024Q2,4,Нижневартовский муниципальный район,Ханты-Мансийский автономный округ — Югра
2234,2024Q2,4,Октябрьский муниципальный район,Ханты-Мансийский автономный округ — Югра
2235,2024Q2,4,Советский муниципальный район,Ханты-Мансийский автономный округ — Югра
2236,2024Q2,4,Сургутский муниципальный район,Ханты-Мансийский автономный округ — Югра
2237,2024Q2,4,Ханты-Мансийский муниципальный район,Ханты-Мансийский автономный округ — Югра
2238,2024Q2,2,городской округ город Салехард,Ямало-Ненецкий автономный округ
2241,2024Q2,2,городской округ город Муравленко,Ямало-Ненецкий автономный округ
2242,2024Q2,2,городской округ город Новый Уренгой,Ямало-Ненецкий автономный округ
2243,2024Q2,2,городской округ город Ноябрьск,Ямало-Ненецкий автономный округ
2244,2024Q2,4,муниципальный округ Красноселькупский район,Ямало-Ненецкий автономный округ
2245,2024Q2,4,муниципальный округ Надымский район,Ямало-Ненецкий автономный округ
2248,2024Q2,4,муниципальный округ Тазовский район,Ямало-Ненецкий автономный округ
2249,2024Q2,4,муниципальный округ Шурышкарский район,Ямало-Ненецкий автономный округ
2250,2024Q2,4,муниципальный округ Ямальский район,Ямало-Ненецкий автономный округ
2251,2024Q2,2,городской округ город Ульяновск,Ульяновская область
2252,2024Q2,2,городской округ город Димитровград,Ульяновская область
2253,2024Q2,1,городской округ город Новоульяновск,Ульяновская область
2254,2024Q2,0,Базарносызганский муниципальный район,Ульяновская область
2255,2024Q2,0,Барышский муниципальный район,Ульяновская область
2256,2024Q2,0,Вешкаймский муниципальный район,Ульяновская область
2257,2024Q2,0,Инзенский муниципальный район,Ульяновская область
2258,2024Q2,0,Карсунский муниципальный район,Ульяновская область
2259,2024Q2,0,Кузоватовский муниципальный район,Ульяновская область
2260,2024Q2,0,Майнский муниципальный район,Ульяновская область
2262,2024Q2,0,Николаевский муниципальный район,Ульяновская область
2264,2024Q2,0,Новоспасский муниципальный район,Ульяновская область
2265,2024Q2,0,Павловский муниципальный район,Ульяновская область
2266,2024Q2,0,Радищевский муниципальный район,Ульяновская область
2267,2024Q2,0,Сенгилеевский муниципальный район,Ульяновская область
2268,2024Q2,0,Старокулаткинский муниципальный район,Ульяновская область
2269,2024Q2,0,Старомайнский муниципальный район,Ульяновская область
2270,2024Q2,0,Сурский муниципальный район,Ульяновская область
2271,2024Q2,0,Тереньгульский муниципальный район,Ульяновская область
2272,2024Q2,0,Ульяновский муниципальный район,Ульяновская область
2274,2024Q2,1,Чердаклинский муниципальный район,Ульяновская область
2275,2024Q2,2,городской округ Челябинский,Челябинская область
2276,2024Q2,1,городской округ Верхнеуфалейский,Челябинская область
2278,2024Q2,1,городской округ Карабашский,Челябинская область
2279,2024Q2,2,городской округ Копейский,Челябинская область
2280,2024Q2,2,городской округ Кыштымский,Челябинская область
2281,2024Q2,2,городской округ Магнитогорский,Челябинская область
2282,2024Q2,2,городской округ Миасский,Челябинская область
2286,2024Q2,2,городской округ Троицкий,Челябинская область
2287,2024Q2,1,городской округ Усть-Катавский,Челябинская область
2288,2024Q2,2,городской округ Чебаркульский,Челябинская область
2289,2024Q2,2,городской округ Южноуральский,Челябинская область
2292,2024Q2,3,Аргаяшский муниципальный район,Челябинская область
2293,2024Q2,1,Ашинский муниципальный район,Челябинская область
2294,2024Q2,0,Брединский муниципальный район,Челябинская область
2295,2024Q2,3,Варненский муниципальный район,Челябинская область
2296,2024Q2,1,Верхнеуральский муниципальный район,Челябинская область
2297,2024Q2,1,Еманжелинский муниципальный район,Челябинская область
2298,2024Q2,0,Еткульский муниципальный район,Челябинская область
2299,2024Q2,1,Карталинский муниципальный район,Челябинская область
2300,2024Q2,1,Каслинский муниципальный район,Челябинская область
2301,2024Q2,1,Катав-Ивановский муниципальный район,Челябинская область
2302,2024Q2,0,Кизильский муниципальный район,Челябинская область
2303,2024Q2,1,Коркинский муниципальный округ,Челябинская область
2304,2024Q2,1,Красноармейский муниципальный район,Челябинская область
2305,2024Q2,0,Кунашакский муниципальный район,Челябинская область
2307,2024Q2,0,Нагайбакский муниципальный район,Челябинская область
2308,2024Q2,0,Нязепетровский муниципальный район,Челябинская область
2309,2024Q2,0,Октябрьский муниципальный район,Челябинская область
2310,2024Q2,1,Пластовский муниципальный район,Челябинская область
2311,2024Q2,2,Саткинский муниципальный район,Челябинская область
2312,2024Q2,2,Сосновский муниципальный район,Челябинская область
2314,2024Q2,1,Увельский муниципальный район,Челябинская область
2315,2024Q2,0,Уйский муниципальный район,Челябинская область
2316,2024Q2,1,Чебаркульский муниципальный район,Челябинская область
2317,2024Q2,0,Чесменский муниципальный район,Челябинская область
2318,2024Q2,2,городской округ город Ярославль,Ярославская область
2320,2024Q2,2,городской округ город Рыбинск,Ярославская область
2321,2024Q2,0,Большесельский муниципальный район,Ярославская область
2322,2024Q2,0,Борисоглебский муниципальный район,Ярославская область
2323,2024Q2,0,Брейтовский муниципальный район,Ярославская область
2324,2024Q2,1,Гаврилов-Ямский муниципальный район,Ярославская область
2325,2024Q2,1,Даниловский муниципальный район,Ярославская область
2326,2024Q2,0,Любимский муниципальный район,Ярославская область
2327,2024Q2,1,Мышкинский муниципальный район,Ярославская область
2328,2024Q2,0,Некоузский муниципальный район,Ярославская область
2329,2024Q2,1,Некрасовский муниципальный район,Ярославская область
2330,2024Q2,0,Первомайский муниципальный район,Ярославская область
2332,2024Q2,0,Пошехонский муниципальный район,Ярославская область
2333,2024Q2,1,Ростовский муниципальный район,Ярославская область
2334,2024Q2,1,Рыбинский муниципальный район,Ярославская область
2335,2024Q2,1,Тутаевский муниципальный район,Ярославская область
2336,2024Q2,1,Угличский муниципальный район,Ярославская область
2337,2024Q2,2,Ярославский муниципальный район,Ярославская область
2338,2024Q2,2,городской округ город Биробиджан,Еврейская автономная область
2339,2024Q2,3,Биробиджанский муниципальный район,Еврейская автономная область
2340,2024Q2,3,Ленинский муниципальный район,Еврейская автономная область
2341,2024Q2,4,Облученский муниципальный район,Еврейская автономная область
2342,2024Q2,3,Октябрьский муниципальный район,Еврейская автономная область
2343,2024Q2,4,Смидовичский муниципальный район,Еврейская автономная область
2344,2024Q2,4,городской округ Анадырь,Чукотский автономный округ
2345,2024Q2,4,городской округ Эгвекинот,Чукотский автономный округ
2348,2024Q2,4,Анадырский муниципальный район,Чукотский автономный округ
2349,2024Q2,4,Билибинский муниципальный район,Чукотский автономный округ
2618,2024Q2,0,Мантуровский муниципальный округ,Костромская область
2619,2024Q2,1,городской округ город Переславль-Залесский,Ярославская область
2620,2024Q2,2,городской округ Соликамский,Пермский край
2621,2024Q2,2,городской округ город Березники,Пермский край
2644,2024Q2,2,городской округ Серпухов,Московская область
2646,2024Q2,2,городской округ город Обнинск,Калужская область
2647,2024Q2,2,Боровский муниципальный район,Калужская область
2648,2024Q2,2,городской округ Лосино-Петровский,Московская область
2649,2024Q2,2,городской округ Щёлково,Московская область
2651,2024Q2,2,городской округ Одинцовский,Московская область
2652,2024Q2,2,городской округ Орехово-Зуевский,Московская область
2710,2024Q2,1,городской округ Вышневолоцкий,Тверская область
2808,2024Q2,2,городской округ Коломна,Московская область
2809,2024Q2,2,муниципальный округ Кунгурский,Пермский край
2813,2024Q2,1,городской округ Шатура,Московская область
2814,2024Q2,2,городской округ Пушкинский,Московская область
2872,2024Q2,4,муниципальный округ Приуральский район,Ямало-Ненецкий автономный округ
2876,2024Q2,2,городской округ город-курорт Кисловодск,Ставропольский край
2879,2024Q2,2,городской округ город Губкинский,Ямало-Ненецкий автономный округ
2880,2024Q2,4,городской округ город Лабытнанги,Ямало-Ненецкий автономный округ
2881,2024Q2,5,Предгорный муниципальный округ,Ставропольский край
2882,2024Q2,4,муниципальный округ Пуровский район,Ямало-Ненецкий автономный округ
2883,2024Q2,1,муниципальный округ Кимрский,Тверская область
2884,2024Q2,2,муниципальный округ Ржевский,Тверская область
2885,2024Q2,3,муниципальный округ Кудымкарский,Пермский край
2886,2024Q2,1,муниципальный округ Губахинский,Пермский край
2887,2024Q2,2,городской округ город Саратов,Саратовская область
3005,2024Q2,2,городской округ город Арзамас,Нижегородская область
3007,2024Q2,1,Прокопьевский муниципальный округ,Кемеровская область
3009,2024Q2,2,городской округ город Тамбов,Тамбовская область
3011,2024Q2,2,городской округ Златоустовский,Челябинская область
3012,2024Q2,0,Кусинский муниципальный район,Челябинская область
3013,2024Q2,2,городской округ Солнечногорск,Московская область
9001,2024Q2,2,Москва,Москва
9002,2024Q2,2,Санкт-Петербург,Санкт-Петербург
1,2024Q3,2,городской округ город Майкоп,Республика Адыгея
2,2024Q3,5,городской округ город Адыгейск,Республика Адыгея
3,2024Q3,1,Гиагинский муниципальный район,Республика Адыгея
4,2024Q3,5,Кошехабльский муниципальный район,Республика Адыгея
5,2024Q3,5,Красногвардейский муниципальный район,Республика Адыгея
6,2024Q3,5,Майкопский муниципальный район,Республика Адыгея
7,2024Q3,2,Тахтамукайский муниципальный район,Республика Адыгея
8,2024Q3,2,Теучежский муниципальный район,Республика Адыгея
9,2024Q3,5,Шовгеновский муниципальный район,Республика Адыгея
10,2024Q3,2,городской округ город Горно-Алтайск,Республика Алтай
11,2024Q3,3,Кош-Агачский муниципальный район,Республика Алтай
12,2024Q3,2,Майминский муниципальный район,Республика Алтай
13,2024Q3,3,Онгудайский муниципальный район,Республика Алтай
14,2024Q3,3,Турочакский муниципальный район,Республика Алтай
15,2024Q3,3,Улаганский муниципальный район,Республика Алтай
16,2024Q3,3,Усть-Канский муниципальный район,Республика Алтай
17,2024Q3,3,Усть-Коксинский муниципальный район,Республика Алтай
18,2024Q3,3,Чемальский муниципальный район,Республика Алтай
19,2024Q3,3,Чойский муниципальный район,Республика Алтай
20,2024Q3,3,Шебалинский муниципальный район,Республика Алтай
21,2024Q3,2,городской округ город Уфа,Республика Башкортостан
22,2024Q3,1,городской округ город Агидель,Республика Башкортостан
23,2024Q3,2,городской округ город Кумертау,Республика Башкортостан
25,2024Q3,2,городской округ город Нефтекамск,Республика Башкортостан
26,2024Q3,2,городской округ город Октябрьский,Республика Башкортостан
27,2024Q3,2,городской округ город Салават,Республика Башкортостан
28,2024Q3,2,городской округ город Сибай,Республика Башкортостан
29,2024Q3,2,городской округ город Стерлитамак,Республика Башкортостан
30,2024Q3,3,Абзелиловский муниципальный район,Республика Башкортостан
31,2024Q3,3,Альшеевский муниципальный район,Республика Башкортостан
32,2024Q3,0,Архангельский муниципальный район,Республика Башкортостан
33,2024Q3,3,Аскинский муниципальный район,Республика Башкортостан
34,2024Q3,0,Аургазинский муниципальный район,Республика Башкортостан
35,2024Q3,3,Баймакский муниципальный район,Республика Башкортостан
36,2024Q3,3,Бакалинский муниципальный район,Республика Башкортостан
37,2024Q3,3,Балтачевский муниципальный район,Республика Башкортостан
38,2024Q3,2,Белебеевский муниципальный район,Республика Башкортостан
39,2024Q3,3,Белокатайский муниципальный район,Республика Башкортостан
40,2024Q3,2,Белорецкий муниципальный район,Республика Башкортостан
41,2024Q3,0,Бижбулякский муниципальный район,Республика Башкортостан
42,2024Q3,2,Бирский муниципальный район,Республика Башкортостан
43,2024Q3,3,Благоварский муниципальный район,Республика Башкортостан
44,2024Q3,2,Благовещенский муниципальный район,Республика Башкортостан
45,2024Q3,3,Буздякский муниципальный район,Республика Башкортостан
46,2024Q3,3,Бураевский муниципальный район,Республика Башкортостан
47,2024Q3,3,Бурзянский муниципальный район,Республика Башкортостан
48,2024Q3,3,Гафурийский муниципальный район,Республика Башкортостан
49,2024Q3,1,Давлекановский муниципальный район,Республика Башкортостан
50,2024Q3,3,Дуванский муниципальный район,Республика Башкортостан
51,2024Q3,2,Дюртюлинский муниципальный район,Республика Башкортостан
52,2024Q3,0,Ермекеевский муниципальный район,Республика Башкортостан
53,2024Q3,3,Зианчуринский муниципальный район,Республика Башкортостан
54,2024Q3,3,Зилаирский муниципальный район,Республика Башкортостан
55,2024Q3,2,Иглинский муниципальный район,Республика Башкортостан
56,2024Q3,3,Илишевский муниципальный район,Республика Башкортостан
57,2024Q3,2,Ишимбайский муниципальный район,Республика Башкортостан
58,2024Q3,0,Калтасинский муниципальный район,Республика Башкортостан
59,2024Q3,3,Караидельский муниципальный район,Республика Башкортостан
60,2024Q3,3,Кармаскалинский муниципальный район,Республика Башкортостан
61,2024Q3,3,Кигинский муниципальный район,Республика Башкортостан
62,2024Q3,3,Краснокамский муниципальный район,Республика Башкортостан
63,2024Q3,3,Кугарчинский муниципальный район,Республика Башкортостан
65,2024Q3,0,Кушнаренковский муниципальный район,Республика Башкортостан
66,2024Q3,2,Мелеузовский муниципальный район,Республика Башкортостан
67,2024Q3,3,Мечетлинский муниципальный район,Республика Башкортостан
68,2024Q3,3,Мишкинский муниципальный район,Республика Башкортостан
69,2024Q3,0,Миякинский муниципальный район,Республика Башкортостан
70,2024Q3,0,Нуримановский муниципальный район,Республика Башкортостан
71,2024Q3,3,Салаватский муниципальный район,Республика Башкортостан
72,2024Q3,0,Стерлибашевский муниципальный район,Республика Башкортостан
73,2024Q3,2,Стерлитамакский муниципальный район,Республика Башкортостан
74,2024Q3,3,Татышлинский муниципальный район,Республика Башкортостан
75,2024Q3,2,Туймазинский муниципальный район,Республика Башкортостан
76,2024Q3,2,Уфимский муниципальный район,Республика Башкортостан
77,2024Q3,2,Учалинский муниципальный район,Республика Башкортостан
78,2024Q3,0,Федоровский муниципальный район,Республика Башкортостан
79,2024Q3,3,Хайбуллинский муниципальный район,Республика Башкортостан
80,2024Q3,3,Чекмагушевский муниципальный район,Республика Башкортостан
81,2024Q3,2,Чишминский муниципальный район,Республика Башкортостан
82,2024Q3,3,Шаранский муниципальный район,Республика Башкортостан
83,2024Q3,2,Янаульский муниципальный район,Республика Башкортостан
167,2024Q3,5,городской округ Нальчик,Кабардино-Балкарская Республика
168,2024Q3,5,городской округ Баксан,Кабардино-Балкарская Республика
169,2024Q3,5,городской округ Прохладный,Кабардино-Балкарская Республика
173,2024Q3,5,Майский муниципальный район,Кабардино-Балкарская Республика
174,2024Q3,5,Прохладненский муниципальный район,Кабардино-Балкарская Республика
176,2024Q3,5,Терский муниципальный район,Кабардино-Балкарская Республика
181,2024Q3,0,Городовиковский муниципальный район,Республика Калмыкия
184,2024Q3,0,Лаганский муниципальный район,Республика Калмыкия
185,2024Q3,5,Малодербетовский муниципальный район,Республика Калмыкия
188,2024Q3,0,Сарпинский муниципальный район,Республика Калмыкия
191,2024Q3,3,Юстинский муниципальный район,Республика Калмыкия
194,2024Q3,5,городской округ Черкесский,Карачаево-Черкесская Республика
195,2024Q3,5,городской округ Карачаевский,Карачаево-Черкесская Республика
196,2024Q3,5,Абазинский муниципальный район,Карачаево-Черкесская Республика
197,2024Q3,5,Адыге-Хабльский муниципальный район,Карачаево-Черкесская Республика
198,2024Q3,5,Зеленчукский муниципальный район,Карачаево-Черкесская Республика
201,2024Q3,5,Ногайский муниципальный район,Карачаево-Черкесская Республика
202,2024Q3,5,Прикубанский муниципальный район,Карачаево-Черкесская Республика
203,2024Q3,5,Урупский муниципальный район,Карачаево-Черкесская Республика
204,2024Q3,5,Усть-Джегутинский муниципальный район,Карачаево-Черкесская Республика
205,2024Q3,5,Хабезский муниципальный район,Карачаево-Черкесская Республика
206,2024Q3,2,городской округ Петрозаводский,Республика Карелия
207,2024Q3,1,городской округ Костомукшский,Республика Карелия
208,2024Q3,1,Беломорский муниципальный округ,Республика Карелия
209,2024Q3,3,Калевальский муниципальный район,Республика Карелия
210,2024Q3,1,Кемский муниципальный район,Республика Карелия
211,2024Q3,1,Кондопожский муниципальный район,Республика Карелия
212,2024Q3,1,Лахденпохский муниципальный район,Республика Карелия
213,2024Q3,1,Лоухский муниципальный район,Республика Карелия
214,2024Q3,1,Медвежьегорский муниципальный район,Республика Карелия
215,2024Q3,0,Муезерский муниципальный район,Республика Карелия
216,2024Q3,1,Олонецкий муниципальный район,Республика Карелия
217,2024Q3,1,Питкярантский муниципальный округ,Республика Карелия
218,2024Q3,2,Прионежский муниципальный район,Республика Карелия
219,2024Q3,1,Пряжинский муниципальный район,Республика Карелия
220,2024Q3,0,Пудожский муниципальный район,Республика Карелия
221,2024Q3,1,Сегежский муниципальный округ,Республика Карелия
222,2024Q3,1,Сортавальский муниципальный район,Республика Карелия
223,2024Q3,1,Суоярвский муниципальный округ,Республика Карелия
224,2024Q3,2,городской округ Сыктывкар,Республика Коми
225,2024Q3,4,городской округ Воркута,Республика Коми
226,2024Q3,1,муниципальный округ Вуктыл,Республика Коми
227,2024Q3,1,городской округ Инта,Республика Коми
228,2024Q3,4,муниципальный округ Усинск,Республика Коми
229,2024Q3,2,городской округ Ухта,Республика Коми
230,2024Q3,3,Ижемский муниципальный район,Республика Коми
231,2024Q3,1,Княжпогостский муниципальный район,Республика Коми
232,2024Q3,0,Койгородский муниципальный район,Республика Коми
233,2024Q3,0,Корткеросский муниципальный район,Республика Коми
234,2024Q3,1,муниципальный район Печора,Республика Коми
235,2024Q3,0,Прилузский муниципальный район,Республика Коми
236,2024Q3,1,муниципальный район Сосногорск,Республика Коми
237,2024Q3,3,Сыктывдинский муниципальный район,Республика Коми
238,2024Q3,0,Сысольский муниципальный район,Республика Коми
239,2024Q3,0,Троицко-Печорский муниципальный район,Республика Коми
240,2024Q3,0,Удорский муниципальный район,Республика Коми
241,2024Q3,1,Усть-Вымский муниципальный район,Республика Коми
242,2024Q3,3,Усть-Куломский муниципальный район,Республика Коми
243,2024Q3,3,Усть-Цилемский муниципальный район,Республика Коми
269,2024Q3,2,городской округ город Йошкар-Ола,Республика Марий Эл
270,2024Q3,1,городской округ город Волжск,Республика Марий Эл
271,2024Q3,1,городской округ город Козьмодемьянск,Республика Марий Эл
272,2024Q3,3,Волжский муниципальный район,Республика Марий Эл
273,2024Q3,0,Горномарийский муниципальный район,Республика Марий Эл
274,2024Q3,1,Звениговский муниципальный район,Республика Марий Эл
275,2024Q3,0,Килемарский муниципальный район,Республика Марий Эл
276,2024Q3,0,Куженерский муниципальный район,Республика Марий Эл
277,2024Q3,0,Мари-Турекский муниципальный район,Республика Марий Эл
278,2024Q3,2,Медведевский муниципальный район,Республика Марий Эл
279,2024Q3,0,Моркинский муниципальный район,Республика Марий Эл
280,2024Q3,0,Новоторъяльский муниципальный район,Республика Марий Эл
281,2024Q3,0,Оршанский муниципальный район,Республика Марий Эл
282,2024Q3,0,Параньгинский муниципальный район,Республика Марий Эл
283,2024Q3,1,Сернурский муниципальный район,Республика Марий Эл
284,2024Q3,1,Советский муниципальный район,Республика Марий Эл
285,2024Q3,0,Юринский муниципальный район,Республика Марий Эл
287,2024Q3,0,Ардатовский муниципальный район,Республика Мордовия
288,2024Q3,0,Атюрьевский муниципальный район,Республика Мордовия
289,2024Q3,0,Атяшевский муниципальный район,Республика Мордовия
290,2024Q3,0,Большеберезниковский муниципальный район,Республика Мордовия
292,2024Q3,0,Дубенский муниципальный район,Республика Мордовия
293,2024Q3,0,Ельниковский муниципальный район,Республика Мордовия
294,2024Q3,0,Зубово-Полянский муниципальный район,Республика Мордовия
295,2024Q3,0,Инсарский муниципальный район,Республика Мордовия
296,2024Q3,0,Ичалковский муниципальный район,Республика Мордовия
297,2024Q3,0,Кадошкинский муниципальный район,Республика Мордовия
298,2024Q3,1,Ковылкинский муниципальный район,Республика Мордовия
300,2024Q3,0,Краснослободский муниципальный район,Республика Мордовия
301,2024Q3,0,Лямбирский муниципальный район,Республика Мордовия
302,2024Q3,0,Ромодановский муниципальный район,Республика Мордовия
303,2024Q3,1,Рузаевский муниципальный район,Республика Мордовия
304,2024Q3,0,Старошайговский муниципальный район,Республика Мордовия
305,2024Q3,0,Темниковский муниципальный район,Республика Мордовия
306,2024Q3,0,Теньгушевский муниципальный район,Республика Мордовия
307,2024Q3,0,Торбеевский муниципальный район,Республика Мордовия
308,2024Q3,1,Чамзинский муниципальный район,Республика Мордовия
309,2024Q3,2,городской округ город Якутск,Республика Саха (Якутия)
312,2024Q3,4,Алданский муниципальный район,Республика Саха (Якутия)
314,2024Q3,4,Амгинский муниципальный район,Республика Саха (Якутия)
316,2024Q3,4,Булунский муниципальный район,Республика Саха (Якутия)
317,2024Q3,4,Верхневилюйский муниципальный район,Республика Саха (Якутия)
318,2024Q3,4,Верхнеколымский муниципальный район,Республика Саха (Якутия)
319,2024Q3,4,Верхоянский муниципальный район,Республика Саха (Якутия)
320,2024Q3,4,Вилюйский муниципальный район,Республика Саха (Якутия)
321,2024Q3,3,Горный муниципальный район,Республика Саха (Якутия)
323,2024Q3,4,Кобяйский муниципальный район,Республика Саха (Якутия)
324,2024Q3,4,Нюрбинский муниципальный район,Республика Саха (Якутия)
325,2024Q3,4,Ленский муниципальный район,Республика Саха (Якутия)
326,2024Q3,3,Мегино-Кангаласский муниципальный район,Республика Саха (Якутия)
327,2024Q3,4,Мирнинский муниципальный район,Республика Саха (Якутия)
329,2024Q3,3,Намский муниципальный район,Республика Саха (Якутия)
330,2024Q3,4,Нерюнгринский муниципальный район,Республика Саха (Якутия)
331,2024Q3,4,Нижнеколымский муниципальный район,Республика Саха (Якутия)
332,2024Q3,4,Оймяконский муниципальный район,Республика Саха (Якутия)
333,2024Q3,4,Олекминский муниципальный район,Республика Саха (Якутия)
334,2024Q3,4,Оленекский эвенкийский национальный муниципальный район,Республика Саха (Якутия)
335,2024Q3,4,Среднеколымский муниципальный район,Республика Саха (Якутия)
336,2024Q3,3,Сунтарский муниципальный район,Республика Саха (Якутия)
337,2024Q3,4,Таттинский муниципальный район,Республика Саха (Якутия)
338,2024Q3,4,Томпонский муниципальный район,Республика Саха (Якутия)
339,2024Q3,4,Усть-Алданский муниципальный район,Республика Саха (Якутия)
340,2024Q3,4,Усть-Майский муниципальный район,Республика Саха (Якутия)
341,2024Q3,4,Усть-Янский муниципальный район,Республика Саха (Якутия)
342,2024Q3,4,Хангаласский муниципальный район,Республика Саха (Якутия)
343,2024Q3,4,Чурапчинский муниципальный район,Республика Саха (Якутия)
345,2024Q3,2,городской округ город Владикавказ,Республика Северная Осетия — Алания
346,2024Q3,5,Алагирский муниципальный район,Республика Северная Осетия — Алания
347,2024Q3,5,Ардонский муниципальный район,Республика Северная Осетия — Алания
348,2024Q3,5,Дигорский муниципальный район,Республика Северная Осетия — Алания
349,2024Q3,5,Ирафский муниципальный район,Республика Северная Осетия — Алания
351,2024Q3,5,Моздокский муниципальный район,Республика Северная Осетия — Алания
352,2024Q3,5,Правобережный муниципальный район,Республика Северная Осетия — Алания
353,2024Q3,5,Пригородный муниципальный район,Республика Северная Осетия — Алания
354,2024Q3,2,городской округ город Казань,Республика Татарстан
355,2024Q3,2,городской округ город Набережные Челны,Республика Татарстан
356,2024Q3,1,Агрызский муниципальный район,Республика Татарстан
357,2024Q3,2,Азнакаевский муниципальный район,Республика Татарстан
358,2024Q3,3,Аксубаевский муниципальный район,Республика Татарстан
359,2024Q3,3,Актанышский муниципальный район,Республика Татарстан
360,2024Q3,1,Алексеевский муниципальный район,Республика Татарстан
361,2024Q3,3,Алькеевский муниципальный район,Республика Татарстан
362,2024Q3,2,Альметьевский муниципальный район,Республика Татарстан
363,2024Q3,0,Апастовский муниципальный район,Республика Татарстан
364,2024Q3,3,Арский муниципальный район,Республика Татарстан
365,2024Q3,0,Атнинский муниципальный район,Республика Татарстан
366,2024Q3,1,Бавлинский муниципальный район,Республика Татарстан
367,2024Q3,3,Балтасинский муниципальный район,Республика Татарстан
368,2024Q3,2,Бугульминский муниципальный район,Республика Татарстан
369,2024Q3,3,Буинский муниципальный район,Республика Татарстан
370,2024Q3,1,Верхнеуслонский муниципальный район,Республика Татарстан
371,2024Q3,2,Высокогорский муниципальный район,Республика Татарстан
372,2024Q3,0,Дрожжановский муниципальный район,Республика Татарстан
373,2024Q3,2,Елабужский муниципальный район,Республика Татарстан
374,2024Q3,1,Заинский муниципальный район,Республика Татарстан
375,2024Q3,2,Зеленодольский муниципальный район,Республика Татарстан
376,2024Q3,3,Кайбицкий муниципальный район,Республика Татарстан
377,2024Q3,0,Камско-Устьинский муниципальный район,Республика Татарстан
378,2024Q3,3,Кукморский муниципальный район,Республика Татарстан
379,2024Q3,2,Лаишевский муниципальный район,Республика Татарстан
380,2024Q3,2,Лениногорский муниципальный район,Республика Татарстан
381,2024Q3,3,Мамадышский муниципальный район,Республика Татарстан
382,2024Q3,1,Менделеевский муниципальный район,Республика Татарстан
383,2024Q3,1,Мензелинский муниципальный район,Республика Татарстан
384,2024Q3,3,Муслюмовский муниципальный район,Республика Татарстан
385,2024Q3,2,Нижнекамский муниципальный район,Республика Татарстан
386,2024Q3,3,Новошешминский муниципальный район,Республика Татарстан
387,2024Q3,1,Нурлатский муниципальный район,Республика Татарстан
388,2024Q3,2,Пестречинский муниципальный район,Республика Татарстан
390,2024Q3,3,Сабинский муниципальный район,Республика Татарстан
391,2024Q3,0,Сармановский муниципальный район,Республика Татарстан
392,2024Q3,0,Спасский муниципальный район,Республика Татарстан
393,2024Q3,0,Тетюшский муниципальный район,Республика Татарстан
395,2024Q3,3,Тюлячинский муниципальный район,Республика Татарстан
396,2024Q3,3,Черемшанский муниципальный район,Республика Татарстан
397,2024Q3,2,Чистопольский муниципальный район,Республика Татарстан
398,2024Q3,1,Ютазинский муниципальный район,Республика Татарстан
401,2024Q3,3,Бай-Тайгинский муниципальный район,Республика Тыва
402,2024Q3,3,Барун-Хемчикский муниципальный район,Республика Тыва
403,2024Q3,3,Дзун-Хемчикский муниципальный район,Республика Тыва
404,2024Q3,3,Каа-Хемский муниципальный район,Республика Тыва
405,2024Q3,3,Кызылский муниципальный район,Республика Тыва
408,2024Q3,3,Пий-Хемский муниципальный район,Республика Тыва
409,2024Q3,3,Сут-Хольский муниципальный район,Республика Тыва
410,2024Q3,3,Тандинский муниципальный район,Республика Тыва
413,2024Q3,3,Тоджинский муниципальный район,Республика Тыва
414,2024Q3,3,Улуг-Хемский муниципальный район,Республика Тыва
416,2024Q3,3,Чеди-Хольский муниципальный район,Республика Тыва
418,2024Q3,2,городской округ город Ижевск,Удмуртская Республика
419,2024Q3,2,городской округ город Воткинск,Удмуртская Республика
420,2024Q3,2,городской округ город Глазов,Удмуртская Республика
421,2024Q3,2,городской округ город Можга,Удмуртская Республика
422,2024Q3,2,городской округ город Сарапул,Удмуртская Республика
423,2024Q3,3,муниципальный округ Алнашский район,Удмуртская Республика
424,2024Q3,0,муниципальный округ Балезинский район,Удмуртская Республика
425,2024Q3,3,муниципальный округ Вавожский район,Удмуртская Республика
428,2024Q3,0,муниципальный округ Граховский район,Удмуртская Республика
429,2024Q3,3,муниципальный округ Дебёсский район,Удмуртская Республика
430,2024Q3,2,муниципальный округ Завьяловский район,Удмуртская Республика
431,2024Q3,3,муниципальный округ Игринский район,Удмуртская Республика
432,2024Q3,1,муниципальный округ Камбарский район,Удмуртская Республика
433,2024Q3,0,муниципальный округ Каракулинский район,Удмуртская Республика
434,2024Q3,0,муниципальный округ Кезский район,Удмуртская Республика
435,2024Q3,3,муниципальный округ Кизнерский район,Удмуртская Республика
436,2024Q3,0,муниципальный округ Киясовский район,Удмуртская Республика
437,2024Q3,0,муниципальный округ Красногорский район,Удмуртская Республика
438,2024Q3,3,муниципальный округ Малопургинский район,Удмуртская Республика
440,2024Q3,3,муниципальный округ Сарапульский район,Удмуртская Республика
441,2024Q3,0,муниципальный округ Селтинский район,Удмуртская Республика
442,2024Q3,0,муниципальный округ Сюмсинский район,Удмуртская Республика
443,2024Q3,3,муниципальный округ Увинский район,Удмуртская Республика
444,2024Q3,3,муниципальный округ Шарканский район,Удмуртская Республика
445,2024Q3,0,муниципальный округ Юкаменский район,Удмуртская Республика
446,2024Q3,3,муниципальный округ Якшур-Бодьинский район,Удмуртская Республика
447,2024Q3,0,муниципальный округ Ярский район,Удмуртская Республика
448,2024Q3,2,городской округ город Абакан,Республика Хакасия
449,2024Q3,1,городской округ город Абаза,Республика Хакасия
450,2024Q3,2,городской округ город Саяногорск,Республика Хакасия
451,2024Q3,1,городской округ город Сорск,Республика Хакасия
452,2024Q3,2,городской округ город Черногорск,Республика Хакасия
453,2024Q3,3,Алтайский муниципальный район,Республика Хакасия
455,2024Q3,3,Бейский муниципальный район,Республика Хакасия
456,2024Q3,0,Боградский муниципальный район,Республика Хакасия
457,2024Q3,0,Орджоникидзевский муниципальный район,Республика Хакасия
458,2024Q3,3,Таштыпский муниципальный район,Республика Хакасия
459,2024Q3,3,Усть-Абаканский муниципальный район,Республика Хакасия
460,2024Q3,3,Ширинский муниципальный район,Республика Хакасия
478,2024Q3,2,городской округ город Чебоксары,Чувашская Республика
479,2024Q3,1,городской округ город Алатырь,Чувашская Республика
480,2024Q3,2,городской округ город Канаш,Чувашская Республика
481,2024Q3,2,городской округ город Новочебоксарск,Чувашская Республика
482,2024Q3,1,городской округ город Шумерля,Чувашская Республика
483,2024Q3,0,Алатырский муниципальный округ,Чувашская Республика
484,2024Q3,0,Аликовский муниципальный округ,Чувашская Республика
485,2024Q3,3,Батыревский муниципальный округ,Чувашская Республика
486,2024Q3,3,Вурнарский муниципальный округ,Чувашская Республика
487,2024Q3,0,Ибресинский муниципальный округ,Чувашская Республика
489,2024Q3,0,Козловский муниципальный округ,Чувашская Республика
490,2024Q3,3,Комсомольский муниципальный округ,Чувашская Республика
491,2024Q3,0,Красноармейский муниципальный округ,Чувашская Республика
492,2024Q3,0,Красночетайский муниципальный округ,Чувашская Республика
493,2024Q3,0,Мариинско-Посадский муниципальный округ,Чувашская Республика
494,2024Q3,1,Моргаушский муниципальный округ,Чувашская Республика
495,2024Q3,0,Порецкий муниципальный округ,Чувашская Республика
496,2024Q3,0,Урмарский муниципальный округ,Чувашская Республика
497,2024Q3,1,Цивильский муниципальный округ,Чувашская Республика
498,2024Q3,5,Чебоксарский муниципальный округ,Чувашская Республика
499,2024Q3,3,Шемуршинский муниципальный округ,Чувашская Республика
501,2024Q3,0,Ядринский муниципальный округ,Чувашская Республика
502,2024Q3,0,Яльчикский муниципальный округ,Чувашская Республика
503,2024Q3,0,Янтиковский муниципальный округ,Чувашская Республика
504,2024Q3,2,городской округ город Барнаул,Алтайский край
505,2024Q3,1,городской округ город Алейск,Алтайский край
506,2024Q3,1,городской округ город Белокуриха,Алтайский край
507,2024Q3,2,городской округ город Бийск,Алтайский край
508,2024Q3,1,городской округ город Заринск,Алтайский край
509,2024Q3,2,городской округ город Новоалтайск,Алтайский край
510,2024Q3,2,городской округ город Рубцовск,Алтайский край
511,2024Q3,3,муниципальный округ город Славгород,Алтайский край
512,2024Q3,1,городской округ город Яровое,Алтайский край
514,2024Q3,0,Алейский муниципальный район,Алтайский край
515,2024Q3,3,Алтайский муниципальный район,Алтайский край
516,2024Q3,0,Баевский муниципальный район,Алтайский край
517,2024Q3,3,Бийский муниципальный район,Алтайский край
518,2024Q3,1,Благовещенский муниципальный район,Алтайский край
519,2024Q3,0,Бурлинский муниципальный район,Алтайский край
520,2024Q3,0,Быстроистокский муниципальный район,Алтайский край
521,2024Q3,0,Волчихинский муниципальный район,Алтайский край
522,2024Q3,0,Егорьевский муниципальный район,Алтайский край
523,2024Q3,0,Ельцовский муниципальный район,Алтайский край
524,2024Q3,0,Завьяловский муниципальный район,Алтайский край
525,2024Q3,0,Залесовский муниципальный округ,Алтайский край
527,2024Q3,1,Змеиногорский муниципальный район,Алтайский край
528,2024Q3,0,Калманский муниципальный район,Алтайский край
529,2024Q3,3,Каменский муниципальный район,Алтайский край
530,2024Q3,0,Ключевский муниципальный район,Алтайский край
531,2024Q3,0,Косихинский муниципальный район,Алтайский край
532,2024Q3,0,Красногорский муниципальный район,Алтайский край
533,2024Q3,0,Краснощёковский муниципальный район,Алтайский край
534,2024Q3,0,Крутихинский муниципальный район,Алтайский край
535,2024Q3,3,Кулундинский муниципальный район,Алтайский край
536,2024Q3,0,Курьинский муниципальный район,Алтайский край
537,2024Q3,0,Кытмановский муниципальный район,Алтайский край
538,2024Q3,0,Локтевский муниципальный район,Алтайский край
539,2024Q3,0,Мамонтовский муниципальный район,Алтайский край
540,2024Q3,0,Михайловский муниципальный район,Алтайский край
541,2024Q3,0,Новичихинский муниципальный район,Алтайский край
542,2024Q3,0,Зональный муниципальный район,Алтайский край
543,2024Q3,3,Павловский муниципальный район,Алтайский край
544,2024Q3,0,Панкрушихинский муниципальный район,Алтайский край
545,2024Q3,3,Первомайский муниципальный район,Алтайский край
546,2024Q3,0,Петропавловский муниципальный район,Алтайский край
547,2024Q3,0,Поспелихинский муниципальный район,Алтайский край
548,2024Q3,0,Ребрихинский муниципальный район,Алтайский край
549,2024Q3,0,Родинский муниципальный район,Алтайский край
550,2024Q3,0,Романовский муниципальный район,Алтайский край
552,2024Q3,0,Смоленский муниципальный район,Алтайский край
553,2024Q3,0,муниципальный округ Суетский район,Алтайский край
554,2024Q3,3,Советский муниципальный район,Алтайский край
555,2024Q3,0,Солонешенский муниципальный район,Алтайский край
556,2024Q3,0,Солтонский муниципальный район,Алтайский край
557,2024Q3,0,Шелаболихинский муниципальный район,Алтайский край
558,2024Q3,0,Табунский муниципальный район,Алтайский край
559,2024Q3,0,Тальменский муниципальный район,Алтайский край
560,2024Q3,0,Тогульский муниципальный район,Алтайский край
561,2024Q3,0,Топчихинский муниципальный район,Алтайский край
562,2024Q3,0,Третьяковский муниципальный район,Алтайский край
563,2024Q3,0,Троицкий муниципальный район,Алтайский край
564,2024Q3,0,Тюменцевский муниципальный район,Алтайский край
565,2024Q3,0,Угловский муниципальный район,Алтайский край
566,2024Q3,0,Усть-Калманский муниципальный район,Алтайский край
567,2024Q3,0,Усть-Пристанский муниципальный район,Алтайский край
568,2024Q3,0,Хабарский муниципальный район,Алтайский край
569,2024Q3,0,Целинный муниципальный район,Алтайский край
570,2024Q3,0,муниципальный округ Чарышский район,Алтайский край
571,2024Q3,0,Шипуновский муниципальный район,Алтайский край
572,2024Q3,0,Немецкий национальный муниципальный район,Алтайский край
574,2024Q3,1,городской округ город Петровск-Забайкальский,Забайкальский край
578,2024Q3,3,Балейский муниципальный район,Забайкальский край
579,2024Q3,4,Борзинский муниципальный район,Забайкальский край
580,2024Q3,4,Газимуро-Заводский муниципальный округ,Забайкальский край
581,2024Q3,4,Забайкальский муниципальный район,Забайкальский край
582,2024Q3,4,Каларский муниципальный округ,Забайкальский край
583,2024Q3,3,Калганский муниципальный округ,Забайкальский край
584,2024Q3,4,Карымский муниципальный район,Забайкальский край
585,2024Q3,4,муниципальный район Город Краснокаменск и Краснокаменский район,Забайкальский край
586,2024Q3,3,Красночикойский муниципальный район,Забайкальский край
587,2024Q3,3,Кыринский муниципальный район,Забайкальский край
588,2024Q3,4,Могочинский муниципальный округ,Забайкальский край
589,2024Q3,4,Нерчинский муниципальный район,Забайкальский край
591,2024Q3,3,Оловяннинский муниципальный район,Забайкальский край
592,2024Q3,3,Ононский муниципальный округ,Забайкальский край
593,2024Q3,3,Петровск-Забайкальский муниципальный район,Забайкальский край
594,2024Q3,3,Приаргунский муниципальный округ,Забайкальский край
595,2024Q3,3,Сретенский муниципальный район,Забайкальский край
598,2024Q3,3,Улётовский муниципальный район,Забайкальский край
599,2024Q3,3,Хилокский муниципальный район,Забайкальский край
600,2024Q3,4,Чернышевский муниципальный район,Забайкальский край
601,2024Q3,3,Читинский муниципальный район,Забайкальский край
602,2024Q3,3,Шелопугинский муниципальный район,Забайкальский край
603,2024Q3,4,Шилкинский муниципальный район,Забайкальский край
604,2024Q3,3,городской округ поселок Агинское,Забайкальский край
605,2024Q3,3,Агинский муниципальный район,Забайкальский край
606,2024Q3,3,Дульдургинский муниципальный район,Забайкальский край
607,2024Q3,3,Могойтуйский муниципальный район,Забайкальский край
608,2024Q3,2,городской округ Петропавловск-Камчатский,Камчатский край
612,2024Q3,4,Елизовский муниципальный район,Камчатский край
613,2024Q3,4,Мильковский муниципальный округ,Камчатский край
614,2024Q3,4,Соболевский муниципальный район,Камчатский край
615,2024Q3,4,Усть-Большерецкий муниципальный район,Камчатский край
616,2024Q3,4,Усть-Камчатский муниципальный район,Камчатский край
618,2024Q3,4,Карагинский муниципальный район,Камчатский край
619,2024Q3,4,Олюторский муниципальный район,Камчатский край
621,2024Q3,4,Тигильский муниципальный район,Камчатский край
666,2024Q3,2,городской округ город Красноярск,Красноярский край
667,2024Q3,2,городской округ город Ачинск,Красноярский край
668,2024Q3,1,городской округ город Боготол,Красноярский край
669,2024Q3,1,городской округ город Бородино,Красноярский край
670,2024Q3,1,городской округ город Дивногорск,Красноярский край
671,2024Q3,1,городской округ город Енисейск,Красноярский край
674,2024Q3,2,городской округ город Канск,Красноярский край
675,2024Q3,2,городской округ город Лесосибирск,Красноярский край
676,2024Q3,2,городской округ город Минусинск,Красноярский край
677,2024Q3,1,городской округ город Назарово,Красноярский край
678,2024Q3,4,городской округ город Норильск,Красноярский край
679,2024Q3,2,городской округ город Сосновоборск,Красноярский край
680,2024Q3,1,городской округ город Шарыпово,Красноярский край
683,2024Q3,0,Абанский муниципальный район,Красноярский край
685,2024Q3,3,Балахтинский муниципальный район,Красноярский край
686,2024Q3,2,Березовский муниципальный район,Красноярский край
687,2024Q3,0,Бирилюсский муниципальный район,Красноярский край
689,2024Q3,4,Богучанский муниципальный район,Красноярский край
690,2024Q3,0,Большемуртинский муниципальный район,Красноярский край
691,2024Q3,0,Большеулуйский муниципальный район,Красноярский край
692,2024Q3,0,Дзержинский муниципальный район,Красноярский край
693,2024Q3,2,Емельяновский муниципальный район,Красноярский край
694,2024Q3,4,Енисейский муниципальный район,Красноярский край
695,2024Q3,3,Ермаковский муниципальный район,Красноярский край
696,2024Q3,3,Идринский муниципальный район,Красноярский край
697,2024Q3,1,Иланский муниципальный район,Красноярский край
698,2024Q3,3,Ирбейский муниципальный район,Красноярский край
699,2024Q3,0,Казачинский муниципальный район,Красноярский край
701,2024Q3,0,Каратузский муниципальный район,Красноярский край
702,2024Q3,4,Кежемский муниципальный район,Красноярский край
703,2024Q3,0,Козульский муниципальный район,Красноярский край
704,2024Q3,3,Краснотуранский муниципальный район,Красноярский край
705,2024Q3,3,Курагинский муниципальный район,Красноярский край
706,2024Q3,0,Манский муниципальный район,Красноярский край
708,2024Q3,4,Мотыгинский муниципальный район,Красноярский край
710,2024Q3,0,Нижнеингашский муниципальный район,Красноярский край
711,2024Q3,3,Новоселовский муниципальный район,Красноярский край
712,2024Q3,0,Партизанский муниципальный район,Красноярский край
713,2024Q3,0,Пировский муниципальный округ,Красноярский край
714,2024Q3,3,Рыбинский муниципальный район,Красноярский край
715,2024Q3,0,Саянский муниципальный район,Красноярский край
716,2024Q3,4,Северо-Енисейский муниципальный район,Красноярский край
717,2024Q3,0,Сухобузимский муниципальный район,Красноярский край
718,2024Q3,4,Таймырский Долгано-Ненецкий муниципальный район,Красноярский край
719,2024Q3,0,Тасеевский муниципальный район,Красноярский край
720,2024Q3,4,Туруханский муниципальный район,Красноярский край
721,2024Q3,0,Тюхтетский муниципальный округ,Красноярский край
722,2024Q3,3,Ужурский муниципальный район,Красноярский край
723,2024Q3,0,Уярский муниципальный район,Красноярский край
725,2024Q3,3,Шушенский муниципальный район,Красноярский край
726,2024Q3,4,Эвенкийский муниципальный район,Красноярский край
727,2024Q3,2,городской округ Пермский,Пермский край
731,2024Q3,1,городской округ Лысьвенский,Пермский край
734,2024Q3,1,муниципальный округ Александровский,Пермский край
735,2024Q3,3,муниципальный округ Бардымский,Пермский край
736,2024Q3,0,муниципальный округ Березовский,Пермский край
737,2024Q3,0,муниципальный округ Большесосновский,Пермский край
738,2024Q3,3,городской округ Верещагинский,Пермский край
739,2024Q3,1,городской округ Горнозаводский,Пермский край
741,2024Q3,1,городской округ Добрянский,Пермский край
742,2024Q3,0,муниципальный округ Еловский,Пермский край
743,2024Q3,0,городской округ Ильинский,Пермский край
744,2024Q3,3,муниципальный округ Карагайский,Пермский край
745,2024Q3,1,городской округ город Кизел,Пермский край
746,2024Q3,0,муниципальный округ Кишертский,Пермский край
747,2024Q3,0,городской округ Красновишерский,Пермский край
748,2024Q3,2,городской округ Краснокамский,Пермский край
749,2024Q3,0,муниципальный округ Куединский,Пермский край
751,2024Q3,1,городской округ Нытвенский,Пермский край
752,2024Q3,3,городской округ Октябрьский,Пермский край
753,2024Q3,0,муниципальный округ Ординский,Пермский край
754,2024Q3,1,городской округ Осинский,Пермский край
755,2024Q3,0,городской округ Оханский,Пермский край
756,2024Q3,3,городской округ Очерский,Пермский край
757,2024Q3,2,муниципальный округ Пермский,Пермский край
758,2024Q3,0,муниципальный округ Сивинский,Пермский край
760,2024Q3,0,городской округ Суксунский,Пермский край
761,2024Q3,0,муниципальный округ Уинский,Пермский край
763,2024Q3,2,городской округ Чайковский,Пермский край
764,2024Q3,3,муниципальный округ Частинский,Пермский край
765,2024Q3,0,городской округ Чердынский,Пермский край
766,2024Q3,2,городской округ Чернушинский,Пермский край
767,2024Q3,1,городской округ Чусовской,Пермский край
769,2024Q3,0,муниципальный округ Гайнский,Пермский край
770,2024Q3,0,муниципальный округ Косинский,Пермский край
771,2024Q3,3,муниципальный округ Кочевский,Пермский край
773,2024Q3,3,муниципальный округ Юрлинский,Пермский край
774,2024Q3,0,муниципальный округ Юсьвинский,Пермский край
775,2024Q3,2,городской округ Владивостокский,Приморский край
776,2024Q3,2,городской округ Арсеньевский,Приморский край
777,2024Q3,2,городской округ Артемовский,Приморский край
778,2024Q3,2,городской округ Большой Камень,Приморский край
779,2024Q3,1,городской округ Дальнегорский,Приморский край
780,2024Q3,4,городской округ Дальнереченский,Приморский край
781,2024Q3,4,городской округ Лесозаводский,Приморский край
782,2024Q3,2,городской округ Находкинский,Приморский край
783,2024Q3,4,городской округ Партизанский,Приморский край
784,2024Q3,1,городской округ Спасск-Дальний,Приморский край
785,2024Q3,2,городской округ Уссурийский,Приморский край
787,2024Q3,0,Анучинский муниципальный округ,Приморский край
788,2024Q3,3,Дальнереченский муниципальный район,Приморский край
789,2024Q3,3,Кавалеровский муниципальный округ,Приморский край
790,2024Q3,3,Кировский муниципальный район,Приморский край
791,2024Q3,4,Красноармейский муниципальный округ,Приморский край
792,2024Q3,4,Лазовский муниципальный округ,Приморский край
793,2024Q3,4,Михайловский муниципальный район,Приморский край
794,2024Q3,2,Надеждинский муниципальный район,Приморский край
795,2024Q3,4,Октябрьский муниципальный округ,Приморский край
796,2024Q3,3,Ольгинский муниципальный округ,Приморский край
797,2024Q3,4,Партизанский муниципальный округ,Приморский край
798,2024Q3,4,Пограничный муниципальный округ,Приморский край
799,2024Q3,4,Пожарский муниципальный округ,Приморский край
800,2024Q3,3,Спасский муниципальный район,Приморский край
801,2024Q3,4,Тернейский муниципальный округ,Приморский край
802,2024Q3,3,Ханкайский муниципальный округ,Приморский край
803,2024Q3,4,Хасанский муниципальный округ,Приморский край
804,2024Q3,0,Хорольский муниципальный округ,Приморский край
805,2024Q3,4,Черниговский муниципальный округ,Приморский край
806,2024Q3,3,Чугуевский муниципальный округ,Приморский край
807,2024Q3,4,Шкотовский муниципальный округ,Приморский край
808,2024Q3,0,Яковлевский муниципальный округ,Приморский край
809,2024Q3,2,городской округ город Ставрополь,Ставропольский край
810,2024Q3,5,Благодарненский муниципальный округ,Ставропольский край
811,2024Q3,5,Георгиевский муниципальный округ,Ставропольский край
812,2024Q3,2,городской округ город-курорт Ессентуки,Ставропольский край
813,2024Q3,2,городской округ город-курорт Железноводск,Ставропольский край
814,2024Q3,5,Изобильненский муниципальный округ,Ставропольский край
815,2024Q3,5,Ипатовский муниципальный округ,Ставропольский край
817,2024Q3,3,Кировский муниципальный округ,Ставропольский край
818,2024Q3,2,городской округ город Лермонтов,Ставропольский край
819,2024Q3,2,Минераловодский муниципальный округ,Ставропольский край
820,2024Q3,2,городской округ город Невинномысск,Ставропольский край
821,2024Q3,5,Нефтекумский муниципальный округ,Ставропольский край
822,2024Q3,5,Новоалександровский муниципальный округ,Ставропольский край
823,2024Q3,5,Петровский муниципальный округ,Ставропольский край
824,2024Q3,2,городской округ город-курорт Пятигорск,Ставропольский край
825,2024Q3,5,Советский муниципальный округ,Ставропольский край
826,2024Q3,5,Александровский муниципальный округ,Ставропольский край
827,2024Q3,5,Андроповский муниципальный округ,Ставропольский край
828,2024Q3,0,Апанасенковский муниципальный округ,Ставропольский край
829,2024Q3,0,Арзгирский муниципальный округ,Ставропольский край
830,2024Q3,5,Будённовский муниципальный округ,Ставропольский край
831,2024Q3,0,Грачёвский муниципальный округ,Ставропольский край
832,2024Q3,5,Кочубеевский муниципальный округ,Ставропольский край
833,2024Q3,0,Красногвардейский муниципальный округ,Ставропольский край
834,2024Q3,5,Курский муниципальный округ,Ставропольский край
835,2024Q3,5,Левокумский муниципальный округ,Ставропольский край
836,2024Q3,5,Новоселицкий муниципальный округ,Ставропольский край
838,2024Q3,5,Степновский муниципальный округ,Ставропольский край
839,2024Q3,0,Труновский муниципальный округ,Ставропольский край
840,2024Q3,0,Туркменский муниципальный округ,Ставропольский край
841,2024Q3,2,Шпаковский муниципальный округ,Ставропольский край
842,2024Q3,2,городской округ город Хабаровск,Хабаровский край
843,2024Q3,2,городской округ город Комсомольск-на-Амуре,Хабаровский край
844,2024Q3,4,Амурский муниципальный район,Хабаровский край
846,2024Q3,4,Бикинский муниципальный район,Хабаровский край
847,2024Q3,4,Ванинский муниципальный район,Хабаровский край
848,2024Q3,4,Верхнебуреинский муниципальный район,Хабаровский край
849,2024Q3,3,Вяземский муниципальный район,Хабаровский край
851,2024Q3,3,муниципальный район имени Лазо,Хабаровский край
852,2024Q3,4,Нанайский муниципальный район,Хабаровский край
853,2024Q3,4,Николаевский муниципальный район,Хабаровский край
854,2024Q3,4,Охотский муниципальный округ,Хабаровский край
855,2024Q3,4,муниципальный район имени Полины Осипенко,Хабаровский край
856,2024Q3,4,Советско-Гаванский муниципальный район,Хабаровский край
857,2024Q3,4,Солнечный муниципальный район,Хабаровский край
859,2024Q3,4,Ульчский муниципальный район,Хабаровский край
860,2024Q3,2,Хабаровский муниципальный район,Хабаровский край
870,2024Q3,4,Архаринский муниципальный округ,Амурская область
871,2024Q3,4,Белогорский муниципальный округ,Амурская область
872,2024Q3,2,Благовещенский муниципальный округ,Амурская область
873,2024Q3,4,Бурейский муниципальный округ,Амурская область
874,2024Q3,4,Завитинский муниципальный округ,Амурская область
875,2024Q3,4,Зейский муниципальный округ,Амурская область
876,2024Q3,3,Ивановский муниципальный округ,Амурская область
877,2024Q3,4,Константиновский муниципальный район,Амурская область
878,2024Q3,4,Магдагачинский муниципальный район,Амурская область
879,2024Q3,4,Мазановский муниципальный район,Амурская область
880,2024Q3,3,Михайловский муниципальный район,Амурская область
881,2024Q3,4,Октябрьский муниципальный район,Амурская область
882,2024Q3,3,Ромненский муниципальный округ,Амурская область
883,2024Q3,4,Свободненский муниципальный район,Амурская область
884,2024Q3,4,Селемджинский муниципальный район,Амурская область
885,2024Q3,4,Серышевский муниципальный округ,Амурская область
886,2024Q3,4,Сковородинский муниципальный округ,Амурская область
888,2024Q3,4,Тындинский муниципальный округ,Амурская область
889,2024Q3,4,Шимановский муниципальный округ,Амурская область
890,2024Q3,2,городской округ город Архангельск,Архангельская область
891,2024Q3,1,городской округ город Коряжма,Архангельская область
892,2024Q3,2,городской округ Котлас,Архангельская область
895,2024Q3,1,городской округ город Новодвинск,Архангельская область
896,2024Q3,2,городской округ Северодвинск,Архангельская область
897,2024Q3,1,Вельский муниципальный район,Архангельская область
898,2024Q3,0,Верхнетоемский муниципальный округ,Архангельская область
899,2024Q3,0,муниципальный округ Вилегодский,Архангельская область
900,2024Q3,0,Виноградовский муниципальный округ,Архангельская область
901,2024Q3,0,муниципальный округ Каргопольский,Архангельская область
902,2024Q3,1,Коношский муниципальный район,Архангельская область
903,2024Q3,1,Котласский муниципальный округ,Архангельская область
904,2024Q3,0,Красноборский муниципальный округ,Архангельская область
905,2024Q3,1,Ленский муниципальный район,Архангельская область
907,2024Q3,0,Мезенский муниципальный округ,Архангельская область
908,2024Q3,1,Няндомский муниципальный округ,Архангельская область
909,2024Q3,1,Онежский муниципальный район,Архангельская область
911,2024Q3,1,Плесецкий муниципальный округ,Архангельская область
912,2024Q3,4,Приморский муниципальный округ,Архангельская область
913,2024Q3,1,Устьянский муниципальный округ,Архангельская область
914,2024Q3,0,Холмогорский муниципальный округ,Архангельская область
915,2024Q3,0,Шенкурский муниципальный округ,Архангельская область
916,2024Q3,4,городской округ город Нарьян-Мар,Ненецкий автономный округ
917,2024Q3,4,муниципальный район Заполярный район,Ненецкий автономный округ
918,2024Q3,2,городской округ город Астрахань,Астраханская область
920,2024Q3,1,Ахтубинский муниципальный район,Астраханская область
922,2024Q3,0,Енотаевский муниципальный район,Астраханская область
923,2024Q3,0,Икрянинский муниципальный район,Астраханская область
924,2024Q3,0,Камызякский муниципальный район,Астраханская область
925,2024Q3,1,Красноярский муниципальный район,Астраханская область
926,2024Q3,0,Лиманский муниципальный район,Астраханская область
927,2024Q3,2,Наримановский муниципальный район,Астраханская область
928,2024Q3,2,Приволжский муниципальный район,Астраханская область
929,2024Q3,0,Харабалинский муниципальный район,Астраханская область
930,2024Q3,0,Черноярский муниципальный район,Астраханская область
986,2024Q3,2,городской округ город Владимир,Владимирская область
987,2024Q3,1,городской округ город Гусь-Хрустальный,Владимирская область
988,2024Q3,2,городской округ город Ковров,Владимирская область
989,2024Q3,2,городской округ округ Муром,Владимирская область
991,2024Q3,2,Александровский муниципальный район,Владимирская область
992,2024Q3,1,Вязниковский муниципальный район,Владимирская область
993,2024Q3,0,Гороховецкий муниципальный район,Владимирская область
994,2024Q3,1,Гусь-Хрустальный муниципальный район,Владимирская область
995,2024Q3,1,Камешковский муниципальный район,Владимирская область
996,2024Q3,1,Киржачский муниципальный район,Владимирская область
998,2024Q3,1,Кольчугинский муниципальный район,Владимирская область
999,2024Q3,0,Меленковский муниципальный район,Владимирская область
1001,2024Q3,1,Петушинский муниципальный район,Владимирская область
1002,2024Q3,0,Селивановский муниципальный район,Владимирская область
1003,2024Q3,1,Собинский муниципальный район,Владимирская область
1004,2024Q3,1,Судогодский муниципальный район,Владимирская область
1005,2024Q3,1,Суздальский муниципальный район,Владимирская область
1006,2024Q3,1,Юрьев-Польский муниципальный район,Владимирская область
1007,2024Q3,2,городской округ город-герой Волгоград,Волгоградская область
1008,2024Q3,2,городской округ город Волжский,Волгоградская область
1009,2024Q3,2,городской округ город Камышин,Волгоградская область
1010,2024Q3,5,городской округ город Михайловка,Волгоградская область
1011,2024Q3,5,городской округ город Урюпинск,Волгоградская область
1012,2024Q3,1,городской округ город Фролово,Волгоградская область
1013,2024Q3,0,Алексеевский муниципальный район,Волгоградская область
1014,2024Q3,0,Быковский муниципальный район,Волгоградская область
1015,2024Q3,1,Городищенский муниципальный район,Волгоградская область
1016,2024Q3,0,Даниловский муниципальный район,Волгоградская область
1017,2024Q3,0,Дубовский муниципальный район,Волгоградская область
1018,2024Q3,0,Еланский муниципальный район,Волгоградская область
1019,2024Q3,1,Жирновский муниципальный район,Волгоградская область
1020,2024Q3,1,Иловлинский муниципальный район,Волгоградская область
1021,2024Q3,1,Калачевский муниципальный район,Волгоградская область
1023,2024Q3,0,Киквидзенский муниципальный район,Волгоградская область
1024,2024Q3,0,Клетский муниципальный район,Волгоградская область
1025,2024Q3,1,Котельниковский муниципальный район,Волгоградская область
1026,2024Q3,1,Котовский муниципальный район,Волгоградская область
1027,2024Q3,0,Кумылженский муниципальный район,Волгоградская область
1028,2024Q3,0,Ленинский муниципальный район,Волгоградская область
1029,2024Q3,0,Нехаевский муниципальный район,Волгоградская область
1030,2024Q3,0,Николаевский муниципальный район,Волгоградская область
1031,2024Q3,0,Новоаннинский муниципальный район,Волгоградская область
1032,2024Q3,0,Новониколаевский муниципальный район,Волгоградская область
1033,2024Q3,0,Октябрьский муниципальный район,Волгоградская область
1034,2024Q3,0,Ольховский муниципальный район,Волгоградская область
1035,2024Q3,0,Палласовский муниципальный район,Волгоградская область
1036,2024Q3,0,Руднянский муниципальный район,Волгоградская область
1037,2024Q3,5,Светлоярский муниципальный район,Волгоградская область
1038,2024Q3,0,Серафимовичский муниципальный район,Волгоградская область
1039,2024Q3,1,Среднеахтубинский муниципальный район,Волгоградская область
1040,2024Q3,3,Старополтавский муниципальный район,Волгоградская область
1041,2024Q3,0,Суровикинский муниципальный район,Волгоградская область
1044,2024Q3,0,Чернышковский муниципальный район,Волгоградская область
1047,2024Q3,1,Бабаевский муниципальный округ,Вологодская область
1048,2024Q3,3,Бабушкинский муниципальный округ,Вологодская область
1049,2024Q3,1,Белозерский муниципальный округ,Вологодская область
1051,2024Q3,3,Великоустюгский муниципальный округ,Вологодская область
1052,2024Q3,0,Верховажский муниципальный округ,Вологодская область
1053,2024Q3,0,Вожегодский муниципальный округ,Вологодская область
1054,2024Q3,3,Вологодский муниципальный округ,Вологодская область
1055,2024Q3,3,Вытегорский муниципальный район,Вологодская область
1056,2024Q3,1,Грязовецкий муниципальный округ,Вологодская область
1057,2024Q3,1,Кадуйский муниципальный округ,Вологодская область
1058,2024Q3,0,Кирилловский муниципальный округ,Вологодская область
1059,2024Q3,3,Кичменгско-Городецкий муниципальный округ,Вологодская область
1060,2024Q3,0,Междуреченский муниципальный округ,Вологодская область
1061,2024Q3,3,Никольский муниципальный округ,Вологодская область
1062,2024Q3,3,Нюксенский муниципальный округ,Вологодская область
1063,2024Q3,1,Сокольский муниципальный округ,Вологодская область
1064,2024Q3,0,Сямженский муниципальный округ,Вологодская область
1065,2024Q3,0,Тарногский муниципальный округ,Вологодская область
1066,2024Q3,1,Тотемский муниципальный округ,Вологодская область
1067,2024Q3,0,Усть-Кубинский муниципальный округ,Вологодская область
1068,2024Q3,0,Устюженский муниципальный округ,Вологодская область
1069,2024Q3,0,Харовский муниципальный округ,Вологодская область
1070,2024Q3,1,Чагодощенский муниципальный округ,Вологодская область
1071,2024Q3,3,Череповецкий муниципальный район,Вологодская область
1072,2024Q3,1,Шекснинский муниципальный район,Вологодская область
1107,2024Q3,2,городской округ Иваново,Ивановская область
1108,2024Q3,1,городской округ Вичуга,Ивановская область
1109,2024Q3,2,городской округ Кинешма,Ивановская область
1110,2024Q3,1,городской округ Кохма,Ивановская область
1111,2024Q3,1,городской округ Тейково,Ивановская область
1112,2024Q3,1,городской округ Шуя,Ивановская область
1113,2024Q3,0,Вичугский муниципальный район,Ивановская область
1115,2024Q3,0,Гаврилово-Посадский муниципальный район,Ивановская область
1116,2024Q3,0,Заволжский муниципальный район,Ивановская область
1117,2024Q3,2,Ивановский муниципальный район,Ивановская область
1118,2024Q3,0,Ильинский муниципальный район,Ивановская область
1119,2024Q3,1,Кинешемский муниципальный район,Ивановская область
1120,2024Q3,1,Комсомольский муниципальный район,Ивановская область
1121,2024Q3,1,Лежневский муниципальный район,Ивановская область
1122,2024Q3,0,Лухский муниципальный район,Ивановская область
1123,2024Q3,0,Палехский муниципальный район,Ивановская область
1124,2024Q3,0,Пестяковский муниципальный район,Ивановская область
1125,2024Q3,1,Приволжский муниципальный район,Ивановская область
1126,2024Q3,0,Пучежский муниципальный район,Ивановская область
1127,2024Q3,1,Родниковский муниципальный район,Ивановская область
1128,2024Q3,1,Савинский муниципальный район,Ивановская область
1129,2024Q3,0,Тейковский муниципальный район,Ивановская область
1130,2024Q3,1,Фурмановский муниципальный район,Ивановская область
1131,2024Q3,1,Шуйский муниципальный район,Ивановская область
1132,2024Q3,0,Южский муниципальный район,Ивановская область
1133,2024Q3,0,Юрьевецкий муниципальный район,Ивановская область
1134,2024Q3,2,городской округ город Иркутск,Иркутская область
1135,2024Q3,2,городской округ Ангарский,Иркутская область
1136,2024Q3,2,городской округ город Братск,Иркутская область
1137,2024Q3,3,городской округ Зима,Иркутская область
1138,2024Q3,2,городской округ город Саянск,Иркутская область
1139,2024Q3,3,городской округ город Тулун,Иркутская область
1140,2024Q3,2,городской округ город Усолье-Сибирское,Иркутская область
1141,2024Q3,2,городской округ город Усть-Илимск,Иркутская область
1142,2024Q3,2,городской округ город Черемхово,Иркутская область
1143,2024Q3,1,городской округ город Свирск,Иркутская область
1144,2024Q3,3,Балаганский муниципальный район,Иркутская область
1146,2024Q3,1,Братский муниципальный район,Иркутская область
1147,2024Q3,4,Жигаловский муниципальный район,Иркутская область
1148,2024Q3,3,Заларинский муниципальный район,Иркутская область
1149,2024Q3,3,Зиминский муниципальный район,Иркутская область
1150,2024Q3,2,Иркутский муниципальный район,Иркутская область
1151,2024Q3,4,Казачинско-Ленский муниципальный район,Иркутская область
1152,2024Q3,4,Катангский муниципальный район,Иркутская область
1153,2024Q3,3,Качугский муниципальный район,Иркутская область
1154,2024Q3,4,Киренский муниципальный район,Иркутская область
1155,2024Q3,3,Куйтунский муниципальный район,Иркутская область
1157,2024Q3,1,Нижнеилимский муниципальный район,Иркутская область
1158,2024Q3,4,Нижнеудинский муниципальный район,Иркутская область
1159,2024Q3,3,Ольхонский муниципальный район,Иркутская область
1160,2024Q3,4,Слюдянский муниципальный район,Иркутская область
1161,2024Q3,4,Тайшетский муниципальный район,Иркутская область
1163,2024Q3,3,Усольский муниципальный район,Иркутская область
1164,2024Q3,4,Усть-Илимский муниципальный район,Иркутская область
1165,2024Q3,4,Усть-Кутский муниципальный район,Иркутская область
1166,2024Q3,3,Усть-Удинский муниципальный район,Иркутская область
1167,2024Q3,3,Черемховский муниципальный район,Иркутская область
1168,2024Q3,3,Чунский муниципальный район,Иркутская область
1169,2024Q3,2,Шелеховский муниципальный район,Иркутская область
1170,2024Q3,3,Аларский муниципальный район,Иркутская область
1171,2024Q3,3,Баяндаевский муниципальный район,Иркутская область
1172,2024Q3,3,Боханский муниципальный район,Иркутская область
1173,2024Q3,3,Нукутский муниципальный район,Иркутская область
1174,2024Q3,3,Осинский муниципальный район,Иркутская область
1175,2024Q3,3,Эхирит-Булагатский муниципальный район,Иркутская область
1176,2024Q3,2,городской округ город Калининград,Калининградская область
1178,2024Q3,1,городской округ Мамоновский,Калининградская область
1179,2024Q3,1,городской округ Пионерский,Калининградская область
1180,2024Q3,1,городской округ Светловский,Калининградская область
1181,2024Q3,1,городской округ Советский,Калининградская область
1184,2024Q3,1,городской округ Балтийский,Калининградская область
1185,2024Q3,1,муниципальный округ Гвардейский,Калининградская область
1186,2024Q3,2,муниципальный округ Гурьевский,Калининградская область
1187,2024Q3,1,городской округ Гусевский,Калининградская область
1188,2024Q3,2,муниципальный округ Зеленоградский,Калининградская область
1189,2024Q3,3,муниципальный округ Краснознаменский,Калининградская область
1190,2024Q3,2,городской округ Светлогорский,Калининградская область
1191,2024Q3,3,муниципальный округ Неманский,Калининградская область
1192,2024Q3,3,муниципальный округ Нестеровский,Калининградская область
1193,2024Q3,3,муниципальный округ Озерский,Калининградская область
1194,2024Q3,5,муниципальный округ Полесский,Калининградская область
1195,2024Q3,0,муниципальный округ Правдинский,Калининградская область
1196,2024Q3,3,муниципальный округ Славский,Калининградская область
1197,2024Q3,1,муниципальный округ Черняховский,Калининградская область
1198,2024Q3,2,городской округ город Калуга,Калужская область
1200,2024Q3,1,Бабынинский муниципальный район,Калужская область
1201,2024Q3,0,Барятинский муниципальный район,Калужская область
1203,2024Q3,1,Дзержинский муниципальный район,Калужская область
1204,2024Q3,0,Думиничский муниципальный район,Калужская область
1205,2024Q3,0,Жиздринский муниципальный район,Калужская область
1206,2024Q3,1,Жуковский муниципальный район,Калужская область
1207,2024Q3,1,Кировский муниципальный район,Калужская область
1208,2024Q3,0,Износковский муниципальный район,Калужская область
1209,2024Q3,1,Козельский муниципальный район,Калужская область
1210,2024Q3,0,Куйбышевский муниципальный район,Калужская область
1211,2024Q3,1,Людиновский муниципальный район,Калужская область
1212,2024Q3,2,Малоярославецкий муниципальный район,Калужская область
1213,2024Q3,1,Медынский муниципальный район,Калужская область
1214,2024Q3,0,Мещовский муниципальный район,Калужская область
1215,2024Q3,0,Мосальский муниципальный район,Калужская область
1217,2024Q3,0,Спас-Деменский муниципальный район,Калужская область
1218,2024Q3,0,Сухиничский муниципальный район,Калужская область
1219,2024Q3,1,Тарусский муниципальный район,Калужская область
1220,2024Q3,0,Ульяновский муниципальный район,Калужская область
1221,2024Q3,1,Ферзиковский муниципальный район,Калужская область
1222,2024Q3,0,Хвастовичский муниципальный район,Калужская область
1223,2024Q3,0,Юхновский муниципальный район,Калужская область
1224,2024Q3,2,городской округ Кемеровский,Кемеровская область
1225,2024Q3,2,городской округ Анжеро-Судженский,Кемеровская область
1226,2024Q3,2,городской округ Беловский,Кемеровская область
1227,2024Q3,1,городской округ Березовский,Кемеровская область
1228,2024Q3,1,городской округ Калтанский,Кемеровская область
1229,2024Q3,2,городской округ Киселевский,Кемеровская область
1230,2024Q3,2,городской округ Ленинск-Кузнецкий,Кемеровская область
1231,2024Q3,2,городской округ Междуреченский,Кемеровская область
1232,2024Q3,1,городской округ Мысковский,Кемеровская область
1233,2024Q3,2,городской округ Новокузнецкий,Кемеровская область
1234,2024Q3,2,городской округ Осинниковский,Кемеровская область
1235,2024Q3,2,городской округ Полысаевский,Кемеровская область
1236,2024Q3,2,городской округ Прокопьевский,Кемеровская область
1237,2024Q3,1,городской округ Тайгинский,Кемеровская область
1238,2024Q3,2,городской округ Юргинский,Кемеровская область
1240,2024Q3,3,Беловский муниципальный округ,Кемеровская область
1241,2024Q3,1,Гурьевский муниципальный округ,Кемеровская область
1242,2024Q3,0,Ижморский муниципальный округ,Кемеровская область
1243,2024Q3,2,Кемеровский муниципальный округ,Кемеровская область
1244,2024Q3,0,Крапивинский муниципальный округ,Кемеровская область
1246,2024Q3,3,Мариинский муниципальный округ,Кемеровская область
1249,2024Q3,3,Промышленновский муниципальный округ,Кемеровская область
1250,2024Q3,2,Таштагольский муниципальный район,Кемеровская область
1251,2024Q3,0,Тисульский муниципальный округ,Кемеровская область
1252,2024Q3,1,Топкинский муниципальный округ,Кемеровская область
1253,2024Q3,0,Тяжинский муниципальный округ,Кемеровская область
1254,2024Q3,3,Чебулинский муниципальный округ,Кемеровская область
1256,2024Q3,1,Яйский муниципальный округ,Кемеровская область
1257,2024Q3,1,Яшкинский муниципальный округ,Кемеровская область
1258,2024Q3,2,городской округ город Киров,Кировская область
1259,2024Q3,1,городской округ город Вятские Поляны,Кировская область
1260,2024Q3,2,городской округ город Кирово-Чепецк,Кировская область
1261,2024Q3,1,городской округ город Котельнич,Кировская область
1262,2024Q3,1,городской округ город Слободской,Кировская область
1264,2024Q3,0,муниципальный округ Арбажский,Кировская область
1265,2024Q3,0,муниципальный округ Афанасьевский,Кировская область
1266,2024Q3,0,Белохолуницкий муниципальный район,Кировская область
1267,2024Q3,0,муниципальный округ Богородский,Кировская область
1268,2024Q3,0,муниципальный округ Верхнекамский,Кировская область
1269,2024Q3,0,Верхошижемский муниципальный район,Кировская область
1270,2024Q3,1,Вятскополянский муниципальный район,Кировская область
1271,2024Q3,0,Даровской муниципальный район,Кировская область
1272,2024Q3,0,Зуевский муниципальный район,Кировская область
1273,2024Q3,0,муниципальный округ Кикнурский,Кировская область
1274,2024Q3,0,Кильмезский муниципальный район,Кировская область
1275,2024Q3,3,Кирово-Чепецкий муниципальный район,Кировская область
1276,2024Q3,0,Котельничский муниципальный район,Кировская область
1277,2024Q3,0,Куменский муниципальный район,Кировская область
1278,2024Q3,0,муниципальный округ Лебяжский,Кировская область
1279,2024Q3,0,муниципальный округ Лузский,Кировская область
1280,2024Q3,0,Малмыжский муниципальный район,Кировская область
1281,2024Q3,1,муниципальный округ Мурашинский,Кировская область
1282,2024Q3,0,Нагорский муниципальный район,Кировская область
1284,2024Q3,0,Нолинский муниципальный район,Кировская область
1285,2024Q3,1,Омутнинский муниципальный район,Кировская область
1286,2024Q3,0,муниципальный округ Опаринский,Кировская область
1287,2024Q3,1,Оричевский муниципальный район,Кировская область
1288,2024Q3,0,Орловский муниципальный район,Кировская область
1289,2024Q3,0,муниципальный округ Пижанский,Кировская область
1290,2024Q3,0,Подосиновский муниципальный район,Кировская область
1291,2024Q3,0,муниципальный округ Санчурский,Кировская область
1292,2024Q3,0,муниципальный округ Свечинский,Кировская область
1293,2024Q3,1,Слободской муниципальный район,Кировская область
1294,2024Q3,1,Советский муниципальный район,Кировская область
1295,2024Q3,0,Сунский муниципальный район,Кировская область
1296,2024Q3,0,Тужинский муниципальный район,Кировская область
1297,2024Q3,0,муниципальный округ Унинский,Кировская область
1298,2024Q3,0,Уржумский муниципальный район,Кировская область
1299,2024Q3,0,муниципальный округ Фаленский,Кировская область
1300,2024Q3,0,Шабалинский муниципальный район,Кировская область
1301,2024Q3,1,Юрьянский муниципальный район,Кировская область
1302,2024Q3,1,Яранский муниципальный район,Кировская область
1303,2024Q3,2,городской округ город Кострома,Костромская область
1304,2024Q3,1,городской округ город Буй,Костромская область
1305,2024Q3,1,городской округ город Волгореченск,Костромская область
1306,2024Q3,1,городской округ город Галич,Костромская область
1308,2024Q3,1,городской округ город Шарья,Костромская область
1309,2024Q3,0,Антроповский муниципальный район,Костромская область
1310,2024Q3,0,Буйский муниципальный район,Костромская область
1311,2024Q3,0,Вохомский муниципальный район,Костромская область
1312,2024Q3,0,Галичский муниципальный район,Костромская область
1313,2024Q3,0,Кадыйский муниципальный район,Костромская область
1314,2024Q3,0,Кологривский муниципальный округ,Костромская область
1315,2024Q3,2,Костромской муниципальный район,Костромская область
1316,2024Q3,1,Красносельский муниципальный район,Костромская область
1317,2024Q3,0,Макарьевский муниципальный район,Костромская область
1319,2024Q3,0,Межевской муниципальный округ,Костромская область
1320,2024Q3,0,Нейский муниципальный округ,Костромская область
1321,2024Q3,1,муниципальный район город Нерехта и Нерехтский район,Костромская область
1322,2024Q3,0,Октябрьский муниципальный район,Костромская область
1323,2024Q3,0,Островский муниципальный округ,Костромская область
1324,2024Q3,0,Павинский муниципальный округ,Костромская область
1325,2024Q3,0,Парфеньевский муниципальный округ,Костромская область
1326,2024Q3,0,Поназыревский муниципальный округ,Костромская область
1327,2024Q3,0,Пыщугский муниципальный округ,Костромская область
1328,2024Q3,0,Солигаличский муниципальный округ,Костромская область
1329,2024Q3,0,Судиславский муниципальный район,Костромская область
1330,2024Q3,0,Сусанинский муниципальный район,Костромская область
1331,2024Q3,0,Чухломский муниципальный район,Костромская область
1332,2024Q3,0,Шарьинский муниципальный район,Костромская область
1333,2024Q3,2,городской округ город Курган,Курганская область
1334,2024Q3,1,городской округ город Шадринск,Курганская область
1335,2024Q3,0,Альменевский муниципальный округ,Курганская область
1336,2024Q3,0,Белозерский муниципальный округ,Курганская область
1337,2024Q3,0,Варгашинский муниципальный округ,Курганская область
1338,2024Q3,0,Далматовский муниципальный округ,Курганская область
1339,2024Q3,0,Звериноголовский муниципальный округ,Курганская область
1340,2024Q3,0,Каргапольский муниципальный округ,Курганская область
1341,2024Q3,0,Катайский муниципальный округ,Курганская область
1343,2024Q3,0,Куртамышский муниципальный округ,Курганская область
1344,2024Q3,0,Лебяжьевский муниципальный округ,Курганская область
1345,2024Q3,0,муниципальный округ Макушинский,Курганская область
1346,2024Q3,0,Мишкинский муниципальный округ,Курганская область
1347,2024Q3,0,Мокроусовский муниципальный округ,Курганская область
1348,2024Q3,0,Петуховский муниципальный округ,Курганская область
1349,2024Q3,0,Половинский муниципальный округ,Курганская область
1350,2024Q3,0,Притобольный муниципальный округ,Курганская область
1351,2024Q3,0,Сафакулевский муниципальный округ,Курганская область
1352,2024Q3,0,Целинный муниципальный округ,Курганская область
1353,2024Q3,0,Частоозерский муниципальный округ,Курганская область
1355,2024Q3,0,Шатровский муниципальный округ,Курганская область
1356,2024Q3,0,муниципальный округ Шумихинский,Курганская область
1357,2024Q3,0,Щучанский муниципальный округ,Курганская область
1358,2024Q3,0,Юргамышский муниципальный округ,Курганская область
1392,2024Q3,1,Бокситогорский муниципальный район,Ленинградская область
1393,2024Q3,1,Волосовский муниципальный район,Ленинградская область
1394,2024Q3,1,Волховский муниципальный район,Ленинградская область
1395,2024Q3,2,Всеволожский муниципальный район,Ленинградская область
1396,2024Q3,2,Выборгский муниципальный район,Ленинградская область
1397,2024Q3,2,Гатчинский муниципальный район,Ленинградская область
1398,2024Q3,2,Кингисеппский муниципальный район,Ленинградская область
1399,2024Q3,1,Киришский муниципальный район,Ленинградская область
1400,2024Q3,2,Кировский муниципальный район,Ленинградская область
1401,2024Q3,1,Лодейнопольский муниципальный район,Ленинградская область
1402,2024Q3,2,Ломоносовский муниципальный район,Ленинградская область
1403,2024Q3,2,Лужский муниципальный район,Ленинградская область
1404,2024Q3,1,Подпорожский муниципальный район,Ленинградская область
1405,2024Q3,1,Приозерский муниципальный район,Ленинградская область
1406,2024Q3,1,Сланцевский муниципальный район,Ленинградская область
1407,2024Q3,1,Тихвинский муниципальный район,Ленинградская область
1408,2024Q3,2,Тосненский муниципальный район,Ленинградская область
1409,2024Q3,2,городской округ Сосновоборский,Ленинградская область
1410,2024Q3,2,городской округ город Липецк,Липецкая область
1411,2024Q3,2,городской округ город Елец,Липецкая область
1412,2024Q3,0,Воловский муниципальный район,Липецкая область
1413,2024Q3,1,Грязинский муниципальный район,Липецкая область
1414,2024Q3,1,Данковский муниципальный район,Липецкая область
1415,2024Q3,0,Добринский муниципальный район,Липецкая область
1416,2024Q3,0,Добровский муниципальный район,Липецкая область
1417,2024Q3,0,Долгоруковский муниципальный район,Липецкая область
1419,2024Q3,0,Задонский муниципальный район,Липецкая область
1420,2024Q3,0,Измалковский муниципальный район,Липецкая область
1421,2024Q3,0,Краснинский муниципальный район,Липецкая область
1422,2024Q3,1,Лебедянский муниципальный район,Липецкая область
1423,2024Q3,0,Лев-Толстовский муниципальный район,Липецкая область
1425,2024Q3,0,Становлянский муниципальный район,Липецкая область
1426,2024Q3,0,Тербунский муниципальный район,Липецкая область
1427,2024Q3,1,Усманский муниципальный район,Липецкая область
1428,2024Q3,0,Хлевенский муниципальный район,Липецкая область
1429,2024Q3,0,Чаплыгинский муниципальный район,Липецкая область
1430,2024Q3,4,городской округ город Магадан,Магаданская область
1431,2024Q3,4,муниципальный округ Ольский,Магаданская область
1435,2024Q3,4,муниципальный округ Сусуманский,Магаданская область
1437,2024Q3,4,муниципальный округ Хасынский,Магаданская область
1438,2024Q3,4,муниципальный округ Ягоднинский,Магаданская область
1439,2024Q3,2,городской округ Балашиха,Московская область
1440,2024Q3,2,городской округ Бронницы,Московская область
1443,2024Q3,2,городской округ Дзержинский,Московская область
1444,2024Q3,2,городской округ Долгопрудный,Московская область
1445,2024Q3,2,городской округ Домодедово,Московская область
1446,2024Q3,2,городской округ Дубна,Московская область
1447,2024Q3,2,городской округ Егорьевск,Московская область
1448,2024Q3,2,городской округ Жуковский,Московская область
1449,2024Q3,1,городской округ Зарайск,Московская область
1453,2024Q3,2,городской округ Истра,Московская область
1454,2024Q3,2,городской округ Кашира,Московская область
1456,2024Q3,2,городской округ Королёв,Московская область
1457,2024Q3,2,городской округ Котельники,Московская область
1459,2024Q3,2,городской округ Красногорск,Московская область
1461,2024Q3,2,городской округ Лобня,Московская область
1463,2024Q3,2,городской округ Луховицы,Московская область
1464,2024Q3,2,городской округ Лыткарино,Московская область
1465,2024Q3,2,городской округ Люберцы,Московская область
1467,2024Q3,2,городской округ Мытищи,Московская область
1468,2024Q3,2,городской округ Наро-Фоминский,Московская область
1472,2024Q3,2,городской округ Подольск,Московская область
1473,2024Q3,1,городской округ Протвино,Московская область
1474,2024Q3,1,городской округ Пущино,Московская область
1475,2024Q3,2,городской округ Реутов,Московская область
1477,2024Q3,2,городской округ Рузский,Московская область
1478,2024Q3,1,городской округ Серебряные Пруды,Московская область
1480,2024Q3,2,городской округ Ступино,Московская область
1481,2024Q3,2,городской округ Фрязино,Московская область
1483,2024Q3,1,городской округ Черноголовка,Московская область
1484,2024Q3,2,городской округ Чехов,Московская область
1486,2024Q3,1,городской округ Шаховская,Московская область
1488,2024Q3,2,городской округ Электросталь,Московская область
1489,2024Q3,2,городской округ Волоколамский,Московская область
1490,2024Q3,2,городской округ Воскресенск,Московская область
1491,2024Q3,2,городской округ Дмитровский,Московская область
1492,2024Q3,2,городской округ Клин,Московская область
1493,2024Q3,2,городской округ Ленинский,Московская область
1494,2024Q3,1,городской округ Лотошино,Московская область
1495,2024Q3,2,городской округ Можайский,Московская область
1496,2024Q3,2,городской округ Богородский,Московская область
1500,2024Q3,2,городской округ Раменский,Московская область
1501,2024Q3,2,городской округ Сергиево-Посадский,Московская область
1504,2024Q3,1,городской округ Талдомский,Московская область
1506,2024Q3,2,городской округ город Мурманск,Мурманская область
1507,2024Q3,2,муниципальный округ город Апатиты,Мурманская область
1508,2024Q3,4,муниципальный округ город Кировск,Мурманская область
1509,2024Q3,1,муниципальный округ город Мончегорск,Мурманская область
1510,2024Q3,1,муниципальный округ город Оленегорск,Мурманская область
1511,2024Q3,1,муниципальный округ город Полярные Зори,Мурманская область
1512,2024Q3,1,Ковдорский муниципальный округ,Мурманская область
1518,2024Q3,1,Кандалакшский муниципальный район,Мурманская область
1519,2024Q3,4,Кольский муниципальный район,Мурманская область
1520,2024Q3,1,Ловозерский муниципальный район,Мурманская область
1521,2024Q3,4,Печенгский муниципальный округ,Мурманская область
1522,2024Q3,1,Терский муниципальный район,Мурманская область
1523,2024Q3,2,городской округ город Нижний Новгород,Нижегородская область
1525,2024Q3,2,городской округ город Бор,Нижегородская область
1526,2024Q3,2,городской округ город Выкса,Нижегородская область
1527,2024Q3,2,городской округ город Дзержинск,Нижегородская область
1528,2024Q3,1,городской округ город Кулебаки,Нижегородская область
1529,2024Q3,1,городской округ Навашинский,Нижегородская область
1530,2024Q3,0,городской округ Перевозский,Нижегородская область
1532,2024Q3,1,городской округ Семеновский,Нижегородская область
1533,2024Q3,1,городской округ город Шахунья,Нижегородская область
1534,2024Q3,0,городской округ город Первомайск,Нижегородская область
1535,2024Q3,1,городской округ Сокольский,Нижегородская область
1536,2024Q3,1,городской округ город Чкаловск,Нижегородская область
1537,2024Q3,0,Ардатовский муниципальный округ,Нижегородская область
1539,2024Q3,2,Балахнинский муниципальный округ,Нижегородская область
1540,2024Q3,2,Богородский муниципальный округ,Нижегородская область
1541,2024Q3,0,Большеболдинский муниципальный округ,Нижегородская область
1542,2024Q3,0,Большемурашкинский муниципальный округ,Нижегородская область
1543,2024Q3,0,Бутурлинский муниципальный округ,Нижегородская область
1544,2024Q3,0,Вадский муниципальный округ,Нижегородская область
1545,2024Q3,0,Варнавинский муниципальный округ,Нижегородская область
1546,2024Q3,0,Вачский муниципальный округ,Нижегородская область
1547,2024Q3,0,Ветлужский муниципальный округ,Нижегородская область
1548,2024Q3,0,Вознесенский муниципальный округ,Нижегородская область
1549,2024Q3,1,Володарский муниципальный округ,Нижегородская область
1550,2024Q3,0,городской округ Воротынский,Нижегородская область
1551,2024Q3,0,Воскресенский муниципальный округ,Нижегородская область
1552,2024Q3,0,Гагинский муниципальный округ,Нижегородская область
1553,2024Q3,1,Городецкий муниципальный округ,Нижегородская область
1554,2024Q3,0,Дальнеконстантиновский муниципальный округ,Нижегородская область
1555,2024Q3,0,Дивеевский муниципальный округ,Нижегородская область
1556,2024Q3,1,Княгининский муниципальный округ,Нижегородская область
1557,2024Q3,0,Ковернинский муниципальный округ,Нижегородская область
1558,2024Q3,0,Краснобаковский муниципальный округ,Нижегородская область
1559,2024Q3,0,Краснооктябрьский муниципальный округ,Нижегородская область
1560,2024Q3,2,Кстовский муниципальный округ,Нижегородская область
1561,2024Q3,0,Лукояновский муниципальный округ,Нижегородская область
1562,2024Q3,1,Лысковский муниципальный округ,Нижегородская область
1563,2024Q3,2,Павловский муниципальный округ,Нижегородская область
1564,2024Q3,0,Пильнинский муниципальный округ,Нижегородская область
1565,2024Q3,0,Починковский муниципальный округ,Нижегородская область
1566,2024Q3,1,Сергачский муниципальный округ,Нижегородская область
1567,2024Q3,0,Сеченовский муниципальный округ,Нижегородская область
1568,2024Q3,1,Сосновский муниципальный округ,Нижегородская область
1569,2024Q3,0,Спасский муниципальный округ,Нижегородская область
1570,2024Q3,0,Тонкинский муниципальный округ,Нижегородская область
1571,2024Q3,0,Тоншаевский муниципальный округ,Нижегородская область
1572,2024Q3,3,Уренский муниципальный округ,Нижегородская область
1573,2024Q3,0,Шарангский муниципальный округ,Нижегородская область
1574,2024Q3,0,Шатковский муниципальный округ,Нижегородская область
1575,2024Q3,2,городской округ Великий Новгород,Новгородская область
1577,2024Q3,2,Боровичский муниципальный район,Новгородская область
1578,2024Q3,1,Валдайский муниципальный район,Новгородская область
1579,2024Q3,0,муниципальный округ Волотовский,Новгородская область
1580,2024Q3,0,муниципальный округ Демянский,Новгородская область
1581,2024Q3,0,муниципальный округ Крестецкий,Новгородская область
1582,2024Q3,0,Любытинский муниципальный район,Новгородская область
1583,2024Q3,1,Маловишерский муниципальный район,Новгородская область
1584,2024Q3,0,муниципальный округ Марёвский,Новгородская область
1585,2024Q3,0,муниципальный округ Мошенской,Новгородская область
1586,2024Q3,2,Новгородский муниципальный район,Новгородская область
1587,2024Q3,1,Окуловский муниципальный район,Новгородская область
1588,2024Q3,1,Парфинский муниципальный район,Новгородская область
1589,2024Q3,1,муниципальный округ Пестовский,Новгородская область
1590,2024Q3,0,Поддорский муниципальный район,Новгородская область
1591,2024Q3,0,муниципальный округ Солецкий,Новгородская область
1592,2024Q3,1,Старорусский муниципальный район,Новгородская область
1593,2024Q3,0,муниципальный округ Хвойнинский,Новгородская область
1594,2024Q3,0,Холмский муниципальный район,Новгородская область
1595,2024Q3,1,Чудовский муниципальный район,Новгородская область
1596,2024Q3,0,Шимский муниципальный район,Новгородская область
1597,2024Q3,2,городской округ город Новосибирск,Новосибирская область
1598,2024Q3,2,городской округ город Бердск,Новосибирская область
1599,2024Q3,2,городской округ город Искитим,Новосибирская область
1600,2024Q3,2,городской округ город Обь,Новосибирская область
1601,2024Q3,2,городской округ рабочий поселок Кольцово,Новосибирская область
1602,2024Q3,3,Баганский муниципальный район,Новосибирская область
1603,2024Q3,3,Барабинский муниципальный район,Новосибирская область
1604,2024Q3,3,Болотнинский муниципальный район,Новосибирская область
1605,2024Q3,0,Венгеровский муниципальный район,Новосибирская область
1606,2024Q3,0,Доволенский муниципальный район,Новосибирская область
1607,2024Q3,0,Здвинский муниципальный район,Новосибирская область
1608,2024Q3,1,Искитимский муниципальный район,Новосибирская область
1609,2024Q3,3,Карасукский муниципальный район,Новосибирская область
1610,2024Q3,0,Каргатский муниципальный район,Новосибирская область
1611,2024Q3,0,Колыванский муниципальный район,Новосибирская область
1612,2024Q3,3,Коченевский муниципальный район,Новосибирская область
1613,2024Q3,0,Кочковский муниципальный район,Новосибирская область
1614,2024Q3,0,Краснозерский муниципальный район,Новосибирская область
1615,2024Q3,1,Куйбышевский муниципальный район,Новосибирская область
1616,2024Q3,0,Купинский муниципальный район,Новосибирская область
1617,2024Q3,0,Кыштовский муниципальный район,Новосибирская область
1618,2024Q3,3,Маслянинский муниципальный район,Новосибирская область
1619,2024Q3,3,Мошковский муниципальный район,Новосибирская область
1620,2024Q3,2,Новосибирский муниципальный район,Новосибирская область
1621,2024Q3,0,Ордынский муниципальный район,Новосибирская область
1622,2024Q3,0,Северный муниципальный район,Новосибирская область
1623,2024Q3,3,Сузунский муниципальный район,Новосибирская область
1624,2024Q3,1,Татарский муниципальный район,Новосибирская область
1625,2024Q3,3,Тогучинский муниципальный район,Новосибирская область
1626,2024Q3,0,Убинский муниципальный район,Новосибирская область
1627,2024Q3,0,Усть-Таркский муниципальный район,Новосибирская область
1628,2024Q3,3,Чановский муниципальный район,Новосибирская область
1629,2024Q3,1,Черепановский муниципальный район,Новосибирская область
1630,2024Q3,0,Чистоозерный муниципальный район,Новосибирская область
1631,2024Q3,3,Чулымский муниципальный район,Новосибирская область
1632,2024Q3,2,городской округ город Омск,Омская область
1633,2024Q3,3,Азовский немецкий национальный муниципальный район,Омская область
1634,2024Q3,0,Большереченский муниципальный район,Омская область
1635,2024Q3,0,Большеуковский муниципальный район,Омская область
1636,2024Q3,0,Горьковский муниципальный район,Омская область
1637,2024Q3,0,Знаменский муниципальный район,Омская область
1638,2024Q3,3,Исилькульский муниципальный район,Омская область
1639,2024Q3,1,Калачинский муниципальный район,Омская область
1640,2024Q3,0,Колосовский муниципальный район,Омская область
1641,2024Q3,0,Кормиловский муниципальный район,Омская область
1642,2024Q3,0,Крутинский муниципальный район,Омская область
1643,2024Q3,1,Любинский муниципальный район,Омская область
1644,2024Q3,0,Марьяновский муниципальный район,Омская область
1645,2024Q3,3,Москаленский муниципальный район,Омская область
1646,2024Q3,0,Муромцевский муниципальный район,Омская область
1647,2024Q3,0,Называевский муниципальный район,Омская область
1648,2024Q3,0,Нижнеомский муниципальный район,Омская область
1649,2024Q3,0,Нововаршавский муниципальный район,Омская область
1650,2024Q3,3,Одесский муниципальный район,Омская область
1651,2024Q3,0,Оконешниковский муниципальный район,Омская область
1652,2024Q3,2,Омский муниципальный район,Омская область
1653,2024Q3,0,Павлоградский муниципальный район,Омская область
1654,2024Q3,3,Полтавский муниципальный район,Омская область
1655,2024Q3,0,Русско-Полянский муниципальный район,Омская область
1656,2024Q3,0,Саргатский муниципальный район,Омская область
1657,2024Q3,0,Седельниковский муниципальный район,Омская область
1658,2024Q3,1,Таврический муниципальный район,Омская область
1659,2024Q3,3,Тарский муниципальный район,Омская область
1660,2024Q3,0,Тевризский муниципальный район,Омская область
1661,2024Q3,0,Тюкалинский муниципальный район,Омская область
1662,2024Q3,3,Усть-Ишимский муниципальный район,Омская область
1663,2024Q3,0,Черлакский муниципальный район,Омская область
1664,2024Q3,0,Шербакульский муниципальный район,Омская область
1665,2024Q3,2,городской округ город Оренбург,Оренбургская область
1666,2024Q3,0,городской округ Абдулинский,Оренбургская область
1667,2024Q3,2,городской округ город Бугуруслан,Оренбургская область
1668,2024Q3,2,городской округ город Бузулук,Оренбургская область
1669,2024Q3,1,городской округ Гайский,Оренбургская область
1670,2024Q3,1,городской округ Кувандыкский,Оренбургская область
1671,2024Q3,1,городской округ город Медногорск,Оренбургская область
1672,2024Q3,1,городской округ город Новотроицк,Оренбургская область
1673,2024Q3,2,городской округ город Орск,Оренбургская область
1674,2024Q3,1,городской округ Соль-Илецкий,Оренбургская область
1675,2024Q3,1,городской округ Сорочинский,Оренбургская область
1676,2024Q3,1,городской округ Ясненский,Оренбургская область
1678,2024Q3,0,Адамовский муниципальный район,Оренбургская область
1679,2024Q3,3,Акбулакский муниципальный район,Оренбургская область
1680,2024Q3,0,Александровский муниципальный район,Оренбургская область
1681,2024Q3,0,Асекеевский муниципальный район,Оренбургская область
1682,2024Q3,0,Беляевский муниципальный район,Оренбургская область
1683,2024Q3,5,Бугурусланский муниципальный район,Оренбургская область
1685,2024Q3,0,Грачёвский муниципальный район,Оренбургская область
1686,2024Q3,1,Домбаровский муниципальный район,Оренбургская область
1687,2024Q3,3,Илекский муниципальный район,Оренбургская область
1688,2024Q3,0,Кваркенский муниципальный район,Оренбургская область
1689,2024Q3,0,Красногвардейский муниципальный район,Оренбургская область
1690,2024Q3,0,Курманаевский муниципальный район,Оренбургская область
1691,2024Q3,0,Матвеевский муниципальный район,Оренбургская область
1692,2024Q3,1,Новоорский муниципальный район,Оренбургская область
1693,2024Q3,0,Новосергиевский муниципальный район,Оренбургская область
1694,2024Q3,0,Октябрьский муниципальный район,Оренбургская область
1696,2024Q3,0,Первомайский муниципальный район,Оренбургская область
1697,2024Q3,0,Переволоцкий муниципальный район,Оренбургская область
1698,2024Q3,0,Пономарёвский муниципальный район,Оренбургская область
1699,2024Q3,0,Сакмарский муниципальный район,Оренбургская область
1700,2024Q3,3,Саракташский муниципальный район,Оренбургская область
1701,2024Q3,1,Светлинский муниципальный район,Оренбургская область
1702,2024Q3,0,Северный муниципальный район,Оренбургская область
1703,2024Q3,3,Ташлинский муниципальный район,Оренбургская область
1704,2024Q3,3,Тоцкий муниципальный район,Оренбургская область
1705,2024Q3,0,Тюльганский муниципальный район,Оренбургская область
1706,2024Q3,0,Шарлыкский муниципальный район,Оренбургская область
1707,2024Q3,2,городской округ город Орёл,Орловская область
1708,2024Q3,1,городской округ город Ливны,Орловская область
1709,2024Q3,1,городской округ город Мценск,Орловская область
1710,2024Q3,0,Болховский муниципальный район,Орловская область
1711,2024Q3,0,Верховский муниципальный район,Орловская область
1712,2024Q3,0,Глазуновский муниципальный район,Орловская область
1714,2024Q3,0,Должанский муниципальный район,Орловская область
1715,2024Q3,0,Залегощенский муниципальный район,Орловская область
1717,2024Q3,0,Колпнянский муниципальный район,Орловская область
1718,2024Q3,0,Краснозоренский муниципальный район,Орловская область
1719,2024Q3,1,Кромской муниципальный район,Орловская область
1722,2024Q3,0,Малоархангельский муниципальный район,Орловская область
1724,2024Q3,0,Новодеревеньковский муниципальный район,Орловская область
1725,2024Q3,0,Новосильский муниципальный район,Орловская область
1726,2024Q3,2,муниципальный округ Орловский,Орловская область
1727,2024Q3,0,Покровский муниципальный район,Орловская область
1728,2024Q3,0,Свердловский муниципальный район,Орловская область
1730,2024Q3,0,Троснянский муниципальный район,Орловская область
1731,2024Q3,1,Урицкий муниципальный район,Орловская область
1732,2024Q3,0,Хотынецкий муниципальный район,Орловская область
1733,2024Q3,0,Шаблыкинский муниципальный район,Орловская область
1737,2024Q3,0,Башмаковский муниципальный район,Пензенская область
1738,2024Q3,0,Бековский муниципальный район,Пензенская область
1739,2024Q3,0,Белинский муниципальный район,Пензенская область
1740,2024Q3,5,Бессоновский муниципальный район,Пензенская область
1741,2024Q3,0,Вадинский муниципальный район,Пензенская область
1742,2024Q3,5,Городищенский муниципальный район,Пензенская область
1743,2024Q3,0,Земетчинский муниципальный район,Пензенская область
1744,2024Q3,0,Иссинский муниципальный район,Пензенская область
1745,2024Q3,0,Каменский муниципальный район,Пензенская область
1746,2024Q3,0,Камешкирский муниципальный район,Пензенская область
1747,2024Q3,0,Колышлейский муниципальный район,Пензенская область
1749,2024Q3,0,Лопатинский муниципальный район,Пензенская область
1750,2024Q3,0,Лунинский муниципальный район,Пензенская область
1751,2024Q3,0,Малосердобинский муниципальный район,Пензенская область
1752,2024Q3,0,Мокшанский муниципальный район,Пензенская область
1753,2024Q3,0,Наровчатский муниципальный район,Пензенская область
1754,2024Q3,0,Неверкинский муниципальный район,Пензенская область
1755,2024Q3,1,Нижнеломовский муниципальный район,Пензенская область
1756,2024Q3,0,Никольский муниципальный район,Пензенская область
1757,2024Q3,0,Пачелмский муниципальный район,Пензенская область
1758,2024Q3,2,Пензенский муниципальный район,Пензенская область
1759,2024Q3,1,Сердобский муниципальный район,Пензенская область
1760,2024Q3,0,Сосновоборский муниципальный район,Пензенская область
1761,2024Q3,0,Спасский муниципальный район,Пензенская область
1762,2024Q3,0,Тамалинский муниципальный район,Пензенская область
1764,2024Q3,2,городской округ город Псков,Псковская область
1765,2024Q3,2,городской округ город Великие Луки,Псковская область
1766,2024Q3,0,Бежаницкий муниципальный район,Псковская область
1768,2024Q3,0,Гдовский муниципальный район,Псковская область
1769,2024Q3,0,Дедовичский муниципальный район,Псковская область
1770,2024Q3,1,Дновский муниципальный район,Псковская область
1771,2024Q3,0,муниципальный округ Красногородский,Псковская область
1773,2024Q3,0,муниципальный округ Локнянский,Псковская область
1774,2024Q3,0,муниципальный округ Невельский,Псковская область
1775,2024Q3,0,муниципальный округ Новоржевский,Псковская область
1776,2024Q3,1,Новосокольнический муниципальный район,Псковская область
1777,2024Q3,0,муниципальный округ Опочецкий,Псковская область
1778,2024Q3,1,Островский муниципальный район,Псковская область
1780,2024Q3,0,муниципальный округ Печорский,Псковская область
1781,2024Q3,0,Плюсский муниципальный район,Псковская область
1782,2024Q3,0,Порховский муниципальный район,Псковская область
1783,2024Q3,2,Псковский муниципальный район,Псковская область
1784,2024Q3,0,Пустошкинский муниципальный район,Псковская область
1785,2024Q3,1,Пушкиногорский муниципальный район,Псковская область
1786,2024Q3,1,муниципальный округ Пыталовский,Псковская область
1787,2024Q3,0,Себежский муниципальный район,Псковская область
1788,2024Q3,1,муниципальный округ Струго-Красненский,Псковская область
1845,2024Q3,2,городской округ город Рязань,Рязанская область
1846,2024Q3,1,городской округ город Касимов,Рязанская область
1848,2024Q3,0,городской округ город Скопин,Рязанская область
1849,2024Q3,0,Ермишинский муниципальный район,Рязанская область
1850,2024Q3,0,Захаровский муниципальный район,Рязанская область
1851,2024Q3,0,Кадомский муниципальный район,Рязанская область
1852,2024Q3,0,Касимовский муниципальный район,Рязанская область
1853,2024Q3,0,Клепиковский муниципальный район,Рязанская область
1854,2024Q3,0,Кораблинский муниципальный район,Рязанская область
1855,2024Q3,0,Милославский муниципальный район,Рязанская область
1856,2024Q3,0,Михайловский муниципальный район,Рязанская область
1857,2024Q3,0,Александро-Невский муниципальный район,Рязанская область
1858,2024Q3,0,Пителинский муниципальный район,Рязанская область
1859,2024Q3,1,Пронский муниципальный район,Рязанская область
1860,2024Q3,0,Путятинский муниципальный округ,Рязанская область
1861,2024Q3,1,Рыбновский муниципальный район,Рязанская область
1862,2024Q3,0,Ряжский муниципальный округ,Рязанская область
1863,2024Q3,2,Рязанский муниципальный район,Рязанская область
1864,2024Q3,0,Сапожковский муниципальный район,Рязанская область
1865,2024Q3,0,Сараевский муниципальный район,Рязанская область
1868,2024Q3,0,Спасский муниципальный район,Рязанская область
1869,2024Q3,0,Старожиловский муниципальный район,Рязанская область
1870,2024Q3,0,Ухоловский муниципальный район,Рязанская область
1871,2024Q3,0,Чучковский муниципальный район,Рязанская область
1872,2024Q3,0,Шацкий муниципальный район,Рязанская область
1873,2024Q3,0,Шиловский муниципальный район,Рязанская область
1874,2024Q3,2,городской округ Самара,Самарская область
1875,2024Q3,2,городской округ Жигулевск,Самарская область
1876,2024Q3,2,городской округ Кинель,Самарская область
1877,2024Q3,2,городской округ Новокуйбышевск,Самарская область
1878,2024Q3,1,городской округ Октябрьск,Самарская область
1879,2024Q3,2,городской округ Отрадный,Самарская область
1880,2024Q3,1,городской округ Похвистнево,Самарская область
1881,2024Q3,2,городской округ Сызрань,Самарская область
1883,2024Q3,1,городской округ Чапаевск,Самарская область
1884,2024Q3,0,Алексеевский муниципальный район,Самарская область
1885,2024Q3,1,Безенчукский муниципальный район,Самарская область
1886,2024Q3,0,Богатовский муниципальный район,Самарская область
1887,2024Q3,0,Большеглушицкий муниципальный район,Самарская область
1888,2024Q3,0,Большечерниговский муниципальный район,Самарская область
1889,2024Q3,0,Борский муниципальный район,Самарская область
1890,2024Q3,2,Волжский муниципальный район,Самарская область
1891,2024Q3,0,Елховский муниципальный район,Самарская область
1892,2024Q3,0,Исаклинский муниципальный район,Самарская область
1893,2024Q3,0,Камышлинский муниципальный район,Самарская область
1894,2024Q3,1,Кинельский муниципальный район,Самарская область
1895,2024Q3,0,Кинель-Черкасский муниципальный район,Самарская область
1896,2024Q3,0,Клявлинский муниципальный район,Самарская область
1897,2024Q3,0,Кошкинский муниципальный район,Самарская область
1898,2024Q3,0,Красноармейский муниципальный район,Самарская область
1899,2024Q3,1,Красноярский муниципальный район,Самарская область
1900,2024Q3,1,Нефтегорский муниципальный район,Самарская область
1901,2024Q3,0,Пестравский муниципальный район,Самарская область
1902,2024Q3,0,Похвистневский муниципальный район,Самарская область
1903,2024Q3,0,Приволжский муниципальный район,Самарская область
1904,2024Q3,1,Сергиевский муниципальный район,Самарская область
1905,2024Q3,2,Ставропольский муниципальный район,Самарская область
1906,2024Q3,1,Сызранский муниципальный район,Самарская область
1907,2024Q3,0,Хворостянский муниципальный район,Самарская область
1908,2024Q3,0,Челно-Вершинский муниципальный район,Самарская область
1909,2024Q3,0,Шенталинский муниципальный район,Самарская область
1910,2024Q3,0,Шигонский муниципальный район,Самарская область
1912,2024Q3,1,городской округ город Шиханы,Саратовская область
1915,2024Q3,0,Александрово-Гайский муниципальный район,Саратовская область
1916,2024Q3,0,Аркадакский муниципальный район,Саратовская область
1917,2024Q3,0,Аткарский муниципальный район,Саратовская область
1918,2024Q3,0,Базарно-Карабулакский муниципальный район,Саратовская область
1919,2024Q3,2,Балаковский муниципальный район,Саратовская область
1920,2024Q3,5,Балашовский муниципальный район,Саратовская область
1921,2024Q3,0,Балтайский муниципальный район,Саратовская область
1922,2024Q3,1,Вольский муниципальный район,Саратовская область
1923,2024Q3,0,Воскресенский муниципальный район,Саратовская область
1924,2024Q3,0,Дергачевский муниципальный район,Саратовская область
1925,2024Q3,0,Духовницкий муниципальный район,Саратовская область
1926,2024Q3,0,Екатериновский муниципальный район,Саратовская область
1927,2024Q3,0,Ершовский муниципальный район,Саратовская область
1928,2024Q3,0,Ивантеевский муниципальный район,Саратовская область
1929,2024Q3,0,Калининский муниципальный район,Саратовская область
1930,2024Q3,0,Красноармейский муниципальный район,Саратовская область
1931,2024Q3,0,Краснокутский муниципальный район,Саратовская область
1932,2024Q3,0,Краснопартизанский муниципальный район,Саратовская область
1933,2024Q3,0,Лысогорский муниципальный район,Саратовская область
1934,2024Q3,1,Марксовский муниципальный район,Саратовская область
1935,2024Q3,0,Новобурасский муниципальный район,Саратовская область
1936,2024Q3,5,Новоузенский муниципальный район,Саратовская область
1937,2024Q3,0,Озинский муниципальный район,Саратовская область
1938,2024Q3,0,Перелюбский муниципальный район,Саратовская область
1939,2024Q3,1,Петровский муниципальный район,Саратовская область
1940,2024Q3,0,Питерский муниципальный район,Саратовская область
1941,2024Q3,0,Пугачевский муниципальный район,Саратовская область
1942,2024Q3,0,Ровенский муниципальный район,Саратовская область
1943,2024Q3,0,Романовский муниципальный район,Саратовская область
1944,2024Q3,1,Ртищевский муниципальный район,Саратовская область
1945,2024Q3,0,Самойловский муниципальный район,Саратовская область
1947,2024Q3,1,Советский муниципальный район,Саратовская область
1948,2024Q3,0,Татищевский муниципальный район,Саратовская область
1949,2024Q3,0,Турковский муниципальный район,Саратовская область
1950,2024Q3,0,Федоровский муниципальный район,Саратовская область
1951,2024Q3,0,Хвалынский муниципальный район,Саратовская область
1952,2024Q3,2,Энгельсский муниципальный район,Саратовская область
1954,2024Q3,4,городской округ Александровск-Сахалинский район,Сахалинская область
1955,2024Q3,4,городской округ Анивский,Сахалинская область
1956,2024Q3,4,городской округ Долинский,Сахалинская область
1957,2024Q3,4,городской округ Корсаковский,Сахалинская область
1958,2024Q3,4,городской округ Курильский,Сахалинская область
1959,2024Q3,4,городской округ Макаровский,Сахалинская область
1960,2024Q3,4,городской округ Невельский,Сахалинская область
1961,2024Q3,4,городской округ Ногликский,Сахалинская область
1962,2024Q3,4,городской округ Охинский,Сахалинская область
1963,2024Q3,4,городской округ Поронайский,Сахалинская область
1965,2024Q3,4,городской округ Смирныховский,Сахалинская область
1966,2024Q3,4,городской округ Томаринский,Сахалинская область
1967,2024Q3,4,городской округ Тымовский,Сахалинская область
1968,2024Q3,4,городской округ Углегорский,Сахалинская область
1969,2024Q3,4,городской округ Холмский,Сахалинская область
1970,2024Q3,4,городской округ Южно-Курильский,Сахалинская область
1971,2024Q3,2,городской округ город Екатеринбург,Свердловская область
1972,2024Q3,1,городской округ город Алапаевск,Свердловская область
1973,2024Q3,1,городской округ Артемовский,Свердловская область
1974,2024Q3,2,городской округ Асбестовский,Свердловская область
1975,2024Q3,1,городской округ Малышевский,Свердловская область
1976,2024Q3,1,городской округ Рефтинский,Свердловская область
1977,2024Q3,2,городской округ Березовский,Свердловская область
1978,2024Q3,1,городской округ Богданович,Свердловская область
1979,2024Q3,2,городской округ Верхняя Пышма,Свердловская область
1980,2024Q3,2,городской округ Среднеуральск,Свердловская область
1981,2024Q3,1,городской округ Верхнесалдинский,Свердловская область
1982,2024Q3,1,городской округ Заречный,Свердловская область
1983,2024Q3,1,городской округ Ивдельский,Свердловская область
1984,2024Q3,1,городской округ Пелым,Свердловская область
1985,2024Q3,2,городской округ город Ирбит,Свердловская область
1986,2024Q3,2,городской округ город Каменск-Уральский,Свердловская область
1987,2024Q3,2,городской округ Камышловский,Свердловская область
1988,2024Q3,1,городской округ Карпинск,Свердловская область
1989,2024Q3,1,городской округ Волчанский,Свердловская область
1990,2024Q3,1,городской округ Качканарский,Свердловская область
1991,2024Q3,1,городской округ Кировградский,Свердловская область
1992,2024Q3,1,городской округ Верхний Тагил,Свердловская область
1993,2024Q3,2,городской округ Краснотурьинск,Свердловская область
1994,2024Q3,1,городской округ Красноуральск,Свердловская область
1995,2024Q3,2,городской округ Красноуфимск,Свердловская область
1996,2024Q3,1,городской округ Кушвинский,Свердловская область
1997,2024Q3,1,городской округ Верхняя Тура,Свердловская область
1999,2024Q3,1,городской округ Невьянский,Свердловская область
2000,2024Q3,2,городской округ город Нижний Тагил,Свердловская область
2001,2024Q3,1,городской округ Нижняя Салда,Свердловская область
2002,2024Q3,1,городской округ Нижнетуринский,Свердловская область
2004,2024Q3,2,городской округ Первоуральск,Свердловская область
2005,2024Q3,2,городской округ Полевской,Свердловская область
2006,2024Q3,2,городской округ Ревда,Свердловская область
2007,2024Q3,1,городской округ Дегтярск,Свердловская область
2008,2024Q3,1,городской округ Режевской,Свердловская область
2009,2024Q3,1,городской округ Североуральский,Свердловская область
2010,2024Q3,2,городской округ Серовский,Свердловская область
2011,2024Q3,1,городской округ Сухой Лог,Свердловская область
2012,2024Q3,1,городской округ Тавдинский,Свердловская область
2015,2024Q3,1,городской округ Алапаевское,Свердловская область
2017,2024Q3,0,городской округ Артинский,Свердловская область
2018,2024Q3,0,городской округ Ачитский,Свердловская область
2019,2024Q3,3,городской округ Белоярский,Свердловская область
2021,2024Q3,3,городской округ Верхотурский,Свердловская область
2022,2024Q3,0,городской округ Гаринский,Свердловская область
2023,2024Q3,3,городской округ Ирбитское,Свердловская область
2024,2024Q3,1,городской округ Каменский,Свердловская область
2025,2024Q3,3,городской округ Красноуфимский округ,Свердловская область
2027,2024Q3,1,городской округ Бисертский,Свердловская область
2028,2024Q3,1,городской округ Новолялинский,Свердловская область
2030,2024Q3,3,городской округ Пышминский,Свердловская область
2031,2024Q3,1,городской округ Сосьвинский,Свердловская область
2032,2024Q3,2,городской округ Сысертский,Свердловская область
2033,2024Q3,2,городской округ Арамильский,Свердловская область
2034,2024Q3,1,городской округ Талицкий,Свердловская область
2035,2024Q3,0,городской округ Тугулымский,Свердловская область
2036,2024Q3,1,городской округ Туринский,Свердловская область
2037,2024Q3,0,городской округ Шалинский,Свердловская область
2039,2024Q3,0,Байкаловский муниципальный район,Свердловская область
2040,2024Q3,3,Камышловский муниципальный район,Свердловская область
2041,2024Q3,0,Слободо-Туринский муниципальный район,Свердловская область
2042,2024Q3,1,Нижнесергинский муниципальный район,Свердловская область
2043,2024Q3,0,Таборинский муниципальный район,Свердловская область
2044,2024Q3,2,городской округ город Смоленск,Смоленская область
2045,2024Q3,1,городской округ город Десногорск,Смоленская область
2046,2024Q3,0,Велижский муниципальный район,Смоленская область
2047,2024Q3,1,Вяземский муниципальный район,Смоленская область
2048,2024Q3,1,Гагаринский муниципальный район,Смоленская область
2049,2024Q3,0,Глинковский муниципальный район,Смоленская область
2050,2024Q3,0,Демидовский муниципальный район,Смоленская область
2051,2024Q3,1,Дорогобужский муниципальный район,Смоленская область
2052,2024Q3,0,Духовщинский муниципальный район,Смоленская область
2053,2024Q3,0,Ельнинский муниципальный район,Смоленская область
2054,2024Q3,0,Ершичский муниципальный район,Смоленская область
2055,2024Q3,1,Кардымовский муниципальный район,Смоленская область
2056,2024Q3,0,Краснинский муниципальный район,Смоленская область
2057,2024Q3,0,Монастырщинский муниципальный район,Смоленская область
2058,2024Q3,0,Новодугинский муниципальный район,Смоленская область
2059,2024Q3,0,Починковский муниципальный район,Смоленская область
2060,2024Q3,1,Рославльский муниципальный район,Смоленская область
2061,2024Q3,0,Руднянский муниципальный район,Смоленская область
2062,2024Q3,1,Сафоновский муниципальный район,Смоленская область
2063,2024Q3,2,Смоленский муниципальный район,Смоленская область
2064,2024Q3,0,Сычевский муниципальный район,Смоленская область
2065,2024Q3,0,Темкинский муниципальный район,Смоленская область
2066,2024Q3,0,Угранский муниципальный район,Смоленская область
2067,2024Q3,0,Хиславичский муниципальный район,Смоленская область
2068,2024Q3,0,Холм-Жирковский муниципальный район,Смоленская область
2069,2024Q3,0,Шумячский муниципальный район,Смоленская область
2070,2024Q3,1,Ярцевский муниципальный район,Смоленская область
2072,2024Q3,0,городской округ город Кирсанов,Тамбовская область
2073,2024Q3,1,городской округ город Котовск,Тамбовская область
2074,2024Q3,2,городской округ город Мичуринск,Тамбовская область
2075,2024Q3,1,городской округ город Моршанск,Тамбовская область
2076,2024Q3,5,городской округ город Рассказово,Тамбовская область
2077,2024Q3,0,городской округ город Уварово,Тамбовская область
2078,2024Q3,0,Бондарский муниципальный округ,Тамбовская область
2079,2024Q3,0,Гавриловский муниципальный округ,Тамбовская область
2080,2024Q3,0,Жердевский муниципальный округ,Тамбовская область
2081,2024Q3,0,Знаменский муниципальный округ,Тамбовская область
2082,2024Q3,0,Инжавинский муниципальный округ,Тамбовская область
2085,2024Q3,0,Мордовский муниципальный округ,Тамбовская область
2087,2024Q3,0,Мучкапский муниципальный округ,Тамбовская область
2088,2024Q3,0,Никифоровский муниципальный округ,Тамбовская область
2089,2024Q3,0,Первомайский муниципальный округ,Тамбовская область
2090,2024Q3,0,Петровский муниципальный округ,Тамбовская область
2091,2024Q3,0,Пичаевский муниципальный округ,Тамбовская область
2093,2024Q3,0,Ржаксинский муниципальный округ,Тамбовская область
2094,2024Q3,0,Сампурский муниципальный округ,Тамбовская область
2095,2024Q3,0,Сосновский муниципальный округ,Тамбовская область
2096,2024Q3,0,Староюрьевский муниципальный округ,Тамбовская область
2098,2024Q3,0,Токарёвский муниципальный округ,Тамбовская область
2099,2024Q3,0,Уваровский муниципальный округ,Тамбовская область
2100,2024Q3,0,Умётский муниципальный округ,Тамбовская область
2101,2024Q3,2,городской округ город Тверь,Тверская область
2105,2024Q3,1,городской округ Осташковский,Тверская область
2108,2024Q3,1,городской округ город Торжок,Тверская область
2109,2024Q3,1,городской округ Удомельский,Тверская область
2110,2024Q3,0,муниципальный округ Андреапольский,Тверская область
2111,2024Q3,1,муниципальный округ Бежецкий,Тверская область
2112,2024Q3,0,муниципальный округ Бельский,Тверская область
2113,2024Q3,1,муниципальный округ Бологовский,Тверская область
2114,2024Q3,0,муниципальный округ Весьегонский,Тверская область
2116,2024Q3,0,муниципальный округ Жарковский,Тверская область
2117,2024Q3,0,муниципальный округ Западнодвинский,Тверская область
2118,2024Q3,0,муниципальный округ Зубцовский,Тверская область
2119,2024Q3,2,муниципальный округ Калининский,Тверская область
2120,2024Q3,1,муниципальный округ Калязинский,Тверская область
2121,2024Q3,1,городской округ Кашинский,Тверская область
2122,2024Q3,1,муниципальный округ Кесовогорский,Тверская область
2124,2024Q3,1,муниципальный округ Конаковский,Тверская область
2125,2024Q3,0,муниципальный округ Краснохолмский,Тверская область
2126,2024Q3,1,муниципальный округ Кувшиновский,Тверская область
2127,2024Q3,0,муниципальный округ Лесной,Тверская область
2128,2024Q3,1,муниципальный округ Лихославльский,Тверская область
2129,2024Q3,0,муниципальный округ Максатихинский,Тверская область
2130,2024Q3,0,муниципальный округ Молоковский,Тверская область
2131,2024Q3,1,городской округ Нелидовский,Тверская область
2132,2024Q3,0,муниципальный округ Оленинский,Тверская область
2133,2024Q3,0,муниципальный округ Пеновский,Тверская область
2134,2024Q3,0,муниципальный округ Рамешковский,Тверская область
2136,2024Q3,0,муниципальный округ Сандовский,Тверская область
2137,2024Q3,0,муниципальный округ Селижаровский,Тверская область
2138,2024Q3,0,муниципальный округ Сонковский,Тверская область
2139,2024Q3,0,муниципальный округ Спировский,Тверская область
2140,2024Q3,0,муниципальный округ Старицкий,Тверская область
2142,2024Q3,0,муниципальный округ Торопецкий,Тверская область
2143,2024Q3,0,муниципальный округ Фировский,Тверская область
2144,2024Q3,2,городской округ город Томск,Томская область
2145,2024Q3,1,городской округ город Кедровый,Томская область
2146,2024Q3,1,городской округ город Стрежевой,Томская область
2148,2024Q3,4,Александровский муниципальный район,Томская область
2149,2024Q3,1,Асиновский муниципальный район,Томская область
2150,2024Q3,0,Бакчарский муниципальный район,Томская область
2151,2024Q3,3,Верхнекетский муниципальный район,Томская область
2152,2024Q3,0,Зырянский муниципальный район,Томская область
2153,2024Q3,4,Каргасокский муниципальный район,Томская область
2154,2024Q3,0,Кожевниковский муниципальный район,Томская область
2155,2024Q3,1,Колпашевский муниципальный район,Томская область
2156,2024Q3,0,Кривошеинский муниципальный район,Томская область
2157,2024Q3,0,Молчановский муниципальный район,Томская область
2158,2024Q3,4,Парабельский муниципальный район,Томская область
2159,2024Q3,0,Первомайский муниципальный район,Томская область
2160,2024Q3,0,Тегульдетский муниципальный район,Томская область
2161,2024Q3,2,Томский муниципальный район,Томская область
2162,2024Q3,0,Чаинский муниципальный район,Томская область
2163,2024Q3,0,Шегарский муниципальный район,Томская область
2164,2024Q3,2,городской округ город Тула,Тульская область
2165,2024Q3,1,городской округ город Алексин,Тульская область
2167,2024Q3,1,городской округ город Донской,Тульская область
2168,2024Q3,1,городской округ город Ефремов,Тульская область
2169,2024Q3,2,городской округ город Новомосковск,Тульская область
2170,2024Q3,1,городской округ Славный,Тульская область
2171,2024Q3,0,Арсеньевский муниципальный район,Тульская область
2172,2024Q3,0,Белевский муниципальный район,Тульская область
2173,2024Q3,1,Богородицкий муниципальный район,Тульская область
2174,2024Q3,1,Веневский муниципальный район,Тульская область
2175,2024Q3,0,Воловский муниципальный район,Тульская область
2176,2024Q3,1,Дубенский муниципальный район,Тульская область
2177,2024Q3,1,Заокский муниципальный район,Тульская область
2178,2024Q3,0,Каменский муниципальный район,Тульская область
2179,2024Q3,1,Кимовский муниципальный район,Тульская область
2180,2024Q3,1,Киреевский муниципальный район,Тульская область
2181,2024Q3,0,Куркинский муниципальный район,Тульская область
2182,2024Q3,0,Одоевский муниципальный район,Тульская область
2183,2024Q3,1,Плавский муниципальный район,Тульская область
2184,2024Q3,0,Суворовский муниципальный район,Тульская область
2185,2024Q3,0,Тепло-Огаревский муниципальный район,Тульская область
2186,2024Q3,1,Узловский муниципальный район,Тульская область
2187,2024Q3,0,Чернский муниципальный район,Тульская область
2188,2024Q3,1,Щекинский муниципальный район,Тульская область
2189,2024Q3,1,Ясногорский муниципальный район,Тульская область
2190,2024Q3,2,городской округ город Тюмень,Тюменская область
2191,2024Q3,3,городской округ Заводоуковский,Тюменская область
2192,2024Q3,2,городской округ город Ишим,Тюменская область
2193,2024Q3,2,городской округ город Тобольск,Тюменская область
2194,2024Q3,2,городской округ город Ялуторовск,Тюменская область
2195,2024Q3,3,Абатский муниципальный район,Тюменская область
2196,2024Q3,0,Армизонский муниципальный район,Тюменская область
2197,2024Q3,0,Аромашевский муниципальный район,Тюменская область
2198,2024Q3,0,Бердюжский муниципальный район,Тюменская область
2199,2024Q3,3,Вагайский муниципальный район,Тюменская область
2200,2024Q3,3,Викуловский муниципальный район,Тюменская область
2201,2024Q3,3,городской округ Голышмановский,Тюменская область
2202,2024Q3,3,Исетский муниципальный район,Тюменская область
2203,2024Q3,3,Ишимский муниципальный район,Тюменская область
2204,2024Q3,3,Казанский муниципальный район,Тюменская область
2205,2024Q3,3,Нижнетавдинский муниципальный район,Тюменская область
2206,2024Q3,3,Омутинский муниципальный район,Тюменская область
2207,2024Q3,0,Сладковский муниципальный район,Тюменская область
2208,2024Q3,3,Сорокинский муниципальный район,Тюменская область
2210,2024Q3,2,Тюменский муниципальный район,Тюменская область
2211,2024Q3,4,Уватский муниципальный район,Тюменская область
2212,2024Q3,3,Упоровский муниципальный район,Тюменская область
2213,2024Q3,0,Юргинский муниципальный район,Тюменская область
2215,2024Q3,3,Ярковский муниципальный район,Тюменская область
2216,2024Q3,2,городской округ город Ханты-Мансийск,Ханты-Мансийский автономный округ — Югра
2217,2024Q3,2,городской округ город Когалым,Ханты-Мансийский автономный округ — Югра
2218,2024Q3,2,городской округ город Лангепас,Ханты-Мансийский автономный округ — Югра
2219,2024Q3,2,городской округ город Мегион,Ханты-Мансийский автономный округ — Югра
2220,2024Q3,2,городской округ город Нефтеюганск,Ханты-Мансийский автономный округ — Югра
2221,2024Q3,2,городской округ город Нижневартовск,Ханты-Мансийский автономный округ — Югра
2222,2024Q3,2,городской округ город Нягань,Ханты-Мансийский автономный округ — Югра
2223,2024Q3,4,городской округ город Покачи,Ханты-Мансийский автономный округ — Югра
2224,2024Q3,2,городской округ город Пыть-Ях,Ханты-Мансийский автономный округ — Югра
2225,2024Q3,2,городской округ город Радужный,Ханты-Мансийский автономный округ — Югра
2226,2024Q3,2,городской округ город Сургут,Ханты-Мансийский автономный округ — Югра
2227,2024Q3,2,городской округ город Урай,Ханты-Мансийский автономный округ — Югра
2228,2024Q3,2,городской округ город Югорск,Ханты-Мансийский автономный округ — Югра
2229,2024Q3,4,Белоярский муниципальный район,Ханты-Мансийский автономный округ — Югра
2230,2024Q3,4,Березовский муниципальный район,Ханты-Мансийский автономный округ — Югра
2231,2024Q3,4,Кондинский муниципальный район,Ханты-Мансийский автономный округ — Югра
2232,2024Q3,4,Нефтеюганский муниципальный район,Ханты-Мансийский автономный округ — Югра
2233,2024Q3,4,Нижневартовский муниципальный район,Ханты-Мансийский автономный округ — Югра
2234,2024Q3,4,Октябрьский муниципальный район,Ханты-Мансийский автономный округ — Югра
2235,2024Q3,4,Советский муниципальный район,Ханты-Мансийский автономный округ — Югра
2236,2024Q3,4,Сургутский муниципальный район,Ханты-Мансийский автономный округ — Югра
2237,2024Q3,4,Ханты-Мансийский муниципальный район,Ханты-Мансийский автономный округ — Югра
2238,2024Q3,2,городской округ город Салехард,Ямало-Ненецкий автономный округ
2241,2024Q3,4,городской округ город Муравленко,Ямало-Ненецкий автономный округ
2242,2024Q3,2,городской округ город Новый Уренгой,Ямало-Ненецкий автономный округ
2243,2024Q3,2,городской округ город Ноябрьск,Ямало-Ненецкий автономный округ
2244,2024Q3,4,муниципальный округ Красноселькупский район,Ямало-Ненецкий автономный округ
2245,2024Q3,4,муниципальный округ Надымский район,Ямало-Ненецкий автономный округ
2248,2024Q3,4,муниципальный округ Тазовский район,Ямало-Ненецкий автономный округ
2249,2024Q3,4,муниципальный округ Шурышкарский район,Ямало-Ненецкий автономный округ
2250,2024Q3,4,муниципальный округ Ямальский район,Ямало-Ненецкий автономный округ
2251,2024Q3,2,городской округ город Ульяновск,Ульяновская область
2252,2024Q3,2,городской округ город Димитровград,Ульяновская область
2253,2024Q3,1,городской округ город Новоульяновск,Ульяновская область
2254,2024Q3,0,Базарносызганский муниципальный район,Ульяновская область
2255,2024Q3,0,Барышский муниципальный район,Ульяновская область
2256,2024Q3,0,Вешкаймский муниципальный район,Ульяновская область
2257,2024Q3,0,Инзенский муниципальный район,Ульяновская область
2258,2024Q3,0,Карсунский муниципальный район,Ульяновская область
2259,2024Q3,0,Кузоватовский муниципальный район,Ульяновская область
2260,2024Q3,0,Майнский муниципальный район,Ульяновская область
2262,2024Q3,0,Николаевский муниципальный район,Ульяновская область
2264,2024Q3,0,Новоспасский муниципальный район,Ульяновская область
2265,2024Q3,0,Павловский муниципальный район,Ульяновская область
2266,2024Q3,0,Радищевский муниципальный район,Ульяновская область
2267,2024Q3,0,Сенгилеевский муниципальный район,Ульяновская область
2268,2024Q3,0,Старокулаткинский муниципальный район,Ульяновская область
2269,2024Q3,0,Старомайнский муниципальный район,Ульяновская область
2270,2024Q3,0,Сурский муниципальный район,Ульяновская область
2271,2024Q3,0,Тереньгульский муниципальный район,Ульяновская область
2272,2024Q3,0,Ульяновский муниципальный район,Ульяновская область
2274,2024Q3,1,Чердаклинский муниципальный район,Ульяновская область
2275,2024Q3,2,городской округ Челябинский,Челябинская область
2276,2024Q3,1,городской округ Верхнеуфалейский,Челябинская область
2278,2024Q3,1,городской округ Карабашский,Челябинская область
2279,2024Q3,2,городской округ Копейский,Челябинская область
2280,2024Q3,2,городской округ Кыштымский,Челябинская область
2281,2024Q3,2,городской округ Магнитогорский,Челябинская область
2282,2024Q3,2,городской округ Миасский,Челябинская область
2286,2024Q3,2,городской округ Троицкий,Челябинская область
2287,2024Q3,1,городской округ Усть-Катавский,Челябинская область
2288,2024Q3,2,городской округ Чебаркульский,Челябинская область
2289,2024Q3,2,городской округ Южноуральский,Челябинская область
2292,2024Q3,3,Аргаяшский муниципальный район,Челябинская область
2293,2024Q3,1,Ашинский муниципальный район,Челябинская область
2294,2024Q3,0,Брединский муниципальный район,Челябинская область
2295,2024Q3,3,Варненский муниципальный район,Челябинская область
2296,2024Q3,1,Верхнеуральский муниципальный район,Челябинская область
2297,2024Q3,1,Еманжелинский муниципальный район,Челябинская область
2298,2024Q3,1,Еткульский муниципальный район,Челябинская область
2299,2024Q3,1,Карталинский муниципальный район,Челябинская область
2300,2024Q3,1,Каслинский муниципальный район,Челябинская область
2301,2024Q3,1,Катав-Ивановский муниципальный район,Челябинская область
2302,2024Q3,0,Кизильский муниципальный район,Челябинская область
2303,2024Q3,1,Коркинский муниципальный округ,Челябинская область
2304,2024Q3,1,Красноармейский муниципальный район,Челябинская область
2305,2024Q3,0,Кунашакский муниципальный район,Челябинская область
2307,2024Q3,0,Нагайбакский муниципальный район,Челябинская область
2308,2024Q3,0,Нязепетровский муниципальный район,Челябинская область
2309,2024Q3,0,Октябрьский муниципальный район,Челябинская область
2310,2024Q3,1,Пластовский муниципальный район,Челябинская область
2311,2024Q3,1,Саткинский муниципальный район,Челябинская область
2312,2024Q3,2,Сосновский муниципальный район,Челябинская область
2314,2024Q3,1,Увельский муниципальный район,Челябинская область
2315,2024Q3,0,Уйский муниципальный район,Челябинская область
2316,2024Q3,1,Чебаркульский муниципальный район,Челябинская область
2317,2024Q3,0,Чесменский муниципальный район,Челябинская область
2318,2024Q3,2,городской округ город Ярославль,Ярославская область
2320,2024Q3,2,городской округ город Рыбинск,Ярославская область
2321,2024Q3,0,Большесельский муниципальный район,Ярославская область
2322,2024Q3,0,Борисоглебский муниципальный район,Ярославская область
2323,2024Q3,0,Брейтовский муниципальный район,Ярославская область
2324,2024Q3,1,Гаврилов-Ямский муниципальный район,Ярославская область
2325,2024Q3,1,Даниловский муниципальный район,Ярославская область
2326,2024Q3,0,Любимский муниципальный район,Ярославская область
2327,2024Q3,1,Мышкинский муниципальный район,Ярославская область
2328,2024Q3,1,Некоузский муниципальный район,Ярославская область
2329,2024Q3,1,Некрасовский муниципальный район,Ярославская область
2330,2024Q3,0,Первомайский муниципальный район,Ярославская область
2332,2024Q3,0,Пошехонский муниципальный район,Ярославская область
2333,2024Q3,1,Ростовский муниципальный район,Ярославская область
2334,2024Q3,1,Рыбинский муниципальный район,Ярославская область
2335,2024Q3,1,Тутаевский муниципальный район,Ярославская область
2336,2024Q3,1,Угличский муниципальный район,Ярославская область
2337,2024Q3,2,Ярославский муниципальный район,Ярославская область
2338,2024Q3,2,городской округ город Биробиджан,Еврейская автономная область
2339,2024Q3,3,Биробиджанский муниципальный район,Еврейская автономная область
2340,2024Q3,3,Ленинский муниципальный район,Еврейская автономная область
2341,2024Q3,4,Облученский муниципальный район,Еврейская автономная область
2342,2024Q3,3,Октябрьский муниципальный район,Еврейская автономная область
2343,2024Q3,4,Смидовичский муниципальный район,Еврейская автономная область
2344,2024Q3,4,городской округ Анадырь,Чукотский автономный округ
2345,2024Q3,4,городской округ Эгвекинот,Чукотский автономный округ
2348,2024Q3,4,Анадырский муниципальный район,Чукотский автономный округ
2349,2024Q3,4,Билибинский муниципальный район,Чукотский автономный округ
2618,2024Q3,0,Мантуровский муниципальный округ,Костромская область
2619,2024Q3,1,городской округ город Переславль-Залесский,Ярославская область
2620,2024Q3,2,городской округ Соликамский,Пермский край
2621,2024Q3,2,городской округ город Березники,Пермский край
2644,2024Q3,2,городской округ Серпухов,Московская область
2646,2024Q3,2,городской округ город Обнинск,Калужская область
2647,2024Q3,2,Боровский муниципальный район,Калужская область
2648,2024Q3,2,городской округ Лосино-Петровский,Московская область
2649,2024Q3,2,городской округ Щёлково,Московская область
2651,2024Q3,2,городской округ Одинцовский,Московская область
2652,2024Q3,2,городской округ Орехово-Зуевский,Московская область
2710,2024Q3,1,городской округ Вышневолоцкий,Тверская область
2808,2024Q3,2,городской округ Коломна,Московская область
2809,2024Q3,2,муниципальный округ Кунгурский,Пермский край
2813,2024Q3,1,городской округ Шатура,Московская область
2814,2024Q3,2,городской округ Пушкинский,Московская область
2872,2024Q3,4,муниципальный округ Приуральский район,Ямало-Ненецкий автономный округ
2876,2024Q3,2,городской округ город-курорт Кисловодск,Ставропольский край
2879,2024Q3,2,городской округ город Губкинский,Ямало-Ненецкий автономный округ
2880,2024Q3,4,городской округ город Лабытнанги,Ямало-Ненецкий автономный округ
2881,2024Q3,5,Предгорный муниципальный округ,Ставропольский край
2882,2024Q3,4,муниципальный округ Пуровский район,Ямало-Ненецкий автономный округ
2883,2024Q3,1,муниципальный округ Кимрский,Тверская область
2884,2024Q3,2,муниципальный округ Ржевский,Тверская область
2885,2024Q3,3,муниципальный округ Кудымкарский,Пермский край
2886,2024Q3,1,муниципальный округ Губахинский,Пермский край
2887,2024Q3,2,городской округ город Саратов,Саратовская область
3005,2024Q3,2,городской округ город Арзамас,Нижегородская область
3007,2024Q3,1,Прокопьевский муниципальный округ,Кемеровская область
3009,2024Q3,2,городской округ город Тамбов,Тамбовская область
3011,2024Q3,2,городской округ Златоустовский,Челябинская область
3012,2024Q3,0,Кусинский муниципальный район,Челябинская область
3013,2024Q3,2,городской округ Солнечногорск,Московская область
9001,2024Q3,2,Москва,Москва
9002,2024Q3,2,Санкт-Петербург,Санкт-Петербург
1,2024Q4,2,городской округ город Майкоп,Республика Адыгея
2,2024Q4,5,городской округ город Адыгейск,Республика Адыгея
3,2024Q4,1,Гиагинский муниципальный район,Республика Адыгея
4,2024Q4,5,Кошехабльский муниципальный район,Республика Адыгея
5,2024Q4,5,Красногвардейский муниципальный район,Республика Адыгея
6,2024Q4,5,Майкопский муниципальный район,Республика Адыгея
7,2024Q4,2,Тахтамукайский муниципальный район,Республика Адыгея
8,2024Q4,2,Теучежский муниципальный район,Республика Адыгея
9,2024Q4,3,Шовгеновский муниципальный район,Республика Адыгея
10,2024Q4,2,городской округ город Горно-Алтайск,Республика Алтай
11,2024Q4,3,Кош-Агачский муниципальный район,Республика Алтай
12,2024Q4,2,Майминский муниципальный район,Республика Алтай
13,2024Q4,3,Онгудайский муниципальный район,Республика Алтай
14,2024Q4,3,Турочакский муниципальный район,Республика Алтай
15,2024Q4,3,Улаганский муниципальный район,Республика Алтай
16,2024Q4,3,Усть-Канский муниципальный район,Республика Алтай
17,2024Q4,3,Усть-Коксинский муниципальный район,Республика Алтай
18,2024Q4,3,Чемальский муниципальный район,Республика Алтай
19,2024Q4,3,Чойский муниципальный район,Республика Алтай
20,2024Q4,3,Шебалинский муниципальный район,Республика Алтай
21,2024Q4,2,городской округ город Уфа,Республика Башкортостан
22,2024Q4,1,городской округ город Агидель,Республика Башкортостан
23,2024Q4,2,городской округ город Кумертау,Республика Башкортостан
25,2024Q4,2,городской округ город Нефтекамск,Республика Башкортостан
26,2024Q4,2,городской округ город Октябрьский,Республика Башкортостан
27,2024Q4,2,городской округ город Салават,Республика Башкортостан
28,2024Q4,2,городской округ город Сибай,Республика Башкортостан
29,2024Q4,2,городской округ город Стерлитамак,Республика Башкортостан
30,2024Q4,3,Абзелиловский муниципальный район,Республика Башкортостан
31,2024Q4,3,Альшеевский муниципальный район,Республика Башкортостан
32,2024Q4,0,Архангельский муниципальный район,Республика Башкортостан
33,2024Q4,3,Аскинский муниципальный район,Республика Башкортостан
34,2024Q4,0,Аургазинский муниципальный район,Республика Башкортостан
35,2024Q4,3,Баймакский муниципальный район,Республика Башкортостан
36,2024Q4,0,Бакалинский муниципальный район,Республика Башкортостан
37,2024Q4,3,Балтачевский муниципальный район,Республика Башкортостан
38,2024Q4,2,Белебеевский муниципальный район,Республика Башкортостан
39,2024Q4,3,Белокатайский муниципальный район,Республика Башкортостан
40,2024Q4,2,Белорецкий муниципальный район,Республика Башкортостан
41,2024Q4,0,Бижбулякский муниципальный район,Республика Башкортостан
42,2024Q4,2,Бирский муниципальный район,Республика Башкортостан
43,2024Q4,3,Благоварский муниципальный район,Республика Башкортостан
44,2024Q4,2,Благовещенский муниципальный район,Республика Башкортостан
45,2024Q4,3,Буздякский муниципальный район,Республика Башкортостан
46,2024Q4,3,Бураевский муниципальный район,Республика Башкортостан
47,2024Q4,3,Бурзянский муниципальный район,Республика Башкортостан
48,2024Q4,3,Гафурийский муниципальный район,Республика Башкортостан
49,2024Q4,1,Давлекановский муниципальный район,Республика Башкортостан
50,2024Q4,3,Дуванский муниципальный район,Республика Башкортостан
51,2024Q4,2,Дюртюлинский муниципальный район,Республика Башкортостан
52,2024Q4,0,Ермекеевский муниципальный район,Республика Башкортостан
53,2024Q4,3,Зианчуринский муниципальный район,Республика Башкортостан
54,2024Q4,3,Зилаирский муниципальный район,Республика Башкортостан
55,2024Q4,2,Иглинский муниципальный район,Республика Башкортостан
56,2024Q4,3,Илишевский муниципальный район,Республика Башкортостан
57,2024Q4,2,Ишимбайский муниципальный район,Республика Башкортостан
58,2024Q4,0,Калтасинский муниципальный район,Республика Башкортостан
59,2024Q4,3,Караидельский муниципальный район,Республика Башкортостан
60,2024Q4,3,Кармаскалинский муниципальный район,Республика Башкортостан
61,2024Q4,3,Кигинский муниципальный район,Республика Башкортостан
62,2024Q4,3,Краснокамский муниципальный район,Республика Башкортостан
63,2024Q4,3,Кугарчинский муниципальный район,Республика Башкортостан
65,2024Q4,0,Кушнаренковский муниципальный район,Республика Башкортостан
66,2024Q4,2,Мелеузовский муниципальный район,Республика Башкортостан
67,2024Q4,3,Мечетлинский муниципальный район,Республика Башкортостан
68,2024Q4,3,Мишкинский муниципальный район,Республика Башкортостан
69,2024Q4,0,Миякинский муниципальный район,Республика Башкортостан
70,2024Q4,0,Нуримановский муниципальный район,Республика Башкортостан
71,2024Q4,3,Салаватский муниципальный район,Республика Башкортостан
72,2024Q4,0,Стерлибашевский муниципальный район,Республика Башкортостан
73,2024Q4,2,Стерлитамакский муниципальный район,Республика Башкортостан
74,2024Q4,3,Татышлинский муниципальный район,Республика Башкортостан
75,2024Q4,2,Туймазинский муниципальный район,Республика Башкортостан
76,2024Q4,2,Уфимский муниципальный район,Республика Башкортостан
77,2024Q4,2,Учалинский муниципальный район,Республика Башкортостан
78,2024Q4,0,Федоровский муниципальный район,Республика Башкортостан
79,2024Q4,3,Хайбуллинский муниципальный район,Республика Башкортостан
80,2024Q4,3,Чекмагушевский муниципальный район,Республика Башкортостан
81,2024Q4,2,Чишминский муниципальный район,Республика Башкортостан
82,2024Q4,3,Шаранский муниципальный район,Республика Башкортостан
83,2024Q4,2,Янаульский муниципальный район,Республика Башкортостан
107,2024Q4,2,городской округ город Махачкала,Республика Дагестан
108,2024Q4,5,городской округ город Буйнакск,Республика Дагестан
111,2024Q4,5,городской округ город Избербаш,Республика Дагестан
113,2024Q4,5,городской округ город Кизилюрт,Республика Дагестан
114,2024Q4,5,городской округ город Кизляр,Республика Дагестан
167,2024Q4,5,городской округ Нальчик,Кабардино-Балкарская Республика
168,2024Q4,5,городской округ Баксан,Кабардино-Балкарская Республика
169,2024Q4,5,городской округ Прохладный,Кабардино-Балкарская Республика
173,2024Q4,5,Майский муниципальный район,Кабардино-Балкарская Республика
174,2024Q4,5,Прохладненский муниципальный район,Кабардино-Балкарская Республика
176,2024Q4,5,Терский муниципальный район,Кабардино-Балкарская Республика
177,2024Q4,5,Урванский муниципальный район,Кабардино-Балкарская Республика
181,2024Q4,0,Городовиковский муниципальный район,Республика Калмыкия
184,2024Q4,0,Лаганский муниципальный район,Республика Калмыкия
185,2024Q4,5,Малодербетовский муниципальный район,Республика Калмыкия
186,2024Q4,3,Октябрьский муниципальный район,Республика Калмыкия
188,2024Q4,0,Сарпинский муниципальный район,Республика Калмыкия
191,2024Q4,0,Юстинский муниципальный район,Республика Калмыкия
194,2024Q4,5,городской округ Черкесский,Карачаево-Черкесская Республика
195,2024Q4,5,городской округ Карачаевский,Карачаево-Черкесская Республика
196,2024Q4,5,Абазинский муниципальный район,Карачаево-Черкесская Республика
197,2024Q4,5,Адыге-Хабльский муниципальный район,Карачаево-Черкесская Республика
198,2024Q4,5,Зеленчукский муниципальный район,Карачаево-Черкесская Республика
200,2024Q4,5,Малокарачаевский муниципальный район,Карачаево-Черкесская Республика
201,2024Q4,5,Ногайский муниципальный район,Карачаево-Черкесская Республика
202,2024Q4,5,Прикубанский муниципальный район,Карачаево-Черкесская Республика
203,2024Q4,5,Урупский муниципальный район,Карачаево-Черкесская Республика
204,2024Q4,5,Усть-Джегутинский муниципальный район,Карачаево-Черкесская Республика
205,2024Q4,5,Хабезский муниципальный район,Карачаево-Черкесская Республика
206,2024Q4,2,городской округ Петрозаводский,Республика Карелия
207,2024Q4,1,городской округ Костомукшский,Республика Карелия
208,2024Q4,1,Беломорский муниципальный округ,Республика Карелия
209,2024Q4,3,Калевальский муниципальный район,Республика Карелия
210,2024Q4,1,Кемский муниципальный район,Республика Карелия
211,2024Q4,1,Кондопожский муниципальный район,Республика Карелия
212,2024Q4,1,Лахденпохский муниципальный район,Республика Карелия
213,2024Q4,1,Лоухский муниципальный район,Республика Карелия
214,2024Q4,1,Медвежьегорский муниципальный район,Республика Карелия
215,2024Q4,0,Муезерский муниципальный район,Республика Карелия
216,2024Q4,1,Олонецкий муниципальный район,Республика Карелия
217,2024Q4,1,Питкярантский муниципальный округ,Республика Карелия
218,2024Q4,2,Прионежский муниципальный район,Республика Карелия
219,2024Q4,1,Пряжинский муниципальный район,Республика Карелия
220,2024Q4,0,Пудожский муниципальный район,Республика Карелия
221,2024Q4,1,Сегежский муниципальный округ,Республика Карелия
222,2024Q4,1,Сортавальский муниципальный район,Республика Карелия
223,2024Q4,1,Суоярвский муниципальный округ,Республика Карелия
224,2024Q4,2,городской округ Сыктывкар,Республика Коми
225,2024Q4,4,городской округ Воркута,Республика Коми
226,2024Q4,4,муниципальный округ Вуктыл,Республика Коми
227,2024Q4,1,городской округ Инта,Республика Коми
228,2024Q4,4,муниципальный округ Усинск,Республика Коми
229,2024Q4,2,городской округ Ухта,Республика Коми
230,2024Q4,3,Ижемский муниципальный район,Республика Коми
231,2024Q4,1,Княжпогостский муниципальный район,Республика Коми
232,2024Q4,0,Койгородский муниципальный район,Республика Коми
233,2024Q4,0,Корткеросский муниципальный район,Республика Коми
234,2024Q4,1,муниципальный район Печора,Республика Коми
235,2024Q4,0,Прилузский муниципальный район,Республика Коми
236,2024Q4,1,муниципальный район Сосногорск,Республика Коми
237,2024Q4,3,Сыктывдинский муниципальный район,Республика Коми
238,2024Q4,0,Сысольский муниципальный район,Республика Коми
239,2024Q4,0,Троицко-Печорский муниципальный район,Республика Коми
240,2024Q4,0,Удорский муниципальный район,Республика Коми
241,2024Q4,1,Усть-Вымский муниципальный район,Республика Коми
242,2024Q4,3,Усть-Куломский муниципальный район,Республика Коми
243,2024Q4,3,Усть-Цилемский муниципальный район,Республика Коми
269,2024Q4,2,городской округ город Йошкар-Ола,Республика Марий Эл
270,2024Q4,1,городской округ город Волжск,Республика Марий Эл
271,2024Q4,1,городской округ город Козьмодемьянск,Республика Марий Эл
272,2024Q4,3,Волжский муниципальный район,Республика Марий Эл
273,2024Q4,0,Горномарийский муниципальный район,Республика Марий Эл
274,2024Q4,1,Звениговский муниципальный район,Республика Марий Эл
275,2024Q4,0,Килемарский муниципальный район,Республика Марий Эл
276,2024Q4,0,Куженерский муниципальный район,Республика Марий Эл
277,2024Q4,0,Мари-Турекский муниципальный район,Республика Марий Эл
278,2024Q4,2,Медведевский муниципальный район,Республика Марий Эл
279,2024Q4,0,Моркинский муниципальный район,Республика Марий Эл
280,2024Q4,0,Новоторъяльский муниципальный район,Республика Марий Эл
281,2024Q4,0,Оршанский муниципальный район,Республика Марий Эл
282,2024Q4,0,Параньгинский муниципальный район,Республика Марий Эл
283,2024Q4,1,Сернурский муниципальный район,Республика Марий Эл
284,2024Q4,1,Советский муниципальный район,Республика Марий Эл
285,2024Q4,0,Юринский муниципальный район,Республика Марий Эл
286,2024Q4,2,городской округ Саранск,Республика Мордовия
287,2024Q4,0,Ардатовский муниципальный район,Республика Мордовия
288,2024Q4,0,Атюрьевский муниципальный район,Республика Мордовия
289,2024Q4,0,Атяшевский муниципальный район,Республика Мордовия
290,2024Q4,0,Большеберезниковский муниципальный район,Республика Мордовия
291,2024Q4,0,Большеигнатовский муниципальный район,Республика Мордовия
292,2024Q4,0,Дубенский муниципальный район,Республика Мордовия
293,2024Q4,0,Ельниковский муниципальный район,Республика Мордовия
294,2024Q4,0,Зубово-Полянский муниципальный район,Республика Мордовия
295,2024Q4,0,Инсарский муниципальный район,Республика Мордовия
296,2024Q4,0,Ичалковский муниципальный район,Республика Мордовия
297,2024Q4,0,Кадошкинский муниципальный район,Республика Мордовия
298,2024Q4,1,Ковылкинский муниципальный район,Республика Мордовия
300,2024Q4,0,Краснослободский муниципальный район,Республика Мордовия
301,2024Q4,1,Лямбирский муниципальный район,Республика Мордовия
302,2024Q4,0,Ромодановский муниципальный район,Республика Мордовия
303,2024Q4,1,Рузаевский муниципальный район,Республика Мордовия
304,2024Q4,0,Старошайговский муниципальный район,Республика Мордовия
305,2024Q4,0,Темниковский муниципальный район,Республика Мордовия
306,2024Q4,0,Теньгушевский муниципальный район,Республика Мордовия
307,2024Q4,0,Торбеевский муниципальный район,Республика Мордовия
308,2024Q4,1,Чамзинский муниципальный район,Республика Мордовия
309,2024Q4,2,городской округ город Якутск,Республика Саха (Якутия)
312,2024Q4,4,Алданский муниципальный район,Республика Саха (Якутия)
314,2024Q4,4,Амгинский муниципальный район,Республика Саха (Якутия)
316,2024Q4,4,Булунский муниципальный район,Республика Саха (Якутия)
317,2024Q4,4,Верхневилюйский муниципальный район,Республика Саха (Якутия)
318,2024Q4,4,Верхнеколымский муниципальный район,Республика Саха (Якутия)
319,2024Q4,4,Верхоянский муниципальный район,Республика Саха (Якутия)
320,2024Q4,4,Вилюйский муниципальный район,Республика Саха (Якутия)
321,2024Q4,3,Горный муниципальный район,Республика Саха (Якутия)
323,2024Q4,4,Кобяйский муниципальный район,Республика Саха (Якутия)
324,2024Q4,4,Нюрбинский муниципальный район,Республика Саха (Якутия)
325,2024Q4,4,Ленский муниципальный район,Республика Саха (Якутия)
326,2024Q4,3,Мегино-Кангаласский муниципальный район,Республика Саха (Якутия)
327,2024Q4,4,Мирнинский муниципальный район,Республика Саха (Якутия)
329,2024Q4,4,Намский муниципальный район,Республика Саха (Якутия)
330,2024Q4,4,Нерюнгринский муниципальный район,Республика Саха (Якутия)
331,2024Q4,4,Нижнеколымский муниципальный район,Республика Саха (Якутия)
332,2024Q4,4,Оймяконский муниципальный район,Республика Саха (Якутия)
333,2024Q4,4,Олекминский муниципальный район,Республика Саха (Якутия)
334,2024Q4,4,Оленекский эвенкийский национальный муниципальный район,Республика Саха (Якутия)
335,2024Q4,4,Среднеколымский муниципальный район,Республика Саха (Якутия)
336,2024Q4,3,Сунтарский муниципальный район,Республика Саха (Якутия)
337,2024Q4,4,Таттинский муниципальный район,Республика Саха (Якутия)
338,2024Q4,4,Томпонский муниципальный район,Республика Саха (Якутия)
339,2024Q4,4,Усть-Алданский муниципальный район,Республика Саха (Якутия)
340,2024Q4,4,Усть-Майский муниципальный район,Республика Саха (Якутия)
341,2024Q4,4,Усть-Янский муниципальный район,Республика Саха (Якутия)
342,2024Q4,4,Хангаласский муниципальный район,Республика Саха (Якутия)
343,2024Q4,4,Чурапчинский муниципальный район,Республика Саха (Якутия)
345,2024Q4,2,городской округ город Владикавказ,Республика Северная Осетия — Алания
346,2024Q4,5,Алагирский муниципальный район,Республика Северная Осетия — Алания
347,2024Q4,5,Ардонский муниципальный район,Республика Северная Осетия — Алания
348,2024Q4,5,Дигорский муниципальный район,Республика Северная Осетия — Алания
349,2024Q4,5,Ирафский муниципальный район,Республика Северная Осетия — Алания
351,2024Q4,5,Моздокский муниципальный район,Республика Северная Осетия — Алания
352,2024Q4,5,Правобережный муниципальный район,Республика Северная Осетия — Алания
353,2024Q4,5,Пригородный муниципальный район,Республика Северная Осетия — Алания
354,2024Q4,2,городской округ город Казань,Республика Татарстан
355,2024Q4,2,городской округ город Набережные Челны,Республика Татарстан
356,2024Q4,1,Агрызский муниципальный район,Республика Татарстан
357,2024Q4,2,Азнакаевский муниципальный район,Республика Татарстан
358,2024Q4,3,Аксубаевский муниципальный район,Республика Татарстан
359,2024Q4,3,Актанышский муниципальный район,Республика Татарстан
360,2024Q4,1,Алексеевский муниципальный район,Республика Татарстан
361,2024Q4,3,Алькеевский муниципальный район,Республика Татарстан
362,2024Q4,2,Альметьевский муниципальный район,Республика Татарстан
363,2024Q4,0,Апастовский муниципальный район,Республика Татарстан
364,2024Q4,3,Арский муниципальный район,Республика Татарстан
365,2024Q4,0,Атнинский муниципальный район,Республика Татарстан
366,2024Q4,1,Бавлинский муниципальный район,Республика Татарстан
367,2024Q4,3,Балтасинский муниципальный район,Республика Татарстан
368,2024Q4,2,Бугульминский муниципальный район,Республика Татарстан
369,2024Q4,3,Буинский муниципальный район,Республика Татарстан
370,2024Q4,1,Верхнеуслонский муниципальный район,Республика Татарстан
371,2024Q4,2,Высокогорский муниципальный район,Республика Татарстан
372,2024Q4,0,Дрожжановский муниципальный район,Республика Татарстан
373,2024Q4,2,Елабужский муниципальный район,Республика Татарстан
374,2024Q4,1,Заинский муниципальный район,Республика Татарстан
375,2024Q4,2,Зеленодольский муниципальный район,Республика Татарстан
376,2024Q4,0,Кайбицкий муниципальный район,Республика Татарстан
377,2024Q4,0,Камско-Устьинский муниципальный район,Республика Татарстан
378,2024Q4,3,Кукморский муниципальный район,Республика Татарстан
379,2024Q4,2,Лаишевский муниципальный район,Республика Татарстан
380,2024Q4,2,Лениногорский муниципальный район,Республика Татарстан
381,2024Q4,3,Мамадышский муниципальный район,Республика Татарстан
382,2024Q4,1,Менделеевский муниципальный район,Республика Татарстан
383,2024Q4,1,Мензелинский муниципальный район,Республика Татарстан
384,2024Q4,3,Муслюмовский муниципальный район,Республика Татарстан
385,2024Q4,2,Нижнекамский муниципальный район,Республика Татарстан
386,2024Q4,3,Новошешминский муниципальный район,Республика Татарстан
387,2024Q4,1,Нурлатский муниципальный район,Республика Татарстан
388,2024Q4,2,Пестречинский муниципальный район,Республика Татарстан
389,2024Q4,0,Рыбно-Слободский муниципальный район,Республика Татарстан
390,2024Q4,3,Сабинский муниципальный район,Республика Татарстан
391,2024Q4,0,Сармановский муниципальный район,Республика Татарстан
392,2024Q4,0,Спасский муниципальный район,Республика Татарстан
393,2024Q4,0,Тетюшский муниципальный район,Республика Татарстан
395,2024Q4,3,Тюлячинский муниципальный район,Республика Татарстан
396,2024Q4,3,Черемшанский муниципальный район,Республика Татарстан
397,2024Q4,2,Чистопольский муниципальный район,Республика Татарстан
398,2024Q4,1,Ютазинский муниципальный район,Республика Татарстан
401,2024Q4,3,Бай-Тайгинский муниципальный район,Республика Тыва
402,2024Q4,3,Барун-Хемчикский муниципальный район,Республика Тыва
403,2024Q4,3,Дзун-Хемчикский муниципальный район,Республика Тыва
404,2024Q4,3,Каа-Хемский муниципальный район,Республика Тыва
405,2024Q4,3,Кызылский муниципальный район,Республика Тыва
408,2024Q4,3,Пий-Хемский муниципальный район,Республика Тыва
409,2024Q4,3,Сут-Хольский муниципальный район,Республика Тыва
410,2024Q4,3,Тандинский муниципальный район,Республика Тыва
413,2024Q4,3,Тоджинский муниципальный район,Республика Тыва
414,2024Q4,3,Улуг-Хемский муниципальный район,Республика Тыва
416,2024Q4,3,Чеди-Хольский муниципальный район,Республика Тыва
418,2024Q4,2,городской округ город Ижевск,Удмуртская Республика
419,2024Q4,2,городской округ город Воткинск,Удмуртская Республика
420,2024Q4,2,городской округ город Глазов,Удмуртская Республика
421,2024Q4,2,городской округ город Можга,Удмуртская Республика
422,2024Q4,2,городской округ город Сарапул,Удмуртская Республика
423,2024Q4,3,муниципальный округ Алнашский район,Удмуртская Республика
424,2024Q4,0,муниципальный округ Балезинский район,Удмуртская Республика
425,2024Q4,3,муниципальный округ Вавожский район,Удмуртская Республика
428,2024Q4,0,муниципальный округ Граховский район,Удмуртская Республика
429,2024Q4,3,муниципальный округ Дебёсский район,Удмуртская Республика
430,2024Q4,2,муниципальный округ Завьяловский район,Удмуртская Республика
431,2024Q4,3,муниципальный округ Игринский район,Удмуртская Республика
432,2024Q4,1,муниципальный округ Камбарский район,Удмуртская Республика
433,2024Q4,0,муниципальный округ Каракулинский район,Удмуртская Республика
434,2024Q4,0,муниципальный округ Кезский район,Удмуртская Республика
435,2024Q4,3,муниципальный округ Кизнерский район,Удмуртская Республика
436,2024Q4,0,муниципальный округ Киясовский район,Удмуртская Республика
437,2024Q4,0,муниципальный округ Красногорский район,Удмуртская Республика
438,2024Q4,3,муниципальный округ Малопургинский район,Удмуртская Республика
440,2024Q4,3,муниципальный округ Сарапульский район,Удмуртская Республика
441,2024Q4,0,муниципальный округ Селтинский район,Удмуртская Республика
442,2024Q4,0,муниципальный округ Сюмсинский район,Удмуртская Республика
443,2024Q4,3,муниципальный округ Увинский район,Удмуртская Республика
444,2024Q4,3,муниципальный округ Шарканский район,Удмуртская Республика
445,2024Q4,0,муниципальный округ Юкаменский район,Удмуртская Республика
446,2024Q4,3,муниципальный округ Якшур-Бодьинский район,Удмуртская Республика
447,2024Q4,0,муниципальный округ Ярский район,Удмуртская Республика
448,2024Q4,2,городской округ город Абакан,Республика Хакасия
449,2024Q4,1,городской округ город Абаза,Республика Хакасия
450,2024Q4,2,городской округ город Саяногорск,Республика Хакасия
451,2024Q4,1,городской округ город Сорск,Республика Хакасия
452,2024Q4,2,городской округ город Черногорск,Республика Хакасия
453,2024Q4,3,Алтайский муниципальный район,Республика Хакасия
455,2024Q4,3,Бейский муниципальный район,Республика Хакасия
456,2024Q4,0,Боградский муниципальный район,Республика Хакасия
457,2024Q4,0,Орджоникидзевский муниципальный район,Республика Хакасия
458,2024Q4,3,Таштыпский муниципальный район,Республика Хакасия
459,2024Q4,3,Усть-Абаканский муниципальный район,Республика Хакасия
460,2024Q4,3,Ширинский муниципальный район,Республика Хакасия
461,2024Q4,2,городской округ город Грозный,Чеченская Республика
478,2024Q4,2,городской округ город Чебоксары,Чувашская Республика
479,2024Q4,1,городской округ город Алатырь,Чувашская Республика
480,2024Q4,2,городской округ город Канаш,Чувашская Республика
481,2024Q4,2,городской округ город Новочебоксарск,Чувашская Республика
482,2024Q4,1,городской округ город Шумерля,Чувашская Республика
483,2024Q4,0,Алатырский муниципальный округ,Чувашская Республика
484,2024Q4,0,Аликовский муниципальный округ,Чувашская Республика
485,2024Q4,3,Батыревский муниципальный округ,Чувашская Республика
486,2024Q4,3,Вурнарский муниципальный округ,Чувашская Республика
487,2024Q4,0,Ибресинский муниципальный округ,Чувашская Республика
489,2024Q4,0,Козловский муниципальный округ,Чувашская Республика
490,2024Q4,3,Комсомольский муниципальный округ,Чувашская Республика
491,2024Q4,0,Красноармейский муниципальный округ,Чувашская Республика
492,2024Q4,0,Красночетайский муниципальный округ,Чувашская Республика
493,2024Q4,0,Мариинско-Посадский муниципальный округ,Чувашская Республика
494,2024Q4,1,Моргаушский муниципальный округ,Чувашская Республика
495,2024Q4,0,Порецкий муниципальный округ,Чувашская Республика
496,2024Q4,0,Урмарский муниципальный округ,Чувашская Республика
497,2024Q4,1,Цивильский муниципальный округ,Чувашская Республика
498,2024Q4,5,Чебоксарский муниципальный округ,Чувашская Республика
499,2024Q4,0,Шемуршинский муниципальный округ,Чувашская Республика
501,2024Q4,0,Ядринский муниципальный округ,Чувашская Республика
502,2024Q4,0,Яльчикский муниципальный округ,Чувашская Республика
503,2024Q4,0,Янтиковский муниципальный округ,Чувашская Республика
504,2024Q4,2,городской округ город Барнаул,Алтайский край
505,2024Q4,1,городской округ город Алейск,Алтайский край
506,2024Q4,1,городской округ город Белокуриха,Алтайский край
507,2024Q4,2,городской округ город Бийск,Алтайский край
508,2024Q4,1,городской округ город Заринск,Алтайский край
509,2024Q4,2,городской округ город Новоалтайск,Алтайский край
510,2024Q4,2,городской округ город Рубцовск,Алтайский край
511,2024Q4,3,муниципальный округ город Славгород,Алтайский край
512,2024Q4,1,городской округ город Яровое,Алтайский край
514,2024Q4,0,Алейский муниципальный район,Алтайский край
515,2024Q4,3,Алтайский муниципальный район,Алтайский край
516,2024Q4,0,Баевский муниципальный район,Алтайский край
517,2024Q4,3,Бийский муниципальный район,Алтайский край
518,2024Q4,1,Благовещенский муниципальный район,Алтайский край
519,2024Q4,0,Бурлинский муниципальный район,Алтайский край
520,2024Q4,0,Быстроистокский муниципальный район,Алтайский край
521,2024Q4,0,Волчихинский муниципальный район,Алтайский край
522,2024Q4,0,Егорьевский муниципальный район,Алтайский край
523,2024Q4,0,Ельцовский муниципальный район,Алтайский край
524,2024Q4,0,Завьяловский муниципальный район,Алтайский край
525,2024Q4,0,Залесовский муниципальный округ,Алтайский край
527,2024Q4,1,Змеиногорский муниципальный район,Алтайский край
528,2024Q4,0,Калманский муниципальный район,Алтайский край
529,2024Q4,3,Каменский муниципальный район,Алтайский край
530,2024Q4,0,Ключевский муниципальный район,Алтайский край
531,2024Q4,0,Косихинский муниципальный район,Алтайский край
532,2024Q4,0,Красногорский муниципальный район,Алтайский край
533,2024Q4,0,Краснощёковский муниципальный район,Алтайский край
534,2024Q4,0,Крутихинский муниципальный район,Алтайский край
535,2024Q4,3,Кулундинский муниципальный район,Алтайский край
536,2024Q4,0,Курьинский муниципальный район,Алтайский край
537,2024Q4,0,Кытмановский муниципальный район,Алтайский край
538,2024Q4,0,Локтевский муниципальный район,Алтайский край
539,2024Q4,0,Мамонтовский муниципальный район,Алтайский край
540,2024Q4,0,Михайловский муниципальный район,Алтайский край
541,2024Q4,0,Новичихинский муниципальный район,Алтайский край
542,2024Q4,0,Зональный муниципальный район,Алтайский край
543,2024Q4,3,Павловский муниципальный район,Алтайский край
544,2024Q4,0,Панкрушихинский муниципальный район,Алтайский край
545,2024Q4,3,Первомайский муниципальный район,Алтайский край
546,2024Q4,0,Петропавловский муниципальный район,Алтайский край
547,2024Q4,0,Поспелихинский муниципальный район,Алтайский край
548,2024Q4,0,Ребрихинский муниципальный район,Алтайский край
549,2024Q4,0,Родинский муниципальный район,Алтайский край
550,2024Q4,0,Романовский муниципальный район,Алтайский край
552,2024Q4,0,Смоленский муниципальный район,Алтайский край
553,2024Q4,0,муниципальный округ Суетский район,Алтайский край
554,2024Q4,3,Советский муниципальный район,Алтайский край
555,2024Q4,0,Солонешенский муниципальный район,Алтайский край
556,2024Q4,0,Солтонский муниципальный район,Алтайский край
557,2024Q4,0,Шелаболихинский муниципальный район,Алтайский край
558,2024Q4,0,Табунский муниципальный район,Алтайский край
559,2024Q4,0,Тальменский муниципальный район,Алтайский край
560,2024Q4,0,Тогульский муниципальный район,Алтайский край
561,2024Q4,0,Топчихинский муниципальный район,Алтайский край
562,2024Q4,0,Третьяковский муниципальный район,Алтайский край
563,2024Q4,0,Троицкий муниципальный район,Алтайский край
564,2024Q4,0,Тюменцевский муниципальный район,Алтайский край
565,2024Q4,0,Угловский муниципальный район,Алтайский край
566,2024Q4,0,Усть-Калманский муниципальный район,Алтайский край
567,2024Q4,0,Усть-Пристанский муниципальный район,Алтайский край
568,2024Q4,0,Хабарский муниципальный район,Алтайский край
569,2024Q4,0,Целинный муниципальный район,Алтайский край
570,2024Q4,0,муниципальный округ Чарышский район,Алтайский край
571,2024Q4,0,Шипуновский муниципальный район,Алтайский край
572,2024Q4,0,Немецкий национальный муниципальный район,Алтайский край
574,2024Q4,1,городской округ город Петровск-Забайкальский,Забайкальский край
578,2024Q4,3,Балейский муниципальный район,Забайкальский край
579,2024Q4,4,Борзинский муниципальный район,Забайкальский край
580,2024Q4,4,Газимуро-Заводский муниципальный округ,Забайкальский край
581,2024Q4,4,Забайкальский муниципальный район,Забайкальский край
582,2024Q4,4,Каларский муниципальный округ,Забайкальский край
583,2024Q4,3,Калганский муниципальный округ,Забайкальский край
584,2024Q4,4,Карымский муниципальный район,Забайкальский край
585,2024Q4,4,муниципальный район Город Краснокаменск и Краснокаменский район,Забайкальский край
586,2024Q4,3,Красночикойский муниципальный район,Забайкальский край
587,2024Q4,3,Кыринский муниципальный район,Забайкальский край
588,2024Q4,4,Могочинский муниципальный округ,Забайкальский край
589,2024Q4,4,Нерчинский муниципальный район,Забайкальский край
591,2024Q4,3,Оловяннинский муниципальный район,Забайкальский край
592,2024Q4,3,Ононский муниципальный округ,Забайкальский край
593,2024Q4,3,Петровск-Забайкальский муниципальный район,Забайкальский край
594,2024Q4,3,Приаргунский муниципальный округ,Забайкальский край
595,2024Q4,3,Сретенский муниципальный район,Забайкальский край
598,2024Q4,3,Улётовский муниципальный район,Забайкальский край
599,2024Q4,3,Хилокский муниципальный район,Забайкальский край
600,2024Q4,4,Чернышевский муниципальный район,Забайкальский край
601,2024Q4,3,Читинский муниципальный район,Забайкальский край
602,2024Q4,3,Шелопугинский муниципальный район,Забайкальский край
603,2024Q4,4,Шилкинский муниципальный район,Забайкальский край
604,2024Q4,3,городской округ поселок Агинское,Забайкальский край
605,2024Q4,3,Агинский муниципальный район,Забайкальский край
606,2024Q4,3,Дульдургинский муниципальный район,Забайкальский край
607,2024Q4,3,Могойтуйский муниципальный район,Забайкальский край
608,2024Q4,2,городской округ Петропавловск-Камчатский,Камчатский край
612,2024Q4,4,Елизовский муниципальный район,Камчатский край
613,2024Q4,4,Мильковский муниципальный округ,Камчатский край
614,2024Q4,4,Соболевский муниципальный район,Камчатский край
615,2024Q4,4,Усть-Большерецкий муниципальный район,Камчатский край
616,2024Q4,4,Усть-Камчатский муниципальный район,Камчатский край
618,2024Q4,4,Карагинский муниципальный район,Камчатский край
619,2024Q4,4,Олюторский муниципальный район,Камчатский край
621,2024Q4,4,Тигильский муниципальный район,Камчатский край
666,2024Q4,2,городской округ город Красноярск,Красноярский край
667,2024Q4,2,городской округ город Ачинск,Красноярский край
668,2024Q4,1,городской округ город Боготол,Красноярский край
669,2024Q4,1,городской округ город Бородино,Красноярский край
670,2024Q4,1,городской округ город Дивногорск,Красноярский край
671,2024Q4,1,городской округ город Енисейск,Красноярский край
674,2024Q4,2,городской округ город Канск,Красноярский край
675,2024Q4,2,городской округ город Лесосибирск,Красноярский край
676,2024Q4,2,городской округ город Минусинск,Красноярский край
677,2024Q4,1,городской округ город Назарово,Красноярский край
678,2024Q4,4,городской округ город Норильск,Красноярский край
679,2024Q4,2,городской округ город Сосновоборск,Красноярский край
680,2024Q4,1,городской округ город Шарыпово,Красноярский край
683,2024Q4,0,Абанский муниципальный район,Красноярский край
685,2024Q4,3,Балахтинский муниципальный район,Красноярский край
686,2024Q4,2,Березовский муниципальный район,Красноярский край
687,2024Q4,0,Бирилюсский муниципальный район,Красноярский край
689,2024Q4,4,Богучанский муниципальный район,Красноярский край
690,2024Q4,0,Большемуртинский муниципальный район,Красноярский край
691,2024Q4,4,Большеулуйский муниципальный район,Красноярский край
692,2024Q4,0,Дзержинский муниципальный район,Красноярский край
693,2024Q4,2,Емельяновский муниципальный район,Красноярский край
694,2024Q4,4,Енисейский муниципальный район,Красноярский край
695,2024Q4,3,Ермаковский муниципальный район,Красноярский край
696,2024Q4,3,Идринский муниципальный район,Красноярский край
697,2024Q4,1,Иланский муниципальный район,Красноярский край
698,2024Q4,3,Ирбейский муниципальный район,Красноярский край
699,2024Q4,0,Казачинский муниципальный район,Красноярский край
701,2024Q4,0,Каратузский муниципальный район,Красноярский край
702,2024Q4,4,Кежемский муниципальный район,Красноярский край
703,2024Q4,0,Козульский муниципальный район,Красноярский край
704,2024Q4,3,Краснотуранский муниципальный район,Красноярский край
705,2024Q4,3,Курагинский муниципальный район,Красноярский край
706,2024Q4,0,Манский муниципальный район,Красноярский край
708,2024Q4,4,Мотыгинский муниципальный район,Красноярский край
710,2024Q4,0,Нижнеингашский муниципальный район,Красноярский край
711,2024Q4,3,Новоселовский муниципальный район,Красноярский край
712,2024Q4,0,Партизанский муниципальный район,Красноярский край
713,2024Q4,0,Пировский муниципальный округ,Красноярский край
714,2024Q4,3,Рыбинский муниципальный район,Красноярский край
715,2024Q4,0,Саянский муниципальный район,Красноярский край
716,2024Q4,4,Северо-Енисейский муниципальный район,Красноярский край
717,2024Q4,0,Сухобузимский муниципальный район,Красноярский край
718,2024Q4,4,Таймырский Долгано-Ненецкий муниципальный район,Красноярский край
719,2024Q4,0,Тасеевский муниципальный район,Красноярский край
720,2024Q4,4,Туруханский муниципальный район,Красноярский край
721,2024Q4,0,Тюхтетский муниципальный округ,Красноярский край
722,2024Q4,3,Ужурский муниципальный район,Красноярский край
723,2024Q4,0,Уярский муниципальный район,Красноярский край
724,2024Q4,3,Шарыповский муниципальный округ,Красноярский край
725,2024Q4,3,Шушенский муниципальный район,Красноярский край
726,2024Q4,4,Эвенкийский муниципальный район,Красноярский край
727,2024Q4,2,городской округ Пермский,Пермский край
731,2024Q4,1,городской округ Лысьвенский,Пермский край
734,2024Q4,1,муниципальный округ Александровский,Пермский край
735,2024Q4,3,муниципальный округ Бардымский,Пермский край
736,2024Q4,0,муниципальный округ Березовский,Пермский край
737,2024Q4,0,муниципальный округ Большесосновский,Пермский край
738,2024Q4,3,городской округ Верещагинский,Пермский край
739,2024Q4,1,городской округ Горнозаводский,Пермский край
741,2024Q4,1,городской округ Добрянский,Пермский край
742,2024Q4,0,муниципальный округ Еловский,Пермский край
743,2024Q4,0,городской округ Ильинский,Пермский край
744,2024Q4,3,муниципальный округ Карагайский,Пермский край
745,2024Q4,1,городской округ город Кизел,Пермский край
746,2024Q4,0,муниципальный округ Кишертский,Пермский край
747,2024Q4,0,городской округ Красновишерский,Пермский край
748,2024Q4,2,городской округ Краснокамский,Пермский край
749,2024Q4,0,муниципальный округ Куединский,Пермский край
751,2024Q4,1,городской округ Нытвенский,Пермский край
752,2024Q4,3,городской округ Октябрьский,Пермский край
753,2024Q4,0,муниципальный округ Ординский,Пермский край
754,2024Q4,1,городской округ Осинский,Пермский край
755,2024Q4,0,городской округ Оханский,Пермский край
756,2024Q4,3,городской округ Очерский,Пермский край
757,2024Q4,2,муниципальный округ Пермский,Пермский край
758,2024Q4,0,муниципальный округ Сивинский,Пермский край
760,2024Q4,0,городской округ Суксунский,Пермский край
761,2024Q4,0,муниципальный округ Уинский,Пермский край
763,2024Q4,2,городской округ Чайковский,Пермский край
764,2024Q4,3,муниципальный округ Частинский,Пермский край
765,2024Q4,0,городской округ Чердынский,Пермский край
766,2024Q4,2,городской округ Чернушинский,Пермский край
767,2024Q4,1,городской округ Чусовской,Пермский край
769,2024Q4,0,муниципальный округ Гайнский,Пермский край
770,2024Q4,0,муниципальный округ Косинский,Пермский край
771,2024Q4,3,муниципальный округ Кочевский,Пермский край
773,2024Q4,3,муниципальный округ Юрлинский,Пермский край
774,2024Q4,0,муниципальный округ Юсьвинский,Пермский край
775,2024Q4,2,городской округ Владивостокский,Приморский край
776,2024Q4,2,городской округ Арсеньевский,Приморский край
777,2024Q4,2,городской округ Артемовский,Приморский край
778,2024Q4,2,городской округ Большой Камень,Приморский край
779,2024Q4,1,городской округ Дальнегорский,Приморский край
780,2024Q4,1,городской округ Дальнереченский,Приморский край
781,2024Q4,4,городской округ Лесозаводский,Приморский край
782,2024Q4,2,городской округ Находкинский,Приморский край
783,2024Q4,1,городской округ Партизанский,Приморский край
784,2024Q4,1,городской округ Спасск-Дальний,Приморский край
785,2024Q4,2,городской округ Уссурийский,Приморский край
787,2024Q4,0,Анучинский муниципальный округ,Приморский край
788,2024Q4,3,Дальнереченский муниципальный район,Приморский край
789,2024Q4,3,Кавалеровский муниципальный округ,Приморский край
790,2024Q4,3,Кировский муниципальный район,Приморский край
791,2024Q4,4,Красноармейский муниципальный округ,Приморский край
792,2024Q4,4,Лазовский муниципальный округ,Приморский край
793,2024Q4,4,Михайловский муниципальный район,Приморский край
794,2024Q4,2,Надеждинский муниципальный район,Приморский край
795,2024Q4,4,Октябрьский муниципальный округ,Приморский край
796,2024Q4,3,Ольгинский муниципальный округ,Приморский край
797,2024Q4,3,Партизанский муниципальный округ,Приморский край
798,2024Q4,4,Пограничный муниципальный округ,Приморский край
799,2024Q4,4,Пожарский муниципальный округ,Приморский край
800,2024Q4,3,Спасский муниципальный район,Приморский край
801,2024Q4,4,Тернейский муниципальный округ,Приморский край
802,2024Q4,3,Ханкайский муниципальный округ,Приморский край
803,2024Q4,4,Хасанский муниципальный округ,Приморский край
804,2024Q4,0,Хорольский муниципальный округ,Приморский край
805,2024Q4,4,Черниговский муниципальный округ,Приморский край
806,2024Q4,3,Чугуевский муниципальный округ,Приморский край
807,2024Q4,4,Шкотовский муниципальный округ,Приморский край
808,2024Q4,0,Яковлевский муниципальный округ,Приморский край
809,2024Q4,2,городской округ город Ставрополь,Ставропольский край
810,2024Q4,5,Благодарненский муниципальный округ,Ставропольский край
811,2024Q4,5,Георгиевский муниципальный округ,Ставропольский край
812,2024Q4,2,городской округ город-курорт Ессентуки,Ставропольский край
813,2024Q4,2,городской округ город-курорт Железноводск,Ставропольский край
814,2024Q4,1,Изобильненский муниципальный округ,Ставропольский край
815,2024Q4,5,Ипатовский муниципальный округ,Ставропольский край
817,2024Q4,3,Кировский муниципальный округ,Ставропольский край
818,2024Q4,2,городской округ город Лермонтов,Ставропольский край
819,2024Q4,2,Минераловодский муниципальный округ,Ставропольский край
820,2024Q4,2,городской округ город Невинномысск,Ставропольский край
821,2024Q4,5,Нефтекумский муниципальный округ,Ставропольский край
822,2024Q4,5,Новоалександровский муниципальный округ,Ставропольский край
823,2024Q4,5,Петровский муниципальный округ,Ставропольский край
824,2024Q4,2,городской округ город-курорт Пятигорск,Ставропольский край
825,2024Q4,5,Советский муниципальный округ,Ставропольский край
826,2024Q4,5,Александровский муниципальный округ,Ставропольский край
827,2024Q4,5,Андроповский муниципальный округ,Ставропольский край
828,2024Q4,0,Апанасенковский муниципальный округ,Ставропольский край
829,2024Q4,0,Арзгирский муниципальный округ,Ставропольский край
830,2024Q4,5,Будённовский муниципальный округ,Ставропольский край
831,2024Q4,0,Грачёвский муниципальный округ,Ставропольский край
832,2024Q4,5,Кочубеевский муниципальный округ,Ставропольский край
833,2024Q4,0,Красногвардейский муниципальный округ,Ставропольский край
834,2024Q4,5,Курский муниципальный округ,Ставропольский край
835,2024Q4,5,Левокумский муниципальный округ,Ставропольский край
836,2024Q4,5,Новоселицкий муниципальный округ,Ставропольский край
838,2024Q4,5,Степновский муниципальный округ,Ставропольский край
839,2024Q4,0,Труновский муниципальный округ,Ставропольский край
840,2024Q4,0,Туркменский муниципальный округ,Ставропольский край
841,2024Q4,2,Шпаковский муниципальный округ,Ставропольский край
842,2024Q4,2,городской округ город Хабаровск,Хабаровский край
843,2024Q4,2,городской округ город Комсомольск-на-Амуре,Хабаровский край
844,2024Q4,4,Амурский муниципальный район,Хабаровский край
846,2024Q4,4,Бикинский муниципальный район,Хабаровский край
847,2024Q4,4,Ванинский муниципальный район,Хабаровский край
848,2024Q4,4,Верхнебуреинский муниципальный район,Хабаровский край
849,2024Q4,3,Вяземский муниципальный район,Хабаровский край
851,2024Q4,3,муниципальный район имени Лазо,Хабаровский край
852,2024Q4,4,Нанайский муниципальный район,Хабаровский край
853,2024Q4,4,Николаевский муниципальный район,Хабаровский край
854,2024Q4,4,Охотский муниципальный округ,Хабаровский край
855,2024Q4,4,муниципальный район имени Полины Осипенко,Хабаровский край
856,2024Q4,4,Советско-Гаванский муниципальный район,Хабаровский край
857,2024Q4,4,Солнечный муниципальный район,Хабаровский край
858,2024Q4,4,Тугуро-Чумиканский муниципальный район,Хабаровский край
859,2024Q4,4,Ульчский муниципальный район,Хабаровский край
860,2024Q4,2,Хабаровский муниципальный район,Хабаровский край
870,2024Q4,4,Архаринский муниципальный округ,Амурская область
871,2024Q4,4,Белогорский муниципальный округ,Амурская область
872,2024Q4,2,Благовещенский муниципальный округ,Амурская область
873,2024Q4,4,Бурейский муниципальный округ,Амурская область
874,2024Q4,4,Завитинский муниципальный округ,Амурская область
875,2024Q4,4,Зейский муниципальный округ,Амурская область
876,2024Q4,3,Ивановский муниципальный округ,Амурская область
877,2024Q4,4,Константиновский муниципальный район,Амурская область
878,2024Q4,4,Магдагачинский муниципальный район,Амурская область
879,2024Q4,4,Мазановский муниципальный район,Амурская область
880,2024Q4,3,Михайловский муниципальный район,Амурская область
881,2024Q4,4,Октябрьский муниципальный район,Амурская область
882,2024Q4,3,Ромненский муниципальный округ,Амурская область
883,2024Q4,4,Свободненский муниципальный район,Амурская область
884,2024Q4,4,Селемджинский муниципальный район,Амурская область
885,2024Q4,4,Серышевский муниципальный округ,Амурская область
886,2024Q4,4,Сковородинский муниципальный округ,Амурская область
888,2024Q4,4,Тындинский муниципальный округ,Амурская область
889,2024Q4,4,Шимановский муниципальный округ,Амурская область
890,2024Q4,2,городской округ город Архангельск,Архангельская область
891,2024Q4,1,городской округ город Коряжма,Архангельская область
892,2024Q4,2,городской округ Котлас,Архангельская область
895,2024Q4,1,городской округ город Новодвинск,Архангельская область
896,2024Q4,2,городской округ Северодвинск,Архангельская область
897,2024Q4,1,Вельский муниципальный район,Архангельская область
898,2024Q4,0,Верхнетоемский муниципальный округ,Архангельская область
899,2024Q4,0,муниципальный округ Вилегодский,Архангельская область
900,2024Q4,0,Виноградовский муниципальный округ,Архангельская область
901,2024Q4,0,муниципальный округ Каргопольский,Архангельская область
902,2024Q4,1,Коношский муниципальный район,Архангельская область
903,2024Q4,1,Котласский муниципальный округ,Архангельская область
904,2024Q4,0,Красноборский муниципальный округ,Архангельская область
905,2024Q4,1,Ленский муниципальный район,Архангельская область
907,2024Q4,0,Мезенский муниципальный округ,Архангельская область
908,2024Q4,1,Няндомский муниципальный округ,Архангельская область
909,2024Q4,1,Онежский муниципальный район,Архангельская область
911,2024Q4,1,Плесецкий муниципальный округ,Архангельская область
912,2024Q4,4,Приморский муниципальный округ,Архангельская область
913,2024Q4,1,Устьянский муниципальный округ,Архангельская область
914,2024Q4,0,Холмогорский муниципальный округ,Архангельская область
915,2024Q4,0,Шенкурский муниципальный округ,Архангельская область
916,2024Q4,4,городской округ город Нарьян-Мар,Ненецкий автономный округ
917,2024Q4,4,муниципальный район Заполярный район,Ненецкий автономный округ
918,2024Q4,2,городской округ город Астрахань,Астраханская область
920,2024Q4,1,Ахтубинский муниципальный район,Астраханская область
922,2024Q4,0,Енотаевский муниципальный район,Астраханская область
923,2024Q4,0,Икрянинский муниципальный район,Астраханская область
924,2024Q4,0,Камызякский муниципальный район,Астраханская область
925,2024Q4,1,Красноярский муниципальный район,Астраханская область
926,2024Q4,0,Лиманский муниципальный район,Астраханская область
927,2024Q4,2,Наримановский муниципальный район,Астраханская область
928,2024Q4,2,Приволжский муниципальный район,Астраханская область
929,2024Q4,3,Харабалинский муниципальный район,Астраханская область
930,2024Q4,0,Черноярский муниципальный район,Астраханская область
986,2024Q4,2,городской округ город Владимир,Владимирская область
987,2024Q4,1,городской округ город Гусь-Хрустальный,Владимирская область
988,2024Q4,2,городской округ город Ковров,Владимирская область
989,2024Q4,2,городской округ округ Муром,Владимирская область
991,2024Q4,2,Александровский муниципальный район,Владимирская область
992,2024Q4,1,Вязниковский муниципальный район,Владимирская область
993,2024Q4,1,Гороховецкий муниципальный район,Владимирская область
994,2024Q4,1,Гусь-Хрустальный муниципальный район,Владимирская область
995,2024Q4,1,Камешковский муниципальный район,Владимирская область
996,2024Q4,1,Киржачский муниципальный район,Владимирская область
998,2024Q4,1,Кольчугинский муниципальный район,Владимирская область
999,2024Q4,0,Меленковский муниципальный район,Владимирская область
1001,2024Q4,2,Петушинский муниципальный район,Владимирская область
1002,2024Q4,0,Селивановский муниципальный район,Владимирская область
1003,2024Q4,1,Собинский муниципальный район,Владимирская область
1004,2024Q4,1,Судогодский муниципальный район,Владимирская область
1005,2024Q4,1,Суздальский муниципальный район,Владимирская область
1006,2024Q4,1,Юрьев-Польский муниципальный район,Владимирская область
1007,2024Q4,2,городской округ город-герой Волгоград,Волгоградская область
1008,2024Q4,2,городской округ город Волжский,Волгоградская область
1009,2024Q4,2,городской округ город Камышин,Волгоградская область
1010,2024Q4,5,городской округ город Михайловка,Волгоградская область
1011,2024Q4,5,городской округ город Урюпинск,Волгоградская область
1012,2024Q4,1,городской округ город Фролово,Волгоградская область
1013,2024Q4,0,Алексеевский муниципальный район,Волгоградская область
1014,2024Q4,0,Быковский муниципальный район,Волгоградская область
1015,2024Q4,1,Городищенский муниципальный район,Волгоградская область
1016,2024Q4,0,Даниловский муниципальный район,Волгоградская область
1017,2024Q4,0,Дубовский муниципальный район,Волгоградская область
1018,2024Q4,0,Еланский муниципальный район,Волгоградская область
1019,2024Q4,1,Жирновский муниципальный район,Волгоградская область
1020,2024Q4,1,Иловлинский муниципальный район,Волгоградская область
1021,2024Q4,1,Калачевский муниципальный район,Волгоградская область
1023,2024Q4,0,Киквидзенский муниципальный район,Волгоградская область
1024,2024Q4,0,Клетский муниципальный район,Волгоградская область
1025,2024Q4,1,Котельниковский муниципальный район,Волгоградская область
1026,2024Q4,1,Котовский муниципальный район,Волгоградская область
1027,2024Q4,0,Кумылженский муниципальный район,Волгоградская область
1028,2024Q4,0,Ленинский муниципальный район,Волгоградская область
1029,2024Q4,0,Нехаевский муниципальный район,Волгоградская область
1030,2024Q4,0,Николаевский муниципальный район,Волгоградская область
1031,2024Q4,0,Новоаннинский муниципальный район,Волгоградская область
1032,2024Q4,0,Новониколаевский муниципальный район,Волгоградская область
1033,2024Q4,0,Октябрьский муниципальный район,Волгоградская область
1034,2024Q4,0,Ольховский муниципальный район,Волгоградская область
1035,2024Q4,0,Палласовский муниципальный район,Волгоградская область
1036,2024Q4,0,Руднянский муниципальный район,Волгоградская область
1037,2024Q4,5,Светлоярский муниципальный район,Волгоградская область
1038,2024Q4,0,Серафимовичский муниципальный район,Волгоградская область
1039,2024Q4,2,Среднеахтубинский муниципальный район,Волгоградская область
1040,2024Q4,3,Старополтавский муниципальный район,Волгоградская область
1041,2024Q4,0,Суровикинский муниципальный район,Волгоградская область
1044,2024Q4,0,Чернышковский муниципальный район,Волгоградская область
1047,2024Q4,1,Бабаевский муниципальный округ,Вологодская область
1048,2024Q4,3,Бабушкинский муниципальный округ,Вологодская область
1049,2024Q4,1,Белозерский муниципальный округ,Вологодская область
1051,2024Q4,1,Великоустюгский муниципальный округ,Вологодская область
1052,2024Q4,0,Верховажский муниципальный округ,Вологодская область
1053,2024Q4,0,Вожегодский муниципальный округ,Вологодская область
1054,2024Q4,3,Вологодский муниципальный округ,Вологодская область
1055,2024Q4,3,Вытегорский муниципальный район,Вологодская область
1056,2024Q4,1,Грязовецкий муниципальный округ,Вологодская область
1057,2024Q4,1,Кадуйский муниципальный округ,Вологодская область
1058,2024Q4,0,Кирилловский муниципальный округ,Вологодская область
1059,2024Q4,3,Кичменгско-Городецкий муниципальный округ,Вологодская область
1060,2024Q4,0,Междуреченский муниципальный округ,Вологодская область
1061,2024Q4,3,Никольский муниципальный округ,Вологодская область
1062,2024Q4,3,Нюксенский муниципальный округ,Вологодская область
1063,2024Q4,1,Сокольский муниципальный округ,Вологодская область
1064,2024Q4,0,Сямженский муниципальный округ,Вологодская область
1065,2024Q4,0,Тарногский муниципальный округ,Вологодская область
1066,2024Q4,1,Тотемский муниципальный округ,Вологодская область
1067,2024Q4,0,Усть-Кубинский муниципальный округ,Вологодская область
1068,2024Q4,1,Устюженский муниципальный округ,Вологодская область
1069,2024Q4,0,Харовский муниципальный округ,Вологодская область
1070,2024Q4,1,Чагодощенский муниципальный округ,Вологодская область
1071,2024Q4,3,Череповецкий муниципальный район,Вологодская область
1072,2024Q4,1,Шекснинский муниципальный район,Вологодская область
1107,2024Q4,2,городской округ Иваново,Ивановская область
1108,2024Q4,1,городской округ Вичуга,Ивановская область
1109,2024Q4,2,городской округ Кинешма,Ивановская область
1110,2024Q4,1,городской округ Кохма,Ивановская область
1111,2024Q4,1,городской округ Тейково,Ивановская область
1112,2024Q4,1,городской округ Шуя,Ивановская область
1113,2024Q4,0,Вичугский муниципальный район,Ивановская область
1115,2024Q4,0,Гаврилово-Посадский муниципальный район,Ивановская область
1116,2024Q4,0,Заволжский муниципальный район,Ивановская область
1117,2024Q4,2,Ивановский муниципальный район,Ивановская область
1118,2024Q4,0,Ильинский муниципальный район,Ивановская область
1119,2024Q4,1,Кинешемский муниципальный район,Ивановская область
1120,2024Q4,1,Комсомольский муниципальный район,Ивановская область
1121,2024Q4,1,Лежневский муниципальный район,Ивановская область
1122,2024Q4,0,Лухский муниципальный район,Ивановская область
1123,2024Q4,0,Палехский муниципальный район,Ивановская область
1124,2024Q4,0,Пестяковский муниципальный район,Ивановская область
1125,2024Q4,1,Приволжский муниципальный район,Ивановская область
1126,2024Q4,0,Пучежский муниципальный район,Ивановская область
1127,2024Q4,1,Родниковский муниципальный район,Ивановская область
1128,2024Q4,0,Савинский муниципальный район,Ивановская область
1129,2024Q4,0,Тейковский муниципальный район,Ивановская область
1130,2024Q4,1,Фурмановский муниципальный район,Ивановская область
1131,2024Q4,1,Шуйский муниципальный район,Ивановская область
1132,2024Q4,0,Южский муниципальный район,Ивановская область
1133,2024Q4,0,Юрьевецкий муниципальный район,Ивановская область
1134,2024Q4,2,городской округ город Иркутск,Иркутская область
1135,2024Q4,2,городской округ Ангарский,Иркутская область
1136,2024Q4,2,городской округ город Братск,Иркутская область
1137,2024Q4,3,городской округ Зима,Иркутская область
1138,2024Q4,2,городской округ город Саянск,Иркутская область
1139,2024Q4,3,городской округ город Тулун,Иркутская область
1140,2024Q4,2,городской округ город Усолье-Сибирское,Иркутская область
1141,2024Q4,2,городской округ город Усть-Илимск,Иркутская область
1142,2024Q4,2,городской округ город Черемхово,Иркутская область
1143,2024Q4,1,городской округ город Свирск,Иркутская область
1144,2024Q4,3,Балаганский муниципальный район,Иркутская область
1146,2024Q4,1,Братский муниципальный район,Иркутская область
1147,2024Q4,4,Жигаловский муниципальный район,Иркутская область
1148,2024Q4,3,Заларинский муниципальный район,Иркутская область
1149,2024Q4,3,Зиминский муниципальный район,Иркутская область
1150,2024Q4,2,Иркутский муниципальный район,Иркутская область
1151,2024Q4,4,Казачинско-Ленский муниципальный район,Иркутская область
1152,2024Q4,4,Катангский муниципальный район,Иркутская область
1153,2024Q4,3,Качугский муниципальный район,Иркутская область
1154,2024Q4,4,Киренский муниципальный район,Иркутская область
1155,2024Q4,3,Куйтунский муниципальный район,Иркутская область
1157,2024Q4,1,Нижнеилимский муниципальный район,Иркутская область
1158,2024Q4,4,Нижнеудинский муниципальный район,Иркутская область
1159,2024Q4,3,Ольхонский муниципальный район,Иркутская область
1160,2024Q4,4,Слюдянский муниципальный район,Иркутская область
1161,2024Q4,4,Тайшетский муниципальный район,Иркутская область
1163,2024Q4,3,Усольский муниципальный район,Иркутская область
1164,2024Q4,4,Усть-Илимский муниципальный район,Иркутская область
1165,2024Q4,4,Усть-Кутский муниципальный район,Иркутская область
1166,2024Q4,3,Усть-Удинский муниципальный район,Иркутская область
1167,2024Q4,3,Черемховский муниципальный район,Иркутская область
1168,2024Q4,3,Чунский муниципальный район,Иркутская область
1169,2024Q4,2,Шелеховский муниципальный район,Иркутская область
1170,2024Q4,3,Аларский муниципальный район,Иркутская область
1171,2024Q4,3,Баяндаевский муниципальный район,Иркутская область
1172,2024Q4,3,Боханский муниципальный район,Иркутская область
1173,2024Q4,3,Нукутский муниципальный район,Иркутская область
1174,2024Q4,3,Осинский муниципальный район,Иркутская область
1175,2024Q4,3,Эхирит-Булагатский муниципальный район,Иркутская область
1176,2024Q4,2,городской округ город Калининград,Калининградская область
1178,2024Q4,1,городской округ Мамоновский,Калининградская область
1179,2024Q4,1,городской округ Пионерский,Калининградская область
1180,2024Q4,1,городской округ Светловский,Калининградская область
1181,2024Q4,1,городской округ Советский,Калининградская область
1182,2024Q4,1,городской округ Янтарный,Калининградская область
1184,2024Q4,1,городской округ Балтийский,Калининградская область
1185,2024Q4,1,муниципальный округ Гвардейский,Калининградская область
1186,2024Q4,2,муниципальный округ Гурьевский,Калининградская область
1187,2024Q4,1,городской округ Гусевский,Калининградская область
1188,2024Q4,2,муниципальный округ Зеленоградский,Калининградская область
1189,2024Q4,3,муниципальный округ Краснознаменский,Калининградская область
1190,2024Q4,2,городской округ Светлогорский,Калининградская область
1191,2024Q4,3,муниципальный округ Неманский,Калининградская область
1192,2024Q4,3,муниципальный округ Нестеровский,Калининградская область
1193,2024Q4,3,муниципальный округ Озерский,Калининградская область
1194,2024Q4,5,муниципальный округ Полесский,Калининградская область
1195,2024Q4,0,муниципальный округ Правдинский,Калининградская область
1196,2024Q4,0,муниципальный округ Славский,Калининградская область
1197,2024Q4,1,муниципальный округ Черняховский,Калининградская область
1198,2024Q4,2,городской округ город Калуга,Калужская область
1200,2024Q4,1,Бабынинский муниципальный район,Калужская область
1201,2024Q4,0,Барятинский муниципальный район,Калужская область
1203,2024Q4,1,Дзержинский муниципальный район,Калужская область
1204,2024Q4,0,Думиничский муниципальный район,Калужская область
1205,2024Q4,0,Жиздринский муниципальный район,Калужская область
1206,2024Q4,1,Жуковский муниципальный район,Калужская область
1207,2024Q4,1,Кировский муниципальный район,Калужская область
1208,2024Q4,0,Износковский муниципальный район,Калужская область
1209,2024Q4,1,Козельский муниципальный район,Калужская область
1210,2024Q4,0,Куйбышевский муниципальный район,Калужская область
1211,2024Q4,1,Людиновский муниципальный район,Калужская область
1212,2024Q4,2,Малоярославецкий муниципальный район,Калужская область
1213,2024Q4,1,Медынский муниципальный район,Калужская область
1214,2024Q4,0,Мещовский муниципальный район,Калужская область
1215,2024Q4,0,Мосальский муниципальный район,Калужская область
1216,2024Q4,0,Перемышльский муниципальный район,Калужская область
1217,2024Q4,0,Спас-Деменский муниципальный район,Калужская область
1218,2024Q4,0,Сухиничский муниципальный район,Калужская область
1219,2024Q4,1,Тарусский муниципальный район,Калужская область
1220,2024Q4,0,Ульяновский муниципальный район,Калужская область
1221,2024Q4,1,Ферзиковский муниципальный район,Калужская область
1222,2024Q4,0,Хвастовичский муниципальный район,Калужская область
1223,2024Q4,0,Юхновский муниципальный район,Калужская область
1224,2024Q4,2,городской округ Кемеровский,Кемеровская область
1225,2024Q4,2,городской округ Анжеро-Судженский,Кемеровская область
1226,2024Q4,2,городской округ Беловский,Кемеровская область
1227,2024Q4,1,городской округ Березовский,Кемеровская область
1228,2024Q4,1,городской округ Калтанский,Кемеровская область
1229,2024Q4,2,городской округ Киселевский,Кемеровская область
1230,2024Q4,2,городской округ Ленинск-Кузнецкий,Кемеровская область
1231,2024Q4,2,городской округ Междуреченский,Кемеровская область
1232,2024Q4,1,городской округ Мысковский,Кемеровская область
1233,2024Q4,2,городской округ Новокузнецкий,Кемеровская область
1234,2024Q4,2,городской округ Осинниковский,Кемеровская область
1235,2024Q4,2,городской округ Полысаевский,Кемеровская область
1236,2024Q4,2,городской округ Прокопьевский,Кемеровская область
1237,2024Q4,1,городской округ Тайгинский,Кемеровская область
1238,2024Q4,2,городской округ Юргинский,Кемеровская область
1240,2024Q4,4,Беловский муниципальный округ,Кемеровская область
1241,2024Q4,1,Гурьевский муниципальный округ,Кемеровская область
1242,2024Q4,0,Ижморский муниципальный округ,Кемеровская область
1243,2024Q4,2,Кемеровский муниципальный округ,Кемеровская область
1244,2024Q4,0,Крапивинский муниципальный округ,Кемеровская область
1246,2024Q4,3,Мариинский муниципальный округ,Кемеровская область
1249,2024Q4,3,Промышленновский муниципальный округ,Кемеровская область
1250,2024Q4,2,Таштагольский муниципальный район,Кемеровская область
1251,2024Q4,0,Тисульский муниципальный округ,Кемеровская область
1252,2024Q4,1,Топкинский муниципальный округ,Кемеровская область
1253,2024Q4,0,Тяжинский муниципальный округ,Кемеровская область
1254,2024Q4,3,Чебулинский муниципальный округ,Кемеровская область
1256,2024Q4,1,Яйский муниципальный округ,Кемеровская область
1257,2024Q4,1,Яшкинский муниципальный округ,Кемеровская область
1258,2024Q4,2,городской округ город Киров,Кировская область
1259,2024Q4,1,городской округ город Вятские Поляны,Кировская область
1260,2024Q4,2,городской округ город Кирово-Чепецк,Кировская область
1261,2024Q4,1,городской округ город Котельнич,Кировская область
1262,2024Q4,1,городской округ город Слободской,Кировская область
1264,2024Q4,0,муниципальный округ Арбажский,Кировская область
1265,2024Q4,0,муниципальный округ Афанасьевский,Кировская область
1266,2024Q4,0,Белохолуницкий муниципальный район,Кировская область
1267,2024Q4,0,муниципальный округ Богородский,Кировская область
1268,2024Q4,0,муниципальный округ Верхнекамский,Кировская область
1269,2024Q4,0,Верхошижемский муниципальный район,Кировская область
1270,2024Q4,1,Вятскополянский муниципальный район,Кировская область
1271,2024Q4,0,Даровской муниципальный район,Кировская область
1272,2024Q4,0,Зуевский муниципальный район,Кировская область
1273,2024Q4,0,муниципальный округ Кикнурский,Кировская область
1274,2024Q4,0,Кильмезский муниципальный район,Кировская область
1275,2024Q4,3,Кирово-Чепецкий муниципальный район,Кировская область
1276,2024Q4,0,Котельничский муниципальный район,Кировская область
1277,2024Q4,1,Куменский муниципальный район,Кировская область
1278,2024Q4,0,муниципальный округ Лебяжский,Кировская область
1279,2024Q4,0,муниципальный округ Лузский,Кировская область
1280,2024Q4,0,Малмыжский муниципальный район,Кировская область
1281,2024Q4,1,муниципальный округ Мурашинский,Кировская область
1282,2024Q4,0,Нагорский муниципальный район,Кировская область
1284,2024Q4,0,Нолинский муниципальный район,Кировская область
1285,2024Q4,1,Омутнинский муниципальный район,Кировская область
1286,2024Q4,0,муниципальный округ Опаринский,Кировская область
1287,2024Q4,1,Оричевский муниципальный район,Кировская область
1288,2024Q4,0,Орловский муниципальный район,Кировская область
1289,2024Q4,0,муниципальный округ Пижанский,Кировская область
1290,2024Q4,0,Подосиновский муниципальный район,Кировская область
1291,2024Q4,0,муниципальный округ Санчурский,Кировская область
1292,2024Q4,0,муниципальный округ Свечинский,Кировская область
1293,2024Q4,1,Слободской муниципальный район,Кировская область
1294,2024Q4,1,Советский муниципальный район,Кировская область
1295,2024Q4,0,Сунский муниципальный район,Кировская область
1296,2024Q4,0,Тужинский муниципальный район,Кировская область
1297,2024Q4,0,муниципальный округ Унинский,Кировская область
1298,2024Q4,0,Уржумский муниципальный район,Кировская область
1299,2024Q4,0,муниципальный округ Фаленский,Кировская область
1300,2024Q4,0,Шабалинский муниципальный район,Кировская область
1301,2024Q4,1,Юрьянский муниципальный район,Кировская область
1302,2024Q4,1,Яранский муниципальный район,Кировская область
1303,2024Q4,2,городской округ город Кострома,Костромская область
1304,2024Q4,1,городской округ город Буй,Костромская область
1305,2024Q4,1,городской округ город Волгореченск,Костромская область
1306,2024Q4,1,городской округ город Галич,Костромская область
1308,2024Q4,1,городской округ город Шарья,Костромская область
1309,2024Q4,0,Антроповский муниципальный район,Костромская область
1310,2024Q4,0,Буйский муниципальный район,Костромская область
1311,2024Q4,0,Вохомский муниципальный район,Костромская область
1312,2024Q4,0,Галичский муниципальный район,Костромская область
1313,2024Q4,0,Кадыйский муниципальный район,Костромская область
1314,2024Q4,0,Кологривский муниципальный округ,Костромская область
1315,2024Q4,2,Костромской муниципальный район,Костромская область
1316,2024Q4,1,Красносельский муниципальный район,Костромская область
1317,2024Q4,0,Макарьевский муниципальный район,Костромская область
1319,2024Q4,0,Межевской муниципальный округ,Костромская область
1320,2024Q4,0,Нейский муниципальный округ,Костромская область
1321,2024Q4,1,муниципальный район город Нерехта и Нерехтский район,Костромская область
1322,2024Q4,0,Октябрьский муниципальный район,Костромская область
1323,2024Q4,0,Островский муниципальный округ,Костромская область
1324,2024Q4,0,Павинский муниципальный округ,Костромская область
1325,2024Q4,0,Парфеньевский муниципальный округ,Костромская область
1326,2024Q4,0,Поназыревский муниципальный округ,Костромская область
1327,2024Q4,0,Пыщугский муниципальный округ,Костромская область
1328,2024Q4,0,Солигаличский муниципальный округ,Костромская область
1329,2024Q4,0,Судиславский муниципальный район,Костромская область
1330,2024Q4,0,Сусанинский муниципальный район,Костромская область
1331,2024Q4,0,Чухломский муниципальный район,Костромская область
1332,2024Q4,0,Шарьинский муниципальный район,Костромская область
1333,2024Q4,2,городской округ город Курган,Курганская область
1334,2024Q4,1,городской округ город Шадринск,Курганская область
1335,2024Q4,0,Альменевский муниципальный округ,Курганская область
1336,2024Q4,0,Белозерский муниципальный округ,Курганская область
1337,2024Q4,0,Варгашинский муниципальный округ,Курганская область
1338,2024Q4,0,Далматовский муниципальный округ,Курганская область
1339,2024Q4,0,Звериноголовский муниципальный округ,Курганская область
1340,2024Q4,0,Каргапольский муниципальный округ,Курганская область
1341,2024Q4,0,Катайский муниципальный округ,Курганская область
1342,2024Q4,3,Кетовский муниципальный округ,Курганская область
1343,2024Q4,0,Куртамышский муниципальный округ,Курганская область
1344,2024Q4,0,Лебяжьевский муниципальный округ,Курганская область
1345,2024Q4,0,муниципальный округ Макушинский,Курганская область
1346,2024Q4,0,Мишкинский муниципальный округ,Курганская область
1347,2024Q4,0,Мокроусовский муниципальный округ,Курганская область
1348,2024Q4,0,Петуховский муниципальный округ,Курганская область
1349,2024Q4,0,Половинский муниципальный округ,Курганская область
1350,2024Q4,0,Притобольный муниципальный округ,Курганская область
1351,2024Q4,0,Сафакулевский муниципальный округ,Курганская область
1352,2024Q4,0,Целинный муниципальный округ,Курганская область
1353,2024Q4,0,Частоозерский муниципальный округ,Курганская область
1354,2024Q4,0,Шадринский муниципальный округ,Курганская область
1355,2024Q4,0,Шатровский муниципальный округ,Курганская область
1356,2024Q4,0,муниципальный округ Шумихинский,Курганская область
1357,2024Q4,0,Щучанский муниципальный округ,Курганская область
1358,2024Q4,0,Юргамышский муниципальный округ,Курганская область
1392,2024Q4,1,Бокситогорский муниципальный район,Ленинградская область
1393,2024Q4,1,Волосовский муниципальный район,Ленинградская область
1394,2024Q4,1,Волховский муниципальный район,Ленинградская область
1395,2024Q4,2,Всеволожский муниципальный район,Ленинградская область
1396,2024Q4,2,Выборгский муниципальный район,Ленинградская область
1397,2024Q4,2,Гатчинский муниципальный район,Ленинградская область
1398,2024Q4,2,Кингисеппский муниципальный район,Ленинградская область
1399,2024Q4,1,Киришский муниципальный район,Ленинградская область
1400,2024Q4,2,Кировский муниципальный район,Ленинградская область
1401,2024Q4,1,Лодейнопольский муниципальный район,Ленинградская область
1402,2024Q4,2,Ломоносовский муниципальный район,Ленинградская область
1403,2024Q4,2,Лужский муниципальный район,Ленинградская область
1404,2024Q4,1,Подпорожский муниципальный район,Ленинградская область
1405,2024Q4,1,Приозерский муниципальный район,Ленинградская область
1406,2024Q4,1,Сланцевский муниципальный район,Ленинградская область
1407,2024Q4,1,Тихвинский муниципальный район,Ленинградская область
1408,2024Q4,2,Тосненский муниципальный район,Ленинградская область
1409,2024Q4,2,городской округ Сосновоборский,Ленинградская область
1410,2024Q4,2,городской округ город Липецк,Липецкая область
1411,2024Q4,2,городской округ город Елец,Липецкая область
1412,2024Q4,0,Воловский муниципальный район,Липецкая область
1413,2024Q4,1,Грязинский муниципальный район,Липецкая область
1414,2024Q4,1,Данковский муниципальный район,Липецкая область
1415,2024Q4,0,Добринский муниципальный район,Липецкая область
1416,2024Q4,0,Добровский муниципальный район,Липецкая область
1417,2024Q4,0,Долгоруковский муниципальный район,Липецкая область
1419,2024Q4,0,Задонский муниципальный район,Липецкая область
1420,2024Q4,0,Измалковский муниципальный район,Липецкая область
1421,2024Q4,0,Краснинский муниципальный район,Липецкая область
1422,2024Q4,1,Лебедянский муниципальный район,Липецкая область
1423,2024Q4,0,Лев-Толстовский муниципальный район,Липецкая область
1425,2024Q4,0,Становлянский муниципальный район,Липецкая область
1426,2024Q4,0,Тербунский муниципальный район,Липецкая область
1427,2024Q4,1,Усманский муниципальный район,Липецкая область
1428,2024Q4,0,Хлевенский муниципальный район,Липецкая область
1429,2024Q4,0,Чаплыгинский муниципальный район,Липецкая область
1430,2024Q4,4,городской округ город Магадан,Магаданская область
1431,2024Q4,4,муниципальный округ Ольский,Магаданская область
1438,2024Q4,4,муниципальный округ Ягоднинский,Магаданская область
1439,2024Q4,2,городской округ Балашиха,Московская область
1440,2024Q4,2,городской округ Бронницы,Московская область
1443,2024Q4,2,городской округ Дзержинский,Московская область
1444,2024Q4,2,городской округ Долгопрудный,Московская область
1445,2024Q4,2,городской округ Домодедово,Московская область
1446,2024Q4,2,городской округ Дубна,Московская область
1447,2024Q4,2,городской округ Егорьевск,Московская область
1448,2024Q4,2,городской округ Жуковский,Московская область
1449,2024Q4,1,городской округ Зарайск,Московская область
1453,2024Q4,2,городской округ Истра,Московская область
1454,2024Q4,2,городской округ Кашира,Московская область
1456,2024Q4,2,городской округ Королёв,Московская область
1457,2024Q4,2,городской округ Котельники,Московская область
1459,2024Q4,2,городской округ Красногорск,Московская область
1461,2024Q4,2,городской округ Лобня,Московская область
1463,2024Q4,2,городской округ Луховицы,Московская область
1464,2024Q4,2,городской округ Лыткарино,Московская область
1465,2024Q4,2,городской округ Люберцы,Московская область
1467,2024Q4,2,городской округ Мытищи,Московская область
1468,2024Q4,2,городской округ Наро-Фоминский,Московская область
1472,2024Q4,2,городской округ Подольск,Московская область
1473,2024Q4,1,городской округ Протвино,Московская область
1474,2024Q4,1,городской округ Пущино,Московская область
1475,2024Q4,2,городской округ Реутов,Московская область
1477,2024Q4,2,городской округ Рузский,Московская область
1478,2024Q4,1,городской округ Серебряные Пруды,Московская область
1480,2024Q4,2,городской округ Ступино,Московская область
1481,2024Q4,2,городской округ Фрязино,Московская область
1483,2024Q4,1,городской округ Черноголовка,Московская область
1484,2024Q4,2,городской округ Чехов,Московская область
1486,2024Q4,1,городской округ Шаховская,Московская область
1488,2024Q4,2,городской округ Электросталь,Московская область
1489,2024Q4,2,городской округ Волоколамский,Московская область
1490,2024Q4,2,городской округ Воскресенск,Московская область
1491,2024Q4,2,городской округ Дмитровский,Московская область
1492,2024Q4,2,городской округ Клин,Московская область
1493,2024Q4,2,городской округ Ленинский,Московская область
1494,2024Q4,1,городской округ Лотошино,Московская область
1495,2024Q4,2,городской округ Можайский,Московская область
1496,2024Q4,2,городской округ Богородский,Московская область
1500,2024Q4,2,городской округ Раменский,Московская область
1501,2024Q4,2,городской округ Сергиево-Посадский,Московская область
1504,2024Q4,1,городской округ Талдомский,Московская область
1506,2024Q4,2,городской округ город Мурманск,Мурманская область
1507,2024Q4,2,муниципальный округ город Апатиты,Мурманская область
1508,2024Q4,4,муниципальный округ город Кировск,Мурманская область
1509,2024Q4,1,муниципальный округ город Мончегорск,Мурманская область
1510,2024Q4,1,муниципальный округ город Оленегорск,Мурманская область
1511,2024Q4,1,муниципальный округ город Полярные Зори,Мурманская область
1512,2024Q4,1,Ковдорский муниципальный округ,Мурманская область
1518,2024Q4,1,Кандалакшский муниципальный район,Мурманская область
1519,2024Q4,4,Кольский муниципальный район,Мурманская область
1520,2024Q4,1,Ловозерский муниципальный район,Мурманская область
1521,2024Q4,4,Печенгский муниципальный округ,Мурманская область
1522,2024Q4,1,Терский муниципальный район,Мурманская область
1523,2024Q4,2,городской округ город Нижний Новгород,Нижегородская область
1525,2024Q4,2,городской округ город Бор,Нижегородская область
1526,2024Q4,2,городской округ город Выкса,Нижегородская область
1527,2024Q4,2,городской округ город Дзержинск,Нижегородская область
1528,2024Q4,1,городской округ город Кулебаки,Нижегородская область
1529,2024Q4,1,городской округ Навашинский,Нижегородская область
1530,2024Q4,0,городской округ Перевозский,Нижегородская область
1532,2024Q4,1,городской округ Семеновский,Нижегородская область
1533,2024Q4,1,городской округ город Шахунья,Нижегородская область
1534,2024Q4,0,городской округ город Первомайск,Нижегородская область
1535,2024Q4,1,городской округ Сокольский,Нижегородская область
1536,2024Q4,1,городской округ город Чкаловск,Нижегородская область
1537,2024Q4,0,Ардатовский муниципальный округ,Нижегородская область
1539,2024Q4,2,Балахнинский муниципальный округ,Нижегородская область
1540,2024Q4,2,Богородский муниципальный округ,Нижегородская область
1541,2024Q4,0,Большеболдинский муниципальный округ,Нижегородская область
1542,2024Q4,0,Большемурашкинский муниципальный округ,Нижегородская область
1543,2024Q4,0,Бутурлинский муниципальный округ,Нижегородская область
1544,2024Q4,0,Вадский муниципальный округ,Нижегородская область
1545,2024Q4,0,Варнавинский муниципальный округ,Нижегородская область
1546,2024Q4,0,Вачский муниципальный округ,Нижегородская область
1547,2024Q4,0,Ветлужский муниципальный округ,Нижегородская область
1548,2024Q4,0,Вознесенский муниципальный округ,Нижегородская область
1549,2024Q4,1,Володарский муниципальный округ,Нижегородская область
1550,2024Q4,0,городской округ Воротынский,Нижегородская область
1551,2024Q4,0,Воскресенский муниципальный округ,Нижегородская область
1552,2024Q4,0,Гагинский муниципальный округ,Нижегородская область
1553,2024Q4,1,Городецкий муниципальный округ,Нижегородская область
1554,2024Q4,0,Дальнеконстантиновский муниципальный округ,Нижегородская область
1555,2024Q4,0,Дивеевский муниципальный округ,Нижегородская область
1556,2024Q4,1,Княгининский муниципальный округ,Нижегородская область
1557,2024Q4,0,Ковернинский муниципальный округ,Нижегородская область
1558,2024Q4,0,Краснобаковский муниципальный округ,Нижегородская область
1559,2024Q4,0,Краснооктябрьский муниципальный округ,Нижегородская область
1560,2024Q4,2,Кстовский муниципальный округ,Нижегородская область
1561,2024Q4,0,Лукояновский муниципальный округ,Нижегородская область
1562,2024Q4,1,Лысковский муниципальный округ,Нижегородская область
1563,2024Q4,2,Павловский муниципальный округ,Нижегородская область
1564,2024Q4,0,Пильнинский муниципальный округ,Нижегородская область
1565,2024Q4,0,Починковский муниципальный округ,Нижегородская область
1566,2024Q4,0,Сергачский муниципальный округ,Нижегородская область
1567,2024Q4,0,Сеченовский муниципальный округ,Нижегородская область
1568,2024Q4,1,Сосновский муниципальный округ,Нижегородская область
1569,2024Q4,0,Спасский муниципальный округ,Нижегородская область
1570,2024Q4,0,Тонкинский муниципальный округ,Нижегородская область
1571,2024Q4,0,Тоншаевский муниципальный округ,Нижегородская область
1572,2024Q4,3,Уренский муниципальный округ,Нижегородская область
1573,2024Q4,0,Шарангский муниципальный округ,Нижегородская область
1574,2024Q4,0,Шатковский муниципальный округ,Нижегородская область
1575,2024Q4,2,городской округ Великий Новгород,Новгородская область
1577,2024Q4,1,Боровичский муниципальный район,Новгородская область
1578,2024Q4,1,Валдайский муниципальный район,Новгородская область
1579,2024Q4,0,муниципальный округ Волотовский,Новгородская область
1580,2024Q4,0,муниципальный округ Демянский,Новгородская область
1581,2024Q4,1,муниципальный округ Крестецкий,Новгородская область
1582,2024Q4,0,Любытинский муниципальный район,Новгородская область
1583,2024Q4,1,Маловишерский муниципальный район,Новгородская область
1584,2024Q4,0,муниципальный округ Марёвский,Новгородская область
1585,2024Q4,0,муниципальный округ Мошенской,Новгородская область
1586,2024Q4,2,Новгородский муниципальный район,Новгородская область
1587,2024Q4,1,Окуловский муниципальный район,Новгородская область
1588,2024Q4,1,Парфинский муниципальный район,Новгородская область
1589,2024Q4,1,муниципальный округ Пестовский,Новгородская область
1590,2024Q4,0,Поддорский муниципальный район,Новгородская область
1591,2024Q4,0,муниципальный округ Солецкий,Новгородская область
1592,2024Q4,1,Старорусский муниципальный район,Новгородская область
1593,2024Q4,0,муниципальный округ Хвойнинский,Новгородская область
1594,2024Q4,0,Холмский муниципальный район,Новгородская область
1595,2024Q4,1,Чудовский муниципальный район,Новгородская область
1596,2024Q4,0,Шимский муниципальный район,Новгородская область
1597,2024Q4,2,городской округ город Новосибирск,Новосибирская область
1598,2024Q4,2,городской округ город Бердск,Новосибирская область
1599,2024Q4,2,городской округ город Искитим,Новосибирская область
1600,2024Q4,2,городской округ город Обь,Новосибирская область
1601,2024Q4,2,городской округ рабочий поселок Кольцово,Новосибирская область
1602,2024Q4,3,Баганский муниципальный район,Новосибирская область
1603,2024Q4,3,Барабинский муниципальный район,Новосибирская область
1604,2024Q4,3,Болотнинский муниципальный район,Новосибирская область
1605,2024Q4,0,Венгеровский муниципальный район,Новосибирская область
1606,2024Q4,0,Доволенский муниципальный район,Новосибирская область
1607,2024Q4,0,Здвинский муниципальный район,Новосибирская область
1608,2024Q4,1,Искитимский муниципальный район,Новосибирская область
1609,2024Q4,3,Карасукский муниципальный район,Новосибирская область
1610,2024Q4,0,Каргатский муниципальный район,Новосибирская область
1611,2024Q4,0,Колыванский муниципальный район,Новосибирская область
1612,2024Q4,3,Коченевский муниципальный район,Новосибирская область
1613,2024Q4,0,Кочковский муниципальный район,Новосибирская область
1614,2024Q4,0,Краснозерский муниципальный район,Новосибирская область
1615,2024Q4,1,Куйбышевский муниципальный район,Новосибирская область
1616,2024Q4,0,Купинский муниципальный район,Новосибирская область
1617,2024Q4,0,Кыштовский муниципальный район,Новосибирская область
1618,2024Q4,3,Маслянинский муниципальный район,Новосибирская область
1619,2024Q4,3,Мошковский муниципальный район,Новосибирская область
1620,2024Q4,2,Новосибирский муниципальный район,Новосибирская область
1621,2024Q4,0,Ордынский муниципальный район,Новосибирская область
1622,2024Q4,0,Северный муниципальный район,Новосибирская область
1623,2024Q4,3,Сузунский муниципальный район,Новосибирская область
1624,2024Q4,1,Татарский муниципальный район,Новосибирская область
1625,2024Q4,3,Тогучинский муниципальный район,Новосибирская область
1626,2024Q4,0,Убинский муниципальный район,Новосибирская область
1627,2024Q4,0,Усть-Таркский муниципальный район,Новосибирская область
1628,2024Q4,3,Чановский муниципальный район,Новосибирская область
1629,2024Q4,1,Черепановский муниципальный район,Новосибирская область
1630,2024Q4,0,Чистоозерный муниципальный район,Новосибирская область
1631,2024Q4,3,Чулымский муниципальный район,Новосибирская область
1632,2024Q4,2,городской округ город Омск,Омская область
1633,2024Q4,3,Азовский немецкий национальный муниципальный район,Омская область
1634,2024Q4,0,Большереченский муниципальный район,Омская область
1635,2024Q4,0,Большеуковский муниципальный район,Омская область
1636,2024Q4,0,Горьковский муниципальный район,Омская область
1637,2024Q4,0,Знаменский муниципальный район,Омская область
1638,2024Q4,3,Исилькульский муниципальный район,Омская область
1639,2024Q4,1,Калачинский муниципальный район,Омская область
1640,2024Q4,0,Колосовский муниципальный район,Омская область
1641,2024Q4,0,Кормиловский муниципальный район,Омская область
1642,2024Q4,0,Крутинский муниципальный район,Омская область
1643,2024Q4,1,Любинский муниципальный район,Омская область
1644,2024Q4,0,Марьяновский муниципальный район,Омская область
1645,2024Q4,3,Москаленский муниципальный район,Омская область
1646,2024Q4,0,Муромцевский муниципальный район,Омская область
1647,2024Q4,0,Называевский муниципальный район,Омская область
1648,2024Q4,0,Нижнеомский муниципальный район,Омская область
1649,2024Q4,0,Нововаршавский муниципальный район,Омская область
1650,2024Q4,3,Одесский муниципальный район,Омская область
1651,2024Q4,0,Оконешниковский муниципальный район,Омская область
1652,2024Q4,2,Омский муниципальный район,Омская область
1653,2024Q4,0,Павлоградский муниципальный район,Омская область
1654,2024Q4,3,Полтавский муниципальный район,Омская область
1655,2024Q4,0,Русско-Полянский муниципальный район,Омская область
1656,2024Q4,0,Саргатский муниципальный район,Омская область
1657,2024Q4,0,Седельниковский муниципальный район,Омская область
1658,2024Q4,1,Таврический муниципальный район,Омская область
1659,2024Q4,3,Тарский муниципальный район,Омская область
1660,2024Q4,0,Тевризский муниципальный район,Омская область
1661,2024Q4,0,Тюкалинский муниципальный район,Омская область
1662,2024Q4,3,Усть-Ишимский муниципальный район,Омская область
1663,2024Q4,0,Черлакский муниципальный район,Омская область
1664,2024Q4,0,Шербакульский муниципальный район,Омская область
1665,2024Q4,2,городской округ город Оренбург,Оренбургская область
1666,2024Q4,0,городской округ Абдулинский,Оренбургская область
1667,2024Q4,2,городской округ город Бугуруслан,Оренбургская область
1668,2024Q4,2,городской округ город Бузулук,Оренбургская область
1669,2024Q4,1,городской округ Гайский,Оренбургская область
1670,2024Q4,1,городской округ Кувандыкский,Оренбургская область
1671,2024Q4,1,городской округ город Медногорск,Оренбургская область
1672,2024Q4,1,городской округ город Новотроицк,Оренбургская область
1673,2024Q4,2,городской округ город Орск,Оренбургская область
1674,2024Q4,3,городской округ Соль-Илецкий,Оренбургская область
1675,2024Q4,1,городской округ Сорочинский,Оренбургская область
1676,2024Q4,1,городской округ Ясненский,Оренбургская область
1678,2024Q4,0,Адамовский муниципальный район,Оренбургская область
1679,2024Q4,3,Акбулакский муниципальный район,Оренбургская область
1680,2024Q4,0,Александровский муниципальный район,Оренбургская область
1681,2024Q4,0,Асекеевский муниципальный район,Оренбургская область
1682,2024Q4,0,Беляевский муниципальный район,Оренбургская область
1683,2024Q4,5,Бугурусланский муниципальный район,Оренбургская область
1685,2024Q4,0,Грачёвский муниципальный район,Оренбургская область
1686,2024Q4,3,Домбаровский муниципальный район,Оренбургская область
1687,2024Q4,3,Илекский муниципальный район,Оренбургская область
1688,2024Q4,0,Кваркенский муниципальный район,Оренбургская область
1689,2024Q4,0,Красногвардейский муниципальный район,Оренбургская область
1690,2024Q4,0,Курманаевский муниципальный район,Оренбургская область
1691,2024Q4,0,Матвеевский муниципальный район,Оренбургская область
1692,2024Q4,1,Новоорский муниципальный район,Оренбургская область
1693,2024Q4,0,Новосергиевский муниципальный район,Оренбургская область
1694,2024Q4,0,Октябрьский муниципальный район,Оренбургская область
1696,2024Q4,0,Первомайский муниципальный район,Оренбургская область
1697,2024Q4,0,Переволоцкий муниципальный район,Оренбургская область
1698,2024Q4,0,Пономарёвский муниципальный район,Оренбургская область
1699,2024Q4,0,Сакмарский муниципальный район,Оренбургская область
1700,2024Q4,3,Саракташский муниципальный район,Оренбургская область
1701,2024Q4,0,Светлинский муниципальный район,Оренбургская область
1702,2024Q4,0,Северный муниципальный район,Оренбургская область
1703,2024Q4,3,Ташлинский муниципальный район,Оренбургская область
1704,2024Q4,3,Тоцкий муниципальный район,Оренбургская область
1705,2024Q4,0,Тюльганский муниципальный район,Оренбургская область
1706,2024Q4,0,Шарлыкский муниципальный район,Оренбургская область
1707,2024Q4,2,городской округ город Орёл,Орловская область
1708,2024Q4,1,городской округ город Ливны,Орловская область
1709,2024Q4,1,городской округ город Мценск,Орловская область
1710,2024Q4,0,Болховский муниципальный район,Орловская область
1711,2024Q4,1,Верховский муниципальный район,Орловская область
1712,2024Q4,0,Глазуновский муниципальный район,Орловская область
1714,2024Q4,0,Должанский муниципальный район,Орловская область
1715,2024Q4,0,Залегощенский муниципальный район,Орловская область
1717,2024Q4,0,Колпнянский муниципальный район,Орловская область
1718,2024Q4,0,Краснозоренский муниципальный район,Орловская область
1719,2024Q4,1,Кромской муниципальный район,Орловская область
1722,2024Q4,0,Малоархангельский муниципальный район,Орловская область
1724,2024Q4,0,Новодеревеньковский муниципальный район,Орловская область
1725,2024Q4,0,Новосильский муниципальный район,Орловская область
1726,2024Q4,2,муниципальный округ Орловский,Орловская область
1727,2024Q4,0,Покровский муниципальный район,Орловская область
1728,2024Q4,0,Свердловский муниципальный район,Орловская область
1730,2024Q4,0,Троснянский муниципальный район,Орловская область
1731,2024Q4,1,Урицкий муниципальный район,Орловская область
1732,2024Q4,0,Хотынецкий муниципальный район,Орловская область
1733,2024Q4,0,Шаблыкинский муниципальный район,Орловская область
1737,2024Q4,0,Башмаковский муниципальный район,Пензенская область
1738,2024Q4,0,Бековский муниципальный район,Пензенская область
1739,2024Q4,0,Белинский муниципальный район,Пензенская область
1740,2024Q4,5,Бессоновский муниципальный район,Пензенская область
1741,2024Q4,0,Вадинский муниципальный район,Пензенская область
1742,2024Q4,5,Городищенский муниципальный район,Пензенская область
1743,2024Q4,0,Земетчинский муниципальный район,Пензенская область
1744,2024Q4,0,Иссинский муниципальный район,Пензенская область
1745,2024Q4,0,Каменский муниципальный район,Пензенская область
1746,2024Q4,0,Камешкирский муниципальный район,Пензенская область
1747,2024Q4,0,Колышлейский муниципальный район,Пензенская область
1749,2024Q4,0,Лопатинский муниципальный район,Пензенская область
1750,2024Q4,0,Лунинский муниципальный район,Пензенская область
1751,2024Q4,0,Малосердобинский муниципальный район,Пензенская область
1752,2024Q4,0,Мокшанский муниципальный район,Пензенская область
1753,2024Q4,0,Наровчатский муниципальный район,Пензенская область
1754,2024Q4,0,Неверкинский муниципальный район,Пензенская область
1755,2024Q4,1,Нижнеломовский муниципальный район,Пензенская область
1756,2024Q4,0,Никольский муниципальный район,Пензенская область
1757,2024Q4,0,Пачелмский муниципальный район,Пензенская область
1758,2024Q4,2,Пензенский муниципальный район,Пензенская область
1759,2024Q4,1,Сердобский муниципальный район,Пензенская область
1760,2024Q4,0,Сосновоборский муниципальный район,Пензенская область
1761,2024Q4,0,Спасский муниципальный район,Пензенская область
1762,2024Q4,0,Тамалинский муниципальный район,Пензенская область
1764,2024Q4,2,городской округ город Псков,Псковская область
1765,2024Q4,2,городской округ город Великие Луки,Псковская область
1766,2024Q4,0,Бежаницкий муниципальный район,Псковская область
1768,2024Q4,1,Гдовский муниципальный район,Псковская область
1769,2024Q4,0,Дедовичский муниципальный район,Псковская область
1770,2024Q4,1,Дновский муниципальный район,Псковская область
1771,2024Q4,0,муниципальный округ Красногородский,Псковская область
1773,2024Q4,0,муниципальный округ Локнянский,Псковская область
1774,2024Q4,0,муниципальный округ Невельский,Псковская область
1775,2024Q4,0,муниципальный округ Новоржевский,Псковская область
1776,2024Q4,1,Новосокольнический муниципальный район,Псковская область
1777,2024Q4,0,муниципальный округ Опочецкий,Псковская область
1778,2024Q4,1,Островский муниципальный район,Псковская область
1780,2024Q4,1,муниципальный округ Печорский,Псковская область
1781,2024Q4,0,Плюсский муниципальный район,Псковская область
1782,2024Q4,1,Порховский муниципальный район,Псковская область
1783,2024Q4,2,Псковский муниципальный район,Псковская область
1784,2024Q4,0,Пустошкинский муниципальный район,Псковская область
1785,2024Q4,0,Пушкиногорский муниципальный район,Псковская область
1786,2024Q4,1,муниципальный округ Пыталовский,Псковская область
1787,2024Q4,0,Себежский муниципальный район,Псковская область
1788,2024Q4,1,муниципальный округ Струго-Красненский,Псковская область
1789,2024Q4,0,Усвятский муниципальный район,Псковская область
1845,2024Q4,2,городской округ город Рязань,Рязанская область
1846,2024Q4,1,городской округ город Касимов,Рязанская область
1848,2024Q4,0,городской округ город Скопин,Рязанская область
1849,2024Q4,0,Ермишинский муниципальный район,Рязанская область
1850,2024Q4,0,Захаровский муниципальный район,Рязанская область
1851,2024Q4,0,Кадомский муниципальный район,Рязанская область
1852,2024Q4,0,Касимовский муниципальный район,Рязанская область
1853,2024Q4,0,Клепиковский муниципальный район,Рязанская область
1854,2024Q4,0,Кораблинский муниципальный район,Рязанская область
1855,2024Q4,0,Милославский муниципальный район,Рязанская область
1856,2024Q4,0,Михайловский муниципальный район,Рязанская область
1857,2024Q4,0,Александро-Невский муниципальный район,Рязанская область
1858,2024Q4,0,Пителинский муниципальный район,Рязанская область
1859,2024Q4,1,Пронский муниципальный район,Рязанская область
1860,2024Q4,0,Путятинский муниципальный округ,Рязанская область
1861,2024Q4,1,Рыбновский муниципальный район,Рязанская область
1862,2024Q4,0,Ряжский муниципальный округ,Рязанская область
1863,2024Q4,2,Рязанский муниципальный район,Рязанская область
1864,2024Q4,0,Сапожковский муниципальный район,Рязанская область
1865,2024Q4,0,Сараевский муниципальный район,Рязанская область
1868,2024Q4,0,Спасский муниципальный район,Рязанская область
1869,2024Q4,0,Старожиловский муниципальный район,Рязанская область
1870,2024Q4,0,Ухоловский муниципальный район,Рязанская область
1871,2024Q4,0,Чучковский муниципальный район,Рязанская область
1872,2024Q4,0,Шацкий муниципальный район,Рязанская область
1873,2024Q4,0,Шиловский муниципальный район,Рязанская область
1874,2024Q4,2,городской округ Самара,Самарская область
1875,2024Q4,2,городской округ Жигулевск,Самарская область
1876,2024Q4,2,городской округ Кинель,Самарская область
1877,2024Q4,2,городской округ Новокуйбышевск,Самарская область
1878,2024Q4,1,городской округ Октябрьск,Самарская область
1879,2024Q4,2,городской округ Отрадный,Самарская область
1880,2024Q4,1,городской округ Похвистнево,Самарская область
1881,2024Q4,2,городской округ Сызрань,Самарская область
1883,2024Q4,2,городской округ Чапаевск,Самарская область
1884,2024Q4,0,Алексеевский муниципальный район,Самарская область
1885,2024Q4,1,Безенчукский муниципальный район,Самарская область
1886,2024Q4,0,Богатовский муниципальный район,Самарская область
1887,2024Q4,0,Большеглушицкий муниципальный район,Самарская область
1888,2024Q4,0,Большечерниговский муниципальный район,Самарская область
1889,2024Q4,0,Борский муниципальный район,Самарская область
1890,2024Q4,2,Волжский муниципальный район,Самарская область
1891,2024Q4,0,Елховский муниципальный район,Самарская область
1892,2024Q4,0,Исаклинский муниципальный район,Самарская область
1893,2024Q4,0,Камышлинский муниципальный район,Самарская область
1894,2024Q4,1,Кинельский муниципальный район,Самарская область
1895,2024Q4,0,Кинель-Черкасский муниципальный район,Самарская область
1896,2024Q4,0,Клявлинский муниципальный район,Самарская область
1897,2024Q4,0,Кошкинский муниципальный район,Самарская область
1898,2024Q4,0,Красноармейский муниципальный район,Самарская область
1899,2024Q4,1,Красноярский муниципальный район,Самарская область
1900,2024Q4,1,Нефтегорский муниципальный район,Самарская область
1901,2024Q4,0,Пестравский муниципальный район,Самарская область
1902,2024Q4,0,Похвистневский муниципальный район,Самарская область
1903,2024Q4,0,Приволжский муниципальный район,Самарская область
1904,2024Q4,1,Сергиевский муниципальный район,Самарская область
1905,2024Q4,2,Ставропольский муниципальный район,Самарская область
1906,2024Q4,1,Сызранский муниципальный район,Самарская область
1907,2024Q4,0,Хворостянский муниципальный район,Самарская область
1908,2024Q4,0,Челно-Вершинский муниципальный район,Самарская область
1909,2024Q4,0,Шенталинский муниципальный район,Самарская область
1910,2024Q4,0,Шигонский муниципальный район,Самарская область
1912,2024Q4,1,городской округ город Шиханы,Саратовская область
1915,2024Q4,0,Александрово-Гайский муниципальный район,Саратовская область
1916,2024Q4,0,Аркадакский муниципальный район,Саратовская область
1917,2024Q4,0,Аткарский муниципальный район,Саратовская область
1918,2024Q4,0,Базарно-Карабулакский муниципальный район,Саратовская область
1919,2024Q4,2,Балаковский муниципальный район,Саратовская область
1920,2024Q4,5,Балашовский муниципальный район,Саратовская область
1921,2024Q4,0,Балтайский муниципальный район,Саратовская область
1922,2024Q4,1,Вольский муниципальный район,Саратовская область
1923,2024Q4,0,Воскресенский муниципальный район,Саратовская область
1924,2024Q4,0,Дергачевский муниципальный район,Саратовская область
1925,2024Q4,0,Духовницкий муниципальный район,Саратовская область
1926,2024Q4,0,Екатериновский муниципальный район,Саратовская область
1927,2024Q4,0,Ершовский муниципальный район,Саратовская область
1928,2024Q4,0,Ивантеевский муниципальный район,Саратовская область
1929,2024Q4,0,Калининский муниципальный район,Саратовская область
1930,2024Q4,0,Красноармейский муниципальный район,Саратовская область
1931,2024Q4,0,Краснокутский муниципальный район,Саратовская область
1932,2024Q4,0,Краснопартизанский муниципальный район,Саратовская область
1933,2024Q4,0,Лысогорский муниципальный район,Саратовская область
1934,2024Q4,1,Марксовский муниципальный район,Саратовская область
1935,2024Q4,0,Новобурасский муниципальный район,Саратовская область
1936,2024Q4,5,Новоузенский муниципальный район,Саратовская область
1937,2024Q4,0,Озинский муниципальный район,Саратовская область
1938,2024Q4,0,Перелюбский муниципальный район,Саратовская область
1939,2024Q4,1,Петровский муниципальный район,Саратовская область
1940,2024Q4,0,Питерский муниципальный район,Саратовская область
1941,2024Q4,0,Пугачевский муниципальный район,Саратовская область
1942,2024Q4,0,Ровенский муниципальный район,Саратовская область
1943,2024Q4,0,Романовский муниципальный район,Саратовская область
1944,2024Q4,1,Ртищевский муниципальный район,Саратовская область
1945,2024Q4,0,Самойловский муниципальный район,Саратовская область
1947,2024Q4,1,Советский муниципальный район,Саратовская область
1948,2024Q4,0,Татищевский муниципальный район,Саратовская область
1949,2024Q4,0,Турковский муниципальный район,Саратовская область
1950,2024Q4,0,Федоровский муниципальный район,Саратовская область
1951,2024Q4,0,Хвалынский муниципальный район,Саратовская область
1952,2024Q4,2,Энгельсский муниципальный район,Саратовская область
1954,2024Q4,4,городской округ Александровск-Сахалинский район,Сахалинская область
1955,2024Q4,4,городской округ Анивский,Сахалинская область
1956,2024Q4,4,городской округ Долинский,Сахалинская область
1957,2024Q4,4,городской округ Корсаковский,Сахалинская область
1958,2024Q4,4,городской округ Курильский,Сахалинская область
1959,2024Q4,4,городской округ Макаровский,Сахалинская область
1960,2024Q4,4,городской округ Невельский,Сахалинская область
1961,2024Q4,4,городской округ Ногликский,Сахалинская область
1962,2024Q4,4,городской округ Охинский,Сахалинская область
1963,2024Q4,4,городской округ Поронайский,Сахалинская область
1965,2024Q4,4,городской округ Смирныховский,Сахалинская область
1966,2024Q4,4,городской округ Томаринский,Сахалинская область
1967,2024Q4,4,городской округ Тымовский,Сахалинская область
1968,2024Q4,4,городской округ Углегорский,Сахалинская область
1969,2024Q4,4,городской округ Холмский,Сахалинская область
1970,2024Q4,4,городской округ Южно-Курильский,Сахалинская область
1971,2024Q4,2,городской округ город Екатеринбург,Свердловская область
1972,2024Q4,1,городской округ город Алапаевск,Свердловская область
1973,2024Q4,1,городской округ Артемовский,Свердловская область
1974,2024Q4,2,городской округ Асбестовский,Свердловская область
1975,2024Q4,1,городской округ Малышевский,Свердловская область
1976,2024Q4,1,городской округ Рефтинский,Свердловская область
1977,2024Q4,2,городской округ Березовский,Свердловская область
1978,2024Q4,1,городской округ Богданович,Свердловская область
1979,2024Q4,2,городской округ Верхняя Пышма,Свердловская область
1980,2024Q4,2,городской округ Среднеуральск,Свердловская область
1981,2024Q4,1,городской округ Верхнесалдинский,Свердловская область
1982,2024Q4,1,городской округ Заречный,Свердловская область
1983,2024Q4,1,городской округ Ивдельский,Свердловская область
1984,2024Q4,1,городской округ Пелым,Свердловская область
1985,2024Q4,2,городской округ город Ирбит,Свердловская область
1986,2024Q4,2,городской округ город Каменск-Уральский,Свердловская область
1987,2024Q4,1,городской округ Камышловский,Свердловская область
1988,2024Q4,1,городской округ Карпинск,Свердловская область
1989,2024Q4,1,городской округ Волчанский,Свердловская область
1990,2024Q4,1,городской округ Качканарский,Свердловская область
1991,2024Q4,1,городской округ Кировградский,Свердловская область
1992,2024Q4,1,городской округ Верхний Тагил,Свердловская область
1993,2024Q4,2,городской округ Краснотурьинск,Свердловская область
1994,2024Q4,1,городской округ Красноуральск,Свердловская область
1995,2024Q4,2,городской округ Красноуфимск,Свердловская область
1996,2024Q4,1,городской округ Кушвинский,Свердловская область
1997,2024Q4,1,городской округ Верхняя Тура,Свердловская область
1999,2024Q4,1,городской округ Невьянский,Свердловская область
2000,2024Q4,2,городской округ город Нижний Тагил,Свердловская область
2001,2024Q4,1,городской округ Нижняя Салда,Свердловская область
2002,2024Q4,1,городской округ Нижнетуринский,Свердловская область
2004,2024Q4,2,городской округ Первоуральск,Свердловская область
2005,2024Q4,2,городской округ Полевской,Свердловская область
2006,2024Q4,2,городской округ Ревда,Свердловская область
2007,2024Q4,1,городской округ Дегтярск,Свердловская область
2008,2024Q4,1,городской округ Режевской,Свердловская область
2009,2024Q4,1,городской округ Североуральский,Свердловская область
2010,2024Q4,2,городской округ Серовский,Свердловская область
2011,2024Q4,1,городской округ Сухой Лог,Свердловская область
2012,2024Q4,1,городской округ Тавдинский,Свердловская область
2015,2024Q4,1,городской округ Алапаевское,Свердловская область
2017,2024Q4,0,городской округ Артинский,Свердловская область
2018,2024Q4,0,городской округ Ачитский,Свердловская область
2019,2024Q4,3,городской округ Белоярский,Свердловская область
2021,2024Q4,3,городской округ Верхотурский,Свердловская область
2022,2024Q4,0,городской округ Гаринский,Свердловская область
2023,2024Q4,3,городской округ Ирбитское,Свердловская область
2024,2024Q4,1,городской округ Каменский,Свердловская область
2025,2024Q4,3,городской округ Красноуфимский округ,Свердловская область
2027,2024Q4,1,городской округ Бисертский,Свердловская область
2028,2024Q4,1,городской округ Новолялинский,Свердловская область
2030,2024Q4,3,городской округ Пышминский,Свердловская область
2031,2024Q4,1,городской округ Сосьвинский,Свердловская область
2032,2024Q4,2,городской округ Сысертский,Свердловская область
2033,2024Q4,2,городской округ Арамильский,Свердловская область
2034,2024Q4,1,городской округ Талицкий,Свердловская область
2035,2024Q4,1,городской округ Тугулымский,Свердловская область
2036,2024Q4,1,городской округ Туринский,Свердловская область
2037,2024Q4,0,городской округ Шалинский,Свердловская область
2039,2024Q4,0,Байкаловский муниципальный район,Свердловская область
2040,2024Q4,3,Камышловский муниципальный район,Свердловская область
2041,2024Q4,0,Слободо-Туринский муниципальный район,Свердловская область
2042,2024Q4,1,Нижнесергинский муниципальный район,Свердловская область
2043,2024Q4,0,Таборинский муниципальный район,Свердловская область
2044,2024Q4,2,городской округ город Смоленск,Смоленская область
2045,2024Q4,1,городской округ город Десногорск,Смоленская область
2046,2024Q4,0,Велижский муниципальный район,Смоленская область
2047,2024Q4,1,Вяземский муниципальный район,Смоленская область
2048,2024Q4,1,Гагаринский муниципальный район,Смоленская область
2049,2024Q4,0,Глинковский муниципальный район,Смоленская область
2050,2024Q4,0,Демидовский муниципальный район,Смоленская область
2051,2024Q4,1,Дорогобужский муниципальный район,Смоленская область
2052,2024Q4,0,Духовщинский муниципальный район,Смоленская область
2053,2024Q4,0,Ельнинский муниципальный район,Смоленская область
2054,2024Q4,0,Ершичский муниципальный район,Смоленская область
2055,2024Q4,1,Кардымовский муниципальный район,Смоленская область
2056,2024Q4,0,Краснинский муниципальный район,Смоленская область
2057,2024Q4,0,Монастырщинский муниципальный район,Смоленская область
2058,2024Q4,0,Новодугинский муниципальный район,Смоленская область
2059,2024Q4,0,Починковский муниципальный район,Смоленская область
2060,2024Q4,1,Рославльский муниципальный район,Смоленская область
2061,2024Q4,0,Руднянский муниципальный район,Смоленская область
2062,2024Q4,1,Сафоновский муниципальный район,Смоленская область
2063,2024Q4,2,Смоленский муниципальный район,Смоленская область
2064,2024Q4,0,Сычевский муниципальный район,Смоленская область
2065,2024Q4,0,Темкинский муниципальный район,Смоленская область
2066,2024Q4,0,Угранский муниципальный район,Смоленская область
2067,2024Q4,0,Хиславичский муниципальный район,Смоленская область
2068,2024Q4,0,Холм-Жирковский муниципальный район,Смоленская область
2069,2024Q4,0,Шумячский муниципальный район,Смоленская область
2070,2024Q4,1,Ярцевский муниципальный район,Смоленская область
2072,2024Q4,0,городской округ город Кирсанов,Тамбовская область
2073,2024Q4,1,городской округ город Котовск,Тамбовская область
2074,2024Q4,2,городской округ город Мичуринск,Тамбовская область
2075,2024Q4,1,городской округ город Моршанск,Тамбовская область
2076,2024Q4,5,городской округ город Рассказово,Тамбовская область
2077,2024Q4,0,городской округ город Уварово,Тамбовская область
2078,2024Q4,0,Бондарский муниципальный округ,Тамбовская область
2079,2024Q4,0,Гавриловский муниципальный округ,Тамбовская область
2080,2024Q4,0,Жердевский муниципальный округ,Тамбовская область
2081,2024Q4,0,Знаменский муниципальный округ,Тамбовская область
2082,2024Q4,0,Инжавинский муниципальный округ,Тамбовская область
2085,2024Q4,0,Мордовский муниципальный округ,Тамбовская область
2087,2024Q4,0,Мучкапский муниципальный округ,Тамбовская область
2088,2024Q4,0,Никифоровский муниципальный округ,Тамбовская область
2089,2024Q4,0,Первомайский муниципальный округ,Тамбовская область
2090,2024Q4,0,Петровский муниципальный округ,Тамбовская область
2091,2024Q4,0,Пичаевский муниципальный округ,Тамбовская область
2093,2024Q4,0,Ржаксинский муниципальный округ,Тамбовская область
2094,2024Q4,0,Сампурский муниципальный округ,Тамбовская область
2095,2024Q4,0,Сосновский муниципальный округ,Тамбовская область
2096,2024Q4,0,Староюрьевский муниципальный округ,Тамбовская область
2098,2024Q4,0,Токарёвский муниципальный округ,Тамбовская область
2099,2024Q4,0,Уваровский муниципальный округ,Тамбовская область
2100,2024Q4,0,Умётский муниципальный округ,Тамбовская область
2101,2024Q4,2,городской округ город Тверь,Тверская область
2105,2024Q4,1,городской округ Осташковский,Тверская область
2108,2024Q4,1,городской округ город Торжок,Тверская область
2109,2024Q4,1,городской округ Удомельский,Тверская область
2110,2024Q4,0,муниципальный округ Андреапольский,Тверская область
2111,2024Q4,1,муниципальный округ Бежецкий,Тверская область
2112,2024Q4,0,муниципальный округ Бельский,Тверская область
2113,2024Q4,1,муниципальный округ Бологовский,Тверская область
2114,2024Q4,0,муниципальный округ Весьегонский,Тверская область
2116,2024Q4,0,муниципальный округ Жарковский,Тверская область
2117,2024Q4,0,муниципальный округ Западнодвинский,Тверская область
2118,2024Q4,0,муниципальный округ Зубцовский,Тверская область
2119,2024Q4,2,муниципальный округ Калининский,Тверская область
2120,2024Q4,1,муниципальный округ Калязинский,Тверская область
2121,2024Q4,1,городской округ Кашинский,Тверская область
2122,2024Q4,1,муниципальный округ Кесовогорский,Тверская область
2124,2024Q4,1,муниципальный округ Конаковский,Тверская область
2125,2024Q4,0,муниципальный округ Краснохолмский,Тверская область
2126,2024Q4,1,муниципальный округ Кувшиновский,Тверская область
2127,2024Q4,0,муниципальный округ Лесной,Тверская область
2128,2024Q4,1,муниципальный округ Лихославльский,Тверская область
2129,2024Q4,0,муниципальный округ Максатихинский,Тверская область
2130,2024Q4,0,муниципальный округ Молоковский,Тверская область
2131,2024Q4,1,городской округ Нелидовский,Тверская область
2132,2024Q4,0,муниципальный округ Оленинский,Тверская область
2133,2024Q4,0,муниципальный округ Пеновский,Тверская область
2134,2024Q4,0,муниципальный округ Рамешковский,Тверская область
2136,2024Q4,0,муниципальный округ Сандовский,Тверская область
2137,2024Q4,0,муниципальный округ Селижаровский,Тверская область
2138,2024Q4,0,муниципальный округ Сонковский,Тверская область
2139,2024Q4,0,муниципальный округ Спировский,Тверская область
2140,2024Q4,0,муниципальный округ Старицкий,Тверская область
2142,2024Q4,0,муниципальный округ Торопецкий,Тверская область
2143,2024Q4,0,муниципальный округ Фировский,Тверская область
2144,2024Q4,2,городской округ город Томск,Томская область
2145,2024Q4,1,городской округ город Кедровый,Томская область
2146,2024Q4,1,городской округ город Стрежевой,Томская область
2148,2024Q4,4,Александровский муниципальный район,Томская область
2149,2024Q4,1,Асиновский муниципальный район,Томская область
2150,2024Q4,0,Бакчарский муниципальный район,Томская область
2151,2024Q4,3,Верхнекетский муниципальный район,Томская область
2152,2024Q4,0,Зырянский муниципальный район,Томская область
2153,2024Q4,4,Каргасокский муниципальный район,Томская область
2154,2024Q4,0,Кожевниковский муниципальный район,Томская область
2155,2024Q4,1,Колпашевский муниципальный район,Томская область
2156,2024Q4,0,Кривошеинский муниципальный район,Томская область
2157,2024Q4,0,Молчановский муниципальный район,Томская область
2158,2024Q4,4,Парабельский муниципальный район,Томская область
2159,2024Q4,0,Первомайский муниципальный район,Томская область
2160,2024Q4,0,Тегульдетский муниципальный район,Томская область
2161,2024Q4,2,Томский муниципальный район,Томская область
2162,2024Q4,0,Чаинский муниципальный район,Томская область
2163,2024Q4,0,Шегарский муниципальный район,Томская область
2164,2024Q4,2,городской округ город Тула,Тульская область
2165,2024Q4,1,городской округ город Алексин,Тульская область
2167,2024Q4,1,городской округ город Донской,Тульская область
2168,2024Q4,1,городской округ город Ефремов,Тульская область
2169,2024Q4,2,городской округ город Новомосковск,Тульская область
2170,2024Q4,1,городской округ Славный,Тульская область
2171,2024Q4,0,Арсеньевский муниципальный район,Тульская область
2172,2024Q4,0,Белевский муниципальный район,Тульская область
2173,2024Q4,1,Богородицкий муниципальный район,Тульская область
2174,2024Q4,1,Веневский муниципальный район,Тульская область
2175,2024Q4,0,Воловский муниципальный район,Тульская область
2176,2024Q4,1,Дубенский муниципальный район,Тульская область
2177,2024Q4,1,Заокский муниципальный район,Тульская область
2178,2024Q4,0,Каменский муниципальный район,Тульская область
2179,2024Q4,1,Кимовский муниципальный район,Тульская область
2180,2024Q4,1,Киреевский муниципальный район,Тульская область
2181,2024Q4,0,Куркинский муниципальный район,Тульская область
2182,2024Q4,0,Одоевский муниципальный район,Тульская область
2183,2024Q4,1,Плавский муниципальный район,Тульская область
2184,2024Q4,0,Суворовский муниципальный район,Тульская область
2185,2024Q4,0,Тепло-Огаревский муниципальный район,Тульская область
2186,2024Q4,1,Узловский муниципальный район,Тульская область
2187,2024Q4,0,Чернский муниципальный район,Тульская область
2188,2024Q4,1,Щекинский муниципальный район,Тульская область
2189,2024Q4,1,Ясногорский муниципальный район,Тульская область
2190,2024Q4,2,городской округ город Тюмень,Тюменская область
2191,2024Q4,1,городской округ Заводоуковский,Тюменская область
2192,2024Q4,2,городской округ город Ишим,Тюменская область
2193,2024Q4,2,городской округ город Тобольск,Тюменская область
2194,2024Q4,2,городской округ город Ялуторовск,Тюменская область
2195,2024Q4,3,Абатский муниципальный район,Тюменская область
2196,2024Q4,0,Армизонский муниципальный район,Тюменская область
2197,2024Q4,0,Аромашевский муниципальный район,Тюменская область
2198,2024Q4,0,Бердюжский муниципальный район,Тюменская область
2199,2024Q4,3,Вагайский муниципальный район,Тюменская область
2200,2024Q4,3,Викуловский муниципальный район,Тюменская область
2201,2024Q4,3,городской округ Голышмановский,Тюменская область
2202,2024Q4,3,Исетский муниципальный район,Тюменская область
2203,2024Q4,3,Ишимский муниципальный район,Тюменская область
2204,2024Q4,3,Казанский муниципальный район,Тюменская область
2205,2024Q4,3,Нижнетавдинский муниципальный район,Тюменская область
2206,2024Q4,3,Омутинский муниципальный район,Тюменская область
2207,2024Q4,0,Сладковский муниципальный район,Тюменская область
2208,2024Q4,3,Сорокинский муниципальный район,Тюменская область
2210,2024Q4,2,Тюменский муниципальный район,Тюменская область
2211,2024Q4,4,Уватский муниципальный район,Тюменская область
2212,2024Q4,3,Упоровский муниципальный район,Тюменская область
2213,2024Q4,0,Юргинский муниципальный район,Тюменская область
2215,2024Q4,3,Ярковский муниципальный район,Тюменская область
2216,2024Q4,2,городской округ город Ханты-Мансийск,Ханты-Мансийский автономный округ — Югра
2217,2024Q4,2,городской округ город Когалым,Ханты-Мансийский автономный округ — Югра
2218,2024Q4,2,городской округ город Лангепас,Ханты-Мансийский автономный округ — Югра
2219,2024Q4,2,городской округ город Мегион,Ханты-Мансийский автономный округ — Югра
2220,2024Q4,2,городской округ город Нефтеюганск,Ханты-Мансийский автономный округ — Югра
2221,2024Q4,2,городской округ город Нижневартовск,Ханты-Мансийский автономный округ — Югра
2222,2024Q4,2,городской округ город Нягань,Ханты-Мансийский автономный округ — Югра
2223,2024Q4,4,городской округ город Покачи,Ханты-Мансийский автономный округ — Югра
2224,2024Q4,2,городской округ город Пыть-Ях,Ханты-Мансийский автономный округ — Югра
2225,2024Q4,2,городской округ город Радужный,Ханты-Мансийский автономный округ — Югра
2226,2024Q4,2,городской округ город Сургут,Ханты-Мансийский автономный округ — Югра
2227,2024Q4,2,городской округ город Урай,Ханты-Мансийский автономный округ — Югра
2228,2024Q4,2,городской округ город Югорск,Ханты-Мансийский автономный округ — Югра
2229,2024Q4,4,Белоярский муниципальный район,Ханты-Мансийский автономный округ — Югра
2230,2024Q4,4,Березовский муниципальный район,Ханты-Мансийский автономный округ — Югра
2231,2024Q4,4,Кондинский муниципальный район,Ханты-Мансийский автономный округ — Югра
2232,2024Q4,4,Нефтеюганский муниципальный район,Ханты-Мансийский автономный округ — Югра
2233,2024Q4,4,Нижневартовский муниципальный район,Ханты-Мансийский автономный округ — Югра
2234,2024Q4,4,Октябрьский муниципальный район,Ханты-Мансийский автономный округ — Югра
2235,2024Q4,4,Советский муниципальный район,Ханты-Мансийский автономный округ — Югра
2236,2024Q4,4,Сургутский муниципальный район,Ханты-Мансийский автономный округ — Югра
2237,2024Q4,4,Ханты-Мансийский муниципальный район,Ханты-Мансийский автономный округ — Югра
2238,2024Q4,2,городской округ город Салехард,Ямало-Ненецкий автономный округ
2241,2024Q4,4,городской округ город Муравленко,Ямало-Ненецкий автономный округ
2242,2024Q4,2,городской округ город Новый Уренгой,Ямало-Ненецкий автономный округ
2243,2024Q4,2,городской округ город Ноябрьск,Ямало-Ненецкий автономный округ
2244,2024Q4,4,муниципальный округ Красноселькупский район,Ямало-Ненецкий автономный округ
2245,2024Q4,4,муниципальный округ Надымский район,Ямало-Ненецкий автономный округ
2248,2024Q4,4,муниципальный округ Тазовский район,Ямало-Ненецкий автономный округ
2249,2024Q4,4,муниципальный округ Шурышкарский район,Ямало-Ненецкий автономный округ
2250,2024Q4,4,муниципальный округ Ямальский район,Ямало-Ненецкий автономный округ
2251,2024Q4,2,городской округ город Ульяновск,Ульяновская область
2252,2024Q4,2,городской округ город Димитровград,Ульяновская область
2253,2024Q4,1,городской округ город Новоульяновск,Ульяновская область
2254,2024Q4,0,Базарносызганский муниципальный район,Ульяновская область
2255,2024Q4,0,Барышский муниципальный район,Ульяновская область
2256,2024Q4,0,Вешкаймский муниципальный район,Ульяновская область
2257,2024Q4,0,Инзенский муниципальный район,Ульяновская область
2258,2024Q4,0,Карсунский муниципальный район,Ульяновская область
2259,2024Q4,0,Кузоватовский муниципальный район,Ульяновская область
2260,2024Q4,0,Майнский муниципальный район,Ульяновская область
2262,2024Q4,0,Николаевский муниципальный район,Ульяновская область
2264,2024Q4,0,Новоспасский муниципальный район,Ульяновская область
2265,2024Q4,0,Павловский муниципальный район,Ульяновская область
2266,2024Q4,0,Радищевский муниципальный район,Ульяновская область
2267,2024Q4,0,Сенгилеевский муниципальный район,Ульяновская область
2268,2024Q4,0,Старокулаткинский муниципальный район,Ульяновская область
2269,2024Q4,0,Старомайнский муниципальный район,Ульяновская область
2270,2024Q4,0,Сурский муниципальный район,Ульяновская область
2271,2024Q4,0,Тереньгульский муниципальный район,Ульяновская область
2272,2024Q4,0,Ульяновский муниципальный район,Ульяновская область
2273,2024Q4,0,Цильнинский муниципальный район,Ульяновская область
2274,2024Q4,1,Чердаклинский муниципальный район,Ульяновская область
2275,2024Q4,2,городской округ Челябинский,Челябинская область
2276,2024Q4,1,городской округ Верхнеуфалейский,Челябинская область
2278,2024Q4,1,городской округ Карабашский,Челябинская область
2279,2024Q4,2,городской округ Копейский,Челябинская область
2280,2024Q4,2,городской округ Кыштымский,Челябинская область
2281,2024Q4,2,городской округ Магнитогорский,Челябинская область
2282,2024Q4,2,городской округ Миасский,Челябинская область
2286,2024Q4,2,городской округ Троицкий,Челябинская область
2287,2024Q4,1,городской округ Усть-Катавский,Челябинская область
2288,2024Q4,2,городской округ Чебаркульский,Челябинская область
2289,2024Q4,2,городской округ Южноуральский,Челябинская область
2292,2024Q4,3,Аргаяшский муниципальный район,Челябинская область
2293,2024Q4,1,Ашинский муниципальный район,Челябинская область
2294,2024Q4,0,Брединский муниципальный район,Челябинская область
2295,2024Q4,3,Варненский муниципальный район,Челябинская область
2296,2024Q4,1,Верхнеуральский муниципальный район,Челябинская область
2297,2024Q4,1,Еманжелинский муниципальный район,Челябинская область
2298,2024Q4,1,Еткульский муниципальный район,Челябинская область
2299,2024Q4,1,Карталинский муниципальный район,Челябинская область
2300,2024Q4,1,Каслинский муниципальный район,Челябинская область
2301,2024Q4,1,Катав-Ивановский муниципальный район,Челябинская область
2302,2024Q4,0,Кизильский муниципальный район,Челябинская область
2303,2024Q4,1,Коркинский муниципальный округ,Челябинская область
2304,2024Q4,1,Красноармейский муниципальный район,Челябинская область
2305,2024Q4,0,Кунашакский муниципальный район,Челябинская область
2307,2024Q4,0,Нагайбакский муниципальный район,Челябинская область
2308,2024Q4,0,Нязепетровский муниципальный район,Челябинская область
2309,2024Q4,0,Октябрьский муниципальный район,Челябинская область
2310,2024Q4,1,Пластовский муниципальный район,Челябинская область
2311,2024Q4,1,Саткинский муниципальный район,Челябинская область
2312,2024Q4,2,Сосновский муниципальный район,Челябинская область
2314,2024Q4,1,Увельский муниципальный район,Челябинская область
2315,2024Q4,0,Уйский муниципальный район,Челябинская область
2316,2024Q4,1,Чебаркульский муниципальный район,Челябинская область
2317,2024Q4,0,Чесменский муниципальный район,Челябинская область
2318,2024Q4,2,городской округ город Ярославль,Ярославская область
2320,2024Q4,2,городской округ город Рыбинск,Ярославская область
2321,2024Q4,0,Большесельский муниципальный район,Ярославская область
2322,2024Q4,0,Борисоглебский муниципальный район,Ярославская область
2323,2024Q4,0,Брейтовский муниципальный район,Ярославская область
2324,2024Q4,1,Гаврилов-Ямский муниципальный район,Ярославская область
2325,2024Q4,1,Даниловский муниципальный район,Ярославская область
2326,2024Q4,0,Любимский муниципальный район,Ярославская область
2327,2024Q4,1,Мышкинский муниципальный район,Ярославская область
2328,2024Q4,1,Некоузский муниципальный район,Ярославская область
2329,2024Q4,1,Некрасовский муниципальный район,Ярославская область
2330,2024Q4,0,Первомайский муниципальный район,Ярославская область
2332,2024Q4,0,Пошехонский муниципальный район,Ярославская область
2333,2024Q4,1,Ростовский муниципальный район,Ярославская область
2334,2024Q4,1,Рыбинский муниципальный район,Ярославская область
2335,2024Q4,1,Тутаевский муниципальный район,Ярославская область
2336,2024Q4,1,Угличский муниципальный район,Ярославская область
2337,2024Q4,2,Ярославский муниципальный район,Ярославская область
2338,2024Q4,2,городской округ город Биробиджан,Еврейская автономная область
2339,2024Q4,3,Биробиджанский муниципальный район,Еврейская автономная область
2340,2024Q4,3,Ленинский муниципальный район,Еврейская автономная область
2341,2024Q4,4,Облученский муниципальный район,Еврейская автономная область
2342,2024Q4,3,Октябрьский муниципальный район,Еврейская автономная область
2343,2024Q4,4,Смидовичский муниципальный район,Еврейская автономная область
2344,2024Q4,4,городской округ Анадырь,Чукотский автономный округ
2345,2024Q4,4,городской округ Эгвекинот,Чукотский автономный округ
2348,2024Q4,4,Анадырский муниципальный район,Чукотский автономный округ
2349,2024Q4,4,Билибинский муниципальный район,Чукотский автономный округ
2618,2024Q4,0,Мантуровский муниципальный округ,Костромская область
2619,2024Q4,1,городской округ город Переславль-Залесский,Ярославская область
2620,2024Q4,2,городской округ Соликамский,Пермский край
2621,2024Q4,2,городской округ город Березники,Пермский край
2644,2024Q4,2,городской округ Серпухов,Московская область
2646,2024Q4,2,городской округ город Обнинск,Калужская область
2647,2024Q4,2,Боровский муниципальный район,Калужская область
2648,2024Q4,2,городской округ Лосино-Петровский,Московская область
2649,2024Q4,2,городской округ Щёлково,Московская область
2651,2024Q4,2,городской округ Одинцовский,Московская область
2652,2024Q4,2,городской округ Орехово-Зуевский,Московская область
2710,2024Q4,1,городской округ Вышневолоцкий,Тверская область
2808,2024Q4,2,городской округ Коломна,Московская область
2809,2024Q4,2,муниципальный округ Кунгурский,Пермский край
2813,2024Q4,1,городской округ Шатура,Московская область
2814,2024Q4,2,городской округ Пушкинский,Московская область
2872,2024Q4,4,муниципальный округ Приуральский район,Ямало-Ненецкий автономный округ
2876,2024Q4,2,городской округ город-курорт Кисловодск,Ставропольский край
2879,2024Q4,2,городской округ город Губкинский,Ямало-Ненецкий автономный округ
2880,2024Q4,4,городской округ город Лабытнанги,Ямало-Ненецкий автономный округ
2881,2024Q4,5,Предгорный муниципальный округ,Ставропольский край
2882,2024Q4,4,муниципальный округ Пуровский район,Ямало-Ненецкий автономный округ
2883,2024Q4,1,муниципальный округ Кимрский,Тверская область
2884,2024Q4,1,муниципальный округ Ржевский,Тверская область
2885,2024Q4,3,муниципальный округ Кудымкарский,Пермский край
2886,2024Q4,1,муниципальный округ Губахинский,Пермский край
2887,2024Q4,2,городской округ город Саратов,Саратовская область
3005,2024Q4,2,городской округ город Арзамас,Нижегородская область
3007,2024Q4,1,Прокопьевский муниципальный округ,Кемеровская область
3008,2024Q4,2,городской округ Химки,Московская область
3009,2024Q4,2,городской округ город Тамбов,Тамбовская область
3011,2024Q4,2,городской округ Златоустовский,Челябинская область
3012,2024Q4,1,Кусинский муниципальный район,Челябинская область
3013,2024Q4,2,городской округ Солнечногорск,Московская область
9001,2024Q4,2,Москва,Москва
9002,2024Q4,2,Санкт-Петербург,Санкт-Петербург
